date,nifty_close,midcap_close,smallcap_close,india_vix,usdinr,gilt10y,fii_net_cr,dii_net_cr,sip_total_cr,regime_true
2007-09-17,4494.64990234375,8009.756891527193,3234.3793038415442,20.350298834771547,45.00056334936307,7.20034832615088,591.7021626718494,301.5593416480242,3026.3086331560016,2
2007-09-18,4546.2001953125,8077.776554875046,3311.302682145754,19.76485348400816,44.999558355447796,7.200811502713735,-112.58828642271664,472.9552992674,2987.1481461581207,2
2007-09-19,4732.35009765625,8475.327946937909,3485.5834733487045,21.089354794344224,45.00032479041827,7.202827795028947,257.6863327902397,336.0710515377755,3092.4761443919206,2
2007-09-20,4747.5498046875,8537.384253459511,3508.764621486241,21.662694102038266,45.000991989437324,7.205339085938789,9.58506004265331,837.3044648473449,2889.188689359168,2
2007-09-21,4837.5498046875,8649.516197283638,3606.585882544924,20.95489920824921,45.003457685083916,7.207025079009734,-303.24544555002353,434.87924121131863,2954.1281894768213,2
2007-09-24,4932.2001953125,8791.778454600193,3664.5245831856555,19.393613293240495,44.99922255531064,7.208098853225081,-919.9105415723578,402.6261844944996,3065.407478054768,2
2007-09-25,4938.85009765625,8809.330721561331,3684.6716392863377,21.866660041728,44.99951549644013,7.2098887324799215,500.59693083284765,262.5274002937257,2976.9697137595244,2
2007-09-26,4940.5,8801.427914671996,3669.94932028973,18.2538744473795,45.00048832825476,7.212705052653748,-569.6408757124491,245.21091085835084,2978.3869648557093,2
2007-09-27,5000.5498046875,8919.294285404638,3730.9923431389266,17.358956013261,44.99699221776319,7.2155215531690775,403.10836456710774,471.3166224471481,3012.003564801619,2
2007-09-28,5021.35009765625,8929.676902348541,3744.5481582363213,13.6094266308784,44.99345497049949,7.219196091033189,64.7230517049004,645.8762378118143,2997.611551250902,2
2007-10-01,5068.9501953125,9055.074337538463,3798.794037041551,19.85971809652569,44.99296084524254,7.224026188448744,-540.4051140989436,194.63257062697355,3089.385149430739,2
2007-10-03,5210.7998046875,9367.243710188008,3931.3115731748426,18.35690712101313,44.993586418092356,7.227478759556495,-25.200655272418743,437.9737831528386,3110.8371594953524,2
2007-10-04,5208.64990234375,9365.466709724993,3857.5791332537797,20.7955089521507,44.99422255616752,7.230069900522208,703.1644245141318,455.25084730573445,3066.025364066517,2
2007-10-05,5185.85009765625,9362.600741797592,3841.490390068777,16.057545211911265,44.993153510723495,7.234636787935148,464.2610323455084,507.5090549126831,3130.333735500966,2
2007-10-08,5085.10009765625,9181.792930185895,3767.4556978219216,18.705642898201,44.99196150694459,7.235821271849299,-355.08522245377947,-112.24892055821556,2985.5754854061965,2
2007-10-09,5327.25,9642.368459871643,3999.697996388055,20.94053981172897,44.991375977980155,7.2365086977244175,-434.79230327387285,122.58019008670357,3080.442483889292,2
2007-10-10,5441.4501953125,9887.016773597477,4101.397328646981,17.94032770730204,44.9928715432642,7.238388081110578,-109.91678507357122,-9.75335603657021,3163.8820274366735,2
2007-10-11,5524.85009765625,10016.626732049144,4218.89325570468,20.818513497225723,44.99720540628458,7.241966202369263,-216.2054915879346,409.86532799552367,3146.166589238915,2
2007-10-12,5428.25,9860.403258820517,4139.021820979796,18.885954809863918,44.99114421562525,7.244900512638782,329.894954257092,129.70798903290665,3179.7187199227706,2
2007-10-15,5670.39990234375,10354.254366080992,4378.107561100432,19.934383380440003,44.99361322198915,7.246537744350518,145.83565456872174,251.12766447197563,3059.4452726190275,2
2007-10-16,5668.0498046875,10341.884859094413,4403.440550328603,21.190316012833712,44.99387976700557,7.248575999825998,-826.8966406113689,41.71584282674621,3157.916991570261,2
2007-10-17,5559.2998046875,10098.362476838676,4312.586950444874,21.905594046230625,44.99605693384887,7.250099650124612,33.4701021695646,279.02903884965923,3079.5718509080125,2
2007-10-18,5351.0,9738.11786768159,4100.821761893337,20.184984822641216,45.00021356386065,7.2516230484975255,-221.63638434694724,62.768919634369354,3148.1675417675265,2
2007-10-19,5215.2998046875,9464.367744082756,3920.1331500061274,18.37197941024251,44.998548185633204,7.255938775235152,-135.1567455887734,627.3725326098852,3197.8858789821293,2
2007-10-22,5184.0,9385.997802108506,3880.876586856332,19.0839222752407,45.00198109966689,7.258559760606634,-50.42279429573642,543.7683909386733,3071.6692512355908,2
2007-10-23,5473.7001953125,9967.026820050007,4169.044847085744,21.273910726173916,44.99881897107391,7.2630935036108015,329.4916021106407,445.06878444230586,3010.2572422294456,2
2007-10-24,5496.14990234375,10033.435623790023,4180.747382928581,17.957492833034788,44.99980176877221,7.264967379923047,241.11718541840833,309.41742109582947,3247.049150776013,2
2007-10-25,5568.9501953125,10195.58835371665,4268.198867982634,19.64386680671959,44.9996742184642,7.26822211460224,-449.8970962749182,-211.3060298908175,3167.012768220941,2
2007-10-26,5702.2998046875,10485.000997681975,4396.542923529049,19.22823180327705,45.000413056868226,7.271212515105175,-173.44478707586777,262.5380123515463,3134.7175096590763,2
2007-10-29,5905.89990234375,10923.805993679362,4624.613595492378,19.79327643336207,44.998045954013676,7.2748552119000145,-329.4085571428847,171.56303689378777,3136.3017096682397,2
2007-10-30,5868.75,10941.815134439472,4581.713964646211,17.981434941501245,44.99995660438183,7.2778724622096425,-822.7383875626391,474.1822651796565,3019.423425248649,2
2007-10-31,5900.64990234375,10989.55359967729,4624.653775941232,16.296111295575777,45.005315466178374,7.28161992319568,-193.74820304043612,585.9121506413115,3169.777662373667,2
2007-11-01,5866.4501953125,10897.36115024321,4606.5615581561315,21.041485231919285,45.00299989556592,7.284936163395149,587.9017710236385,497.38979874792597,3128.102407457055,2
2007-11-02,5932.39990234375,10997.099971232152,4711.3831842547725,21.928262846977297,45.004168832130915,7.28660658829394,-834.8173574998988,778.9114927379765,3170.0267180922824,2
2007-11-05,5847.2998046875,10851.638147549862,4583.797242956021,16.415650085003687,45.00733645149415,7.290100643257723,-159.62471746402687,229.50572968447304,3173.6765193659535,2
2007-11-06,5786.5,10776.784292420383,4514.524127709138,20.737852321852433,45.00704622930965,7.292758517047286,-172.4552581638701,217.06723560380692,2962.196777927005,2
2007-11-07,5782.35009765625,10763.379026856057,4533.6632459209095,22.166365829690353,45.01172740807432,7.29474239212111,-34.905811294272056,711.363468670773,3213.0381014032528,2
2007-11-08,5698.75,10558.015437404803,4497.205876448465,21.191822093524646,45.01103834305007,7.298196575596684,-535.0899829575721,449.86491836144023,3198.9543043934195,2
2007-11-12,5617.10009765625,10358.702096804978,4426.917390029783,19.16665964264787,45.01128945894047,7.301877940103984,-720.0442363199815,325.9003778373352,3212.5986514126,2
2007-11-13,5695.39990234375,10546.17058692019,4493.692374473089,18.113007260498485,45.00890999635119,7.304153770376081,-701.4390627178504,953.9563434684346,3185.285053572923,2
2007-11-14,5937.89990234375,11084.767594645618,4750.791782627712,20.16195615869998,45.0098897674224,7.306562179588989,382.37350333259144,573.3191642148048,3205.1976887119013,2
2007-11-15,5912.10009765625,11055.909294290777,4750.7836630742295,20.495570117693763,45.0104988362589,7.307933601333233,-543.0743897447428,342.836747819775,3218.20052048809,2
2007-11-16,5906.85009765625,11015.75161706306,4735.49378321999,20.191615022311797,45.013006539993434,7.308886973386539,-349.8248766612692,194.21655590580997,3229.7873823934488,2
2007-11-19,5907.64990234375,11027.628462267321,4745.659127139394,19.639730739764868,45.01169792187216,7.311402310629181,691.8530394451896,797.9538014751606,3247.8207190043713,2
2007-11-20,5780.89990234375,10775.443444521816,4657.911712172215,17.834696551754487,45.010251934998514,7.314951546234287,-443.7022627105824,462.0991062669007,3240.4937928817158,2
2007-11-21,5561.0498046875,10343.011493671926,4500.8823601638705,20.845376582617703,45.01223941135221,7.317134986472661,-13.040160819629563,407.3550758615281,3346.7160790562143,2
2007-11-22,5519.35009765625,10293.868267472668,4480.4829841097335,20.94170898882705,45.01703098282243,7.32131900010755,275.5246706502027,602.882928236527,3185.4392161506003,2
2007-11-23,5608.60009765625,10487.983850249238,4569.483329278533,20.401644250923344,45.01951801356533,7.3238696493552595,256.28807479169717,664.0263570561923,3213.1481182554803,2
2007-11-26,5731.7001953125,10773.497246451472,4689.912072615969,20.221987290142515,45.02566025031116,7.326423855770453,-682.6305428174722,564.9609953472691,3352.2649496472845,2
2007-11-27,5698.14990234375,10707.245554716255,4672.685961091208,23.35849897549221,45.027926172724825,7.328889461535237,-435.3409790805995,665.1926726895831,3237.487573053841,2
2007-11-28,5617.5498046875,10554.13461168001,4590.854032844024,18.751242430853207,45.03008405129239,7.332625222555612,-29.054409499205946,535.4123076708046,3313.1852626653927,2
2007-11-29,5634.60009765625,10616.204327005995,4612.8511356392255,22.562870194913312,45.032721929934404,7.334419940641465,621.6069829533169,566.4671750290679,3266.460831355071,2
2007-11-30,5762.75,10821.886904366704,4710.485318533804,18.531951061556324,45.037786442201735,7.337044058580301,-454.6042634564782,180.5086435469695,3247.8183842320723,2
2007-12-03,5865.0,11021.07727389144,4849.449550899818,22.217901145912855,45.04209915240009,7.339249203426262,-347.4451936444308,943.1061644852678,3332.19152675464,2
2007-12-04,5858.35009765625,10986.649496688127,4809.838471070397,22.466735100161088,45.039444517700765,7.341439580124029,17.829768560401817,29.897002302789133,3306.720907216028,2
2007-12-05,5940.0,11127.910726566457,4878.294429111856,19.413897593196236,45.042446263363594,7.344226096388985,97.86329093935063,492.8132843492422,3177.274048692855,2
2007-12-06,5954.7001953125,11145.97138171166,4895.6690774501985,23.321926108121666,45.04384233288099,7.346863541452335,122.10160172109477,-1.0301174535823066,3294.281583083097,2
2007-12-07,5974.2998046875,11253.49203857695,4974.110775867104,20.93807177349218,45.04386022783332,7.350665376790383,-488.54234593392005,370.56137834921344,3222.507914494289,2
2007-12-10,5960.60009765625,11186.332739899375,4947.877962113305,18.245455117718866,45.039141440366954,7.353404151568805,-362.81925477376217,228.61190863957452,3376.7115789615063,2
2007-12-11,6097.25,11516.536233622888,5065.603737060698,19.25168681122158,45.03512095763617,7.356708080488006,-63.79952007921257,440.7267614031951,3413.7136308516406,2
2007-12-12,6159.2998046875,11568.0479733638,5110.92523440072,18.7655246122133,45.03462755597583,7.359629122263201,604.9245250513126,402.5273044072935,3426.895092974584,1
2007-12-13,6058.10009765625,11345.643546399331,5061.269618328831,18.3461294037533,45.030833781450525,7.363780520607759,4.606367152629062,13.099889101622352,3331.802630006814,1
2007-12-14,6047.7001953125,11331.6136867426,4966.340495719047,14.383919197241418,45.030402510994264,7.366225116962902,91.07923996647223,291.1756635145273,3282.614768392592,1
2007-12-17,5777.0,10812.517019611036,4678.3889220452575,16.221485375619007,45.03314553475255,7.368671858139182,-310.3713748557638,718.1022667368846,3339.6052057488732,1
2007-12-18,5742.2998046875,10771.912800105327,4721.53331421852,16.907045965553024,45.03200266578218,7.3721625298117734,845.290732756897,-93.67952925043824,3260.843523107769,1
2007-12-19,5751.14990234375,10824.486121373977,4747.073617271419,15.484790821848783,45.032853053590436,7.374591469841366,161.70517885668392,43.783869251380054,3484.4879807682955,1
2007-12-20,5766.5,10841.18008793154,4730.8046108750905,21.215599446749437,45.0302431977156,7.377834103458569,531.1019118226968,558.2263943746004,3413.0320960099,1
2007-12-24,5985.10009765625,11281.925556077991,4949.735498785472,16.96732748681065,45.03173949957051,7.382915548134679,111.95888322704023,323.266443973926,3358.79112908675,1
2007-12-26,6070.75,11500.326356201109,5037.5078898918755,16.3763756181939,45.03386390574492,7.384679403360552,134.10682609736483,345.34647894736935,3410.1826483784266,1
2007-12-27,6081.5,11513.935233642484,5073.917432370849,18.881702088516178,45.03019510297388,7.388953148616225,-500.1235563408243,606.6907046076982,3315.630019733642,1
2007-12-28,6079.7001953125,11451.603612546824,5128.406890942664,15.76957293032233,45.02853944408408,7.391202272963486,-760.3047478770268,61.77938946051225,3279.2997492002182,1
2007-12-31,6138.60009765625,11521.943903452931,5200.4851923071055,18.514855221234647,45.02533793328186,7.395280528074837,600.7620847343836,144.19943097072135,3209.9930997136917,1
2008-01-01,6144.35009765625,11491.480545806386,5189.499371990485,13.16453520883403,45.02746557767232,7.398706385146599,131.22328570496802,107.20744005994842,3369.303818584825,1
2008-01-02,6179.39990234375,11586.833577415546,5249.878922626133,15.592691907508868,45.02855759735396,7.402045748083068,182.5712491946473,195.5390857993312,3354.7433667846485,1
2008-01-03,6178.5498046875,11591.682248994914,5227.067504697266,18.598140836754492,45.02900846197125,7.404633033571129,-399.62150088016426,701.8566254843035,3408.859225332186,1
2008-01-04,6274.2998046875,11823.58913603903,5292.2685224228235,19.640395441179344,45.02922361735683,7.407119981595621,-261.22567111744945,-210.3240286573536,3379.754493404986,1
2008-01-07,6279.10009765625,11813.33743457329,5241.489007428363,14.953408573988014,45.030792123663126,7.409134617271629,524.9208004539939,-58.26564327302191,3415.994510081071,1
2008-01-08,6287.85009765625,11838.964951166203,5201.188012664666,14.720356727562702,45.03242067813916,7.411876717838208,796.0575083365746,-109.70492018795375,3443.949118689412,1
2008-01-09,6272.0,11835.763378129717,5157.662601304509,17.63489286074092,45.03153394565772,7.414427801496057,-148.50960550902076,720.5081852057904,3294.90806679016,1
2008-01-10,6156.9501953125,11584.993727945492,5009.8434847360095,15.253932210164574,45.03022715524611,7.417352974745549,368.59331534522227,115.68001959007103,3458.146680923878,1
2008-01-11,6200.10009765625,11695.999659950854,5061.657921499741,15.962844164489212,45.030650169661,7.418675623849182,176.00997307264203,201.9979061745004,3376.4481118085305,1
2008-01-14,6206.7998046875,11678.946876805818,5031.883502020743,18.252810049474316,45.030680964967,7.421430711702812,51.78842396890975,-184.3902533762809,3444.4711573586846,1
2008-01-15,6074.25,11391.237918045497,4812.928212491414,15.411795636771975,45.037463011642146,7.42542493527406,840.7836080713278,221.2841891502244,3484.03477264199,1
2008-01-16,5935.75,11092.134115380903,4653.784695603329,12.569148496928628,45.036911327625035,7.429099671572858,-81.2806584091008,559.9565162525901,3489.659297800195,1
2008-01-17,5913.2001953125,10993.167908214178,4619.520287592032,13.897831128788237,45.03838032356138,7.431852467621912,596.2850548069943,375.88711448188894,3433.18085464249,1
2008-01-18,5705.2998046875,10596.749552992718,4412.616116458011,20.01991117144056,45.04037810302623,7.437143775838878,2.5693268168194834,367.6407846104123,3441.628471590972,2
2008-01-21,5208.7998046875,9602.313993983907,4029.7899010136653,24.27315370305423,45.04517967589807,7.4392943978278865,-906.7557289459276,430.53434236447777,3251.0039682060406,3
2008-01-22,4899.2998046875,8995.446717470675,3731.797211838586,27.40567916540536,45.04334612212283,7.441934775598849,-351.1931307867686,801.6143738076084,3102.689086909715,3
2008-01-23,5203.39990234375,9658.903519133939,4052.372012924654,25.215806967512016,45.047965065610256,7.443210374279799,-783.9462006307888,944.0744291777646,3142.4578901101586,3
2008-01-24,5033.4501953125,9343.04215992145,3895.9517886475082,31.279878013731196,45.04812287888729,7.445531905858188,-938.5710119649123,602.4525428900085,3190.2043235739498,3
2008-01-25,5383.35009765625,10125.840664375222,4233.271828958166,32.330285189531345,45.056226914576236,7.450043929441275,-348.22313080718686,1096.4673473933644,3127.1795660715593,3
2008-01-28,5274.10009765625,9896.451567108228,4100.479377265925,25.883605795315862,45.057914721233914,7.452401689631877,-400.29509849124327,1165.520563993521,3200.0330476853233,3
2008-01-29,5280.7998046875,9885.15176079777,4104.5626988158365,28.513517360075838,45.05482793384586,7.45359612108981,-419.21467153844975,741.4053874037714,3201.184784466574,3
2008-01-30,5167.60009765625,9650.17258248055,3972.8750778097906,26.079192536006296,45.05483645782793,7.457189393265452,-2455.121736647866,1117.7496581315113,3232.535832043395,3
2008-01-31,5137.4501953125,9491.853845369602,3951.1985343189153,27.381368795890978,45.05944526589992,7.460298876808118,-723.9293497046358,867.07812075479,3227.935620291376,3
2008-02-01,5317.25,9779.114332997051,4111.92033595719,31.606938655911613,45.06028988936315,7.463848785553475,-815.1531227720121,1244.141394473644,3305.5249946537942,3
2008-02-04,5463.5,9999.829315677589,4213.924025205248,27.066622904547028,45.060711013140356,7.4662699759081494,-913.9453016341944,1510.2451980174242,3278.150383937604,3
2008-02-05,5483.89990234375,9981.084792319,4270.803393756424,27.427925075525774,45.06346800463196,7.467980061608751,-656.0881464109286,571.900355420026,3241.095194908697,3
2008-02-06,5322.5498046875,9686.427373511113,4138.512859957974,26.114941465544607,45.06303301155996,7.470512605385873,-795.7772509981888,1130.8453210639998,3228.7393824380065,3
2008-02-07,5133.25,9264.321321225454,3949.6430092134597,30.292378755329725,45.063000812032605,7.47378256435431,-628.8770330691275,1291.4893698488183,3252.006000365622,3
2008-02-08,5120.35009765625,9217.808506124522,3942.9099799745395,21.473466594951947,45.06076678850281,7.476424287689037,-1007.1847231019971,608.7958978944503,3257.8533111490688,3
2008-02-11,4857.0,8778.955490607908,3704.1216631857756,27.114405356936757,45.066553250845715,7.479525218824949,-300.727747929403,727.4637995344019,3428.947637285579,3
2008-02-12,4838.25,8723.088872509714,3658.324863414663,27.908227811729084,45.06348541700797,7.481700291586842,-588.4223232908696,724.0868705312389,3173.897287822196,3
2008-02-13,4929.4501953125,8945.345233159562,3744.393364609684,26.67784534029817,45.06459381698726,7.484836183656127,-682.9893637940639,860.1656284391634,3213.243607101141,3
2008-02-14,5202.0,9453.175507180315,3978.952665040908,29.727091015462335,45.06663347063151,7.487542859156936,-702.5179065172545,793.0903481338136,3208.238406389879,3
2008-02-15,5302.89990234375,9645.139369483592,4038.162942430747,30.40405456794095,45.06719251727175,7.48954555799005,-437.08747700257453,840.5146235834753,3300.9720796513325,3
2008-02-18,5276.89990234375,9538.733199850512,3956.26893152206,25.17592097424097,45.06403092888528,7.492392953621459,-491.3248852258042,1151.3964984834506,3303.091404482701,3
2008-02-19,5280.7998046875,9527.091213474649,3947.019701140237,32.18697330754161,45.06163463680215,7.4947125690997325,-945.1088214185152,331.2564834341531,3254.947229961149,3
2008-02-20,5154.4501953125,9326.524590775321,3854.926932478689,25.15348235129297,45.063802187557215,7.498034892765062,-503.87584767068154,607.8319735075872,3356.4810260281574,3
2008-02-21,5191.7998046875,9304.230818942811,3864.357475925917,30.577261363351685,45.06206254963143,7.501612049876798,-830.3791039831822,1100.97842286296,3326.4948902688056,3
2008-02-22,5110.75,9169.69050074526,3879.6636508336987,28.299655397071387,45.05644649796396,7.504816418306255,-133.22928339986856,1065.8328445862624,3368.8219748501115,3
2008-02-25,5200.7001953125,9362.292280367301,3994.186250697068,26.99259780577237,45.058207432932335,7.505883081408937,-460.9088755812138,582.4373417899828,3391.1824020713125,3
2008-02-26,5270.0498046875,9466.823252207443,4106.538415962651,27.18126614064833,45.056189946792465,7.507618770489245,-1150.2437274246774,1067.9105850911008,3174.837743190781,3
2008-02-27,5268.39990234375,9381.80965444522,4134.481552775272,27.932974418679372,45.05868360461317,7.509681452224905,32.28427578010621,1298.0600870459327,3366.4110826892206,3
2008-02-28,5285.10009765625,9418.65518136907,4220.02723208159,28.416835723727562,45.0586787407185,7.51158318500358,-1740.815934395932,885.2920456603471,3239.768366648287,3
2008-02-29,5223.5,9269.175108226045,4132.043385326007,26.15969129725695,45.05852930373296,7.5137371625301075,-645.0581037323832,597.6116933808341,3346.882379933231,3
2008-03-03,4953.0,8768.157789903807,3794.615820966635,27.532120084643218,45.05928601828201,7.517358002646598,-1178.4989317781144,1162.4862768942742,3330.1060357548213,3
2008-03-04,4864.25,8598.154286940267,3699.012611848981,26.458654354144812,45.05647053829183,7.520751005335668,-147.12788253079214,1416.9136292912622,3337.648077326691,3
2008-03-05,4921.39990234375,8794.109278165697,3770.4284695087163,25.569900945852254,45.05459417902904,7.523020248336628,-798.8775738818853,634.1579089681306,3263.7903073154725,3
2008-03-07,4771.60009765625,8492.332214295893,3640.154607381823,26.365376595084207,45.05441440688277,7.5263038718844495,-1217.5181860348484,911.7756221850101,3418.085426062182,3
2008-03-10,4800.39990234375,8496.564592695433,3675.7169904736215,25.70005073460912,45.05158137810846,7.529323268863777,-1006.5978848878333,1227.0466904661062,3267.199945350505,3
2008-03-11,4865.89990234375,8634.335343463403,3781.0813455460357,27.159690174498962,45.05432283108685,7.531979679505552,-1185.5725834662367,934.6076144889558,3408.870874076499,3
2008-03-12,4872.0,8657.670775426615,3799.8170765755112,28.86494981093683,45.05400069414538,7.535815877678761,-1022.3107914280315,375.81110009757447,3266.8427411288885,3
2008-03-13,4623.60009765625,8252.507771657243,3600.0974056539562,28.241420708355925,45.05025238434043,7.537841248356737,-1031.459046355802,1033.0253156357394,3366.65143067789,3
2008-03-14,4745.7998046875,8538.627732032737,3684.8149495671983,31.9486895533213,45.04917529740406,7.540579357896273,-1200.4623474804218,606.3574091031303,3494.2602371402722,3
2008-03-17,4503.10009765625,8088.858725399977,3431.4876663720247,23.579093972560166,45.05007890509883,7.542212520320303,-791.9744753669504,518.7832203017958,3536.7665078923546,3
2008-03-18,4533.0,8220.008963628648,3509.5531883433446,28.938681932428377,45.049340633738296,7.543892275428387,-743.5103346373071,381.67560270426145,3272.459700583354,3
2008-03-19,4573.9501953125,8243.095133026038,3551.02893062718,28.012840477048705,45.05114008139748,7.545212846520511,-1298.522556510387,1257.1221879497043,3338.9257330155715,3
2008-03-24,4609.85009765625,8282.716868328122,3564.5822551160327,29.631340684743932,45.05346219044602,7.546906966563437,-1563.307505217599,649.5866042947721,3355.893681217489,3
2008-03-25,4877.5,8780.014522727195,3800.477965315954,29.432930408620816,45.06126729127388,7.549668674923915,-775.6174191401714,1000.0008540743615,3549.207311302639,3
2008-03-26,4828.85009765625,8663.921209011773,3733.385671028331,27.670016499729645,45.06531922387796,7.552043418682823,-687.2317795521865,1073.686329173821,3396.092948858802,3
2008-03-27,4830.25,8595.391546674631,3710.9309015985145,28.34530256971351,45.06101011284487,7.554449385008354,-607.9132952155064,948.54569694456,3478.632214673147,3
2008-03-28,4942.0,8850.607422454006,3771.5911569509403,26.51186157416303,45.06052941538987,7.5568246587282815,-679.5302473623489,988.9712339921915,3430.577016747443,3
2008-03-31,4734.5,8439.870805051296,3538.1667529648817,29.22735995870891,45.060329491512526,7.561270426963501,-270.9132897052041,1014.314426219849,3332.9319384959585,3
2008-04-01,4739.5498046875,8375.538886032711,3536.4860889271363,24.2422478957546,45.0626547042798,7.562804850752288,-501.1728452274947,941.4293059936181,3292.3391139174855,3
2008-04-02,4754.2001953125,8353.01163244661,3530.736830574702,29.553652877298635,45.060453946067696,7.564230929258496,171.93127856623028,671.9521457051928,3382.242832494084,3
2008-04-03,4771.60009765625,8402.498672536265,3581.790796684369,27.953653111527778,45.059460189575105,7.5660542359467495,340.2588787331779,645.1988513545232,3587.81601677876,3
2008-04-04,4647.0,8205.738629923511,3480.4624146036604,27.02587592433782,45.05632695394738,7.568649617419984,-1603.2410350578855,868.5055367472221,3451.3171332234974,3
2008-04-07,4761.2001953125,8532.195107526466,3593.1996243178887,27.534933601106548,45.0551201567769,7.571830201645345,-1778.8554524943384,862.150785585295,3510.829771507733,3
2008-04-08,4709.64990234375,8579.880305807857,3523.174345580012,27.68160753082324,45.05402526013514,7.575113128360463,-902.956519138686,1028.7959197279724,3345.361371155255,3
2008-04-09,4747.0498046875,8676.70330830258,3553.036095230406,30.594607520961002,45.05368624269658,7.578720621555843,-698.3070280478713,1230.4950201495478,3425.2947012380837,3
2008-04-10,4733.0,8597.304841048583,3551.961037039849,34.466987326497026,45.05072670448582,7.581273742941709,-930.3540036022889,1003.1716081708471,3506.196084328758,3
2008-04-11,4777.7998046875,8576.864821767474,3615.7673965388713,30.439741648300764,45.05427278170402,7.583537277047569,-618.567821576896,656.7348842648516,3381.6703680284427,3
2008-04-15,4879.64990234375,8794.476118054337,3706.321682923123,26.869348428220487,45.05628942329252,7.587829077548988,-1008.0968301593501,245.65325558081508,3457.3853239888995,3
2008-04-16,4887.2998046875,8766.789404318499,3749.5404926245897,29.25956364857056,45.05254293397437,7.587701683171969,-1177.5803053656493,669.3188382362029,3405.5177903955264,3
2008-04-17,4958.39990234375,8886.037555270123,3815.847225341028,29.346658332114966,45.05322085279188,7.590419720006526,-1117.1563439404179,496.6528915420423,3528.584740197329,3
2008-04-21,5037.0,9009.195234955412,3916.9787547792594,26.14967855510556,45.04912508815265,7.593503458200046,-980.0673476256816,680.8883392917603,3503.61233092726,3
2008-04-22,5049.2998046875,9025.799461222728,3911.192168974736,25.478401405558635,45.05375185533073,7.59802931651913,-562.5950623759402,972.6830966595634,3528.1781041413087,3
2008-04-23,5022.7998046875,9031.422513416104,3823.7477645206895,27.873438142166425,45.0591941804502,7.599019357368518,-1094.696278666332,925.3171523516028,3546.023424565584,3
2008-04-24,4999.85009765625,8994.615866462216,3812.0356393238367,29.61541520540287,45.05962696856854,7.601248249098846,-1015.5874811666821,1457.453285081463,3474.1104850892143,3
2008-04-25,5111.7001953125,9209.928726004791,3941.40035344805,24.776383464797142,45.05766903306647,7.6025380802631455,-671.9132623822586,1044.9244656246558,3564.8200796097635,3
2008-04-28,5089.64990234375,9109.548319644493,3941.4070431648797,26.558204264691188,45.056276225083685,7.603385646912984,-979.5185590180758,1472.7501849944106,3458.115927900557,3
2008-04-29,5195.5,9227.165194721338,4056.392411461097,29.145303417980813,45.055514998836856,7.6058253555513655,-453.31577974184415,1114.541821196978,3547.9478689054454,3
2008-04-30,5165.89990234375,9142.803269762555,4016.1350875201856,28.08344722654116,45.05579451712908,7.60930106462146,-1267.8024928940245,1225.7120229915104,3370.4808128077884,3
2008-05-02,5228.2001953125,9261.909609202256,4045.200821276815,30.83254724119799,45.0605059260713,7.613148020177949,-1354.5455025861947,792.3293185137125,3461.045869909395,3
2008-05-05,5192.25,9290.143493093157,4031.9305266777383,25.177265091847314,45.063972731502226,7.6152554936747405,-778.1483863926629,577.6472150012125,3681.138927177666,3
2008-05-06,5144.64990234375,9204.121426883346,4003.152970271277,32.70432986689891,45.06748574501343,7.618559716242905,-738.2846150940815,765.3120327597361,3565.937049499914,3
2008-05-07,5135.5,9240.457722775307,3974.5040305521106,24.92401511286084,45.06859747982545,7.620998033588856,-1245.9837976333652,896.4391407966003,3570.717783787574,3
2008-05-08,5081.7001953125,9116.359743190966,3951.0653112668147,15.941672562343479,45.065736644653626,7.624188972828825,387.4381605309702,211.55233479849363,3735.5693725356227,2
2008-05-09,4982.60009765625,8880.690342782516,3839.2859883941633,19.882174441005386,45.06402647452473,7.627976132660333,619.9747239080904,99.6572726587446,3719.976506673368,2
2008-05-12,5012.64990234375,8905.355805214504,3853.6563801459615,17.731082143507983,45.06480863831419,7.630412895640845,-401.14168513628624,525.0513077262278,3788.1232554898234,2
2008-05-13,4957.7998046875,8773.320878401142,3840.913216994041,19.92248867191024,45.06180533802365,7.634119161998757,444.92026909247636,98.3808501408243,3808.1902712492597,2
2008-05-14,5011.75,8954.886383299548,3911.730682924153,19.852546242090668,45.06331728687531,7.635533714968282,-1102.852868800289,-60.047584435559145,3964.5640766438346,2
2008-05-15,5115.25,9130.590935963828,4001.2772113511282,19.60845157578514,45.06633265743954,7.638816083757472,280.44490668721,63.37416583072127,3901.329661573384,2
2008-05-16,5157.7001953125,9245.27862279272,4048.2974119649816,18.315177935606442,45.06856869361542,7.642473883057008,-493.105108451367,329.69335352102553,3836.80527882274,2
2008-05-20,5104.9501953125,9108.892408409652,4002.6323901603328,20.86531230515938,45.07068426203417,7.646026475791353,240.42907278885582,102.72426767064303,3838.5545850204667,2
2008-05-21,5117.64990234375,9167.951891807708,3949.0057082582807,19.36532577046566,45.0656854140843,7.647462085260982,-534.5103943826663,331.573029004447,3896.771474086225,2
2008-05-22,5025.4501953125,9001.90380858448,3843.5858826517547,22.207329741509525,45.070285481474315,7.649875142057839,-177.3950138507181,580.133291583763,3742.240598961579,2
2008-05-23,4946.5498046875,8842.232213527977,3770.6993127188043,19.639255494943388,45.06618332548422,7.652794411765692,-474.0462386167359,572.3329140590052,3700.778324290469,2
2008-05-26,4875.0498046875,8701.333903916202,3697.938071116475,18.070705154266822,45.066325077842684,7.6558527753389845,-235.55227911283234,201.7522272732067,3911.0190523489823,2
2008-05-27,4859.7998046875,8648.76204856315,3689.5488725676914,16.624578896313228,45.06878070847404,7.6585821687573965,581.9696115721779,8.81752388831518,3864.3320469636315,2
2008-05-28,4918.35009765625,8779.795831556119,3768.731775144023,19.655781137103258,45.07045650105199,7.662623068632581,-193.17511863736246,227.3129604552378,3762.4302586584627,2
2008-05-29,4835.2998046875,8594.72694181727,3682.4627707083564,21.461590857274754,45.06722299207086,7.663937322134016,344.1206495703344,896.6934429350651,3447.306245090675,4
2008-05-30,4870.10009765625,8620.674169286334,3690.9075991555774,17.300076291990443,45.06452801520214,7.666305146533182,-304.3250244371345,666.7588687133705,3943.184812486949,2
2008-06-02,4739.60009765625,8306.346705184005,3584.5776543034945,25.054914618293974,45.06598923006937,7.667223615196504,96.7058815227208,805.866976310006,3569.8225225514043,4
2008-06-03,4715.89990234375,8269.341692456397,3552.6737616475266,20.444659877673217,45.068121765110675,7.670449260116614,-1150.277042605121,1060.4308152986262,3641.0662650219438,4
2008-06-04,4585.60009765625,8072.62241419361,3433.5964548335346,22.824386756665824,45.06540015357684,7.67360642084405,-264.60362215127645,918.7606358858119,3868.568421764876,2
2008-06-05,4676.9501953125,8256.754067313572,3510.515498486748,20.31943276879108,45.06717793149373,7.679555700490639,-364.443994130143,255.03162156114163,3891.4691105065126,2
2008-06-06,4627.7998046875,8157.983443665991,3513.466077822394,19.912314737950076,45.063232111054646,7.6831808612688555,465.08224031885675,845.9689761959471,3853.0014184084653,2
2008-06-09,4500.9501953125,7924.735404056548,3354.3781130495504,17.93046811889883,45.06570527882656,7.6861091422142,-75.90048558557034,321.8351437624769,3898.2646949562345,2
2008-06-10,4449.7998046875,7867.27813564935,3301.2433293421955,21.528744592685875,45.06365375336126,7.688959057631198,-985.2332678589981,705.9546091780192,3954.4095169538805,2
2008-06-11,4523.60009765625,8019.156720192584,3367.528618729335,19.99419013280521,45.064495293735014,7.691235561459205,-674.0518618894249,612.5717406018287,3892.7562763652977,2
2008-06-12,4539.35009765625,8036.707420212748,3365.815767742707,18.627806714518396,45.06483310065813,7.693957248156737,-555.0648997517603,-193.11752577578727,3893.304474228085,2
2008-06-13,4517.10009765625,8028.943003205589,3364.1906587486296,20.39964939330318,45.068915072641865,7.696822770261942,223.6201176448675,110.13185952196295,3972.130406522754,2
2008-06-16,4572.5,8151.963729054717,3430.7686891907315,16.63442908912124,45.070241462727964,7.697445348090254,172.0029934625103,33.613625106892584,3982.4807931885957,2
2008-06-17,4653.0,8362.585454650622,3503.0153092040487,16.729345736901724,45.06904415716404,7.700227652759926,-270.1597731844479,-134.6141094877663,3845.0384375514573,2
2008-06-18,4582.39990234375,8230.199471603533,3434.228974152655,17.759627829397843,45.07072293528067,7.702912097218145,-369.40391744702913,663.7944950186968,3937.322477942971,2
2008-06-19,4504.25,8037.777207693887,3362.4015461968106,20.699054535219428,45.077750174998336,7.7072475791008435,136.55529634002113,1020.6315565360197,3903.3306388552223,2
2008-06-20,4347.5498046875,7672.7513989354575,3221.8801733644177,27.99348335638774,45.0805705437622,7.70969539957627,-1351.8092369727842,822.698248590284,3674.2320317871167,3
2008-06-23,4266.39990234375,7591.647355868717,3148.294697244766,30.097958531111505,45.080993042721,7.7115073600077775,-716.9324088198589,1156.2469996099137,3783.402623517477,3
2008-06-24,4191.10009765625,7523.084000741327,3077.1060283949614,26.160020295662846,45.07909220380698,7.714351401353919,-750.9928012519068,1345.3875953072234,3709.0590558650083,3
2008-06-25,4252.64990234375,7637.371226295876,3138.938231797567,29.149335680962682,45.07784272930516,7.716999252105,-1009.835837226706,962.4995100548279,3846.9234467811452,3
2008-06-26,4315.85009765625,7745.421112377359,3217.1541043060806,27.772258895209436,45.080482708070065,7.719440137520473,-740.9288139817138,892.406080525488,3708.231184477114,3
2008-06-27,4136.64990234375,7464.787435417218,3027.0819813045428,26.113909610518142,45.078425300353096,7.720730608059803,-859.1622587701263,826.2936216773724,3684.407263489572,3
2008-06-30,4040.550048828125,7228.273604543502,2916.153779811706,28.770615341425838,45.07903336663634,7.723142011182707,-701.0322020973839,1061.267664661492,3699.9551972336562,3
2008-07-01,3896.75,6913.553184951803,2750.607553598383,27.867976283509535,45.08394622337335,7.725128195171788,-1433.6409233920376,1162.4082150097743,3716.682295955476,3
2008-07-02,4093.35009765625,7336.348454363259,2945.1571653663354,26.7417616117092,45.084997400552425,7.727475032749799,-654.1992077885193,1038.5414718117543,3734.7690531923117,3
2008-07-03,3925.75,6996.672455871414,2810.273232194988,28.083998174288183,45.082360005178536,7.730768438249575,-489.3594681990911,1028.23892274506,3641.7930413170666,3
2008-07-04,4016.0,7175.641052026651,2902.0465853873247,27.740939228125217,45.08949354873655,7.732653099378695,-771.619431774222,884.6391296376136,3702.8561901713124,3
2008-07-07,4030.0,7196.149611864088,2876.959450140176,27.692623862964997,45.09538089363039,7.734988955556081,-659.5136596034,422.11364247816704,3670.9361680491106,3
2008-07-08,3988.550048828125,7129.618107898578,2887.6877802637987,27.1748137001784,45.097484423305524,7.738085152383822,-943.967726963905,1169.314916626979,3806.4018369790615,3
2008-07-09,4157.10009765625,7532.197915681343,3021.298239315268,25.390102922212726,45.10191168953954,7.740368635177498,-543.4669734947827,514.6124641155457,3590.477844792564,3
2008-07-10,4162.2001953125,7546.470124785466,3030.3335019885567,28.149530831789743,45.10171075049614,7.745528589484313,-873.9011488080582,1085.8156926257464,3750.729462176301,3
2008-07-11,4049.0,7352.398837694945,2955.670417835955,26.39457125255717,45.10448411392914,7.7483260975797466,-1359.176512981844,1126.7209949978862,3630.022996907142,3
2008-07-14,4039.699951171875,7244.184701133083,2921.468592526084,25.959342264711864,45.103813494513595,7.749630705458296,-571.9135380466959,557.8703686527821,3780.796220775434,3
2008-07-15,3861.10009765625,6898.296116845272,2756.9255055817916,27.518600311794785,45.10034724942373,7.751335760992096,-1553.658499003109,717.6597628184536,3723.147747862315,3
2008-07-16,3816.699951171875,6777.2117662539395,2723.531642154909,29.468053088344355,45.10872301725625,7.752938027904572,-786.8881022846467,1536.4423654169234,3621.2456852137598,3
2008-07-17,3947.199951171875,6985.691046917368,2911.524722296681,28.37122701538196,45.10510340305638,7.754653036810036,-1053.6891400187917,876.1553286391855,3833.388863460698,3
2008-07-18,4092.25,7235.629366097899,3051.0449029138313,26.93771558328482,45.10659607744956,7.757727873685846,-1079.2502998818848,533.9358973696444,3577.5903889022597,3
2008-07-21,4159.5,7352.860765817779,3157.124283023167,26.857307884264284,45.10805370750509,7.759157036636444,-831.2045000295179,1140.2637719139123,3769.5120634210803,3
2008-07-22,4240.10009765625,7552.661066673081,3266.651511082163,29.271626524377535,45.11020172425766,7.761359307028391,-1183.7152763271977,668.1974383280457,3828.7870056558545,3
2008-07-23,4476.7998046875,7967.319377939644,3504.565158216291,23.20652846110552,45.11053267145908,7.765033323926973,-695.1175943488671,323.84279326377134,3885.3943924845007,3
2008-07-24,4433.5498046875,7884.547846937347,3433.4671613691116,29.59472997839896,45.1108949219294,7.76704260571406,-877.2813469511992,1055.93086441394,3664.055970541463,3
2008-07-25,4311.85009765625,7627.843455427444,3354.0504386435223,24.251968450139323,45.11191015712957,7.77024092028776,-1146.9175805648792,625.0146552650615,3751.5527136552346,3
2008-07-28,4332.10009765625,7652.291324372357,3327.8329968937696,25.16918418335404,45.11394976257359,7.771082542240727,-364.72817198147254,996.3565026667314,3877.6296153004014,3
2008-07-29,4189.85009765625,7425.364501691032,3245.68264061093,26.97146833747355,45.114544313489304,7.7732342737246345,-818.0869558802008,656.1929885692907,3887.566195015169,3
2008-07-30,4313.5498046875,7695.27491064956,3368.791699531547,32.34024828586169,45.114939230051824,7.774868419350627,-647.6796266302075,1112.1612582809055,3902.226931225532,3
2008-07-31,4332.9501953125,7795.745859461654,3307.1909641169414,31.354838720028532,45.11157590022301,7.77768601594901,-333.36450820223126,955.0494973817807,4004.6314428771034,3
2008-08-01,4413.5498046875,7949.530403617428,3371.4957490670886,29.412975511594272,45.1182169476321,7.779166788253259,-339.9285856822511,123.23742331230574,3775.3595229055577,3
2008-08-04,4395.35009765625,7880.577943426411,3374.6570374397934,28.7130847565909,45.12042404508001,7.783749710526302,-668.0858184575247,1014.6037622113764,3847.3037932699817,3
2008-08-05,4502.85009765625,8084.6040853260665,3467.7628828496845,24.27544606397505,45.121650765363924,7.784621296165537,-1021.0632804039217,813.0806014708829,3797.1116145404135,3
2008-08-06,4517.5498046875,8125.5018372112745,3503.849344095123,28.313516325761398,45.1203773634809,7.788265743171825,-1471.8815150148846,1325.0152926572416,3677.033379061818,3
2008-08-07,4523.85009765625,8146.602912233842,3482.9704614893826,26.901556962880058,45.11796652090235,7.791650371646531,-817.3237198081016,1018.5623547047554,3826.0567478926982,3
2008-08-08,4529.5,8104.897409106128,3447.4346223556936,26.366661332754557,45.121146480246495,7.794464259925498,-462.1662736730457,1126.8473531259046,3684.5806650047252,3
2008-08-11,4620.39990234375,8290.30447617422,3529.1938031775003,28.30960617994932,45.12126689309124,7.797020386250507,-758.2740722426859,686.8377596937225,3802.3281616708387,3
2008-08-12,4552.25,8168.058996795676,3468.2627155101854,27.057779981106602,45.12373008684496,7.801374694166569,-2277.833619907159,662.979674754611,3734.088734042332,3
2008-08-13,4529.0498046875,8246.015234484983,3436.32519283851,29.7385990919377,45.120273636443855,7.8063426537092955,-551.9751380694131,892.3052006818305,3885.555642261479,3
2008-08-14,4430.7001953125,8142.557626920091,3385.1219092397614,24.128090464774665,45.125514200975786,7.808630019325451,-527.4003380897033,791.8151619618452,3796.399402889954,3
2008-08-18,4393.0498046875,8025.608545090444,3325.236881780252,28.150022844691964,45.12881833328201,7.811280047907212,-1020.4888774905255,1301.4027156630245,3723.2853839599466,3
2008-08-19,4368.25,7962.184820163731,3312.1089151472765,26.241805552971915,45.12917514520372,7.8132175240626935,-504.65532989859105,854.0042823830017,3932.7722993609996,3
2008-08-20,4415.75,7987.550138600046,3357.664202653588,27.180728342168614,45.131178021458986,7.814535720474277,-648.8138342426495,532.5534750048814,3823.803411136089,3
2008-08-21,4283.85009765625,7702.018932866788,3194.372656396871,28.609252838958483,45.1340010345376,7.817483914754692,-1174.2027169128119,651.7257258934018,3841.748331264243,3
2008-08-22,4327.4501953125,7803.49480390145,3195.46553665952,21.765384274779866,45.13059009288635,7.820216206690225,8.520446487073855,989.5153253842013,3804.063587628804,4
2008-08-25,4335.35009765625,7875.958510753188,3202.8166430719075,24.32846427862493,45.136223573560514,7.821086233241964,-1006.9907692424456,649.8227967211219,3973.909122597653,4
2008-08-26,4337.5,7845.859029895117,3262.3784140214802,23.575323589581473,45.13827335655476,7.824020051679494,-522.8978684155742,633.7864696150716,3910.3750741417593,4
2008-08-27,4292.10009765625,7725.661745419514,3238.498281514617,22.678826269646223,45.13676104969217,7.826778566917251,-562.8009251088341,1018.0562707653389,3846.2826084213093,4
2008-08-28,4214.0,7475.62613868358,3119.7208404663434,23.05885502797816,45.134071274722174,7.82865024687445,-830.1752608755123,425.5710433403375,3749.4822191183216,4
2008-08-29,4360.0,7760.977360914713,3192.0275013626865,19.690896217626147,45.137632567946326,7.830454188455608,-28.482452940413978,-270.5528895281991,4407.986907998674,2
2008-09-01,4348.64990234375,7705.967744571782,3196.0981469298868,18.464326974873575,45.138866045538,7.833345962409221,374.14755982922316,144.14000609300734,4368.641496954027,2
2008-09-02,4504.0,7997.855407698938,3334.1639562917853,20.014188950651224,45.140913848246804,7.8374203585512925,349.09674874455516,472.62672656390237,4328.768118558382,2
2008-09-04,4447.75,7861.113003845295,3307.1370564316603,19.44364675666785,45.14159384191047,7.840281779334738,139.46568589676627,325.14654389857316,4153.146804698945,2
2008-09-05,4352.2998046875,7674.819564126755,3206.070905903769,18.77743492586608,45.139185610842944,7.843522789782616,-828.3690027521181,-68.12888602532985,4175.184764802098,2
2008-09-08,4482.2998046875,7875.60543605472,3330.0608083681554,23.179684467805966,45.14131146421273,7.8451486110141415,-684.3809203508476,704.8178594054652,4256.326783653868,2
2008-09-09,4468.7001953125,7803.437993889289,3334.846735396419,20.830479845123243,45.14131885879527,7.847189838073772,-83.53235209649262,449.04908382533455,4151.966199331602,2
2008-09-10,4400.25,7738.686163272712,3265.329589070147,19.23457553475409,45.1418537854158,7.850250826525253,-163.69401643341644,516.7044084140476,4148.839392567094,2
2008-09-11,4290.2998046875,7490.205617308832,3160.7820371840485,20.291720861649416,45.14958479353291,7.851342915963806,-349.2319309993261,525.8830779350111,4361.262591205697,2
2008-09-12,4228.4501953125,7340.091739344956,3107.043630671531,17.946359726452982,45.15279200094621,7.853998005055054,612.1292789819329,10.442726245031452,4238.018245818507,2
2008-09-15,4072.89990234375,7127.122422422143,2987.4250940368784,23.126456786442834,45.15617229567548,7.856936758986027,-457.65593873154353,790.8636749288472,3861.9275748892132,4
2008-09-16,4074.89990234375,7214.320362936937,2988.9289141342333,19.359845099123504,45.16493386505779,7.859340989733747,66.96509647632735,672.2361349606019,4333.830431117209,2
2008-09-17,4008.25,7052.554536899658,2948.013728851837,17.506412180180234,45.166687586674335,7.8621005510188775,245.15755237937833,742.0930691111962,4208.98048402411,2
2008-09-18,4038.14990234375,7100.196432575762,2966.288560419753,20.774708095988835,45.16764670928368,7.86459597498953,-128.01662013101614,616.3789975038858,4094.1476277337506,2
2008-09-19,4245.25,7522.534739602127,3129.534342120249,18.98877459477435,45.16620908723551,7.866408822855116,886.4248671649477,553.9388975776075,4171.08861643467,2
2008-09-22,4223.0498046875,7531.284233192927,3147.066563243807,19.289066665105192,45.16545143166083,7.867663121388036,-526.1489209742814,-121.2263794311242,4228.867209807002,2
2008-09-23,4126.89990234375,7316.071305144825,3051.158966938122,18.86256028175329,45.15991012036118,7.870002599664338,-392.42863595764885,395.5196041667589,4296.87840569375,2
2008-09-24,4161.25,7376.123094269382,3071.294120541871,25.9181811812862,45.1628813903776,7.873734274125561,-527.1302873130027,113.02769516906608,4297.821459698711,2
2008-09-25,4110.5498046875,7300.5906101776445,3025.521663547502,18.674769699651975,45.15968062738567,7.877183190662591,475.0633145709214,784.6503645839075,4393.459194157472,2
2008-09-26,3985.25,7072.1431903898065,2918.0267658045204,15.862646092228346,45.16298883533154,7.879259752047797,170.83434968745877,739.1138477131151,4272.860611719793,2
2008-09-29,3850.050048828125,6797.732094293248,2791.8860361540183,24.80013605808233,45.163459757280656,7.881312889701135,-1117.660765087437,614.841356783942,3960.158434057425,3
2008-09-30,3921.199951171875,6931.764389713202,2854.0435141182816,29.51860524539087,45.16444393342495,7.883289758361945,-1245.5505499819124,886.2065448881954,4101.739973244404,3
2008-10-01,3950.75,6932.043004887729,2878.9397116357095,30.67290538336626,45.164916829634514,7.885264085058694,-346.04379975895847,974.5528330521321,4085.211129586509,3
2008-10-03,3818.300048828125,6671.520125110448,2769.7723243395176,26.636405617254294,45.169675052921164,7.887963065131274,-755.3249138644562,1170.2373772467101,3994.354721045889,3
2008-10-06,3602.35009765625,6259.104899874615,2533.697892480925,30.55789933927093,45.17390338000097,7.891429087837979,-335.8328125534648,397.314525039764,4039.6352015276248,3
2008-10-07,3606.60009765625,6275.969473856936,2580.604006095689,29.48317999968509,45.17441670578401,7.896097739634972,-924.0597403126226,237.1133058487103,3982.652105862069,3
2008-10-08,3513.64990234375,6080.254379483707,2498.701480039265,27.62103973802782,45.17231969355477,7.8976710265265435,-695.3858710265602,911.4445532522465,3932.0069670177145,3
2008-10-10,3279.949951171875,5667.298467337491,2319.1073970755924,27.479107432458928,45.175691360870765,7.900722623745568,-779.9089379023989,140.57495328737082,4207.38154870921,3
2008-10-13,3490.699951171875,6119.425811406581,2474.1187994457027,28.361740452831306,45.17336763595652,7.903662648101277,-1149.6445337496275,947.5717229436193,3991.2402764152043,3
2008-10-14,3518.64990234375,6179.321774135748,2487.43898472258,29.75491164430728,45.169303052083166,7.905727855346326,-957.6576635236037,1077.6623320748226,4063.5018051155944,3
2008-10-15,3338.39990234375,5853.087622023497,2325.024035366564,28.794589131190044,45.17139810168863,7.907094054115543,-1373.721337719338,1270.8239724983318,3921.793947175763,3
2008-10-16,3269.300048828125,5723.153177334551,2298.1850361895513,26.64638339640261,45.175653571454035,7.909758880237052,-702.3572705091027,713.2295246232022,4108.703152782372,3
2008-10-17,3074.35009765625,5359.801173593785,2128.230303428588,27.65158590594738,45.17503831595066,7.914265448718399,-595.5005014612561,948.3544938405469,3955.9971388046447,3
2008-10-20,3122.800048828125,5429.966070490852,2183.708996684191,31.96252690944385,45.17685186901536,7.916918410861414,-503.9355199578721,1095.4529518980974,4194.658923439833,3
2008-10-21,3234.89990234375,5659.40519572837,2266.5247034153667,28.502427594592383,45.176204847580145,7.918512311321872,-633.3820427315977,547.2839974756928,4209.221591288024,3
2008-10-22,3065.14990234375,5338.864792364163,2119.5517535814497,29.73865085376523,45.1789708276262,7.9207333848058035,-951.28405460121,1174.6043393254795,4113.875127040208,3
2008-10-23,2943.14990234375,5174.742245372319,2016.2350266603664,29.079769974498465,45.18285591668544,7.9219687490031205,-279.21174196920595,982.302697568295,4081.91158653489,3
2008-10-24,2584.0,4567.6445734175695,1761.8275007694283,28.546715487995407,45.182667321042,7.92435998666307,-543.076604908182,718.366100788257,4061.9695862561753,3
2008-10-27,2524.199951171875,4463.155662965979,1684.6739247436496,28.217397800030138,45.180184511568825,7.927413301943192,-344.58147933715804,942.4141716676788,4078.068916963556,3
2008-10-29,2697.050048828125,4790.345890345113,1807.4258923904363,29.794781250649958,45.17641341976099,7.92908777972925,-319.48531821185975,858.1996544460782,4120.096364752289,3
2008-10-31,2885.60009765625,5138.847626863184,1931.4472787779405,29.437284470621368,45.179790485058376,7.928196408934327,-950.2398621227563,1134.0221850743594,4098.689928446582,3
2008-11-03,3043.85009765625,5497.542212056582,2042.7391401449383,28.527786956023096,45.17698078558325,7.930834681377728,-744.8482172427052,791.8619729559202,4176.466496079495,3
2008-11-04,3142.10009765625,5705.231930425328,2107.9608568288936,26.612474948904225,45.17869685830686,7.932691663092104,-590.1739266010089,968.1271480136578,4025.428287062339,3
2008-11-05,2994.949951171875,5434.402270541955,1964.0184266088936,28.771117611096944,45.181629079512184,7.934296661220243,-1359.65671501377,713.7205145540062,4230.909392517876,3
2008-11-06,2892.64990234375,5179.501177913839,1872.7280985552213,27.865984127063832,45.18072517387653,7.935890152063487,-1350.78926895152,618.6471483924802,4075.3946504737064,3
2008-11-07,2973.0,5370.002909830489,1901.4117041034026,27.383488177309847,45.18082654132599,7.938640311726136,-1419.724658398031,951.4598375729546,4053.452973354997,3
2008-11-10,3148.25,5745.384764985444,2022.1703060725656,33.35755194993214,45.18442367166851,7.940579419659042,-943.2400354079559,630.9696998944291,4149.410134554712,3
2008-11-11,2938.64990234375,5304.205137750187,1887.178933995668,24.921897384584344,45.18259909030651,7.9438539760742195,-1033.3268236846393,1140.174087434647,4159.416406587879,3
2008-11-12,2848.449951171875,5113.617060205571,1825.551545470589,29.917025718114967,45.180469955491404,7.947147626302191,-1474.2682513180953,1077.6697596531371,3985.518577555851,3
2008-11-14,2810.35009765625,5046.909560897998,1799.5175368546359,26.27465811149234,45.18036678182778,7.949215271488252,-840.2567089205289,670.4656630968339,4093.8537955418187,3
2008-11-17,2799.550048828125,5027.202358168254,1775.144877890217,28.262390978686792,45.18480051981401,7.951029752197631,-938.2475666866369,964.1341295619546,3958.553344150182,3
2008-11-18,2683.14990234375,4794.045526103129,1665.5634614555443,33.137175038180374,45.19023271309782,7.953489867755673,-427.10393196920285,669.090029899795,4087.0349608430492,3
2008-11-19,2635.0,4697.422171728141,1613.4532037329868,26.075262010351874,45.1905363640365,7.955673932881143,-94.80836834701677,418.7061582594972,4095.2418076303215,3
2008-11-20,2553.14990234375,4532.769397187851,1553.814155757634,26.55225469034547,45.188999999152365,7.95624791964948,-717.419863834307,720.8324497658889,4177.1240433105595,3
2008-11-21,2693.449951171875,4819.621490356569,1672.7489349128866,27.964972525696798,45.19279234300012,7.960485556923087,-1178.652208546494,884.9049512181869,4091.619179070277,3
2008-11-24,2708.25,4891.8407323155325,1697.545602106758,26.305566084737276,45.18838445625514,7.963520450174868,-641.3102490611725,1056.42261747406,4115.949193270949,3
2008-11-25,2654.0,4712.102437156323,1666.6594486221124,29.768112701880604,45.189727288817586,7.965374537553154,-896.2788306718107,944.8439791411017,4275.167724167141,3
2008-11-26,2752.25,4900.977311394895,1730.8399187058258,26.93094112787341,45.190195548039064,7.965772732620819,-996.0501015125993,1172.3023845084685,4343.41606303169,3
2008-11-28,2755.10009765625,4911.762398961326,1733.3750493788386,29.308019280298673,45.19467703156964,7.967903875853996,-1244.6404484719246,605.6501485750277,4098.998101380484,3
2008-12-01,2682.89990234375,4780.676985477521,1674.862550402102,25.341621736399862,45.19946208718856,7.969624461912627,-1085.6880156888028,786.9904836263521,4265.830655448754,3
2008-12-02,2657.800048828125,4721.184089341169,1653.168586706198,24.38633699569155,45.197234501514714,7.971869430351125,-971.116404509531,1393.3100105298977,4217.768238212005,3
2008-12-03,2656.449951171875,4669.072905342413,1682.731527500357,27.542030042093902,45.198337535621135,7.9720080712626205,-578.3614431338206,320.6759841147526,4044.293744136901,3
2008-12-04,2788.0,4940.179169758358,1757.6638616284274,24.86298432392481,45.19722572259441,7.973835296773839,-695.5897678368535,764.4137082222016,4128.327918617646,3
2008-12-05,2714.39990234375,4848.7790211193615,1699.2633267638926,31.0365378255309,45.196945740439695,7.975720398796842,-169.76954282860163,578.5518156712054,3945.0987581136164,3
2008-12-08,2784.0,4941.796481913683,1771.576512448308,24.940393019010003,45.19939790376337,7.977821490245628,-630.2647704614112,841.3804787237763,4231.304486626633,3
2008-12-10,2928.25,5258.8229289412875,1860.5153808884509,25.924626624658604,45.19899322139709,7.979875583127373,-730.2820301750558,769.665753769165,4118.156516518955,3
2008-12-11,2920.14990234375,5232.521388364254,1843.637238179977,28.82723977094922,45.20017499776667,7.982215059412029,-1022.4921461890297,1080.6466314270249,4224.780407284377,3
2008-12-12,2921.35009765625,5232.9617711163555,1835.7851037044777,26.827272099875987,45.20364681426251,7.986020378194118,-1314.9851927386844,976.6561978228515,4435.0877977857745,3
2008-12-15,2981.199951171875,5318.523828281018,1877.6990078335007,24.963224060264793,45.2087922994339,7.987786412437215,-1127.9573767412573,508.3147284269159,4357.443345843528,3
2008-12-16,3041.75,5427.782899714807,1896.5875340355992,32.07992832014392,45.21025833986833,7.989153201025426,-1179.9354651047709,723.5513780462738,4162.736662680598,3
2008-12-17,2954.35009765625,5300.092336544299,1842.150609288328,25.99673239368085,45.21121163608945,7.989700706261027,-1924.3627271727223,899.964885262294,4146.897299176958,3
2008-12-18,3060.75,5533.58725666644,1935.0784555852115,27.607484385006902,45.208489765611006,7.9914613111849055,-1303.4527130296685,1121.8142652117042,4346.551258252497,3
2008-12-19,3077.5,5625.163033647762,1956.7604359469392,27.581614959787938,45.21384716097334,7.9923286477895665,-259.1160954536108,1629.8868854039779,4156.441433342662,3
2008-12-22,3039.300048828125,5588.218153831059,1912.7877172906178,29.420618303933157,45.21593426417682,7.995554194196068,-752.5599148164027,1110.838736686625,4330.55409452975,3
2008-12-23,2968.64990234375,5461.507853225631,1861.6173903126946,28.92470492134212,45.216942939550286,7.997720392208545,-1050.6095421380385,596.2500238351543,4483.685985415549,3
2008-12-24,2916.85009765625,5414.035154514813,1808.344851247636,26.34639792453799,45.21779808721687,8.000919005928115,-740.6080711439917,871.846423380241,4313.264990388332,3
2008-12-26,2857.25,5307.666611536359,1759.2700332216352,27.348345565113387,45.21948004763754,8.004640687783146,-1681.3618102917499,954.2928585101428,4361.363615490568,3
2008-12-29,2922.199951171875,5469.159937975978,1843.3012784357422,27.54615513291637,45.22239541910718,8.006028441963375,-787.1609134150303,744.1827388969436,4356.279054815536,3
2008-12-30,2979.5,5578.472464125466,1888.8149708606704,29.497918996397125,45.22568207069757,8.00793071269704,-389.0030947410067,1041.0773417803632,4222.29566179477,3
2008-12-31,2959.14990234375,5538.929329569312,1853.4816591808028,25.663356170282796,45.231114476384995,8.01150883964843,-948.4463788357522,218.58687347985403,4299.377204468453,3
2009-01-02,3046.75,5698.36971911,1923.627298622565,32.036221113511566,45.23244254191053,8.01394129825592,-1608.7958104994273,1065.9448863983998,4197.409558545689,3
2009-01-05,3121.449951171875,5889.0066168273825,1957.1081575586245,26.48163322508111,45.238305145568326,8.016702841334022,-1065.576213910679,757.0837732708583,4394.48454422786,3
2009-01-06,3112.800048828125,5829.721781499502,1929.674855817477,27.982501206486813,45.24207831540677,8.019972635406845,-388.29520200675205,867.0884304913426,4195.587556410605,3
2009-01-07,2920.39990234375,5472.158222524971,1775.0173410412535,25.680021120613517,45.242497921263265,8.02310274118194,-796.5481372409324,1339.71688170795,4353.552346762421,3
2009-01-09,2873.0,5369.181660876622,1733.8331703939723,25.403681976718765,45.238095800077936,8.025743457749172,-1467.3240379174265,521.5448473173234,4395.3422261145015,3
2009-01-12,2773.10009765625,5204.136598799801,1677.0578967660165,26.251143181844753,45.23895248687083,8.02936693342587,47.0516716735483,981.8157835811492,4260.448076464256,3
2009-01-13,2744.949951171875,5169.586793543946,1665.3997983663248,26.05895356467149,45.244227920285496,8.03152254178412,-1401.5234064980532,1138.1764737019341,4245.341314419198,3
2009-01-14,2835.300048828125,5419.06432318419,1740.6701840358312,27.17148595169034,45.242502130895105,8.03426255863498,-997.1698326452859,951.1009374858902,4297.51759019165,3
2009-01-15,2736.699951171875,5238.60022367979,1653.0942038712371,26.04206994247252,45.24334951883749,8.036303133692178,-1314.9544002608814,415.7423083439472,4239.800554612164,3
2009-01-16,2828.449951171875,5384.370721019735,1712.5918306255166,29.39110484258842,45.24444517556545,8.039537741367704,-1314.4008059654404,1305.118988190398,4335.066025187444,3
2009-01-19,2846.199951171875,5419.490466894257,1729.7667102430746,26.43403220936325,45.24787155534095,8.041047746529904,-1080.8604462940625,836.5937848780932,4246.905654805049,3
2009-01-20,2796.60009765625,5279.336333942185,1684.4172159291734,26.21236901309617,45.247308120697596,8.041572365147218,-645.539936061569,741.7377449765914,4257.789932665007,3
2009-01-21,2706.14990234375,5078.995528771899,1616.2406139517063,27.214062271765464,45.24529996945223,8.04443146141978,-383.7874219121593,806.8551353421241,4383.065941762783,3
2009-01-22,2713.800048828125,5141.220617330947,1628.187463065423,29.98567775739259,45.2476099759059,8.045612182289531,-1054.467268812984,785.3560826983249,4393.948688760665,3
2009-01-23,2678.550048828125,5087.709073513587,1597.981797734561,28.4297523472208,45.24597981484879,8.046690478348292,-1304.0574216739697,542.9460981750672,4319.5318154910065,3
2009-01-27,2771.35009765625,5263.226563435739,1669.2104774457239,27.80062094022506,45.241073298792365,8.050149617733288,-708.5442733360767,949.4851758231955,4206.506248398432,3
2009-01-28,2849.5,5396.12491760121,1751.5907288220324,25.13391046006264,45.24719441456565,8.053306768892075,-696.8145684283251,720.8300976257998,4456.403155266594,3
2009-01-29,2823.949951171875,5344.214788789809,1730.1668185747658,25.714583080272583,45.25057550655206,8.05515179336526,-803.8494657786198,1101.2664816449487,4320.039621327394,3
2009-01-30,2874.800048828125,5411.480241030395,1786.8243609494957,25.443180119920754,45.25682566990831,8.054290500490875,-789.704074837307,1055.278648084554,4543.822302641136,3
2009-02-02,2766.64990234375,5171.246496300991,1716.5735888567294,30.613702447344693,45.260047708167356,8.05700454739742,-945.0265785374727,1387.700823529143,4356.960852781862,3
2009-02-03,2783.89990234375,5216.591886616714,1706.7773461832448,29.061126246263296,45.26268880293244,8.059844487030375,-860.7396581776475,836.5100569881959,4385.102149324171,3
2009-02-04,2803.050048828125,5292.776395642512,1703.9386710210345,26.276758982151613,45.264397409832696,8.062535352610576,-972.6604514494284,659.0250746865551,4340.1209425684465,3
2009-02-05,2780.050048828125,5264.412919791158,1674.6323631547878,26.87125671234869,45.26443932498801,8.065176871336822,-471.9025091851511,459.07729945418555,4403.957856501818,3
2009-02-06,2843.10009765625,5323.704033683161,1707.6454651156207,26.34941964752533,45.26657564473373,8.06716274990835,-8.616199717649124,1558.003015822444,4692.376748973612,3
2009-02-09,2919.89990234375,5494.2905779910825,1762.4733424558979,26.22827756723858,45.265515947280605,8.068916142548163,-828.138739317123,1098.63239895484,4361.364884427457,3
2009-02-10,2934.5,5526.981928171746,1782.915905210563,28.920602062432362,45.262908259763165,8.06997042804693,-902.6288991885443,692.2740236460627,4508.9495425228515,3
2009-02-11,2925.699951171875,5522.477259415021,1796.6934619497054,27.424927558431374,45.2625115823124,8.07143005588266,-797.6554537239728,1407.9465267801409,4409.392783098512,3
2009-02-12,2893.050048828125,5508.256444829155,1777.7170033547982,32.16233548859493,45.26698605918646,8.073905133768664,-1163.1687203933168,1306.8487151658096,4509.549759871959,3
2009-02-13,2948.35009765625,5579.066430688759,1814.1075364187816,22.500719649033996,45.26388883912568,8.07639321424528,155.99134844192815,-5.383250736541186,4559.555614028244,2
2009-02-16,2848.5,5362.358877354001,1720.2342366120934,22.618960680933444,45.26083928917328,8.079329744218208,26.470563632451473,173.95753747480842,4932.539624295652,2
2009-02-17,2770.5,5215.5600574059,1665.332167272652,21.342713949896254,45.26321321666142,8.080066561896727,-318.18808321707627,360.30254645188904,4785.327435341695,2
2009-02-18,2776.14990234375,5194.307618666702,1669.670654252058,19.154681858985622,45.262567980548106,8.080547120321407,210.82672761699132,78.97447119941137,4732.482399632468,2
2009-02-19,2789.35009765625,5252.464925096831,1681.0688219565436,21.195581769059167,45.26462446568359,8.082303726052826,-142.40409266184508,371.0261611267438,4849.062940755942,2
2009-02-20,2736.449951171875,5151.610346019841,1664.1411824472182,19.302334610942683,45.26819403797923,8.083416607678224,-538.0226553897502,613.5885839319365,4781.788466597339,2
2009-02-24,2733.89990234375,5163.789039183069,1674.7007703204517,23.260552101456724,45.270178635431996,8.085731934498709,-9.358221830816007,-11.978257496688002,4663.537676446832,2
2009-02-25,2762.5,5211.638279723659,1703.8636516410077,20.808558766099843,45.268881898695966,8.086547899018113,-55.202998640269485,487.9001643921811,4546.591471474711,2
2009-02-26,2785.64990234375,5277.050746081039,1711.1779824272905,20.52472071720603,45.27333070012155,8.089850465764043,234.1672584442499,750.5493926298116,4957.908661902019,2
2009-02-27,2763.64990234375,5253.811834156078,1689.8282581108297,20.254145324859017,45.27615706816936,8.0911472251825,182.6187800299395,520.0660717811567,4766.930179384014,2
2009-03-02,2674.60009765625,5075.583008389878,1624.811258741089,23.480532854721716,45.27683755173193,8.094855196095143,-193.69053225150475,377.3150935659725,4734.563720877997,2
2009-03-03,2622.39990234375,4974.769768342581,1576.1616959779153,25.13249933232643,45.277372803290234,8.097491263246104,-1088.8347745654123,699.5694721271232,4414.7205062614585,3
2009-03-04,2645.199951171875,5030.729133085808,1599.8821648590733,31.67657565533745,45.279094780908665,8.098544256874103,-899.3024999768803,1149.2525616298053,4598.027640657902,3
2009-03-05,2576.699951171875,4864.185589247895,1555.9199892477552,27.627692385091724,45.27875882980789,8.102743679707313,-754.6764481325375,546.9239663855894,4428.050036422671,3
2009-03-06,2620.14990234375,4950.8685518346465,1572.2494988378166,25.1877020483687,45.27446521572373,8.105110253755784,-706.4982488939803,972.8375433285368,4534.273588866093,3
2009-03-09,2573.14990234375,4849.696838767374,1555.431905944741,26.495580536713888,45.27731568896252,8.107373930601847,-779.4351167455528,907.6547199159946,4451.289046309753,3
2009-03-12,2617.449951171875,4953.797518973594,1589.3634331959008,24.698385474552836,45.27998791802213,8.109402703499383,-936.3047773887076,1237.6833078629127,4373.397523973294,3
2009-03-13,2719.25,5201.440060092224,1639.5852953250348,29.30731349117128,45.27368472012504,8.111959661099172,-501.2731919907105,725.175371679333,4571.624055020452,3
2009-03-16,2777.25,5291.208433625662,1681.3155429287815,25.92341409930696,45.27581674855301,8.114571897148366,-1169.7207576373107,750.6792564320648,4594.542848392583,3
2009-03-17,2757.449951171875,5245.939210435492,1671.2170939604164,28.3373353324094,45.28168619916968,8.115790141640032,91.76138086192896,527.440538810573,4438.932810647738,3
2009-03-18,2794.699951171875,5372.013387448234,1713.4654876402035,30.268434060331696,45.27890328411016,8.117656203498846,-594.7718479384963,1031.1852823801228,4501.3687426309925,3
2009-03-19,2807.14990234375,5374.371136542026,1717.4256343021377,26.655966142867726,45.27928341023748,8.119847904505841,-1350.994161268004,772.8552470903254,4518.217643667793,3
2009-03-20,2807.050048828125,5347.712722362287,1730.1968781155394,27.463792613951217,45.279337463295086,8.122503023647843,-825.9082676254338,641.3778068190446,4554.353830502228,3
2009-03-23,2939.89990234375,5640.3307737032765,1834.3902491955553,25.39326678016797,45.2849186990982,8.125171462132718,-590.9265927871475,669.9551199968155,4697.024384092499,3
2009-03-24,2938.699951171875,5666.434285714165,1811.9196309807596,27.223285782097605,45.28888154023067,8.1274011155817,-1039.747642207884,1061.1316489388726,4494.261535913955,3
2009-03-25,2984.35009765625,5764.486889041303,1822.6496748969748,33.148047250546746,45.28684629179113,8.128912258658636,-1498.0576190306829,569.1118500830809,4498.36995721172,3
2009-03-26,3082.25,6024.140305039918,1915.0805068667933,29.555866328220883,45.2884726473612,8.130368479103453,-1315.6255766395582,595.7502105060951,4517.064567060894,3
2009-03-27,3108.64990234375,6112.508216304035,1955.8046360996464,27.47053916221279,45.29598066375804,8.131231141337764,-683.1628222617794,1168.9084276552148,4452.14755696246,3
2009-03-30,2978.14990234375,5866.220249948134,1865.1328874186597,26.77662392763657,45.294706540060616,8.133874223395065,-1601.8465890273487,850.1638272511583,4385.901115546892,3
2009-03-31,3020.949951171875,5979.54038304064,1923.2939020135354,27.91473320868713,45.295273078709634,8.135305049437388,-1479.737828738409,1186.6335257952921,4559.217049951101,3
2009-04-01,3060.35009765625,6151.255200094186,1972.298360323522,28.26010150438728,45.2974136006201,8.1371564123221,-685.2661012264296,792.1932554072504,4599.751147013475,3
2009-04-02,3211.050048828125,6488.31261730207,2100.956200837935,12.661860585708485,45.29618343697094,8.139433579873822,260.9803132612682,149.6622301810104,4899.647296180275,0
2009-04-06,3256.60009765625,6537.745341848889,2125.3727381246326,21.060118391542257,45.30207304622592,8.141473235980417,-428.31215584191875,446.889781580865,4898.307776911913,2
2009-04-08,3342.949951171875,6774.572375230744,2216.9983174823815,18.093105019879182,45.30125504132507,8.14349963694127,-347.8928589290133,816.1858801440471,4821.2637321726515,2
2009-04-09,3342.050048828125,6760.178773656961,2223.4253282161585,18.083224650031465,45.297687935937695,8.144622969698837,-738.3255251377278,791.761847863081,4939.370775489504,2
2009-04-13,3382.60009765625,6853.966061531051,2250.818342521724,14.24039091410041,45.296712989820946,8.146916401408012,543.7813721819781,495.9711114577006,4936.326272568332,0
2009-04-15,3484.14990234375,7121.290963055706,2324.046180686663,11.162716492871205,45.29927205007951,8.148624408464446,27.382577993021812,-38.64566098061758,4971.438720880882,0
2009-04-16,3369.5,6824.255417924484,2237.5086840719136,14.95803450572508,45.29747752770224,8.150555102397682,135.69912616645166,-146.0488708149652,4961.629289615329,0
2009-04-17,3384.39990234375,6823.283729798573,2226.972608138145,13.471438775206133,45.29898412586884,8.153726416054646,488.71405463487116,378.23743891827206,4973.636131346544,0
2009-04-20,3377.10009765625,6763.653089604454,2230.560391645633,9.844181562565574,45.30127177718927,8.156241322332706,247.34898581831342,563.0279106902451,5070.110743615976,0
2009-04-21,3365.300048828125,6716.337873003036,2208.5550140264277,13.718998251121894,45.29824497506303,8.157676339877323,68.13867614626554,498.84561963562106,5001.460329726676,0
2009-04-22,3330.300048828125,6651.6257971704645,2186.018378140123,10.129706750822011,45.29715386841025,8.159529476330144,-445.7753698895715,153.914777200026,4997.5027531477945,0
2009-04-23,3423.699951171875,6874.42564690682,2253.7751731478374,14.886724019311323,45.29880078098886,8.163127183018576,496.9703383471259,368.3425634622449,4782.292742448895,0
2009-04-24,3480.75,7009.334743080417,2295.650121875402,13.002571341498808,45.301508017468876,8.16481428194797,381.5971870433607,373.61629592553874,5064.53380172804,0
2009-04-27,3470.0,6946.198111201663,2276.7944798796993,17.20216843301364,45.30049166540957,8.166844848376671,143.0450169266507,194.6828374138214,4935.500495114761,0
2009-04-28,3362.35009765625,6651.409136991764,2191.472112121577,15.642625688745214,45.30154698234031,8.169495875156592,-64.95964218673862,207.71208742109985,4978.003369595315,0
2009-04-29,3473.949951171875,6900.240573850147,2306.5179935607302,11.37861498753635,45.30129517359108,8.171694136117925,355.1049914614099,179.4586010408414,4848.522883915823,0
2009-05-04,3654.0,7291.291275189701,2475.008258614481,9.458520272317166,45.304078724103476,8.173300567986196,542.1887042103074,-86.4289599836707,5188.393947660958,0
2009-05-05,3661.89990234375,7322.09426868489,2486.7210407582074,11.989797486417253,45.30623696484098,8.174532570190596,389.1035525297216,-55.815731266785804,4738.591046676636,0
2009-05-06,3625.050048828125,7261.8517430334,2456.5000064310466,11.057482794339258,45.30571651579539,8.176494059076461,1005.2262081968611,-60.44710845289151,5138.859666103512,0
2009-05-07,3683.89990234375,7396.785123908855,2517.544053187395,17.151476173754187,45.307751847348975,8.179119823605554,631.9098010420114,-329.7710330347512,5037.864493416461,0
2009-05-08,3620.699951171875,7280.610398573085,2483.0230855572972,13.479370681439697,45.3071140522336,8.182404618665254,307.0867641303834,192.857978204523,4809.893152838481,0
2009-05-11,3554.60009765625,7142.407056039748,2417.153421982339,15.366837608366334,45.30908613809667,8.182899301425895,645.3115024386256,137.8279881487322,5209.354255387056,0
2009-05-12,3681.10009765625,7443.316815900054,2521.4425256490076,12.929938174898828,45.3111000217327,8.18661825693693,369.4649113564314,378.58924070511074,5062.0273755512135,0
2009-05-13,3635.25,7321.364872654012,2457.0286856141593,13.140665023438709,45.31881316131841,8.18828214576007,368.0771018090616,528.2151848937337,4779.0269497302415,0
2009-05-14,3593.449951171875,7224.152561622291,2439.7440575687133,13.434745954982183,45.31840437459209,8.19115538936808,868.545518924409,547.2883094539588,4978.225625149666,0
2009-05-15,3671.64990234375,7404.996852563699,2535.5167157774436,15.713078637184893,45.31858056913121,8.192362382481235,-9.22315125620753,575.5396374929255,5079.423530306562,0
2009-05-18,4323.14990234375,9030.627611819456,3138.6938516536907,14.123249511349197,45.31723887433003,8.192692175299312,359.32385922198335,-77.12430818670236,5203.126347045618,0
2009-05-19,4318.4501953125,9005.640385662165,3094.889364063071,11.38533231304667,45.31474040323666,8.193315957641804,825.8840010598418,-279.58778339614906,4994.582729914197,0
2009-05-20,4270.2998046875,8914.425821869132,3064.9326442309357,16.745028276172835,45.31397102175588,8.194917818106752,473.59622326995634,429.2230734196298,4773.998461939484,0
2009-05-21,4210.89990234375,8769.734041356436,2997.8910237181603,12.914369002027374,45.31656632384155,8.197370809623733,202.37880585248874,564.6400314602702,5193.1453533144495,0
2009-05-22,4238.5,8829.039193615758,3009.5611857736358,12.588959752246703,45.31937870843559,8.199326974057865,-332.4639061496679,616.7977341631276,5101.283351827867,0
2009-05-25,4237.5498046875,8856.199064630653,3020.0842327632945,9.0,45.320865747969656,8.200997777495449,-558.1387768774837,295.4988629077127,4830.250861445474,0
2009-05-26,4116.7001953125,8514.53591243979,2922.9388084044585,14.768799182322674,45.32057845332807,8.204032897467009,1180.4724759042992,-449.01118428108805,5095.746748348661,0
2009-05-27,4276.0498046875,8838.947619737382,3052.9569384572587,13.702025279323767,45.31969832837027,8.205948031034998,473.40472850032467,259.6828390300778,5111.560001392508,0
2009-05-28,4337.10009765625,8925.783144481933,3093.631650692619,13.699851313203805,45.31754783683889,8.208137007070654,116.37074436549514,316.632260372823,5038.228091543348,0
2009-05-29,4448.9501953125,9097.29998622465,3193.2770600701815,12.694350657778363,45.316477174036,8.213153261916283,489.7827556519363,525.6225063775769,4992.224207538916,0
2009-06-01,4529.89990234375,9256.06829732155,3255.7581696742927,12.349564319734434,45.3131917898586,8.215046479647322,-29.069655321340008,578.8886081949702,5019.300969757748,0
2009-06-02,4525.25,9273.380312477291,3230.1803155971356,12.76083914633914,45.31786536479423,8.21624791205708,217.51948904149359,422.8900210156004,5053.219665140784,0
2009-06-03,4530.7001953125,9275.098828107986,3228.403871484121,14.426321742254558,45.3239768192532,8.218622163218603,-26.376157197185933,-26.18366948875658,5127.488574408663,0
2009-06-04,4572.64990234375,9377.463520894766,3271.1323232703025,14.778235546066702,45.31876923099269,8.22124555003617,-215.30943382580176,-158.73519436579744,5176.776208103061,0
2009-06-05,4586.89990234375,9450.75066020336,3279.881213344508,13.037936823250803,45.32023702190625,8.22343183045345,-491.9939783351689,310.18834554489206,4882.3295329038665,0
2009-06-08,4429.89990234375,9150.00308193971,3121.3096143214134,15.397874988633518,45.321655097772314,8.2254700315994,-289.06295689153364,-87.72453312766959,5132.665692016758,0
2009-06-09,4550.9501953125,9426.604696105278,3244.5541270950507,13.342051637965044,45.32288152414109,8.228829535619441,758.515105574984,592.5411320527112,5161.458284375683,0
2009-06-10,4655.25,9719.754827119255,3280.6676926212704,12.491547163752688,45.32170329117745,8.232060032927519,-44.752784484012636,-361.36768120557645,5133.935065255847,0
2009-06-11,4637.7001953125,9683.099211340426,3257.1249898512747,13.896831149814728,45.32537083305372,8.233812151590062,563.9568447211518,320.06598371840016,5080.2072017286955,0
2009-06-12,4583.39990234375,9527.221534030521,3199.7528340253502,10.781227163012279,45.32720226495845,8.235033839257863,732.6589559380855,245.86049242274663,5272.309308712029,0
2009-06-15,4484.0,9280.541480141515,3120.328600658074,13.965436618158497,45.33090463022034,8.23732417945769,356.6318740829831,87.96999974065116,5269.764843622552,0
2009-06-16,4517.7998046875,9302.557888545412,3159.3102569939456,10.415635788947256,45.3292920942821,8.238532031311149,230.57311507157172,-127.53488229142243,5099.209399098853,0
2009-06-17,4356.14990234375,8911.816850562875,3047.0609891793765,11.444546080032472,45.32574254586813,8.24127021878905,403.2091682110655,-468.53289073291876,5133.340923369293,0
2009-06-18,4251.39990234375,8666.759452882934,2947.765219054607,9.462617186566751,45.32764726245688,8.24354323423288,183.35185339035442,-9.428605821805064,5226.388334218077,0
2009-06-19,4313.60009765625,8835.722403359587,3010.5519967066007,13.149766094656998,45.32535843127942,8.248058150572117,831.5637048226522,-4.1649543701959715,5284.149373480496,0
2009-06-22,4235.25,8720.757401824154,2949.1062362556795,16.719267404618186,45.32912223009692,8.25137225169286,1100.6135496577972,483.52099765453676,5072.925578685108,0
2009-06-23,4247.0,8699.183180858057,2928.7101925274687,13.26584667783713,45.323342366153796,8.252130227151717,929.9247321483822,-84.85669148403775,5054.079431445115,0
2009-06-24,4292.9501953125,8817.177756694078,3001.0093972203554,14.787170758866255,45.32253674646908,8.253444058981767,-510.625293909427,285.8311840691375,5195.475212391092,0
2009-06-25,4241.85009765625,8666.335837453073,2933.0186139544376,18.204627794624777,45.32128898092613,8.253358626553037,175.18929645595443,-237.6719410325386,5055.966750478959,0
2009-06-26,4375.5,8989.013102523928,3053.712508631115,14.308111696240191,45.32089185100063,8.253045287901308,351.66365551246247,294.0744582250764,4975.851171034408,0
2009-06-29,4390.9501953125,9019.26545157629,3073.8631009281053,11.969575910823956,45.32227514821652,8.25497940604406,535.2231841690173,-521.3101056554003,5097.268744527356,0
2009-06-30,4291.10009765625,8732.269480197085,2996.0685931886155,12.244862794528325,45.32406385542453,8.255603189621088,-340.92581508081923,778.5888533792084,5230.62846610692,0
2009-07-01,4340.89990234375,8877.361588908578,3029.0830292831342,13.501316416446013,45.326583068231464,8.259056411547403,-347.37746414758624,107.67974196064439,5353.73995686442,0
2009-07-02,4348.85009765625,8873.763488091157,3050.8529705788023,12.234210709478152,45.32944802732434,8.26202222502943,872.7158998501569,-688.3502173197026,5123.776819728968,0
2009-07-03,4424.25,9025.330128624877,3085.9652151496202,12.383826000373137,45.32953345052232,8.263554483388317,126.35227255608825,-65.32484266796286,5189.573910504412,0
2009-07-06,4165.7001953125,8427.270285024422,2875.833145773855,15.47050781851898,45.33645956360744,8.265025771459195,-244.9625353812928,-112.69866992575987,5223.755647865969,0
2009-07-07,4202.14990234375,8486.534509904364,2896.3725962244234,15.552312561544424,45.34122083460931,8.268306585614182,-91.45632308918425,-46.74543955989037,5144.989198816642,0
2009-07-08,4078.89990234375,8231.177239088722,2784.864080663534,10.206215035902673,45.34088486996233,8.271812467776153,506.18985732488596,40.607581260347146,5141.776829896295,0
2009-07-09,4080.949951171875,8229.497270450714,2793.721765444193,11.86366096419956,45.3410742488859,8.272666971410029,20.980925414601415,-48.78514599767766,5257.700887949276,0
2009-07-10,4003.89990234375,8070.949342989994,2748.8510938545105,12.571991226173214,45.3406751055078,8.273388709501608,446.65025687362004,-94.92362312046376,5102.564167838634,0
2009-07-13,3974.050048828125,8016.629623426718,2718.7637466012734,14.698177892330504,45.342365001349386,8.27486635230826,-41.490945098601514,-197.60488559965307,5152.4988693142195,0
2009-07-14,4111.39990234375,8371.378646420195,2847.1980685475773,15.786151177011313,45.34004918785895,8.277072083739725,-347.6800509536082,396.53682717992615,5216.642583983719,0
2009-07-15,4233.5,8637.51711444371,2951.3755385531167,18.90393586854777,45.33828057547618,8.278328750647994,919.7520652885297,510.3406845708739,5276.729498791668,0
2009-07-16,4231.39990234375,8581.95777223076,2933.8620850487114,12.568653407434677,45.33237847673994,8.280547095297823,509.27596451559026,73.62785302911364,5088.929050157988,0
2009-07-17,4374.9501953125,8946.375418175843,3051.0383485274756,12.668542571315943,45.33178249635362,8.284259309442332,216.49965550475346,144.70900499031734,5239.276315798696,0
2009-07-20,4502.25,9225.115302505023,3153.7807613643386,14.677140031275428,45.335576773905544,8.284610971886423,141.4553113273562,-187.89925805777335,5122.323363764848,0
2009-07-21,4469.10009765625,9191.588742252768,3112.998654286241,12.13556656209028,45.3357204708451,8.285918760915099,935.960147630094,171.30620950092748,5191.102553438294,0
2009-07-22,4398.89990234375,9047.998859475783,3062.7336656245366,13.218076277018966,45.336031985020654,8.286280998324314,586.6120182114901,218.98912864614587,5351.267292314462,0
2009-07-23,4523.75,9330.04084655554,3173.307093007836,12.669923782432909,45.33746646245222,8.2871894004181,808.7252126543036,84.18041708585278,5265.4383613805485,0
2009-07-24,4568.5498046875,9445.402034806379,3180.7413130402547,9.0,45.33505975015383,8.288635461594296,116.52292900431996,268.8224933308345,5454.474377748983,0
2009-07-27,4572.2998046875,9528.001871905906,3152.482148658805,13.746466460303091,45.335735608791765,8.289644732058697,370.2666160718313,242.61263461530746,5275.700806494095,0
2009-07-28,4564.10009765625,9588.555693569913,3153.731074492966,13.13527808139442,45.339006597278264,8.291896928429882,510.8795663986127,-166.2418167271739,5390.7657050152075,0
2009-07-29,4513.5,9474.960650332849,3096.866049432902,16.0424621005138,45.3405262867781,8.293775833925018,129.9723562744635,507.9142541186871,5377.574633200867,0
2009-07-30,4571.4501953125,9615.886687059572,3150.654027911687,13.51098081507271,45.34406078097189,8.295798525873026,311.787156398544,87.70612205112741,5297.083566919167,0
2009-07-31,4636.4501953125,9809.605959844303,3219.92500191364,10.990505043371655,45.34845317669069,8.297211217881026,116.55586404669998,652.6714805750955,5163.983902265302,0
2009-08-03,4711.39990234375,9951.87837600207,3258.056123743273,12.983802254040953,45.351040945975605,8.298711709883335,509.6236790008869,276.1261768257678,5297.426309223423,0
2009-08-04,4680.5,9893.512139877352,3205.253766485015,9.317834313726744,45.34950084490306,8.300071822825531,-178.55766554023228,741.2799391115498,5257.020333262019,0
2009-08-05,4694.14990234375,9924.274435465943,3248.9681600437207,11.078164329600714,45.3490684388122,8.301529665400833,578.7880076988232,502.5807507919339,5257.906957135411,0
2009-08-06,4585.5,9686.943625938538,3166.6425979440287,14.771011936305996,45.355462905371105,8.303650865164748,474.28528069716435,218.15688844225855,5340.33360414768,0
2009-08-07,4481.39990234375,9416.592259587416,3073.798352654551,13.005319120092674,45.35700541091109,8.303425248428187,268.6765885970712,-66.9320599858871,5174.304897538774,0
2009-08-10,4437.64990234375,9256.964299050005,3021.022388258729,21.845016478996133,45.3581482806804,8.305406740565704,29.80685826083348,189.5297575691514,5240.6268311749745,2
2009-08-11,4471.35009765625,9257.534872387641,3039.356005163171,16.066215498243906,45.356168402659286,8.306227231057692,-295.9761854931909,559.9102854947564,5230.831255436373,2
2009-08-12,4457.5,9184.901475723014,3006.5258040175395,19.515077205352494,45.35649401919244,8.307573258117257,-418.0522965309147,442.9378251372753,5316.777781330971,2
2009-08-13,4605.0,9507.924585688008,3144.9375214160036,12.54897500322443,45.3592431399509,8.307692266978968,567.4904619154713,-26.70787079732571,5266.822750968511,0
2009-08-14,4580.0498046875,9440.349271007135,3110.0283362023647,15.411697165226412,45.359887677082384,8.30900978752837,584.8056020617489,399.91798428301246,5278.835466313625,0
2009-08-17,4387.89990234375,9084.710768185896,2976.7992314888315,21.345525536333245,45.35892954237784,8.310959507760074,-352.9080955236137,411.6313991068097,5373.623137742883,2
2009-08-18,4458.89990234375,9288.859567388246,3027.8775635592515,14.784504300176597,45.35866738388899,8.313084065727468,112.77908310277667,401.70294459021784,5316.341042666041,0
2009-08-19,4394.10009765625,9106.436434326632,2956.962539380414,23.082820076168204,45.36284285984304,8.313560838716656,-223.18939350418262,107.35897998953271,5369.723235181708,2
2009-08-20,4453.4501953125,9255.608983606613,2997.60275132036,19.263825781426867,45.365446202281035,8.315628406239233,-370.80226112560706,699.8415004024505,5254.337723775443,2
2009-08-21,4528.7998046875,9414.139373012467,3011.297773547886,22.670161670601438,45.36764832296162,8.318422529169375,460.0476439529075,550.298670804184,5290.18353336131,2
2009-08-24,4642.7998046875,9667.451693928908,3101.3987113793814,17.911587698240528,45.369570969378465,8.319578797403324,-23.409714322317356,759.2708993385711,5604.133140241518,2
2009-08-25,4659.35009765625,9712.63140520254,3111.516284975015,17.838244500468612,45.36662187950076,8.321225273797134,-144.15990658111403,693.2291502149014,5314.241520844326,2
2009-08-26,4680.85009765625,9786.26375471205,3144.3143957920424,21.505493142996677,45.36803892676101,8.32079788908506,-523.0899894756116,374.51397978762606,5167.204093337431,2
2009-08-27,4688.2001953125,9789.887685660853,3114.791876899208,16.990518523182395,45.3718429491927,8.321537609046176,145.59577881465617,350.38763780700543,5436.463342781689,2
2009-08-28,4732.35009765625,9934.011291145953,3172.2281326236894,21.145531256837916,45.37166018456904,8.323440469047302,-394.6419599777661,934.9092977772826,5328.043077909216,2
2009-08-31,4662.10009765625,9728.575710071485,3131.600633098733,20.202626387442653,45.37519246875612,8.32602385562438,-411.098924432416,312.82945918541236,5436.002412265553,2
2009-09-01,4625.35009765625,9644.828601101255,3125.509354162374,22.143705457309746,45.37742814891168,8.327048070034461,159.04586523063432,624.5301096513532,5404.97559335315,2
2009-09-02,4608.35009765625,9706.246362427095,3110.770541460191,19.88111207009022,45.38051116743935,8.331336514991404,4.9290883967590275,285.5839023430774,5479.32680035413,2
2009-09-03,4593.5498046875,9680.651129585212,3117.713525854639,20.112097892591056,45.38126397689903,8.333265023874786,-1151.379043654223,-158.56492404129472,5413.966247676091,2
2009-09-04,4680.39990234375,9940.921145464916,3161.2287149870044,21.018529985849813,45.384523733582675,8.333601840291216,-213.10830550572365,31.798270658213994,5405.223698418659,2
2009-09-07,4782.89990234375,10187.032516292984,3259.32095269849,18.674700899880442,45.38072968874241,8.336494744052034,-99.792151780952,521.776265458595,5559.654254283137,2
2009-09-08,4805.25,10263.34599969321,3262.518364643083,18.587587385019557,45.38142912590293,8.336843063453799,-285.838462312464,610.3395098815313,5198.598966341298,2
2009-09-09,4814.25,10282.17713569847,3237.6201308749864,14.448858879686838,45.38416817048617,8.338768288238313,414.14546627592193,272.7640227660482,5300.636213384946,0
2009-09-10,4819.39990234375,10287.26871441534,3219.9871021228014,13.441424381738726,45.385657069064905,8.339431373921755,-373.8752011636043,493.7848504180508,5360.097055053465,0
2009-09-11,4829.5498046875,10279.029101119519,3228.242276011656,12.685372165391438,45.389543940032915,8.339661788983673,-782.4082397362899,267.37804657023867,5270.392426298559,0
2009-09-14,4808.60009765625,10247.721785225402,3195.6375865550467,13.334431800604666,45.38967264355733,8.342207307245245,-40.187295348108364,-82.5704119002254,5407.785826778459,0
2009-09-15,4892.10009765625,10409.8290478315,3270.2967569207494,16.68911901567666,45.388630277738315,8.343526406727706,462.89884870686,328.29065444212915,5402.001491475037,0
2009-09-16,4958.39990234375,10594.346032481286,3288.048452145265,12.613963186520214,45.38431305274083,8.346826459432732,-939.982491408356,200.8823882789889,5576.876268300324,0
2009-09-17,4965.5498046875,10657.32862386145,3251.973364584161,12.555960773435968,45.38409415323971,8.347378404547982,12.581573104197048,-22.667401484861728,5465.624719189575,0
2009-09-18,4976.0498046875,10697.819559732025,3287.19234266393,10.085111550675009,45.38624477808017,8.34738413446823,-419.1043876797547,291.7557904400584,5456.9951336683835,0
2009-09-22,5020.2001953125,10790.377688616487,3340.44390439662,13.41529412368577,45.38912780362141,8.34846532540795,252.9503309874609,173.81104980523378,5443.722964177885,0
2009-09-23,4969.9501953125,10691.618614565987,3279.845932423649,14.813767022480784,45.38553024687645,8.352912170334813,1133.1597031823399,-31.500165266204306,5374.927334312385,0
2009-09-24,4986.5498046875,10717.730540054277,3292.9586479311715,15.172396231361736,45.389656222255425,8.355297895691216,263.1296021343593,96.64026793110587,5593.404586157183,0
2009-09-25,4958.9501953125,10692.615110245546,3291.2311853022793,13.716435203261065,45.38733295979204,8.357399066012334,306.9988618676528,574.0701406626423,5633.6708443322905,0
2009-09-29,5006.85009765625,10727.954592131511,3337.987425794,15.411667146161767,45.387569515368156,8.359528744042361,685.6923763152929,564.2663448208941,5372.126663129208,0
2009-09-30,5083.9501953125,10896.583490079802,3403.2678557385566,14.962460803760484,45.38646306622318,8.360582094904938,358.5226231242294,206.44324178116238,5689.2036080144135,0
2009-10-01,5083.39990234375,10808.868834327504,3425.2591705805257,15.725900459384526,45.38831481587468,8.364845088956878,264.00329192426426,167.1801473661857,5441.685106223198,0
2009-10-05,5003.2001953125,10559.567053821636,3346.3182858145756,15.468605310955123,45.389197040027305,8.366832261640463,720.6583696580016,-279.91379617915226,5437.666339819809,0
2009-10-06,5027.39990234375,10673.972033662749,3366.4272128987704,16.6399563922145,45.391830945693414,8.368721102690353,538.7548602047223,665.809534009885,5578.0584932409865,0
2009-10-07,4985.75,10615.083470314547,3332.76876202045,13.160613666867501,45.39796235953699,8.371225921955864,465.45030462658104,460.9025662103901,5593.030509705017,0
2009-10-08,5002.25,10623.180070859476,3340.5590210590744,10.845883915276984,45.39975591695601,8.371468060658799,294.4879389730138,375.585471211298,5528.020152536265,0
2009-10-09,4945.2001953125,10427.881029234239,3287.454433817653,14.82743748737084,45.39862587804011,8.37209951535559,211.57411810917458,-532.4192151271918,5502.586990975481,0
2009-10-12,5054.25,10557.977999282957,3377.084359650828,15.061106378645553,45.400609085122774,8.373360216867415,716.868354092665,162.27679519673885,5676.05131846124,0
2009-10-14,5118.2001953125,10682.702374975166,3429.458835074514,16.63999078676228,45.40704450286298,8.375853168388455,215.41495204833083,111.86138750427368,5481.865733265151,0
2009-10-15,5108.85009765625,10764.976808824984,3400.490578794899,16.06258071233941,45.40961352365447,8.376052140711481,842.5011517424052,354.84463149017955,5548.475066936451,0
2009-10-16,5142.14990234375,10861.314877290222,3443.7195771514425,17.39094491172913,45.413050604481654,8.377477207811868,-68.85854651571293,14.690755936261127,5749.557209491179,0
2009-10-20,5114.4501953125,10773.006624887827,3401.54484462267,14.739707960653066,45.408869875131955,8.378756170163074,923.5135818023113,80.4869350639443,5417.370080234656,0
2009-10-21,5063.60009765625,10675.66934504506,3356.804130508354,13.957621183877256,45.410630510928826,8.37866498076567,538.8160332353672,335.823881686411,5520.166466489101,0
2009-10-22,4988.60009765625,10437.766993040068,3291.830428869762,10.730033757348506,45.41042645767905,8.379634624280069,-37.41396922080247,-82.07351012660362,5690.653016307879,0
2009-10-23,4997.0498046875,10444.803271646111,3305.6229973062036,14.11619306902816,45.408986083092834,8.381650824517427,553.5914538209225,-22.21280502279606,5640.3142414023,0
2009-10-26,4970.89990234375,10388.98484185205,3243.4275340828262,12.394993286257364,45.409519131111054,8.381636870197369,89.878840673088,207.99799192828849,5686.313803642653,0
2009-10-27,4846.7001953125,10103.862738469476,3164.495624083701,20.423020026864943,45.41044503305495,8.384512881581937,-136.6287782610098,801.5457110048721,5443.5405718348175,2
2009-10-28,4826.14990234375,10088.70983099231,3135.6725167592076,20.10902637261931,45.40917185734897,8.386440959500353,-344.6508548581005,642.5409211670042,5632.4723557508305,2
2009-10-29,4750.5498046875,9930.038866741206,3099.8875381108137,20.94346717770027,45.4103372486296,8.388242348721837,-203.16486565323137,722.6212206797494,5569.6292051527325,2
2009-10-30,4711.7001953125,9867.455174354012,3060.8214908465216,19.805338580922978,45.4104167873362,8.38970126372033,226.5723175239467,418.9950418645872,5861.445148186799,2
2009-11-03,4563.89990234375,9506.56713574985,2946.882234835337,21.87004038146517,45.41312410395975,8.39005500734959,57.40466085867459,848.5234071348925,5702.524063015472,2
2009-11-04,4710.7998046875,9884.621821172166,3098.305328013203,14.553691374249883,45.414406828482214,8.390846709132964,-600.1461567076315,-122.35472735039275,5614.229062788325,2
2009-11-05,4765.5498046875,10077.24991080292,3136.5953890815085,20.37998715031569,45.41613459855876,8.392645289878992,-577.2385766633754,1006.6717655204043,5653.933045985642,2
2009-11-06,4796.14990234375,10109.373037232355,3184.4397359990044,22.404979558305122,45.41967276246482,8.393425682492921,-41.689755893866646,1045.5276925540106,5632.948816061912,2
2009-11-09,4898.39990234375,10312.567903767578,3267.723801084372,17.24009701691243,45.42193763004434,8.395041795574521,487.27485075831066,286.9849048610671,5710.626588316059,0
2009-11-10,4881.7001953125,10329.008904992024,3262.504363460112,14.963922676770126,45.42251937686651,8.395565588875941,80.22200824516085,399.6787912306538,5540.404330166725,0
2009-11-11,5003.9501953125,10609.371500647887,3363.4454067311594,16.86976604516508,45.41685860201646,8.397434998463108,986.526193192815,138.60004079841644,5796.045258184297,0
2009-11-12,4952.64990234375,10549.472354409356,3339.2646766055373,13.837871991517485,45.41899978599785,8.399374358248126,675.3979749078383,87.12949107799903,5497.429987415892,0
2009-11-13,4998.9501953125,10639.66662237331,3363.0750344716794,13.505725151854126,45.416864016091075,8.399155242769842,99.76945384608234,-33.26111260930119,5675.276072068837,0
2009-11-16,5058.0498046875,10841.85360076537,3391.0456938160196,14.558831286455503,45.41720530261698,8.40062641297067,61.09787367360286,135.296395120673,5563.887657289624,0
2009-11-17,5062.25,10857.47039819156,3381.445763579294,13.49361143421787,45.41891844357276,8.400503889708348,258.87471451470117,316.78004268171105,5667.050700183312,0
2009-11-18,5054.7001953125,10850.875217286542,3377.4194760823266,11.935285063965278,45.423517530644126,8.40003727093106,217.25823557033613,275.96515414902655,5779.239392271787,0
2009-11-19,4989.0,10763.997360293477,3320.746562866259,12.469519511736202,45.42964449904848,8.400833072965932,852.4629974927108,745.9809215073715,5478.045100635189,0
2009-11-20,5052.4501953125,10899.857614873605,3386.2154037698597,11.275694187847686,45.42748084418786,8.405014951469,743.8091891979547,180.08236374076557,5658.111816837274,0
2009-11-23,5103.5498046875,10980.38443851482,3454.5005245802286,14.556754189730489,45.42413325555878,8.407170561606796,364.0278054005562,-296.64856840350916,5518.781493682107,0
2009-11-24,5090.5498046875,10930.03189137026,3423.8517322029948,13.522783625000955,45.42571040706634,8.409938143686006,621.1622243556859,643.2931863670249,5655.6792905851,0
2009-11-25,5108.14990234375,10991.548973826313,3422.979427095255,12.779427766483805,45.42703769032845,8.411917288736305,679.1900905378196,-216.28628347793074,5528.293668314285,0
2009-11-26,5005.5498046875,10684.237667256812,3312.79164080957,18.86663248632542,45.42403206269468,8.413488705752595,-126.69570869338628,232.18272234837272,5715.997730401781,2
2009-11-27,4941.75,10562.384194905995,3302.49581962159,21.010112692399254,45.42458225368889,8.415745310784104,11.047471747635939,481.5229424052709,5654.008015450389,2
2009-11-30,5032.7001953125,10755.194418218507,3382.421420776292,21.56089636122014,45.42697487652613,8.416462187294178,87.67502163691273,525.1525246789674,5792.951782953907,2
2009-12-01,5122.0,11017.648506070856,3465.175780482207,11.238972006989634,45.42388442135959,8.418284378953402,545.0422894595536,-283.63149567916565,5853.084983383553,0
2009-12-02,5123.25,10915.565579239463,3438.429978819933,10.924630660448765,45.421500665183196,8.420808377690511,38.47846860968349,-73.94167091208601,5718.9861726648305,0
2009-12-03,5131.7001953125,10901.036344978771,3445.218073535621,15.40901991124203,45.420168185377115,8.422849918956496,78.91609706157516,-294.23473838176045,5825.1046531964885,0
2009-12-04,5108.89990234375,10774.957133933103,3437.3851687765173,10.749733523022808,45.420131404630105,8.425430031840579,234.5621353255799,336.5139189967681,5886.242648639931,0
2009-12-07,5066.7001953125,10642.268840723358,3398.3243276154835,14.594973667644968,45.42281331914743,8.426945173068814,67.3342883812445,505.0139654108657,5627.19642375851,0
2009-12-08,5147.9501953125,10842.396464051355,3486.7845975103096,23.233818397508028,45.4224338771267,8.429964997732016,-739.2402290542611,33.44858672604579,5902.653186479612,2
2009-12-09,5112.0,10751.71633729671,3505.9828663888084,23.238469606786268,45.423199827604776,8.431079707744288,120.38078437961633,698.6979859143596,5738.78372858812,2
2009-12-10,5134.64990234375,10793.301347695078,3504.7016691389294,21.475745181264184,45.43053836109549,8.434515534525824,-11.436749252399409,679.2336232973989,5635.602477325514,2
2009-12-11,5117.2998046875,10746.41307933849,3469.1792915056235,21.417619030644243,45.42826943024746,8.43640246373468,-685.7466305170185,202.27876302654903,5787.471661706725,2
2009-12-14,5105.7001953125,10728.375704129468,3441.5825912913037,24.50381490039291,45.42691045005556,8.43732702156856,-246.3666846910146,-194.77371076034808,5749.87868176542,2
2009-12-15,5033.0498046875,10519.238557531007,3416.0793043585168,15.331208674212458,45.42954471667843,8.437451572664513,-223.7143269010509,78.62319424158125,5601.054294811746,2
2009-12-16,5042.0498046875,10569.793053340409,3444.89504930683,19.07132864783873,45.43310884625183,8.437942435007873,-77.22222859602425,221.42272392736228,5641.26130914099,2
2009-12-17,5041.75,10597.15403632375,3441.8493180950186,21.696983698153204,45.434953248872766,8.438277093739238,-582.7689794590635,862.5012540427581,5962.39158574193,2
2009-12-18,4987.7001953125,10489.06346869972,3398.6005472030783,19.325425984316087,45.44098015157906,8.439477556895397,-691.597694397765,364.5092274951337,5810.582147590459,2
2009-12-21,4952.60009765625,10431.37623016935,3353.5506633919767,22.47955661721407,45.442532519383676,8.439487937849766,57.88979841356405,97.95160720290886,5954.836837759683,2
2009-12-22,4985.85009765625,10521.16445960973,3398.7789041556944,19.921291879379616,45.43720420833315,8.44206018749764,-763.5848049074491,444.35456648558215,5740.2645062554175,2
2009-12-23,5144.60009765625,10985.248222103664,3523.112876016235,20.263487720675194,45.43809519539549,8.44344554848082,-243.0653972218653,11.395698740325258,5700.6572807530965,2
2009-12-24,5178.39990234375,11061.071574125612,3545.461832018428,19.450650671508125,45.4369822445232,8.444785478197504,-280.4308743032908,554.3020150619047,5603.377165343272,2
2009-12-29,5187.9501953125,11069.927827261405,3566.320078591667,18.954978082383878,45.44173367976976,8.444885008373667,-199.31372729071416,106.70078221847075,5916.001853306335,2
2009-12-30,5169.4501953125,10993.405198045659,3547.0886112794483,18.905780073704697,45.44522755196241,8.445376019700339,-48.91295152885927,150.24287794282725,5856.402336693567,2
2009-12-31,5201.0498046875,11021.969972021254,3568.169337972835,20.542332593673553,45.44105847963303,8.444410828486928,489.42824712456263,512.6476145295677,5766.361862423378,2
2010-01-04,5232.2001953125,11039.732821348613,3594.134552421742,18.450870068354266,45.44570943382379,8.447278931955985,-789.7968802363602,925.0701048406659,5726.554229254298,2
2010-01-05,5277.89990234375,11106.754108836049,3649.3772673228236,21.906409766982573,45.44912753713019,8.447106630952279,200.63263309309963,1059.3362680707692,5955.106848914656,2
2010-01-06,5281.7998046875,11112.643153494015,3688.8774361367928,21.306451849205647,45.448754150742886,8.447005255294386,-1154.863162452551,88.0403482661373,5808.236925424893,2
2010-01-07,5263.10009765625,11084.261493308752,3686.1650142636713,22.19883288193968,45.449118825059784,8.449654064369494,407.48445952692737,221.01810198540423,5814.525035873217,2
2010-01-08,5244.75,11044.091448283372,3688.510224078928,17.742151288014004,45.453895356183196,8.451272367481065,-967.1477362148627,554.6596855112077,5768.849159061433,2
2010-01-11,5249.39990234375,11021.06755967375,3688.0114765997655,16.60104690642711,45.44858082043587,8.45261894068199,824.5578552139165,750.6368044926116,5796.434517096525,2
2010-01-12,5210.39990234375,10970.798371211058,3639.7875902341452,19.991628488736474,45.45051701445099,8.454180138741709,-305.90713179086197,-249.2251068763169,5913.46506129696,2
2010-01-13,5233.9501953125,11058.137133723756,3673.970944796458,25.797601227119042,45.45439724335637,8.456350057099478,366.153224309214,426.20104567188974,5688.320677002958,2
2010-01-14,5259.89990234375,11111.512245536802,3699.6938515024567,22.53241755618914,45.454731104264226,8.457661034049423,283.66240936434576,253.85710703083137,5868.674841244981,2
2010-01-15,5252.2001953125,11064.699439751526,3661.810440234754,18.891107382986576,45.45727483370366,8.457323679855023,-324.59563652176337,-177.20635970909325,5976.341405978657,2
2010-01-18,5274.85009765625,11141.72675559051,3673.5710053507346,20.84902426886268,45.45818429731333,8.459258124480387,-293.8996872750405,-1.1503339977110159,5859.367417776871,2
2010-01-19,5225.64990234375,11036.291547808349,3630.8764058693596,21.455173814887367,45.45643217950419,8.460876792619585,-484.8635852529104,229.66766210771598,5998.2268199733035,2
2010-01-20,5221.7001953125,10963.429585983977,3616.4913269817666,17.26322351853428,45.45460508945195,8.463239735064626,164.94806657771562,417.64450599473656,6037.059075463602,2
2010-01-21,5094.14990234375,10669.866648211762,3543.384569749319,22.73925173806921,45.45734087725409,8.463177085478517,-319.3872416873872,702.4308580792433,5990.813873017902,2
2010-01-22,5036.0,10547.777471604555,3505.2552944924637,19.66515174635812,45.45603375707747,8.463629248402128,-477.59341122029366,506.3044345246194,5826.239782778404,2
2010-01-25,5007.89990234375,10445.576248381158,3510.6689065642668,19.81863831078428,45.45206001426229,8.465197893035239,64.91040478246092,684.2618311502958,5890.397124307475,2
2010-01-27,4853.10009765625,10104.043625400413,3388.1830227041187,20.047569318867712,45.45302721033745,8.465424983546999,-508.8705765622996,408.01730075417873,5940.424919634257,2
2010-01-28,4867.25,10077.685456886282,3401.719005085878,22.28908027861579,45.452087966074544,8.464238784874368,-281.59291670080114,188.5162159189005,5849.203813243495,2
2010-01-29,4882.0498046875,10165.637128061477,3395.0216439376695,18.489635683597186,45.449090641698824,8.465597796476791,-107.15765405112263,344.87501383882784,5850.26542833447,2
2010-02-01,4899.7001953125,10257.219764037181,3410.0268020145563,16.586059990431096,45.44990588399803,8.467649517787814,-406.97179570450726,608.6552042407633,5848.143955664252,2
2010-02-02,4830.10009765625,10087.99686364476,3352.6548007259207,20.645910585800088,45.45280771421829,8.468672327779277,-346.61947236797414,709.768650798035,6220.982160685331,2
2010-02-03,4931.85009765625,10339.510243566201,3410.3973373924737,15.912683827653742,45.453468164410864,8.470367228353078,463.99328045578307,355.6375946668459,5892.761066371154,2
2010-02-04,4845.35009765625,10044.646963607975,3328.576624464042,19.39779280972892,45.45086944184266,8.4719123804672,-231.69408011405858,121.26542128508845,6056.679871565384,2
2010-02-05,4718.64990234375,9714.80254395066,3219.50136185173,22.373748579717635,45.45291485252988,8.473059675116431,-293.85078391344496,500.69744784617086,5831.790079251669,2
2010-02-08,4760.39990234375,9798.294097750868,3261.9488125454836,21.158187807017477,45.456620321676105,8.474327447814645,-220.05005522748883,543.3942891526661,6142.211754394127,2
2010-02-09,4792.64990234375,9829.340799099837,3297.6908523012485,22.08471213145055,45.463859424165996,8.476803401295589,31.781995399626908,769.8157258159354,5900.078786939065,2
2010-02-10,4757.2001953125,9777.590734987029,3257.1694540171384,21.24070273040566,45.4687849562568,8.476960967512642,-563.5454730695453,196.3711381121186,5956.4471662333435,2
2010-02-11,4826.85009765625,10016.03523541734,3324.239423625328,24.820668977566818,45.4663688810862,8.47885082615947,20.88616018335452,199.66082372029388,5736.90997043449,2
2010-02-15,4801.9501953125,9912.597148687355,3300.1175247258034,18.82352074468637,45.46954312930048,8.478781754912594,-47.6719239763037,626.8480592618727,6093.3503219260965,2
2010-02-16,4855.75,10001.955747834778,3287.688880650344,20.796263354016645,45.47091270106245,8.479093769544653,-865.462153629647,277.76992869726735,6124.358666930413,2
2010-02-17,4914.0,10144.362555657817,3325.672610052565,19.1237590575747,45.468056403579844,8.481391465712342,567.7022413635048,265.0947451962687,5828.580699191444,2
2010-02-18,4887.75,10150.130211969501,3325.884380430251,21.913602539829743,45.469507789215314,8.481278392873191,434.3254243052826,776.2419610420731,6115.799357196933,2
2010-02-19,4844.89990234375,10003.684933296448,3258.0360699315484,19.876850247899007,45.47586381930903,8.482128535599182,-470.225173097935,-11.301681884351808,5820.50074975898,2
2010-02-22,4856.39990234375,10039.834760308126,3269.5392883489644,23.43768975888809,45.48005141194119,8.485576587830232,-598.9706150789134,1016.8609419326533,6061.168876678809,2
2010-02-23,4870.0498046875,10144.560248655562,3311.937933903941,18.938368089196047,45.477611062522485,8.48768381052164,-58.77940118990297,216.20937606765193,5956.053698169973,2
2010-02-24,4858.60009765625,10051.7267881172,3287.5695878011556,22.81425305143397,45.47825221417314,8.488023273268832,-720.3453151325152,660.0185208402136,6155.84036159658,2
2010-02-25,4859.75,10002.954542281808,3288.545821315217,21.18627906108794,45.48032723746406,8.488529041201106,395.7131814809022,367.3601014223876,6030.565166221636,2
2010-02-26,4922.2998046875,10128.408199585578,3313.703879637233,19.935077861826038,45.47573752665914,8.48942547254024,-337.3814943009571,481.40868546164074,6117.593092515125,2
2010-03-02,5017.0,10323.519415055682,3424.3674359028687,21.08488467571985,45.47125121336807,8.491798914356169,498.7227713235267,321.1640500714713,6159.559353279388,2
2010-03-03,5088.10009765625,10519.852165255445,3481.359822301579,20.522528775058383,45.472315096900395,8.491853710767925,-479.76134815450683,656.9729956098922,5980.797921107363,2
2010-03-04,5080.25,10512.170436510334,3475.8926730218986,20.71190936050362,45.4734181220502,8.491842927222699,-194.88083422668814,295.80283779413,6017.384910172732,2
2010-03-05,5088.7001953125,10456.915224744514,3511.253667879113,19.58625785381122,45.46850166524981,8.493602603409917,356.8850426309464,228.11605844646962,5891.999198218629,2
2010-03-08,5124.0,10558.758818322742,3554.684441020214,18.596822984890018,45.47026558582694,8.492962723218254,-279.295791855532,944.0025477609975,5994.7798466164695,2
2010-03-09,5101.5,10483.633941208314,3517.4742915247557,19.32985776007494,45.47412647393743,8.49308783241787,-41.1633027297037,408.81480910410755,6268.657232607218,2
2010-03-10,5116.25,10570.780042102699,3516.018007772653,16.633710044103555,45.47407156893087,8.494033855316406,287.06350225520526,197.29133169413785,6132.386545615743,2
2010-03-11,5133.39990234375,10583.228114739675,3540.6883018522067,21.68389666506525,45.47485100428944,8.495026068483401,-372.4189803336666,-47.085976973569586,5919.807879878762,2
2010-03-12,5137.0,10564.45931826698,3530.424038046762,17.52967205564904,45.47716523943949,8.494682399455199,-654.6956362190763,959.6734093107941,6248.617948999592,2
2010-03-15,5128.89990234375,10569.003331328415,3479.2694729512546,19.5647058895286,45.47908232726837,8.496052004223472,-733.4842385230313,234.42238706342448,6103.344492173087,2
2010-03-16,5198.10009765625,10759.818002424914,3534.930213502701,21.296090082962067,45.47467645976188,8.497616543151583,83.37309977514988,1018.5514715503442,6161.946955412476,2
2010-03-17,5231.89990234375,10856.495991902555,3531.1199517451514,21.67879343419982,45.47256109618554,8.49795973330725,5.51135479904741,519.6563054238646,6125.844084676638,2
2010-03-18,5245.89990234375,10815.331403487056,3576.9978118156096,16.45069612632552,45.47197353587697,8.500621071752239,274.66526923243623,442.86556009073536,6122.35177817339,2
2010-03-19,5262.7998046875,10877.109542579588,3594.663657232008,19.816303849549843,45.469991054724616,8.501956156696439,-259.61788759303613,450.9531436983993,5833.65362984382,2
2010-03-22,5205.2001953125,10702.572888325058,3528.5455955643074,20.919489398897642,45.474991960218546,8.501941670451608,-722.294903040217,1064.7852817830085,6216.123866882288,2
2010-03-23,5225.2998046875,10758.24961757837,3530.1053562091092,20.104032218524654,45.47749538803335,8.504547713708913,-1091.1009225126304,-257.66557082625843,5812.114456418618,2
2010-03-25,5260.39990234375,10776.490965437159,3518.56112541573,22.68814991534709,45.474766211815954,8.505004538167524,997.1850137406805,464.30245585225157,6215.367596313197,2
2010-03-26,5282.0,10844.619679908796,3512.6922555839783,18.356386200170796,45.47472320454257,8.50615844277873,60.76920741500115,320.4389177409828,6108.780010895672,2
2010-03-29,5302.85009765625,10856.726099734806,3550.95851530686,15.901917739619606,45.478714380953726,8.50664157119557,-95.2832975670824,336.0719844750811,6203.646092996919,2
2010-03-30,5262.4501953125,10711.028242292472,3566.0768030530962,21.62065203353704,45.47737566277956,8.508230508638459,-38.544095874473456,444.7935556425711,6126.089074991156,2
2010-03-31,5249.10009765625,10711.721642195169,3570.766234515382,18.925827760763024,45.48053041434259,8.50870863562751,-722.5355792929745,320.12375515116196,6239.37836572088,2
2010-04-01,5290.5,10815.507164996172,3602.7318545578814,16.482918804828003,45.48527995341427,8.509242301773552,-467.94879638521866,456.4392001564917,6118.821538623239,2
2010-04-05,5368.39990234375,10965.149128580746,3657.4640882160224,19.682975218867053,45.489528376308215,8.510031710046132,547.3320511964969,392.92676135348376,6156.29373751469,2
2010-04-06,5366.0,11023.561657948327,3634.583810710602,22.461115951863402,45.490669588741966,8.51047400545009,113.33891434088741,5.932546544605316,6176.548155812593,2
2010-04-07,5374.64990234375,11023.678198938267,3686.9058556273203,17.473494764374603,45.49502266373391,8.51248492175232,-455.43906305117446,514.4098113432638,6362.3976006767,2
2010-04-08,5304.4501953125,10867.824749924983,3625.461457976639,24.671991907894537,45.49405594968415,8.51216108257532,-640.7261312332956,614.8163355098743,6210.730885975487,2
2010-04-09,5361.75,11009.567362353187,3719.681381207384,18.324236810926678,45.50211359369799,8.51305273773416,-356.27764357782655,237.38031474757491,5980.339162088664,2
2010-04-12,5339.7001953125,10932.743987791842,3732.4476289311947,20.174021708251498,45.50343614232229,8.5140658507453,-276.17225888915135,960.3688234672212,6077.81829178156,2
2010-04-13,5322.9501953125,10915.636457223682,3679.7881565416383,17.561735164304782,45.507476524808624,8.514859705902994,669.6584143386813,800.6715236992281,6225.788229168172,2
2010-04-15,5273.60009765625,10781.85013236494,3624.5641210307567,20.08322069739203,45.50699049823158,8.5167413318748,-225.30695038638203,653.1856897513514,6312.3905898655985,2
2010-04-16,5262.60009765625,10739.442468755424,3601.0185425209215,19.732504356482647,45.509088741831334,8.516145545569074,-625.8207136532051,649.5462232084043,6073.305096711308,2
2010-04-19,5203.64990234375,10665.90120919047,3551.2355550050897,17.021012195337825,45.51131913227332,8.517616455292547,-173.44094544403384,409.0290857829663,6443.64490870436,2
2010-04-20,5230.10009765625,10681.153301867684,3571.670133703204,25.65165393790182,45.50913263125052,8.517269322787564,-44.2646126487996,742.4116314203261,6194.091780052968,2
2010-04-21,5244.89990234375,10611.543345992872,3648.8294926929007,19.00932566196261,45.50685730114079,8.517653189766008,-662.2186310349485,871.2263836186305,6229.426219041812,2
2010-04-22,5269.35009765625,10735.049377646581,3645.6588820608504,19.01107488538794,45.506843793471525,8.517192963385167,10.86621378104573,642.4072038435845,6027.450407273011,2
2010-04-23,5304.10009765625,10924.036644487016,3679.6756929824505,21.93807175870731,45.51075979110306,8.517743152774232,333.566380908628,228.91499745629042,6325.610394300694,2
2010-04-26,5322.4501953125,10947.926174537442,3708.6769482798923,23.628509766696936,45.505865508171524,8.518042035414481,-94.53148669969468,388.0955685140199,6137.40880826836,2
2010-04-27,5308.35009765625,10831.825475541835,3696.870881938104,22.252873736008606,45.50537696051245,8.520552211052916,-468.8260607398719,572.1010098928269,6105.217123937044,2
2010-04-28,5215.4501953125,10612.110891068032,3622.4369291706475,17.597639753946826,45.50990657838104,8.521660287814461,-361.54817502806003,651.3234712138433,6163.374279677118,2
2010-04-29,5254.14990234375,10686.841506823443,3631.9960611142924,20.427818018989324,45.50681019020073,8.522961587324641,-813.5343906647448,376.7568356369348,6379.45452927363,2
2010-04-30,5278.0,10732.180378889505,3654.1680170150544,9.73725503523001,45.5111718921905,8.52271039701219,296.4659063589859,-20.0425641321215,6270.698284319299,0
2010-05-03,5222.75,10562.166407934788,3619.6424715289377,21.803410162644713,45.5083885132608,8.524301583798993,-25.68801726803474,875.2620962133497,6107.313845632548,2
2010-05-04,5148.5,10422.410472690677,3565.4165156062654,16.729623722939074,45.506238888418544,8.526785712546667,-508.6530339461913,78.30408564431275,6156.919712713191,2
2010-05-05,5124.89990234375,10391.769558692464,3558.010118540527,18.393597352781526,45.50639722308492,8.528496314270575,625.8800604110513,117.60047331012453,6403.556643093315,2
2010-05-06,5090.85009765625,10254.617462192686,3559.7997298237233,19.99359699193738,45.512617600290056,8.528019780754006,166.91179818045924,1.8616571495758194,6203.565750798571,2
2010-05-07,5018.0498046875,10122.843772843236,3518.961152624417,20.890013122282024,45.51129757870082,8.52838590119821,-867.1109355793769,116.93475411270276,6308.002800367957,2
2010-05-10,5193.60009765625,10606.717374122292,3671.403848325499,12.978130753209362,45.50669869033573,8.529319433600664,-358.90502340302305,524.203463135701,6343.669498523137,0
2010-05-11,5136.14990234375,10485.647891727345,3597.6090942603428,23.038167353465763,45.5030928821933,8.529562089486795,-543.6095210815274,784.249826953961,5820.963446654563,2
2010-05-12,5156.64990234375,10517.584831809298,3601.891169996508,14.94647916438456,45.50648872676411,8.53290967296921,979.2741627037091,127.78633966044906,6411.370413717874,0
2010-05-13,5178.89990234375,10561.6222424978,3615.8213137392786,21.289449508128417,45.50302450590884,8.533236759551858,206.368684220945,548.8943186670342,6151.605959648521,2
2010-05-14,5093.5,10397.329021981095,3550.3462617000296,17.541198196030674,45.50718839963528,8.53399753843629,499.4848782233148,396.8486267128252,6218.173106642141,2
2010-05-17,5059.89990234375,10250.945382626598,3512.2580380599147,23.398735795090804,45.507997772098584,8.534196204763603,-145.9162853748981,42.40695221411346,6461.375678291291,2
2010-05-18,5066.2001953125,10271.747369922185,3497.8165022408484,18.393869711442978,45.508500958418736,8.535221543750325,-233.79573118491118,1065.43210230233,6454.990160768865,2
2010-05-19,4919.64990234375,9934.519667589486,3354.4816220213384,23.47508486597419,45.50999287115662,8.537392306896143,-649.0037944242496,812.4219895209931,6340.376043587255,2
2010-05-20,4947.60009765625,10070.962665146008,3344.134075552706,24.044390113851144,45.508190110148924,8.538290330254975,-10.126430033281679,506.32582159891257,6375.092949117574,2
2010-05-21,4931.14990234375,10027.208381876186,3326.1258690433615,21.02531306472755,45.50920372591341,8.538849236622344,-228.46726676680828,143.23302328231904,6411.601142308552,2
2010-05-24,4943.9501953125,10123.193425697533,3307.210863661366,22.064026195358842,45.5062245069232,8.538547994474692,-243.86887619274484,332.51968684906615,6473.664586639139,2
2010-05-25,4806.75,9775.585152739899,3179.7439889665898,13.834160473886262,45.51087117971216,8.540524244798958,497.22033642113524,192.2723345740093,6494.898532023765,2
2010-05-26,4917.39990234375,10049.859593601777,3261.0880767204862,19.609995169019246,45.50838929402243,8.541142707475478,-200.53824114582417,429.2746722785407,6317.334336699887,2
2010-05-27,5003.10009765625,10257.478083614953,3303.4221313412727,22.204331279839078,45.5103059359272,8.541712907486042,382.3925776190738,492.9769523798045,6215.773282633879,2
2010-05-28,5066.5498046875,10365.480531805006,3361.7307573310477,21.84902053662817,45.50780168502042,8.54012560332376,-785.2298644570453,297.6623518568913,6281.639028855869,2
2010-05-31,5086.2998046875,10417.411803827383,3392.5268443718905,17.560553323800246,45.50680207126094,8.540744753527447,925.2448931451688,-36.323825872100656,6334.985925286742,2
2010-06-01,4970.2001953125,10208.494336953969,3289.9992181338207,19.412555920264253,45.50628057515846,8.54108474622446,-299.30818470214774,1039.617695714765,6317.250301647598,2
2010-06-02,5019.85009765625,10307.929510139422,3320.955638417577,14.927268989597707,45.51582461910123,8.539994567462513,132.8736093096104,471.25802404940526,6200.8865055721235,2
2010-06-03,5110.5,10443.812746498705,3404.6669047270143,20.825985680345507,45.516381280841024,8.541714729640018,196.50916477860488,536.9776000583281,6389.3991090949285,2
2010-06-04,5135.5,10499.425572152899,3410.0720018784095,16.233343197546354,45.514516691449906,8.54190476021239,-348.94269215017425,273.2771841775043,6140.349273835781,2
2010-06-07,5034.0,10236.605107744206,3314.54294834104,22.260955685575144,45.51378302461458,8.544520321492062,177.6120360236215,-68.60333459876409,6355.002930947884,2
2010-06-08,4987.10009765625,10118.367921739984,3301.3080816660745,22.365449721434818,45.50986900695922,8.546649472030765,198.40127063249543,375.009840730649,6368.204484896256,2
2010-06-09,5000.2998046875,10144.55871188757,3329.4263729308464,19.051266371187,45.50998064919486,8.546638991223416,-435.25780041830717,303.03339730392986,6368.917327960274,2
2010-06-10,5078.60009765625,10250.6374818609,3404.847911496251,21.042551860908176,45.516133909188085,8.548712438711465,-430.5200896727572,612.8603142158731,6467.586528887051,2
2010-06-11,5119.35009765625,10274.894727231298,3456.9364498408836,19.56580255187898,45.51774202778102,8.55102182302276,-131.87727060610297,671.823272012851,6455.844708079158,2
2010-06-14,5197.7001953125,10469.50711555493,3479.4865532935496,20.48381679002973,45.521052230630204,8.55115633513442,-196.19757907413415,629.5088439128112,6652.570489106866,2
2010-06-15,5222.35009765625,10502.284266831803,3527.8855952443946,17.705481153513702,45.51892239971079,8.550811925532539,407.2520383398139,696.4817007751446,6308.475514597692,2
2010-06-16,5233.35009765625,10419.205334147055,3545.14364760097,21.244985246479818,45.518912373203065,8.549339521512193,131.06727397803155,941.0997422429795,6415.170266174616,2
2010-06-17,5274.85009765625,10543.536815199066,3600.8115900559715,16.71762953955117,45.52012408110883,8.5503976112525,-178.1694277852364,516.9555218606667,6412.065529327939,2
2010-06-18,5262.60009765625,10528.100832542827,3599.141782741428,16.340139675341238,45.51854816061755,8.550096628355908,92.43118348306939,729.7647462429503,6411.126192495434,2
2010-06-21,5353.2998046875,10699.004511081246,3675.432075759953,19.756143366666016,45.520348180827746,8.551174156466894,-968.6612311186766,548.1581721507185,6232.917939648336,2
2010-06-22,5316.5498046875,10562.732061794723,3639.262067863406,19.57751344077744,45.522794466073314,8.551268030266876,-396.1243894526967,-170.01061999337526,6248.257759519689,2
2010-06-23,5323.14990234375,10612.587131093347,3652.725161884762,20.544603461103502,45.52502301022582,8.551144710476006,-34.87159667244488,353.64391519368735,6405.616379226579,2
2010-06-24,5320.60009765625,10621.829401895202,3643.8040975404924,18.70098501952734,45.52516976039381,8.551234315489161,296.14620075698025,139.68654792886497,6207.815119234849,2
2010-06-25,5269.0498046875,10609.862331659488,3620.4882778377373,23.77138333157118,45.529042494295766,8.550580276727114,-70.09226613768256,469.4299992113082,6372.013460115649,2
2010-06-28,5333.5,10771.672375293492,3639.2163611450615,20.321209978758883,45.52886964198021,8.550658780987401,433.29559999106255,162.69695220590887,6336.799549648983,2
2010-06-29,5256.14990234375,10617.648967348001,3564.8275861988773,20.46576355703245,45.52842317961687,8.550557302739872,197.17594321010552,581.7042670091009,6386.704440841934,2
2010-06-30,5312.5,10736.431535282089,3655.5610426329736,20.39446775481409,45.533347796638175,8.551172955921869,-345.33176962853776,694.3084294418784,6575.664414461478,2
2010-07-01,5251.39990234375,10636.149865863626,3591.9371923216218,22.005819737896157,45.530626897739076,8.551901694766453,-206.01225838150773,761.0710138060476,6296.3138364704255,2
2010-07-02,5237.10009765625,10630.886167748995,3575.095564234666,21.15203482896893,45.52611799097672,8.551449669935064,13.368674495428593,885.7784684572803,6552.18208079384,2
2010-07-05,5235.89990234375,10681.5543870299,3555.2358895647217,20.88403579941656,45.524114542028,8.55316429246069,-329.4542211425455,-102.8072252212678,6371.55968686441,2
2010-07-06,5289.0498046875,10778.993916989293,3606.067178056129,21.47196820973118,45.52587626780804,8.553613205842142,462.5160711666373,40.29998951595451,6392.619221888529,2
2010-07-07,5241.10009765625,10653.464802320354,3551.3263395786757,16.35077072590562,45.53032704085143,8.555718789509982,-593.4904537169157,1278.3445558699354,6515.408971557934,2
2010-07-08,5296.85009765625,10758.213914703914,3592.9442101880313,16.426304698828446,45.52894548532689,8.556557676074751,-23.55741983024555,702.8571159578631,6424.933872248604,2
2010-07-09,5352.4501953125,10917.633780018954,3657.066661263314,19.847882509397113,45.53498999788776,8.55721924198742,144.17872544202288,467.3343913141035,6350.004069026755,2
2010-07-12,5383.0,11052.43925497127,3666.7948505139543,19.604652234636195,45.53567158995059,8.557315381055748,-275.37879578444097,409.6112530935686,6422.541755382606,2
2010-07-13,5400.64990234375,11072.03426490214,3698.7103197187344,21.159619688096416,45.535925001308996,8.558511990617596,-365.5197330596993,382.9419558715242,6245.418446980477,2
2010-07-14,5386.14990234375,11020.641897413467,3705.0462361998293,20.04003380436701,45.533975186886536,8.559121978266248,-180.43251857999957,-180.12396726062605,6529.968066950268,2
2010-07-15,5378.75,11017.83249047958,3722.4305306481556,21.163729868908423,45.54042925239244,8.560551513348255,174.7994051140697,168.30126861295233,6083.265848684877,2
2010-07-16,5393.89990234375,11041.162488891943,3738.184310372478,17.50880946087743,45.54057838575839,8.562721891362683,-349.9391990111415,366.44572164860233,6605.9422566084695,2
2010-07-19,5386.4501953125,11066.46427512603,3805.282400435356,19.97851085918261,45.53718242167981,8.562555398144875,-577.568474763717,185.242037361884,6575.64846125165,2
2010-07-20,5368.0,10925.990080508143,3813.7274788528894,17.317886524084432,45.5451554276863,8.56372386321753,310.23391079721046,224.45920283517552,6708.97986838396,2
2010-07-21,5399.35009765625,10960.103690041224,3848.042340840435,20.7737158687428,45.54693643796786,8.564858620563587,9.718589174235035,1167.6194265941854,6789.744371559694,2
2010-07-22,5441.9501953125,11021.09230555163,3864.2855643550874,16.24342991527336,45.549932929319674,8.565861011169135,253.14297219580692,324.50408753007974,6632.725650464034,2
2010-07-23,5449.10009765625,10935.066431726007,3868.129596522412,20.69662019708176,45.555577609982194,8.565966726087648,153.7326925069762,483.43600248001934,6434.161102020458,2
2010-07-26,5418.60009765625,10826.135836439014,3875.258376113556,17.062001238205774,45.55802099772956,8.566087307085608,721.9557233127861,472.76088550111655,6804.327514264836,2
2010-07-27,5430.60009765625,10812.886579364638,3925.630828455413,19.23294441355641,45.56154566580069,8.566031603519052,295.98881424261833,576.837849586925,6370.193986603303,2
2010-07-28,5397.5498046875,10732.104553310108,3931.7865226609733,21.789855382898498,45.56230864101767,8.565950694208338,-439.6318247499283,256.81517023896936,6282.544277504102,2
2010-07-29,5408.89990234375,10804.953050261027,3960.3343409421263,20.454759977196836,45.56510983787998,8.56562800459642,38.10718689263314,774.0943744116047,6778.288927938859,2
2010-07-30,5367.60009765625,10704.083688183311,3894.7592088405977,16.7086795525514,45.56560736443631,8.566035567246601,-372.99548841741824,533.0686580820206,6619.879665338315,2
2010-08-02,5431.64990234375,10800.884238381741,3962.4956152434647,18.65521231061195,45.56614673417879,8.565784431909622,-331.65046553513343,13.850687882600084,6300.642467494598,2
2010-08-03,5439.5498046875,10815.713700605682,3939.961386313051,16.997242949046395,45.56710588444839,8.566721379721713,-715.0001602461195,367.74880023111143,6373.697982536285,2
2010-08-04,5467.85009765625,10923.535730676991,3929.4101439768965,16.610483000789614,45.56651543901025,8.567274257071894,-264.4452727466155,348.3555037984628,6628.624684662384,2
2010-08-05,5447.10009765625,10835.648291736996,3917.1736414532625,20.235326352267947,45.56862857251626,8.567933920115134,68.01371541387994,334.5503634008132,6447.22455705572,2
2010-08-06,5439.25,10779.152018214856,3922.7000248092254,21.120596687120205,45.570734108041904,8.568145586744667,-176.40868205349616,552.7890406669252,6471.07545117159,2
2010-08-09,5486.14990234375,10906.215319193572,3985.040416465103,14.381211841431378,45.57379085784159,8.568694254183788,-89.74736129947655,340.41755675376623,6829.937883680633,0
2010-08-10,5460.7001953125,10841.09389539753,3974.756905612634,21.2052536297595,45.576309677386696,8.568921312368632,-759.2077329873259,554.9959248441958,6859.096755512158,2
2010-08-11,5420.60009765625,10781.763091403045,3952.4712971329577,13.476178298228364,45.582909806541544,8.570169845775398,1194.7383741922267,251.67460742326892,6600.913165798471,0
2010-08-12,5416.4501953125,10772.099148175503,3925.581200226822,12.953219562500065,45.586667695760454,8.57019105465453,480.0643012165998,175.69131229685254,6566.821220274911,0
2010-08-13,5452.10009765625,10880.867759585766,3954.217365525622,11.353861345875371,45.586645940089205,8.571024783301626,20.37233216004546,-495.3621012336922,6710.672017667661,0
2010-08-16,5418.2998046875,10762.267141542558,3889.577719931993,12.619840656499003,45.588605154600685,8.570171220765785,534.7133838811505,383.36778868145194,6522.653833160548,0
2010-08-17,5414.14990234375,10752.684017307145,3839.573511814369,10.857303229347659,45.59344324894317,8.57133070646587,1225.6744311224347,296.506228531943,6307.291344252081,0
2010-08-18,5479.14990234375,10886.448679883368,3912.638074655005,11.80966894574616,45.59119332937612,8.57121345715604,598.184943858358,-145.42838300137225,6241.952250420536,0
2010-08-19,5540.2001953125,10967.229981401375,3947.426513396131,13.677853740876083,45.59783605475547,8.570737796323295,-764.827147611413,234.17468351899242,6602.1717357858615,0
2010-08-20,5530.64990234375,10878.209099379585,3959.945494813558,13.264387824918156,45.59611213645422,8.570030204533683,1410.916675194777,344.381544324067,6733.662887357877,0
2010-08-23,5543.5,10936.003244610896,3997.4972067998388,19.62945607578955,45.599412962633934,8.569238086525,-389.6985921161511,501.37411956751833,6624.126503978865,0
2010-08-24,5505.10009765625,10837.765836626424,3949.7020519833527,10.808408804989984,45.60003276395461,8.569177012560965,267.59522184926715,303.0904329521661,6734.412239255797,0
2010-08-25,5462.35009765625,10701.732786273631,3926.951327151388,13.249802558336436,45.60047996675486,8.57109062991131,-103.36172001314014,246.48054204491018,6752.793037218563,0
2010-08-26,5477.89990234375,10731.167437335982,3924.788678379855,17.15253577759255,45.59717122813392,8.570856887376044,-446.00084398928533,684.0316952502228,6821.149848176871,2
2010-08-27,5408.7001953125,10630.940346190951,3823.16344444505,19.224428248060097,45.600493728418684,8.569051885580794,-36.23612600694503,308.0379939417651,6666.958104739484,2
2010-08-30,5415.4501953125,10548.86727477405,3831.727133812804,19.30581363576963,45.59722865386336,8.569816108740818,-978.4094035194437,523.6009658785158,6683.941868425687,2
2010-08-31,5402.39990234375,10458.145238094818,3809.883517284906,15.189760052466276,45.59350034316478,8.569095194999935,313.90176580416437,-36.33395826114685,6647.42111126047,0
2010-09-01,5471.85009765625,10567.999871254333,3858.909391530642,12.600666921564157,45.597579452219996,8.570297929771765,808.9369690965443,483.08901228639104,6622.963103434304,0
2010-09-02,5486.14990234375,10660.549278722865,3917.1825933046784,13.117360799887683,45.603548269007376,8.570259363081332,12.703870164979662,-332.9133342770017,6452.949893076419,0
2010-09-03,5479.39990234375,10658.17159944648,3875.7573235458835,19.13936407505556,45.602146531708684,8.570362446512968,-706.1140239768623,645.0211522450973,6823.755418475317,2
2010-09-06,5576.9501953125,10902.363067713439,3968.5549117358073,17.19789651188558,45.60575585937965,8.571931428723436,-205.72204086229692,405.31268855440214,6621.310625850806,2
2010-09-07,5604.0,10910.812086212667,3967.9656252549776,18.695795256413785,45.60874543843985,8.572915408045928,-285.33659602055036,689.6161992178879,6618.672557712312,2
2010-09-08,5607.85009765625,10870.273023584448,3992.9389028387263,19.236126569832365,45.60907088235451,8.572029857831328,-388.0910681337876,165.83668888261067,6610.238227224963,2
2010-09-09,5640.0498046875,10958.760273490378,4027.7519547960915,20.147651766812768,45.61367833299932,8.57128600169273,-625.3384304470455,426.9950736448888,6508.396797434527,2
2010-09-13,5760.0,11220.770769463028,4141.282620624497,14.61789457444965,45.61378746645849,8.569852448427737,557.6738324744488,168.18902691938342,6681.279716342981,0
2010-09-14,5795.5498046875,11322.03213898487,4148.481746982827,13.030806980577943,45.615940068894446,8.57280021892344,588.1054045766922,280.16506801513674,6766.959720776289,0
2010-09-15,5860.9501953125,11454.846744048455,4185.7688431652,12.995647472037307,45.61277875924442,8.572276632683128,-76.258693782595,-164.26858519439418,6608.284804160963,0
2010-09-16,5828.7001953125,11398.397085187804,4181.419905823397,10.058373683025895,45.609745670353966,8.573780136899172,-20.90145784150394,340.86452642530605,6847.087087198995,0
2010-09-17,5884.9501953125,11527.330598794357,4275.3086220849955,14.579469034512702,45.613852805248335,8.573576122447507,404.5967976022902,-403.7682384217071,6663.4740841876965,0
2010-09-20,5980.4501953125,11771.51320415857,4371.9605232878575,12.108204225699918,45.61610642088306,8.572819094614243,-35.98866323506684,-50.3526171352091,6512.061087419111,0
2010-09-21,6009.0498046875,11871.8602187121,4373.508889830622,14.994246476459551,45.616279050255244,8.57315804944288,421.4647930787154,-318.8190021417597,6907.748329811308,0
2010-09-22,5991.0,11756.27660523586,4366.643968350826,16.132879895708392,45.62260258585813,8.573143344405187,937.218611446425,398.46581990568785,6754.796868575943,0
2010-09-23,5959.5498046875,11583.986520106911,4402.885350170181,13.12416994661399,45.62889453287363,8.574251742118342,326.07092750867434,270.03923325271086,6849.395168708114,0
2010-09-24,6018.2998046875,11757.303165178027,4458.0184648232525,11.453377438468216,45.63081203687291,8.575367211745041,-135.4465469756966,286.811594069621,6857.711255547473,0
2010-09-27,6035.64990234375,11850.815373444899,4512.877110356851,13.466602773827404,45.62704507151821,8.575072717943485,506.8413989286994,591.9568188745678,6615.6491835687575,0
2010-09-28,6029.5,11789.312001794162,4487.385322502446,14.197403996037277,45.62731027455421,8.57392297109323,278.93810819215366,55.2174992514593,6677.857234326561,0
2010-09-29,5991.2998046875,11620.66423019482,4452.274205208767,12.868959997506558,45.62541252906422,8.573010573826581,289.9371850034744,332.8757044237981,6893.047345670977,0
2010-09-30,6029.9501953125,11708.057106763616,4503.584870360226,12.371923181241351,45.626281069836665,8.571007440750163,540.1291491515155,169.80670415294253,7006.4637740428325,0
2010-10-01,6143.39990234375,11997.477328060631,4617.414562480987,14.627064421394827,45.62407217833693,8.571006863007398,626.4149611113304,124.12963359941757,6772.013373337757,0
2010-10-04,6159.4501953125,12118.832546088004,4610.663287993721,14.49515654938839,45.62108350056365,8.571263500499498,364.2008661893218,541.9877496236688,6683.601535456056,0
2010-10-05,6145.7998046875,12114.317945967476,4576.137116083084,12.807420719345684,45.614895660832474,8.570383665314619,325.7278733162866,774.5638090206123,7001.463855957654,0
2010-10-06,6186.4501953125,12184.649943806304,4640.036017241772,10.19186766947862,45.61599743277298,8.569377560805684,1175.4165961893564,20.560001140975658,6693.6543592872795,0
2010-10-07,6120.2998046875,11999.228675322654,4613.74591386492,14.412756370758904,45.60970114342264,8.569613576384912,830.2215995629192,400.1158774559649,6828.291603852748,0
2010-10-08,6103.4501953125,11963.493441289105,4640.440364753851,11.965345613117247,45.60934042144638,8.569228273067862,683.4184472260672,245.73507379404327,6730.628857435654,0
2010-10-11,6135.85009765625,12019.160003231027,4720.916710752642,13.928682150740618,45.61202361236618,8.569256546354106,402.48237835207857,249.33372673513253,6830.322683975492,0
2010-10-12,6090.89990234375,11874.382620036153,4683.378352137764,13.802314463358075,45.610457325304566,8.56912507371429,-52.29729435798953,224.15331871004634,6670.254908029021,0
2010-10-13,6233.89990234375,12285.304517002525,4808.213978805023,9.72210514591467,45.60780283976557,8.569604105210592,800.9545543735976,50.07660256165259,6752.882724461148,0
2010-10-14,6177.35009765625,12250.490740809175,4794.867344789386,13.662163368823148,45.60819929889289,8.569263675595488,407.71765868720854,-925.4941682765107,6723.492898558959,0
2010-10-15,6062.64990234375,12057.483942388253,4709.317635077145,14.529065050748912,45.60631348230746,8.568994328062612,119.13239447074656,610.4427973795466,6904.218219536693,0
2010-10-18,6075.9501953125,12042.178101753025,4693.9801115083055,14.774304830620974,45.60747045607644,8.56732647235956,252.74381856492215,-58.419776301719736,6841.27967956129,0
2010-10-19,6027.2998046875,11977.473289011643,4620.350627375136,13.734731502192625,45.60497196647991,8.567484628450998,-36.47302649525926,77.53285651481751,6944.203107130671,0
2010-10-20,5982.10009765625,11909.508151400803,4592.493765317862,9.54562791210082,45.60525848470136,8.567776353688963,772.9316171943448,83.91212999457359,6716.339318087562,0
2010-10-21,6101.5,12195.447790241633,4698.817906148367,16.054162124373274,45.60481922253584,8.567796231621688,623.2148332487143,-85.14101797601333,6805.683457511931,0
2010-10-22,6066.0498046875,12178.478354538172,4665.431342387809,14.32204533508516,45.6053846576893,8.569900186239218,422.6529846113404,222.07204259868655,6924.721534678682,0
2010-10-25,6105.7998046875,12297.79477499746,4732.619859497554,11.093361341259046,45.61089011247135,8.570249627962621,332.88577054989196,136.70626937337457,6961.82215718948,0
2010-10-26,6082.0,12281.47863258419,4732.036559209273,11.924473919683454,45.612089545096104,8.57027435559706,77.73244910006287,-64.96079364886143,6651.277052968955,0
2010-10-27,6012.64990234375,12159.334952855894,4705.122897197753,13.962448418589041,45.61420287746288,8.570949246308228,-502.02905750340824,194.7906049954065,6897.947629236747,0
2010-10-28,5987.7001953125,12120.471223752062,4627.807590814988,14.85956838659651,45.61292849821134,8.573232395908104,-215.17075866402672,140.08599211249063,6747.864631027939,0
2010-10-29,6017.7001953125,12100.813880543645,4662.799160506133,12.524074287304597,45.61419826746802,8.573649944668773,52.94186419228407,428.35157138643063,6989.322610365937,0
2010-11-01,6117.5498046875,12327.827624377247,4776.438859593877,15.15105081475815,45.61397385714739,8.571585826045224,-7.1865528055412256,-252.11483630451983,7125.152710007828,0
2010-11-02,6119.0,12303.639440143432,4734.235285987836,9.914466341799645,45.61466282526952,8.572171787712177,465.7442498464261,-91.61679626753491,6515.470951206555,0
2010-11-03,6160.5,12332.476068059108,4754.204678910119,11.415081977812426,45.617209661982116,8.571440993187188,674.5974967893285,367.58928325122145,6789.386057620776,0
2010-11-04,6281.7998046875,12687.564003770854,4843.387755249315,9.371271980315836,45.616308960461375,8.569661496109163,298.6243124395858,-41.922883034466906,6921.011015996274,0
2010-11-08,6273.2001953125,12756.391158581151,4836.067293065206,11.705189714260614,45.61571482415335,8.57149657211174,913.566774048574,-121.02067876352504,6889.213308271787,0
2010-11-09,6301.5498046875,12889.85250383708,4910.088500413326,16.51615436908819,45.6148555801455,8.573110069477954,36.840912165347845,-27.087282302583276,7024.368643194023,0
2010-11-10,6275.7001953125,12844.926571552372,4945.633066520356,17.615604469170805,45.61393842121528,8.572331478417341,295.7851493006888,119.70638499318514,6910.7569018936965,0
2010-11-11,6194.25,12731.444594743583,4845.47295641974,13.969180936460885,45.615058126907,8.571553968858522,329.6051282889616,120.84631917988747,6831.741719053343,0
2010-11-12,6071.64990234375,12457.85411442035,4746.716534557746,12.22314158546289,45.61456618113103,8.571829792257029,786.8745315337675,87.0124691693,6768.940736356422,0
2010-11-15,6121.60009765625,12581.304419941705,4809.908492729729,13.056720198298112,45.61966005022177,8.571054803776425,392.35483283287135,-158.5695445345949,6750.626795932765,0
2010-11-16,5988.7001953125,12230.796286049543,4697.130644896156,14.446679781666045,45.628297538355355,8.571024454237996,403.4275658232514,381.9476781760595,6817.2553571115195,0
2010-11-18,5998.7998046875,12272.98015663662,4717.926641306621,10.374038296721835,45.62719371149979,8.570410529655424,-311.93724600316864,547.8659286773033,6846.837076651202,0
2010-11-19,5890.2998046875,12034.120716731575,4625.051683070937,18.85500164803759,45.628675720074405,8.570103917728371,-509.96268368430196,-173.1286059160193,6983.345218490778,2
2010-11-22,6010.0,12242.201682780431,4787.454553181695,16.3697861489005,45.63238974280257,8.5687878855006,788.3809094790331,-316.06218522705785,6913.4688804772595,0
2010-11-23,5934.75,12072.274623063777,4747.360134220251,11.408579861343275,45.6321924956165,8.569697639031032,-480.13690543887344,450.8570924324962,6849.911708167866,0
2010-11-24,5865.75,11915.063863435842,4651.901468360876,12.001950201476914,45.62980932219858,8.570978815185265,887.197060972251,620.9389021877216,6805.11047603974,0
2010-11-25,5799.75,11853.424121306387,4611.477343890765,20.026387311962882,45.63562384213298,8.570950529919994,49.865795581692225,-238.75369151142104,6852.691962231196,2
2010-11-26,5751.9501953125,11788.53870852606,4590.6079666643745,20.566284519009418,45.63828231401439,8.570980737468275,-449.0085313455021,644.6309503836501,6876.9523779957735,2
2010-11-29,5830.0,11966.36442894801,4674.79544109347,18.749991907601057,45.63983838537331,8.571670875607674,-482.81959056291504,891.3639659346338,6856.319562449024,2
2010-11-30,5862.7001953125,12052.411293770147,4738.424495555908,20.15392876650391,45.6447899525737,8.571728288703602,608.3821199393228,141.27632025015657,7059.288815394702,2
2010-12-01,5960.89990234375,12278.705464949913,4840.088632531627,14.715879067478879,45.647700652095175,8.573507895116943,914.5623225917684,623.9003480679633,7161.28980720399,0
2010-12-02,6011.7001953125,12384.297266057725,4895.725816779621,23.922903647527296,45.64815684698729,8.572236105242956,-197.77630861739905,346.6017157359982,6811.545138877784,2
2010-12-03,5992.7998046875,12288.222508739946,4880.839648772847,19.74751124113044,45.64582695439003,8.573136150428743,-96.16330821904833,494.391127171936,7136.934976059796,2
2010-12-06,5992.25,12279.56081596083,4821.560865570552,19.917405369318875,45.64494695915676,8.573055581380673,-408.47254436410896,184.23000563587334,7082.578904866798,2
2010-12-07,5976.5498046875,12207.733850135195,4804.107187557154,23.05490469195902,45.64916142877278,8.57196253216353,-96.08640886955796,700.3085578064167,7015.923735721591,2
2010-12-08,5903.7001953125,11985.052461567933,4715.404124361886,18.901668283403808,45.651807685737204,8.574232314032406,-419.56147542771816,650.33563528464,7209.432503860642,2
2010-12-09,5766.5,11706.467504844915,4553.190974409997,17.35129393447564,45.65184768587907,8.576634737291704,-181.41720966967196,917.4128067189471,6977.037998037651,2
2010-12-10,5857.35009765625,11929.768298857647,4680.187526850045,20.500497951317925,45.657747375462556,8.576438619934548,574.1317519058966,832.1822107330674,7062.243412551942,2
2010-12-13,5907.64990234375,11957.230983619305,4742.99306766067,22.15235005017583,45.65787571160339,8.576889627510432,-188.24561862017043,397.2549867348294,7028.330278064943,2
2010-12-14,5944.10009765625,12032.754333752262,4777.385344965181,20.72209427039937,45.66143826548558,8.576419253098788,-569.2087525094507,1332.513584554569,7022.958449091447,2
2010-12-15,5892.2998046875,11965.520648192913,4711.6920529698755,19.80596868490551,45.66269838262744,8.576104299726934,-696.5488191939896,805.2377945421101,7085.538369313371,2
2010-12-16,5948.75,12143.626887131235,4774.649211867179,17.103213253730324,45.669097241739706,8.574961671649248,-99.15289705420804,562.154810513697,7032.659932920878,2
2010-12-20,5947.0498046875,12189.72587605461,4801.489372510826,19.883261509463253,45.67195637820089,8.573665810244593,-454.35806179711614,100.8536807039165,7096.73543005392,2
2010-12-21,6000.64990234375,12313.09445533623,4829.678136497162,22.466309852632673,45.67269485664453,8.575488890741491,-51.35874320698545,-59.00981876829053,6941.979544453253,2
2010-12-22,5984.39990234375,12235.04360262769,4813.869395233854,17.531765836921558,45.67275845220823,8.57542358320354,-797.8012372514186,-33.50835712299818,6951.362919136964,2
2010-12-23,5980.0,12172.273651252743,4834.739905693647,19.51050565239346,45.673312334705045,8.575442158400927,126.1000538303528,119.90035392263633,6951.307791992565,2
2010-12-24,6011.60009765625,12260.12174136503,4809.304520537746,19.225030535683278,45.67173614289162,8.574594160501753,-574.0659487172021,813.1907967670684,6999.948054557493,2
2010-12-27,5998.10009765625,12248.442136435231,4794.705434936685,18.60459085872451,45.668236033479,8.574741181220343,-131.4810962890644,546.126674001257,7199.45005993167,2
2010-12-28,5996.0,12306.93520093098,4780.362468887066,20.49584600903801,45.66976223964933,8.573188967928767,-285.32128697598864,215.98804498946257,6996.220746838961,2
2010-12-29,6060.35009765625,12507.997600015298,4838.438283981961,20.886610482512015,45.668761684109235,8.572361340799711,537.3555849115479,359.23929673098775,7158.762468917875,2
2010-12-30,6101.85009765625,12595.90676455565,4863.700538135304,20.865653809586874,45.6677531584563,8.571102208284866,-81.40433062818902,322.6760791216342,7109.14374403115,2
2010-12-31,6134.5,12607.362640571992,4899.074489402238,18.04638047276975,45.668086637746654,8.572330265596378,628.1887792458376,640.0152011570989,7014.1770040777055,2
2011-01-03,6157.60009765625,12643.543856918648,4978.391244975567,16.708032611332634,45.66884330806185,8.570608071674393,74.29696002496789,136.36067126925093,7267.129244521742,2
2011-01-04,6146.35009765625,12629.128493417491,4957.843402155014,20.524776873061455,45.6694654360966,8.569353092142546,420.1623689249916,504.90591583487287,7191.08879106087,2
2011-01-05,6079.7998046875,12469.519482912798,4902.415192455099,18.988161917034695,45.67528032215203,8.567224270656109,-233.51928256916833,490.02573278401,7092.060364075039,2
2011-01-06,6048.25,12369.916508183744,4930.642570657752,23.67662475937357,45.67786746055576,8.566247558246234,-11.798780203871047,145.33959695412645,7085.342630797247,2
2011-01-07,5904.60009765625,12063.124713107276,4776.310747336858,23.769019392029893,45.684790907290754,8.565695869663298,337.4574356075824,876.4018087631047,7115.223581545134,2
2011-01-10,5762.85009765625,11725.078942948725,4691.481619599563,23.98137958879208,45.68407393618116,8.566576015274324,211.98397943361942,311.32863804306146,6889.555110546214,2
2011-01-11,5754.10009765625,11676.141856465394,4683.091018042226,18.119778197930575,45.687025098110546,8.56625091588631,62.3973112738276,102.17496263312921,6994.671346453856,2
2011-01-12,5863.25,11937.197746778947,4842.410441962352,21.138738173484185,45.68647486048866,8.565731761049282,-281.17393311509124,655.863993856058,7182.900735258199,2
2011-01-13,5751.89990234375,11671.629942326019,4754.656245493387,21.741905034502967,45.68539146491488,8.565917635289303,-213.5105975226882,416.3486731463927,6896.64169152775,2
2011-01-14,5654.5498046875,11467.537047061263,4667.656935490895,21.516708467088804,45.6924280927941,8.565355232772944,305.0647806413426,522.5284937977164,7020.599971424862,2
2011-01-17,5654.75,11480.522903119203,4666.0174805194165,19.291204111612284,45.69072364798591,8.56764017619924,388.364499492856,44.596059942538034,7076.226262606883,2
2011-01-18,5724.0498046875,11583.421409053257,4717.447409791146,22.55832980593065,45.684628445976244,8.566918743784951,-387.1450917118692,643.7248754925917,7551.7555951192535,2
2011-01-19,5691.0498046875,11488.060269344136,4687.054846944346,20.000949972733046,45.68310459804875,8.567196562531501,-447.5035897419879,1051.7285093573662,7238.564733616357,2
2011-01-20,5711.60009765625,11600.30567842519,4732.822610969306,20.256212249870877,45.67767962706351,8.56788166176484,-511.6535153080867,21.14988106466103,7304.2376353529535,2
2011-01-21,5696.5,11512.978862591062,4717.460338474343,16.924333096445714,45.675425653560296,8.567115128248917,181.88024629206222,506.2626417968586,7037.251837251021,2
2011-01-24,5743.25,11519.437787904875,4755.106087388069,21.28952993914598,45.673449656097745,8.567128218681903,-521.7900088250076,164.40709139499626,7209.306736510894,2
2011-01-25,5687.39990234375,11312.310376238756,4692.872835743658,19.479176572855177,45.6741555013923,8.566469629537536,177.04136240869894,1206.881817879239,6910.384138384102,2
2011-01-27,5604.2998046875,11133.244104132385,4638.84903907663,20.92955772420105,45.668606711510456,8.566580445476303,68.27613724840518,771.889743445075,7120.187657980771,2
2011-01-28,5512.14990234375,10935.715830048588,4598.64400765821,24.470227399609236,45.6727945681887,8.56651270425931,-718.0367377463122,784.6322029089911,6737.970453110257,4
2011-01-31,5505.89990234375,10914.380202644381,4564.899478861133,24.36187315332754,45.66776726039848,8.566198295981076,125.54372554050656,331.63975723917383,6485.993437746026,4
2011-02-01,5417.2001953125,10801.072247411508,4450.637201659003,23.90857285506663,45.667984007930514,8.564863147937293,-1084.9035632404907,404.1831775671226,6732.467754582978,4
2011-02-02,5432.0,10661.22798361165,4480.523582245777,25.573199469320908,45.66761154349755,8.566541799749453,163.81303990342406,923.8823517045366,6748.290444930134,4
2011-02-03,5526.75,10893.610608638812,4638.630705695389,23.602214926229866,45.67068759457726,8.566937698227889,-372.4456543018014,291.25234068475277,6608.73410093953,4
2011-02-04,5395.75,10713.14909505914,4555.292070390397,21.089605161094035,45.67234222440196,8.565153103085285,-1329.3865426634766,300.66584657737957,6582.2747786199425,4
2011-02-07,5396.0,10641.443647240063,4504.507575601079,25.137911212747866,45.67650284316574,8.564531319440576,136.75185432864532,702.6493795503634,6602.912762443094,4
2011-02-08,5312.5498046875,10438.13160750563,4411.186321719362,22.381988950176723,45.67601848328981,8.562755053879137,-111.1149983120045,740.0250008630724,6656.92010200598,4
2011-02-09,5253.5498046875,10264.916274956064,4316.484486122149,21.351476314635722,45.6752242431008,8.563304811043546,-671.2846733652152,814.0094221582881,6665.633853397301,4
2011-02-10,5225.7998046875,10150.82985011716,4278.8963346529,25.955513331714805,45.67706261605596,8.56306525029977,-1285.8882260965586,768.1424106548659,6781.249449728976,3
2011-02-11,5310.0,10312.136810349657,4425.882461155036,28.56666475871384,45.680750221694545,8.562846097044913,-1527.6266975353542,1176.0439638393254,6645.731810702625,3
2011-02-14,5456.0,10720.215579245178,4516.153469758309,27.8069623938103,45.68382542898279,8.56177504667234,66.17846472415647,641.4555861070719,6937.624218823972,3
2011-02-15,5481.0,10893.822746439962,4475.371546159922,23.734633940654305,45.68539087162319,8.561225348316697,-1269.3527496647375,1087.9933060669323,6941.497100195143,3
2011-02-16,5481.7001953125,10873.414760922311,4442.803905799205,27.23268811389466,45.68668885913,8.561772947739893,-1405.4354248003704,964.2362036004376,6763.423466438601,3
2011-02-17,5546.4501953125,11142.252240890497,4517.893824863377,30.338462449949528,45.6871799917586,8.562583745842442,-792.8323502599401,1080.1947256885596,6689.889787042536,3
2011-02-18,5458.9501953125,10952.901597882483,4458.006457108584,27.097408658133244,45.68900978225204,8.563179684498651,-1555.157386704446,1254.5994155776616,6669.121919794788,3
2011-02-21,5518.60009765625,11202.603919263345,4534.664538197147,27.669046893144817,45.69571458558548,8.561371587734708,-1292.6193593778225,763.4002964685355,6788.452389623494,3
2011-02-22,5469.2001953125,11086.628822008426,4533.936035912822,30.085982874654306,45.69558686544081,8.560924095373068,-502.0123223358126,701.6767404541714,6816.800694502523,3
2011-02-23,5437.35009765625,11024.501735111884,4431.48360633766,29.590978516409074,45.695093394956565,8.560910587080885,-714.3157620722482,393.481873154525,6727.956967478029,3
2011-02-24,5262.7001953125,10665.141552996649,4309.771848614126,30.043502175303423,45.694370227358704,8.559903545370293,-1054.5479838957529,294.29937122314914,6706.661488842046,3
2011-02-25,5303.5498046875,10963.724576966311,4337.901172932279,22.454892779892596,45.696138345633074,8.55796682021422,-892.6773308274483,847.2077525791566,6812.231820379336,3
2011-02-28,5333.25,11087.960017643178,4395.996106337039,31.467046076884223,45.69037310982578,8.556397038016007,-1076.9882120800014,867.7431357391159,6778.554239948372,3
2011-03-01,5522.2998046875,11480.0228443773,4532.7108976801555,29.272800870855857,45.690567924716376,8.557608220016343,-924.7991237476158,574.175062816852,6696.395049531122,3
2011-03-03,5536.2001953125,11578.97808325701,4546.625768572163,32.9229528280483,45.693809865270126,8.55612272587788,-1204.7245530238608,638.6700900394675,6793.928120035444,3
2011-03-04,5538.75,11568.090816782806,4555.592852597126,18.435347938451432,45.69283117288854,8.55587081497931,-382.09572781097097,857.0361571887786,7205.577041170839,2
2011-03-07,5463.14990234375,11373.399799112518,4512.769363581261,16.47309878870218,45.69399128677798,8.555409570717645,-394.2712550181732,662.7519340908439,7189.197801164303,2
2011-03-08,5520.7998046875,11548.082847915468,4527.013677462576,20.014436913450353,45.7009192931679,8.554945443294981,-440.34434074230194,21.517937583513003,7303.248332187595,2
2011-03-09,5531.0,11573.015422498836,4537.898945367395,19.449255340485678,45.70251409279284,8.554309800817599,267.5643985665927,267.2955846643285,7225.021538417604,2
2011-03-10,5494.39990234375,11501.89083936528,4472.788263481789,21.307327967229643,45.696396412928976,8.554777722788746,158.04695680522116,521.800807496921,7206.854438238135,2
2011-03-11,5445.4501953125,11390.67951190129,4445.403449681341,26.14985668917271,45.692766759829304,8.55448668788887,-872.9453073563798,512.0646926918376,6949.150265196419,4
2011-03-14,5531.5,11606.022316053342,4551.680499609355,19.825411710241006,45.69261375007504,8.553528953909714,-627.7575170170284,157.39140537837025,7266.730203510901,2
2011-03-15,5449.64990234375,11447.794897517058,4523.674159359024,23.51858390837455,45.6908022723504,8.553242788212051,-562.9106572522463,598.5262648652405,7067.481090526587,4
2011-03-16,5511.14990234375,11501.33251835839,4570.654943717992,21.045439639032253,45.6917124219678,8.551622305642429,712.1150393158185,727.1982655997422,7426.204062660222,2
2011-03-17,5446.64990234375,11399.71590539305,4544.679875647221,23.487342668615003,45.69142869390096,8.551749884289963,-911.0820814786191,1054.4203907556218,6713.547547719413,4
2011-03-18,5373.7001953125,11167.005217355692,4527.3338162502,23.320035798206426,45.69552690849945,8.55071512530721,-564.4897558816161,479.3659546623189,6988.710817053801,4
2011-03-21,5364.75,11050.520842663316,4451.9638591808025,26.074269877350574,45.69285291415792,8.549732537221738,-464.51183451293514,838.1653283902933,6737.0175480411235,4
2011-03-22,5413.85009765625,11158.423518731131,4526.003162895186,26.519555713807144,45.69283041601139,8.549880944429443,-543.45686961806,698.0764741366748,7109.618332761054,4
2011-03-23,5480.25,11315.685655933126,4632.902828861713,26.167932487726187,45.694082191473214,8.549103566213585,-683.2839496877955,397.5293522541848,6875.338141696144,4
2011-03-24,5522.39990234375,11380.213739188941,4668.607086473343,19.66354057454895,45.69570559480372,8.548377067231886,312.03198887942165,310.87764602498703,7444.510553921263,2
2011-03-25,5654.25,11721.952849837175,4769.5250310169795,15.720422024493633,45.69674601057945,8.549163795581343,31.78344917738167,20.72974360070822,7374.208611810841,2
2011-03-28,5687.25,11734.282019605354,4830.297411485262,19.703587827214303,45.69011219030938,8.547804288391537,188.32212949803016,748.9165711459287,7413.914076622355,2
2011-03-29,5736.35009765625,11826.982453570401,4845.599750092337,18.484039974645903,45.690962066543406,8.547910937876148,85.75197986653228,865.7416127965909,7345.934174696891,2
2011-03-30,5787.64990234375,11915.991259890174,4892.641972272888,19.740549961978825,45.69110980342478,8.548463311856173,207.57932872239468,276.8280755277729,7248.06301569115,2
2011-03-31,5833.75,12018.6153979697,4938.442498905194,18.65781821456478,45.69430213268352,8.549227646029486,483.7623331896251,205.27620623670606,7440.055821949782,2
2011-04-01,5826.0498046875,12014.572102822267,4951.84036867324,19.958520289068797,45.69707104360923,8.550996191617287,382.41758671533375,716.3783312945727,7546.470326592972,2
2011-04-04,5908.4501953125,12153.855785904181,5017.699886492846,17.92144874153687,45.698393577142205,8.54994066713651,779.9215838383658,764.8446822940055,7223.742052535591,2
2011-04-05,5910.0498046875,12192.74867969427,4998.755670711009,17.438565126563244,45.699933069527425,8.548653938864922,336.9365125628767,65.67657943224543,7633.152097365392,2
2011-04-06,5891.75,12154.353126954744,4983.173033228031,22.445382965141786,45.70459021882511,8.549046955318442,-417.7787106110027,355.5865993742049,7499.148546260733,2
2011-04-07,5885.7001953125,12049.101508825448,5007.1805616537085,18.060684773264693,45.7086411071464,8.549557592532347,188.92481672233157,382.31848363862974,7350.316463608885,2
2011-04-08,5842.0,11857.830354287902,5031.3479215155785,20.00066325051271,45.710067103153186,8.54833185076119,134.1740715938381,168.7671179035243,7352.672050697854,2
2011-04-11,5785.7001953125,11732.213824684384,4928.716182351224,21.90902969320567,45.71710335801606,8.54837624660534,618.1179620928754,515.7945082262344,7702.050250514257,2
2011-04-13,5911.5,12005.586215455594,5068.588983546564,21.828608252459144,45.71581876904239,8.550654645016138,-536.8634066705156,190.01639947481468,7569.765238998277,2
2011-04-15,5824.5498046875,11808.018823073766,4947.551855136932,21.5896964098307,45.71286243971811,8.55030810291168,73.18043255717458,237.9217763930874,7604.850220940048,2
2011-04-18,5729.10009765625,11595.773770024749,4880.9543690675055,20.60573302900307,45.71342992569745,8.55077499890802,-422.42813790678304,369.5971810494877,7403.009150716498,2
2011-04-19,5740.75,11632.230634192967,4865.403513057196,21.4480066170737,45.71290849611107,8.551889738971372,55.018041640053895,-46.718684667607704,7528.141589593058,2
2011-04-20,5851.64990234375,11927.183999014493,4959.393150451914,22.74617626521231,45.70611247218267,8.553926095090265,-235.8986658398877,-216.93598099299277,7502.53292904152,2
2011-04-21,5884.7001953125,11948.294849073853,4975.497646951668,20.850045187990748,45.704755329752686,8.553699013808679,41.78752167635537,675.481709991498,7429.4816489908235,2
2011-04-25,5874.5,11869.76031213307,4962.889798094287,16.325595306371632,45.706386085214106,8.554473877406826,-714.1352744325696,177.9030732664459,7476.877863266578,2
2011-04-26,5868.39990234375,11804.472405597602,4966.330779961603,18.942933587699805,45.706812001976836,8.553201826176451,167.2905926223591,1040.4592249075117,7631.371620836209,2
2011-04-27,5833.89990234375,11741.94301224736,4945.750723515359,21.392740143444176,45.70508261774175,8.552737764729857,-67.57619392556,991.5513775250981,7709.679361978171,2
2011-04-28,5785.4501953125,11693.249981149647,4896.537555455963,18.745808132581192,45.705809594300426,8.551796986497436,-89.12284729123813,248.05641348428333,7438.1278555582985,2
2011-04-29,5749.5,11593.575465133223,4821.5348486555795,23.240212278917287,45.706778811738154,8.549411938637848,630.091319938932,1101.7158986747881,7284.328152754304,2
2011-05-02,5701.2998046875,11372.777911112255,4794.162258608914,19.873640343667137,45.70952403488974,8.547303818190233,-302.99335930712937,681.2723588162729,7731.906777425717,2
2011-05-03,5565.25,11002.883624584634,4657.345708587353,20.170497542718874,45.70819953295315,8.547223386579503,-13.093830091207337,206.40585911707709,7739.006905859308,2
2011-05-04,5537.14990234375,10905.54212506782,4661.5921650963555,22.24948839780347,45.7114211033247,8.547157235807749,-109.89172038429798,-374.5519219436824,7555.962329706903,2
2011-05-05,5459.85009765625,10715.421435368826,4564.725428300632,19.634300205381415,45.70874917440192,8.54559439403138,-70.78433590370695,606.4465412800979,7769.918438965258,2
2011-05-06,5551.4501953125,10897.192026345969,4612.994254423729,20.35255407145637,45.70783904364432,8.546625194735224,738.7215618571115,409.3887624643437,7555.221848175905,2
2011-05-09,5551.10009765625,10898.117824561923,4611.7035668495255,21.798246967998224,45.71353602324913,8.544983259075433,-124.4771630345005,529.4084757231096,7374.5310951728725,2
2011-05-10,5541.25,10863.311861555343,4637.816684550458,17.055458768332628,45.71106438994634,8.544703206646433,-376.9119197953052,331.3491470486652,7318.900071991349,2
2011-05-11,5565.0498046875,10960.666734067398,4666.285670757537,19.4294036752249,45.70968808800844,8.543745280574289,598.3611181788885,56.84292082034068,7322.381319798486,2
2011-05-12,5486.14990234375,10761.91502708902,4582.075553400323,21.65830659075824,45.70652875482666,8.543304178877921,-273.07550617558496,271.89200067364794,7526.932346674328,2
2011-05-13,5544.75,10851.614284950705,4617.0120086173465,20.131200296685186,45.70464695567672,8.543649301459618,-792.071258883622,611.9911857835118,7461.069345993422,2
2011-05-16,5499.0,10774.187207639668,4619.992516705424,22.93466762415496,45.70566204515081,8.54384787398909,-446.3374825715404,293.6873897877367,7449.100492502522,2
2011-05-17,5438.9501953125,10580.349783810754,4531.764199168788,16.848153283626164,45.70838167202934,8.543991590147444,-648.6349976171423,291.8746427972178,7525.276758664163,2
2011-05-18,5420.60009765625,10557.600633061966,4493.8524884805,16.619996464107732,45.70892575762878,8.544002265255138,-869.9861865257806,-55.816126417293844,7675.945695125844,2
2011-05-19,5428.10009765625,10578.019585019078,4516.741772297755,21.539373033245436,45.70855168808112,8.542154688104562,-295.20600174725377,427.3601445334825,7468.889793251381,2
2011-05-20,5486.35009765625,10697.314926639847,4524.6136703747125,21.731614429865548,45.705423366422764,8.542709035083982,-178.08638610937294,66.42041755374117,7448.437900969999,2
2011-05-23,5386.5498046875,10552.218838431274,4460.901861666416,19.613499986336333,45.703841975057216,8.541063216262406,322.2111660515626,675.5578599094338,7488.8634528992425,2
2011-05-24,5394.85009765625,10543.845732374853,4485.927303144775,20.80078880009145,45.69980386766105,8.54036630645467,101.76064482482604,179.76972993094546,7706.02593319775,2
2011-05-25,5348.9501953125,10532.067323875362,4464.382478013953,21.490413955262813,45.70261354653571,8.539418760738174,83.53372325146665,311.28877285127294,7561.107855587369,2
2011-05-26,5412.35009765625,10660.66671568258,4543.524052010507,18.37227358829651,45.705631766131646,8.539167324486032,-507.2840020790879,1049.1950697233115,7619.1784615281285,2
2011-05-27,5476.10009765625,10744.665228861557,4603.746982825146,18.586303249901402,45.706110423333655,8.538075711295836,203.973304785646,308.02773318982366,7817.308906936122,2
2011-05-30,5473.10009765625,10741.195903486641,4571.467361281009,20.379452358397273,45.70803477628531,8.537304966711542,406.493134559494,267.82755516007717,8018.296453843648,2
2011-06-01,5592.0,10953.711076048088,4688.267378563441,21.80817791978744,45.71126347400535,8.538306267142968,7.828356618464113,575.6865957696792,7689.152784574591,2
2011-06-02,5550.35009765625,10831.714421639488,4619.442007352974,17.66808614728403,45.712167100668395,8.53638811494059,19.007014519170042,-135.57854066769585,7679.222427126512,2
2011-06-03,5516.75,10776.92663395275,4599.402594479714,19.604104736129962,45.71694793272037,8.53575742089131,-655.8769198799915,775.2427965335577,7421.924665059939,2
2011-06-06,5532.0498046875,10833.903440455282,4637.127527552341,19.511526736591122,45.714476554631645,8.534009739775822,271.774323042131,698.1820130366784,7663.138747577579,2
2011-06-07,5556.14990234375,10858.887277407386,4702.920500539611,20.835918210085527,45.714030543947494,8.534045211606086,562.3322195045677,557.3355234624175,7621.562191194064,2
2011-06-08,5526.85009765625,10838.804765443541,4683.689826983232,19.98260325998233,45.713227317443355,8.532674283622587,-20.819040381265097,-613.1292480428929,7753.103719208135,2
2011-06-09,5521.0498046875,10876.541745018962,4703.816994310024,18.90823283239428,45.71576903172544,8.53206330204725,-387.74291134699394,322.176490457267,7562.49218772568,2
2011-06-10,5485.7998046875,10862.651339224029,4659.6011333055685,22.497131561514813,45.71206660773746,8.530083802791093,-214.7979423951371,18.140132198400124,7657.897217115099,2
2011-06-13,5482.7998046875,10879.132700963248,4643.200763609374,18.92148503675836,45.717010531558806,8.530715194552146,-318.16828600503504,737.232035187862,7724.716992503827,2
2011-06-14,5500.5,10977.540169448886,4674.489483663873,19.415807273957093,45.71929585470029,8.53012252523048,-294.1798612641178,715.7683261768035,7927.379841661901,2
2011-06-15,5447.5,10780.394415678647,4610.049216429293,16.817004728160754,45.72514673811815,8.529589522938068,109.19322547762368,516.402966949232,7881.454000859722,2
2011-06-16,5396.75,10656.92276902783,4566.167390262191,18.57274824630821,45.72562502447799,8.529742510805017,-38.214355331863175,39.06664085799616,7841.1305661588385,2
2011-06-17,5366.39990234375,10554.53404365397,4506.670022994126,21.0321521526781,45.72457406658104,8.527809725219134,251.57464238854755,848.2882631574792,7763.822928254465,2
2011-06-20,5257.89990234375,10327.313714038479,4375.438244757267,20.64120391270972,45.727145384850324,8.52650802520764,-1.638982088711657,321.3216582941536,7591.5299820475675,2
2011-06-21,5275.85009765625,10342.501329183557,4410.181645547264,21.199033980131524,45.730837080084065,8.525986103706476,-495.6351895912731,941.6113200701698,7773.984108233808,2
2011-06-22,5278.2998046875,10340.91000648262,4436.17805827684,21.10196457189134,45.729293817562656,8.523526844444365,-350.2768095397562,479.61612005879454,7549.261385200949,2
2011-06-23,5320.0,10509.997133303463,4452.027635838113,24.175428072590307,45.723901028039904,8.52116965430864,-375.13642911514273,552.0424056749944,7641.097957617423,2
2011-06-24,5471.25,10836.515859646292,4625.108675627314,18.50428234510618,45.719022231864216,8.519640538746227,-224.58803064738072,261.90868463124093,7950.873881809453,2
2011-06-27,5526.60009765625,10975.932136516605,4666.658529642437,16.761152513130423,45.72040638664176,8.517786400845708,567.8854765658353,822.0866733345426,7765.511094765113,2
2011-06-28,5545.2998046875,11006.629261728176,4686.109125064284,17.898894007856953,45.72562695480538,8.51672411300727,631.9598366590512,582.5301652880826,7722.803156341731,2
2011-06-29,5600.4501953125,11131.073119644232,4782.860553608896,18.592696328336817,45.722324438807206,8.516522839230527,184.64048017863428,832.8675077543865,7747.679018976805,2
2011-06-30,5647.39990234375,11234.463666572143,4854.681882286401,18.051346126766177,45.72210733977752,8.516543735040257,-102.49448126655278,453.26235956411193,7683.555576412174,2
2011-07-01,5627.2001953125,11210.434160353792,4857.02751950422,20.187321695289707,45.721661991120826,8.51761888542077,-694.660887801758,385.88840222326013,7370.9252672286,2
2011-07-04,5650.5,11314.225422608071,4937.445306326297,22.505309811114042,45.728023587322504,8.516856727827387,-61.996677707966626,578.5390488696432,7513.18397988137,2
2011-07-05,5632.10009765625,11348.305436671937,4897.462328711087,23.07931814593983,45.735399674581764,8.516266283484487,-466.00291857482136,832.7621527273624,7808.373276360609,2
2011-07-06,5625.4501953125,11347.621090478868,4861.68493170565,21.00861700369321,45.73727303264661,8.515491332699497,502.2087586263681,705.0202921717516,7576.108600336349,2
2011-07-07,5728.9501953125,11606.957399964502,4948.727985582999,24.282544430908032,45.740567033747375,8.515056266590564,-792.4422759161957,441.46714214628184,7706.641137785472,2
2011-07-08,5660.64990234375,11403.120937545697,4870.990075019445,19.287253886867163,45.74377763073033,8.514694038425938,3.7937333320469406,-157.16555228837,7538.589760016729,2
2011-07-11,5616.10009765625,11300.85608072346,4757.5166014081515,16.734961915995147,45.74053666602142,8.514850302385085,-499.6957510601475,643.1158118113971,7622.211367101211,2
2011-07-12,5526.14990234375,11145.340343510965,4661.146536024569,22.106356135776338,45.74323223506773,8.514997401601482,-153.8060741933889,-31.611439236197498,7737.754682348979,2
2011-07-13,5585.4501953125,11316.810952996811,4706.154183015596,16.322811216501876,45.74077341565383,8.51474040361729,116.42727612442263,410.50172684570146,7886.543512424044,2
2011-07-15,5581.10009765625,11316.694725173884,4723.920264693837,18.48999395460039,45.7408588081669,8.515468965993641,258.7874755128389,365.27014378882745,7922.754866126332,2
2011-07-18,5567.0498046875,11325.483861190063,4719.6401765143855,21.040224464845593,45.74487801930215,8.514708866473788,-174.27608037263252,-25.330544919683973,7639.647864579892,2
2011-07-19,5613.5498046875,11452.481743978919,4750.033379848674,19.79523703990244,45.74572081927957,8.513305199135388,154.48662007261152,511.75092696214995,7806.212571505203,2
2011-07-20,5567.0498046875,11403.220281638729,4719.728025335965,19.61809447425699,45.74962830860275,8.512059814479645,-414.988039444841,1046.295322062183,7542.34107569571,2
2011-07-21,5541.60009765625,11359.161455896674,4714.321332336224,17.638419934359987,45.754126098928715,8.511151403180039,-51.78464609071186,306.2183406460241,7777.488685738851,2
2011-07-22,5633.9501953125,11552.861661878118,4787.419541166129,19.978395221133326,45.74945529784273,8.509259957933322,250.88296577514592,629.763898723939,7921.993123156592,2
2011-07-25,5680.2998046875,11673.555368651909,4820.634755255876,22.007324977475584,45.743522205154086,8.507833549649925,-17.160208744004876,1106.7069516226325,7768.396145304811,2
2011-07-26,5574.85009765625,11304.299735260087,4651.903547771075,20.039935833072036,45.74760848251858,8.505875443919603,-361.7374785493224,658.783965702662,7988.701760684199,2
2011-07-27,5546.7998046875,11259.136901717302,4593.740645059608,18.33954824071788,45.75181570462848,8.505395911896956,-261.61694702537295,206.5470077026815,7919.304499123798,2
2011-07-28,5487.75,10966.838082022008,4515.269787460679,17.50492307880534,45.753185488477385,8.504921019747163,256.2624250191757,471.10443883682444,7831.599573569733,2
2011-07-29,5482.0,10878.948361978437,4511.603302688204,18.38081083408884,45.7549621365282,8.502318173744941,-586.7378467712629,544.2340549327946,7760.0844847087,2
2011-08-01,5516.7998046875,10974.99460112294,4520.388352221565,20.784667504828718,45.758241279622446,8.500824946158275,-527.7260536029812,830.1439399821886,7720.686114239989,2
2011-08-02,5456.5498046875,10864.670419972696,4447.809700919014,20.68720452471942,45.7614645063565,8.501805778371665,90.63550392469426,764.2151021914257,7581.427577652066,2
2011-08-03,5404.7998046875,10702.037539206787,4365.265319870792,18.398985798808663,45.761151954408724,8.501585993857093,-325.65743781671904,-430.96508554537024,7611.776381426439,2
2011-08-04,5331.7998046875,10514.21945533862,4299.496137250284,15.578481156035885,45.764619505114744,8.501185561267503,-731.2232785398757,143.138634341147,7974.83271985227,2
2011-08-05,5211.25,10312.329213431125,4195.114435882501,20.84002552734433,45.76418008567048,8.499661337687323,390.3274668167642,378.99198321591956,8061.162843320421,2
2011-08-08,5118.5,10092.839716431085,4116.392491898619,18.204585202049497,45.76551073897298,8.499083452048362,-589.8401151519631,95.41388123869143,7660.067148507538,2
2011-08-09,5072.85009765625,10129.716026751174,4073.0255021108455,25.37812495803057,45.76671080633952,8.498198579447493,-579.7720053278554,-410.0274677271925,7295.923442449965,4
2011-08-10,5161.0,10325.123352240984,4120.5712724412315,18.4877807157445,45.76473248904365,8.496526279318436,-397.80825747483925,182.31445367479674,7592.586515795773,2
2011-08-11,5138.2998046875,10292.072916345029,4083.66144030621,18.024199092660382,45.763103527185024,8.49515174839481,-269.07339421608833,398.9168177537015,7691.250595841503,2
2011-08-12,5072.9501953125,10214.941733357911,4011.994067464383,20.30634381451917,45.77040585381537,8.493794569311477,-503.847783060536,242.41459515656823,7890.340613374928,2
2011-08-16,5035.7998046875,10138.29742860723,3967.2800790084034,24.71539846005274,45.768330196557045,8.49141478962152,135.711695077385,100.91702347709781,7773.118192945063,2
2011-08-17,5056.60009765625,10143.714317874665,3988.7871407860316,21.498059982233148,45.77004007435701,8.48919493864434,-105.67059027723536,412.4393874354487,7558.440653170869,2
2011-08-18,4944.14990234375,9892.073093175053,3933.8992950748548,24.272438598411703,45.77237947188641,8.488094012369599,-106.53856191564336,802.9264525756391,7565.61683250558,4
2011-08-19,4845.64990234375,9675.580970251993,3869.142649174387,28.717703072761935,45.77281682301256,8.486339386528634,-1143.667284616689,759.4208658103585,7311.679310051562,3
2011-08-22,4898.7998046875,9713.165901719816,3885.717229058298,24.497768277028804,45.77543129281865,8.48512667392725,-46.79129202031561,1311.5231467421015,7161.8074167984205,3
2011-08-23,4948.89990234375,9807.986457226578,3957.7893532146013,25.755319258494886,45.777018242616876,8.482604063468118,-1661.859514201578,917.3143247638428,7347.034656001353,3
2011-08-24,4888.89990234375,9635.050552627295,3923.1686591219727,22.97814226990572,45.77500748797252,8.482483272288041,-1534.0539631689176,638.5458991095359,7321.1073448103625,3
2011-08-25,4839.60009765625,9581.759740479318,3847.964155033926,31.459747789153244,45.777217939854935,8.483636478575853,-198.76606091342853,562.6388032950497,7399.569574149646,3
2011-08-26,4747.7998046875,9385.852556768687,3790.211138492144,31.054772058311496,45.7761838205867,8.48373144867833,-710.3833330214462,836.1090590224014,7292.456529001791,3
2011-08-29,4919.60009765625,9750.421374536225,3952.7068773731394,28.78563705242982,45.782005828136704,8.483924409176533,-763.4455667775699,1234.0261960612365,7393.238805222038,3
2011-08-30,5001.0,9923.186157080196,3981.132381464643,28.27023020616841,45.78389320396836,8.483607812441125,-727.4898770727956,652.8933872570599,7490.506970079888,3
2011-09-02,5040.0,10022.084133373794,4035.06031546486,24.89681999500484,45.782392743390105,8.482925537696014,-671.5170919398204,1078.7638451990103,7162.513974685041,3
2011-09-05,5017.2001953125,10009.311489768776,4021.0593232662554,27.56140007949862,45.78401961205195,8.482059062361248,-780.0929118264197,928.3670730042938,7259.092267452177,3
2011-09-06,5064.2998046875,10052.726851635878,4058.2889187129063,31.584783756807784,45.78184504873522,8.480186403587469,-1286.3617966500424,1497.969890851403,7489.49089310229,3
2011-09-07,5124.64990234375,10121.914722497682,4115.352459448128,28.26283199639143,45.7832183859752,8.47991319700608,-572.7236379708835,1017.0754390981708,7289.271037555236,3
2011-09-08,5153.25,10251.97018201164,4116.279738035096,26.87070706757621,45.7831412926062,8.47957551669509,-635.7287153847071,690.5321281722422,7363.20218599444,3
2011-09-09,5059.4501953125,10023.913662084398,4049.52047422304,24.483858679992775,45.781260679101024,8.478138995714849,-328.6275413040679,1120.910858629406,7310.517850505276,3
2011-09-12,4946.7998046875,9698.591563354126,3941.2148217120916,30.76061145546161,45.77934235491741,8.47768636957389,-194.30356923953389,1131.006597268791,7324.382887222977,3
2011-09-13,4940.9501953125,9711.811230802157,3941.526328258835,27.859832397944686,45.7872471576919,8.47600867904374,-767.8095681426951,780.8966963112556,7316.49396687544,3
2011-09-14,5012.5498046875,9895.332517395786,4023.578140552587,24.48653229327434,45.788121334537,8.474389567283154,-1391.0196070528732,550.801288700997,7207.905465179459,3
2011-09-15,5075.7001953125,9941.69166361431,4042.6421216212284,26.151468635856915,45.78742611704312,8.47417070894206,-190.99082751914545,1060.8105573679713,7466.688863583698,3
2011-09-16,5084.25,9973.853192137325,4018.34960103714,25.44492396528374,45.78621136124389,8.473602169271041,-1307.2599740011765,919.0545530295005,7560.731195232388,3
2011-09-19,5031.9501953125,9905.252699998673,3890.8895740013186,27.736512948576056,45.7882248595526,8.472366058319112,-764.8143225310477,445.0349724787339,7381.985963617553,3
2011-09-20,5140.2001953125,10157.643999766071,4006.1925768014257,20.414677939225637,45.78690937144894,8.471009129962196,-252.693570568342,476.35629969718383,8122.147855001905,2
2011-09-21,5133.25,10168.219423398896,3970.7122931789854,18.99356587144295,45.78422551754826,8.470169548866064,-322.2501400739171,208.9021305936381,7897.504151552423,2
2011-09-22,4923.64990234375,9640.051617149551,3785.357764471587,25.554093192973763,45.78472827435755,8.467314706792077,-194.27995138739288,245.31938744125574,7340.567582233981,4
2011-09-23,4867.75,9539.337352070324,3746.6244298341535,28.157604480944883,45.78520836709009,8.465532412152537,-802.2161602928138,794.3650969835095,7487.931621497344,3
2011-09-26,4835.39990234375,9452.676448569648,3737.06856129185,30.12462477054426,45.78455726215541,8.463237698124638,-694.7034034927476,1284.8756202620589,7495.147066982226,3
2011-09-27,4971.25,9721.16606962652,3823.5496921262966,27.285611843838563,45.78248338531709,8.462214870607319,-1226.274516065348,1262.4184500264173,7419.553095987464,3
2011-09-28,4945.89990234375,9717.414995429628,3797.9960275901485,34.09065118402229,45.78191047051468,8.462263736855833,-969.6299861498642,1184.0256306022102,7541.7114355125605,3
2011-09-29,5015.4501953125,9956.87947115003,3921.1333999734015,26.871022553052086,45.78110155842174,8.461696075798736,-1207.81399193628,980.769867027637,7254.069935250543,3
2011-09-30,4943.25,9906.536827653827,3913.9023090556484,26.193340016488257,45.77987646589454,8.460134694572176,-979.628635190986,1078.73916100653,7405.122933407939,3
2011-10-03,4849.5,9778.85000646331,3859.9819618280635,25.947398899808483,45.781305966099254,8.458373155090387,-947.5048899469637,929.5933744434005,7598.971871494202,3
2011-10-04,4772.14990234375,9602.450784047156,3798.3235825735533,27.57811854689139,45.78858465004818,8.456559290796749,-162.27833071808152,568.4847521356594,7603.35895413404,3
2011-10-05,4751.2998046875,9576.657665318133,3744.4356257917852,24.560927818268432,45.79317994555919,8.457493858909244,-1003.7554057874962,628.3494303442696,7589.321775524265,3
2011-10-07,4888.0498046875,9930.286595354532,3901.1696439480547,28.58912568765562,45.79960570396705,8.456491825240684,-1750.2393298122583,717.8457223326886,7621.691601054337,3
2011-10-10,4979.60009765625,10144.368853960696,3984.1720292335,24.189392460870387,45.798502630039955,8.455616437443199,-341.9633850716855,1320.407722990899,7418.220642647849,3
2011-10-11,4974.35009765625,10140.563942675317,3999.259069993019,28.323341848114463,45.80412669475236,8.452425130507832,-720.2962503895906,1223.0072193361334,7223.555246197711,3
2011-10-12,5099.39990234375,10476.544974072125,4098.3326821628,25.297496511807292,45.805408522201475,8.45015898026299,-952.4041738213557,576.0367310019524,7444.571775250136,3
2011-10-13,5077.85009765625,10424.248789719459,4071.2606402599663,27.237413185239813,45.80896761267663,8.44902456161006,-1074.886146744438,916.0173346248599,7583.2480552435345,3
2011-10-14,5132.2998046875,10501.879778816057,4130.083392073061,29.20908079826472,45.810940724550775,8.447431131918844,-1278.7702624227543,779.2178571741817,7612.498101354951,3
2011-10-17,5118.25,10444.297655610131,4125.6726371853165,32.608075367752704,45.81051092290215,8.446463900806494,-124.78076116540319,853.469838209795,7418.483991003451,3
2011-10-18,5037.5,10303.7205483966,4066.3277614451395,25.843998958437687,45.813269415757965,8.445478473213305,-879.2620445359853,739.1871543143319,7356.852390161803,3
2011-10-19,5139.14990234375,10535.173465724467,4144.333320410915,27.699365101147215,45.81532420741882,8.444968606043377,-1595.1004573925898,1321.7074868418833,7376.398917562255,3
2011-10-20,5091.89990234375,10450.472913554024,4049.605313795466,26.552482650448916,45.81061964792058,8.441984116370694,-768.9039866859033,894.3280389379094,7429.816065100386,3
2011-10-21,5049.9501953125,10397.91534387681,4068.8331670519397,26.260259354878407,45.81084727522724,8.439758555500033,-417.5313191860637,964.847041380382,7231.004129243642,3
2011-10-24,5098.35009765625,10484.510175102765,4209.149612668111,26.570053340060912,45.81406448778698,8.438533611006054,-837.4261326586011,967.2774618399969,7441.595242618461,3
2011-10-25,5191.60009765625,10746.237457979985,4319.91488024552,29.64813295127388,45.81549675262656,8.43675588015023,-1260.6373888781254,591.668947511694,7532.791335275711,3
2011-10-28,5360.7001953125,11163.592307941808,4438.897379244474,27.023888271539242,45.81750516553955,8.435310283852104,-1296.4297144098628,932.5661093521583,7515.541396234255,3
2011-10-31,5326.60009765625,11031.130309078095,4384.753824326685,24.498625396541712,45.815850894058116,8.434279005932481,-516.9275710876941,718.6950465360525,8048.612554499182,2
2011-11-01,5257.9501953125,10938.772443240337,4330.670742905374,20.83195851178947,45.817219525877334,8.432388785381363,458.66319881878053,841.8072956442118,7995.422948363032,2
2011-11-02,5258.4501953125,10918.026244189417,4366.157110949852,17.97997867765185,45.81753049804376,8.431430790292099,-178.66562209472986,55.655509684167214,8019.298780121939,2
2011-11-03,5265.75,10862.558225259552,4341.725042105596,19.266589635709845,45.81752013833995,8.430819536408265,-821.489765871452,-55.58037121661863,8027.163199998153,2
2011-11-04,5284.2001953125,10859.01780163471,4356.767229126477,18.396306019920022,45.81608236905585,8.429724408371854,3.653570337785652,418.64037401245656,8236.939872508088,2
2011-11-08,5289.35009765625,10826.358163346707,4366.99624891559,21.600137305893426,45.81942695611984,8.429279964890743,-93.5852857705791,732.7562727205102,8127.237538668163,2
2011-11-09,5221.0498046875,10675.894508789963,4322.212968701936,16.722440686869493,45.821063361868376,8.42593689264353,-329.55818675333245,507.87893628510636,8647.522994664192,2
2011-11-11,5168.85009765625,10547.5670486831,4261.871597763027,17.31809723912838,45.822397005193196,8.424175771796364,-558.1627024355244,604.0888228239417,8083.403995632461,2
2011-11-14,5148.35009765625,10487.512057468992,4202.023684103973,18.816907762501717,45.82914935918067,8.423888066371436,-575.5579599091502,-8.074706271956757,8213.85140017568,2
2011-11-15,5068.5,10335.692569373334,4139.941318660101,21.365893586276652,45.83117075668922,8.421838731136157,284.65352618653526,228.40375471900165,8097.074398176956,2
2011-11-16,5030.4501953125,10264.638976706394,4130.59660564098,22.466120549645545,45.83537224675215,8.419648748715936,-50.994857677960965,-258.8336917378706,8098.132293175134,2
2011-11-17,4934.75,10064.782726823252,4035.3671425945386,22.761084381545686,45.83679104523483,8.418327620616719,41.45746586471367,357.25358522621246,8412.605336146507,2
2011-11-18,4905.7998046875,10016.447858853073,4016.8130308431714,21.05960303989506,45.8363315541708,8.417110509796705,-52.09647616795199,-249.26583225298157,8325.604591966388,2
2011-11-21,4778.35009765625,9758.275875733623,3882.450744401293,19.83422092728396,45.83375414220587,8.415371093886053,-18.924518035271262,799.7985105521433,7881.162289968462,2
2011-11-22,4812.35009765625,9752.375426052819,3895.9223882353813,21.589251624627984,45.83507831258986,8.416005026254961,-337.3578653712964,866.4464403726804,8005.713970762696,2
2011-11-23,4706.4501953125,9505.27292923472,3817.82919230958,17.71099876513658,45.82768784397599,8.415076957785253,-232.3317417923106,442.1930476185297,8155.621260763397,2
2011-11-25,4710.0498046875,9430.670120353916,3830.22960911428,16.310685555967545,45.829105245203664,8.412954602668483,315.9647221700172,-53.77193230337912,8098.326070801463,2
2011-11-28,4851.2998046875,9748.362969280784,3982.277308660754,20.873275155372976,45.830651440382645,8.410290714747736,415.8360671276449,512.713796173953,7941.004019923422,2
2011-11-29,4805.10009765625,9646.598457942837,3972.671307966452,17.9886431657023,45.83059873764311,8.40946700734393,-638.8367951039002,957.7397675382825,8212.035463781252,2
2011-11-30,4832.0498046875,9746.974316150472,3974.26554969121,19.869386535669037,45.83092163856033,8.407306245995969,-233.30353324311307,542.7206499060782,7890.169563394415,2
2011-12-01,4936.85009765625,10029.842355517545,4065.5705937526354,20.239254031745627,45.827768130006156,8.408219788855689,185.71414359746592,755.4951971472761,8223.958220447752,2
2011-12-02,5050.14990234375,10294.61335391489,4183.053493623482,20.496239118356595,45.832524940866364,8.407403766221613,602.8318928862922,254.45040649113403,8328.050462828063,2
2011-12-05,5039.14990234375,10249.443078421202,4158.0317175766,21.875583077050106,45.83211318799804,8.406714888619737,562.7838325322999,138.63698564998492,8356.626217682904,2
2011-12-07,5062.60009765625,10322.056116931488,4201.009940673065,21.664150376583464,45.82979690975883,8.405709846959867,-468.30312597859984,378.74139725120517,8194.597215678074,2
2011-12-08,4943.64990234375,10037.477608219866,4079.6268208451884,20.39000013433538,45.83203089295453,8.405572813211046,360.01844728233027,-178.0116064822189,8471.84912187781,2
2011-12-09,4866.7001953125,9867.024887430505,3980.358481155897,19.11596943906119,45.832963161277895,8.401913991893446,-126.54547915719345,1079.2265683941835,8282.99599474618,2
2011-12-12,4764.60009765625,9680.036414263692,3882.9350460369496,20.21552417735264,45.83248815692431,8.39944238473478,267.76665555029535,441.89501394414793,8372.754020792527,2
2011-12-13,4800.60009765625,9739.072364532361,3922.307872017811,18.807579166650157,45.83169605682773,8.39920332607151,165.31147232851464,660.0318863101022,8117.209521119232,2
2011-12-14,4763.25,9687.246828253192,3907.711695747911,19.60714215598766,45.832279140749506,8.399425854742367,-655.5856170259053,261.547441481138,8494.449896023087,2
2011-12-15,4746.35009765625,9675.695194349148,3900.299056748888,25.236346847160828,45.83691658866112,8.39690767189839,69.98958265087026,-62.92591095748634,8248.13934296433,2
2011-12-16,4651.60009765625,9429.46107751442,3818.5274363441044,20.36437940176708,45.838925227892574,8.39380129535056,252.27863646771561,827.7444492042628,8513.962136158509,2
2011-12-19,4613.10009765625,9398.761412808206,3791.703609968067,24.900490034075098,45.839422003051055,8.392676232223554,-508.0621020111328,362.76991561701044,7889.248540807961,4
2011-12-20,4544.2001953125,9284.441465844371,3718.0471496694418,26.589038701939277,45.84257930467822,8.391864225246715,-998.5265709226484,1004.6516290707725,7724.91797041554,3
2011-12-21,4693.14990234375,9631.195609798997,3842.3577503856236,30.040146832859737,45.8432619003516,8.39070935881629,-1528.6655647092352,1032.9254433958358,7752.410149226243,3
2011-12-22,4733.85009765625,9679.138633340264,3892.6588280686046,29.52054484532685,45.84506655717911,8.389342656609157,-626.5529933796263,922.1853911036651,7667.02221641314,3
2011-12-23,4714.0,9585.055145296608,3861.5259718443917,29.53470510931017,45.84611994037507,8.386178909213054,-816.5006528744356,664.6247291453404,7573.266859272767,3
2011-12-27,4750.5,9635.906072755988,3957.301330054883,28.429782493506927,45.84848928162911,8.384487192636273,-1268.8735658840342,855.1103288921307,7795.818817284282,3
2011-12-28,4705.7998046875,9567.781585090883,3960.421499827267,30.068380191533542,45.84775684910649,8.382939776222308,-1030.33599875056,614.984752187286,7792.685697975735,3
2011-12-29,4646.25,9381.574511257342,3923.015210853761,30.543370393269466,45.8449388205158,8.381065216856248,-838.1987003488908,1142.7533077676812,7463.792591546271,3
2011-12-30,4624.2998046875,9357.479504787994,3914.147715715012,28.56619783869859,45.84825936496704,8.377815360665716,-1123.4543156210682,1071.4640782494641,7705.4252640153745,3
2012-01-03,4765.2998046875,9604.825709865401,4056.8033055747956,27.770775281999356,45.853374149920484,8.377064186037542,-898.9291489960435,893.5792700706309,7856.973169958987,3
2012-01-04,4749.64990234375,9558.479697296976,3995.2422716461433,29.789141980229523,45.850698506669204,8.37658924917973,-1599.9730588813795,729.4945584914908,7954.131966401588,3
2012-01-05,4749.9501953125,9565.435382198813,3987.7794221032873,26.191749386880513,45.85183638169164,8.374449122340405,-360.2313212592179,1532.195369934605,7844.464644839445,3
2012-01-06,4754.10009765625,9716.135344280934,3995.6071607754866,26.564079438769348,45.85108977112373,8.372912890771767,-893.6362860134861,509.3808041539992,7502.21367376219,3
2012-01-09,4742.7998046875,9611.010747712524,3992.4628948085315,27.893399314230198,45.85433990719973,8.371060946863908,-1339.7414025961243,436.61607094174735,7578.4296721873925,3
2012-01-10,4849.5498046875,9939.334472596393,4119.136266436474,24.51728586312371,45.85567984440422,8.36921395511994,-1883.883539355073,875.398205811593,7692.786811952115,3
2012-01-11,4860.9501953125,9974.032983653913,4165.167313643995,29.65519054712685,45.86626226126351,8.368342559730149,-488.34602358664307,822.585802028728,7967.935718513905,3
2012-01-12,4831.25,9923.530442482815,4117.604547085598,18.074172225068352,45.86595796080758,8.367490560940743,73.23662108945678,729.2747364263147,8238.301394138309,2
2012-01-13,4866.0,10007.093305251487,4136.311408718054,19.057017956996486,45.8711698378185,8.367191263321846,-65.7257146123795,593.8349364840017,8521.279976772126,2
2012-01-16,4873.89990234375,10042.829711588787,4180.612448962773,19.57344080864046,45.87667372975456,8.36686637773862,195.4592005058417,408.8576760946119,8245.600664043148,2
2012-01-17,4967.2998046875,10250.47232002616,4297.69820713549,20.0785736431411,45.8788745221317,8.36531101668334,194.35935851868453,550.101334845842,8443.70854126342,2
2012-01-18,4955.7998046875,10284.04155384942,4275.7382764327385,19.312693447153915,45.87958577208984,8.366764831204703,-72.22477197858697,544.6497244748975,8202.594490657179,2
2012-01-19,5018.39990234375,10408.911330683717,4338.252154603258,19.865257905539302,45.88047028518231,8.366921763719722,-251.6856869031268,1031.067016054585,8332.390146999807,2
2012-01-20,5048.60009765625,10525.605619178397,4367.001971511391,19.88074473521917,45.88110089973863,8.364865880255444,-316.85663944610315,476.00901714863033,8180.437285944773,2
2012-01-23,5046.25,10493.136807242796,4365.390193912263,19.10593808474575,45.88510079887587,8.363590016890875,18.376809562079757,195.67686019615178,8616.634429872067,2
2012-01-24,5127.35009765625,10677.715370836297,4463.036244409385,18.453611084722468,45.883082889984635,8.360197028267075,408.8125499517397,459.55032994846323,8263.512428370801,2
2012-01-25,5158.2998046875,10702.858582949691,4564.380061602325,22.162947848711205,45.8831999380654,8.358812402960377,-191.16126852638834,-385.6038239810724,8125.563757308155,2
2012-01-27,5204.7001953125,10828.978924009265,4619.1725480427995,15.791188595466593,45.88295338019223,8.359069512655259,440.5909623666889,390.2057375738913,8117.174134423195,2
2012-01-30,5087.2998046875,10624.833112283977,4513.727208403697,19.588569681981035,45.87837479692886,8.36042953546497,-0.7390106190352128,727.8947413317965,8380.779713450944,2
2012-01-31,5199.25,10881.792536564304,4587.849363396983,19.06220105623157,45.88155154165815,8.358882284232513,2.276387406664611,580.6552356611264,8323.2186497138,2
2012-02-01,5235.7001953125,10957.401574242887,4613.167724234572,20.837582973452974,45.88534029980232,8.357786508449886,812.0437869295891,489.5668130937024,8514.280727210662,2
2012-02-02,5269.89990234375,10987.320506603206,4683.876499595283,17.09141440696198,45.88403764450164,8.356956482433732,511.07128648737296,594.7717466711482,8370.731042405623,2
2012-02-03,5325.85009765625,11106.19862159081,4755.397533241355,19.000429317512793,45.887728041871604,8.357496173691272,521.443697755286,730.9769634633149,8611.57037282346,2
2012-02-06,5361.64990234375,11117.565046391197,4669.312675226037,19.795280532020488,45.88357706870849,8.355068518397088,-469.0454633467432,827.5700221894563,8355.475133665104,2
2012-02-07,5335.14990234375,11016.983348766473,4660.510591649552,22.140147220740918,45.8842489322181,8.356274687492384,726.8730008625163,534.2367700868376,8598.40489514392,2
2012-02-08,5368.14990234375,11102.264534897906,4749.581312301898,20.664369933590848,45.88447015680603,8.354503614318148,-182.8867176479827,305.1665696461926,8269.875035223373,2
2012-02-09,5412.35009765625,11262.541600028953,4739.641815846813,17.633023578262275,45.88533340293123,8.351874807439097,-240.99647190140254,-294.05659716793275,8181.90854387675,2
2012-02-10,5381.60009765625,11318.850982718692,4750.5488172416235,19.025046562558682,45.88618103844199,8.350096247341948,-1013.6993653652956,693.4520281023188,8301.599409388624,2
2012-02-13,5390.2001953125,11312.19203751866,4681.1606677523705,21.77210270532138,45.88654991345233,8.347818703207647,-19.483670178470845,554.560754081171,8254.981131058355,2
2012-02-14,5416.0498046875,11437.50102971424,4734.749778305883,17.598450268153865,45.885986594706075,8.346765385271134,-583.3415832410559,445.7978462547402,8241.008030948318,2
2012-02-15,5531.9501953125,11721.34930553337,4857.657408544672,13.342711463255258,45.8862604768007,8.343635788759784,513.3015314187963,-56.41544855827121,8525.698199986246,0
2012-02-16,5521.9501953125,11690.990080420452,4779.267359979992,13.48175909494745,45.89095014051801,8.342295603450598,-114.6260532950767,439.54560100216673,8416.068508039198,0
2012-02-17,5564.2998046875,11810.454308703318,4836.383714903944,12.728433880158471,45.88981398366828,8.341473129859278,1069.0799351179217,72.82907225156039,8489.851674908974,0
2012-02-21,5607.14990234375,11913.875745209727,4915.106341988851,21.89150356559783,45.89718000370784,8.341464909945838,320.62958515069147,289.6733666862048,8560.27465533425,1
2012-02-22,5505.35009765625,11683.463205143857,4819.693245184899,15.674537081104901,45.8958745103497,8.340649856578398,1011.9486302998306,283.203423249527,8190.192304143021,1
2012-02-23,5483.2998046875,11613.118162007528,4813.4445576405205,17.399530318735597,45.897194688000454,8.34057087189739,-309.2096125970051,434.9555154496494,8577.673160857868,1
2012-02-24,5429.2998046875,11423.926863390461,4745.160202902373,14.967397759561432,45.89950830750996,8.338460351221862,719.6716978831902,-44.58960330903858,8281.504505733594,1
2012-02-27,5281.2001953125,11017.995284350984,4541.345977956925,17.55549598399881,45.8992330397939,8.33734510051256,-621.0849668131307,468.7655585722039,8393.147983628542,1
2012-02-28,5375.5,11265.94184612302,4659.003231384266,18.24157519370387,45.903980129431254,8.33360185048784,183.23019058971764,83.73349295759184,8174.640482525785,1
2012-02-29,5385.2001953125,11275.83961758964,4718.379778945711,15.324071926507804,45.906215764781386,8.331969263349931,-152.6492479767804,94.25888793025328,8612.502426324827,1
2012-03-01,5339.75,11145.035776086323,4702.598169074964,16.390596369562935,45.90620105770414,8.330832845238287,-79.18261410014287,565.5720142673247,8218.90744713375,1
2012-03-02,5359.35009765625,11190.50735940937,4667.355445271773,18.209440460218254,45.91091485202327,8.32978234412349,-356.5985671635316,101.49146167132886,8307.021227842575,2
2012-03-05,5280.35009765625,11045.586519038485,4544.03119776177,17.711192375900218,45.90846837668172,8.326675975000807,-515.8864741405316,665.0327203031397,8324.305024672567,2
2012-03-06,5222.39990234375,10920.920231093165,4461.875150231318,22.073590865000412,45.90737192612311,8.324748964832104,-653.875322660277,430.4100174126715,8499.470104962387,2
2012-03-07,5220.4501953125,10887.826696204029,4417.452885325742,18.891998108232706,45.90965963741889,8.322956813771977,-326.97072277258786,-94.48302466102166,8499.305991539984,2
2012-03-09,5333.5498046875,11205.242126427072,4535.004461055137,9.0,45.91266403669513,8.320981807837775,396.4113589147484,559.3427554939499,8670.052132271876,0
2012-03-12,5359.5498046875,11336.875601297837,4572.391282684093,17.030712312987244,45.9142319023506,8.32015634860852,815.4777426504074,243.07611817904828,8518.716000938368,0
2012-03-13,5429.5,11523.582907180149,4604.880005405014,11.895809353874787,45.91445032538413,8.318384527918322,468.14015864842156,268.237759766961,8706.605802357453,0
2012-03-14,5463.89990234375,11649.457257807786,4661.709708614003,13.007253912503938,45.9142959931803,8.316924339519622,816.6160805177544,452.17269317542775,8611.51175212893,0
2012-03-15,5380.5,11512.544260825141,4593.638119949189,16.78181301098863,45.91829019595823,8.314870688551023,-241.2707487828401,599.7662233683895,8390.014573718601,0
2012-03-16,5317.89990234375,11417.640325270851,4515.075119859938,13.21651581162472,45.91961137990684,8.31436697172483,176.81223771650323,210.3080688648382,8442.595082702082,0
2012-03-19,5257.0498046875,11302.559418462844,4448.894713480102,13.173326795596273,45.91759466358964,8.313933160873345,634.40196765457,335.18619674882046,8820.494449881806,0
2012-03-20,5274.85009765625,11371.920116852878,4415.053984718634,11.043653910898934,45.915404956500055,8.312047276467883,487.2763023165433,261.35577918522785,8777.183983679959,0
2012-03-21,5364.9501953125,11611.720679562886,4497.509394981965,10.230332600744866,45.92054534043783,8.313315831580953,5.529954136328911,47.13968798949608,8713.209490133002,0
2012-03-22,5228.4501953125,11241.793866876187,4362.46201929353,13.167227470807743,45.91898905560187,8.31096283438564,723.6275568663608,-325.03089086854334,8740.886488257218,0
2012-03-23,5278.2001953125,11391.962852238445,4417.029292792584,14.22561954814979,45.92040724880312,8.310379032823688,137.4907272190075,214.47661773126254,8661.868281100993,0
2012-03-26,5184.25,11110.662206370067,4333.523826925304,14.111050816421546,45.925059968107334,8.307832560811704,39.054575442511634,563.6813491933668,8644.637231052828,0
2012-03-27,5243.14990234375,11214.686973407352,4399.452307095497,12.537477839061568,45.92728628997967,8.307005647095176,544.7791041987232,324.99988900729704,8600.680191577978,0
2012-03-28,5194.75,11159.423919846855,4344.091765579774,13.540515598693885,45.925613362756664,8.306096252748079,352.46774613369433,-170.22695729293252,8889.29521428496,0
2012-03-29,5178.85009765625,11159.357416092153,4335.604124507217,9.825580009344066,45.92316628047111,8.303475662183443,140.83506598855598,479.25645169347166,8522.298208468519,0
2012-03-30,5295.5498046875,11507.687183822089,4481.302927286227,14.420334041390957,45.929375945889646,8.301731758951387,127.25258990115802,57.15904444309791,8648.65854466882,0
2012-04-02,5317.89990234375,11548.680211113191,4501.476705577724,13.822811689540092,45.92685245211384,8.301981756613769,-77.91871992267926,-477.6077617485014,8318.099275213763,0
2012-04-03,5358.5,11592.522055574847,4551.57170238753,17.447321788365716,45.92579264441214,8.299545278064294,191.7007015764541,455.37114455475626,8370.814026004631,0
2012-04-04,5322.89990234375,11497.04971250039,4510.387968337556,13.514959292858094,45.927510155327994,8.298320538215458,790.0037741949743,-133.61418722793383,8935.469532323492,0
2012-04-09,5234.39990234375,11293.300546442397,4404.166786734312,11.614661295707842,45.92745351998076,8.297024993764895,447.8201851952657,684.2185119353729,8733.923766988019,0
2012-04-10,5243.60009765625,11318.731834560915,4427.333733616565,13.398553731822362,45.92977493559545,8.295347266345681,733.4376323109382,494.3320201792255,8595.827356659942,0
2012-04-11,5226.85009765625,11330.29319454189,4395.727018596094,19.344400399968325,45.925971619219176,8.291976281756062,56.42741506988057,331.660217901052,8651.132312931817,2
2012-04-12,5276.85009765625,11433.61225416147,4456.791031083437,14.369415737540796,45.92594042106746,8.291160649258455,105.10151721127224,287.80795372633884,8407.897624351242,0
2012-04-13,5207.4501953125,11285.273604349046,4387.749350869388,20.053784123450374,45.928573487309485,8.289523611103357,-809.6565099136973,1127.175569696531,8573.659702928766,2
2012-04-16,5226.2001953125,11285.343155519926,4398.719799190263,17.48010659789471,45.93121670654053,8.288974411876026,-520.7417458815182,700.0021113510954,8400.418376710812,2
2012-04-17,5289.7001953125,11457.808218077425,4454.545652602406,16.72851342361196,45.93009934671162,8.287548741077261,-418.49432443900787,471.4600074353768,8606.674081409961,2
2012-04-18,5300.0,11482.5182884525,4451.374459842263,20.52581640526603,45.92763421657783,8.28595140387722,-449.43314811666386,1266.746198261881,8780.730076831174,2
2012-04-19,5332.39990234375,11525.373366930806,4440.086844309183,22.766229082138477,45.92887535590009,8.284657767443914,242.40797074388814,435.2743032869466,8746.494729939881,2
2012-04-20,5290.85009765625,11416.23562494069,4408.881211858803,20.15869576810344,45.925537967963216,8.281999694639673,238.23538673988082,574.544445663651,8948.610356535335,2
2012-04-23,5200.60009765625,11195.772945690362,4325.557113129708,21.626594707840415,45.92999077975111,8.28188290088079,734.7518561106581,119.13604328222226,8729.168507852395,2
2012-04-24,5222.64990234375,11235.961856952636,4369.841748093367,22.0256183084072,45.93106300604383,8.279828235100029,-455.4884684769542,-102.41565967846685,8252.649574701025,2
2012-04-25,5202.0,11266.746227385582,4335.311039536472,20.533583691589335,45.92957257131516,8.277782077237486,488.979322425766,313.6593124154938,9027.070218484001,2
2012-04-26,5189.0,11231.39350400078,4371.764981839945,18.371017024277183,45.927009067093,8.277386438914688,486.50688226565205,411.5224253105556,8547.003543521141,2
2012-04-27,5190.60009765625,11224.248290737814,4363.42995040659,20.39061617009113,45.92570989709563,8.275941514753823,-242.90550321554556,498.7790753229576,8726.42115440169,2
2012-04-30,5248.14990234375,11267.051879769904,4398.715431679142,22.41414577520096,45.9216241038926,8.274008473261723,39.42215877609391,-25.9313140322742,8720.9973414378,2
2012-05-02,5239.14990234375,11205.66546278017,4363.578917946749,21.059781099199828,45.92370844110321,8.272721383420327,346.29329965648424,598.2022966353843,8750.280664163985,2
2012-05-03,5188.39990234375,11075.238459156399,4268.5108347497135,21.49649068565731,45.92189990133035,8.271642145735521,-173.56984906490436,150.88434278689695,8721.750885083153,2
2012-05-04,5086.85009765625,10809.6442158403,4207.942531466527,19.07490751661635,45.92369891661561,8.269814279179872,-204.55671088585706,582.6203078183244,8729.879295028742,2
2012-05-07,5114.14990234375,10933.909938229377,4270.1130887520685,19.595292480509034,45.925911553768,8.269022783850339,-400.93496844698075,680.4779448530952,8492.893540219198,2
2012-05-08,4999.9501953125,10661.573901446116,4172.221420780854,19.762545378199267,45.92940954546365,8.266034112277117,-1094.0154074652119,281.34727298421126,9180.14180338873,2
2012-05-09,4974.7998046875,10657.530050627181,4124.875848752913,19.89732399492641,45.93076508825464,8.26457351978699,-121.81135340460838,110.85432031972016,8847.369704750416,2
2012-05-10,4965.7001953125,10640.04658538133,4183.4755076153615,26.335916632024716,45.93474079136813,8.263647108846493,-783.9477309813706,1163.0947952150884,8135.36211761963,4
2012-05-11,4928.89990234375,10556.019252502045,4133.331801313838,19.305652543323667,45.939499122672345,8.262537951728172,-930.1394494467311,961.8736282897587,8431.175010593524,4
2012-05-14,4907.7998046875,10500.8318777588,4102.208585644618,24.061076609163674,45.94087376818381,8.258561685212157,-331.1233399422742,745.5929001542221,7961.8949500663175,4
2012-05-15,4942.7998046875,10583.77230816014,4191.332263761353,23.841007248610293,45.942429347908494,8.256695617543427,-1080.5248963284394,1140.528329103956,8282.415109787064,4
2012-05-16,4858.25,10494.155346262645,4130.597464645471,21.2569977171117,45.941356926511645,8.253737854259702,-177.56804348775296,724.9785171926542,8055.276960800058,4
2012-05-17,4870.2001953125,10377.152922019628,4225.694887486241,25.34353443317493,45.93899405240997,8.253275655148302,-306.5602738957915,513.8478369416047,8216.003134154505,4
2012-05-18,4891.4501953125,10302.60605250324,4257.397859019828,22.55099961611015,45.9434402759379,8.251132772816078,-660.0772846789007,399.48938068817205,8224.346721472462,4
2012-05-22,4860.5,10197.85807461093,4210.123478418794,23.28593470129368,45.945857507075225,8.250551037470503,-525.3241011377837,667.6602593939072,7778.51030183568,4
2012-05-23,4835.64990234375,10141.55098674199,4161.3957620179835,27.697563815508087,45.94851799424397,8.247573330525887,-976.0884376616968,931.5161433944779,7930.736658881543,4
2012-05-24,4921.39990234375,10384.224073071717,4180.818447715568,26.01994729907811,45.94734586542367,8.246199093181984,-199.8645586538496,1116.9277645323455,8428.410657413526,4
2012-05-25,4920.39990234375,10411.414454244492,4169.33200880243,25.14897387829023,45.95281762993451,8.244437943527085,-425.0543035794938,707.0530648103424,8132.685982187325,4
2012-05-28,4985.64990234375,10548.176414576063,4265.403287727275,20.761553869288807,45.952731788160996,8.245428719313772,-45.260018164182284,763.9374783807032,9146.247618639514,2
2012-05-29,4990.10009765625,10601.664626075546,4285.344133471259,19.670639955109316,45.95092626602254,8.244829157240607,50.75615186925208,335.7191705493907,9029.815750536576,2
2012-05-30,4950.75,10575.267341995499,4245.760147184413,27.998754530740204,45.94980524364695,8.244161362407757,-756.9661655566896,465.52059440324376,8151.931298727288,4
2012-05-31,4924.25,10520.926141897751,4193.467665118812,21.60433526288048,45.955118818497105,8.244403308666634,-757.6233099683736,8.10602985988345,8755.000213517802,2
2012-06-01,4841.60009765625,10388.29297823116,4118.251744363054,22.500900172069496,45.95238567561908,8.24289703937264,-117.07265003494769,548.1280112974401,8467.65407545064,4
2012-06-04,4848.14990234375,10420.796453908626,4162.7147459327425,21.199795443564692,45.95073230808891,8.241003327818579,-224.51263455503693,319.4027717651035,8547.081009783848,4
2012-06-05,4863.2998046875,10433.219601146566,4189.16579570937,21.13367600397854,45.9600278360447,8.238991437248785,-364.1435213083738,1002.85348935706,8773.92893799679,2
2012-06-06,4997.10009765625,10783.849995930848,4334.111910657717,19.88826174024311,45.96345094925368,8.237516732846318,13.644079652016046,531.7889278928037,9101.189411243096,2
2012-06-07,5049.64990234375,10914.146182857388,4368.214089831382,17.142123666107665,45.9618517817174,8.232939941841108,353.18937548718,371.3155452507065,9016.610879533546,2
2012-06-08,5068.35009765625,10958.755375110735,4410.558212354757,20.857172331423165,45.95920743964137,8.231131459394321,305.4803212335759,916.6005287036722,9052.268487189856,2
2012-06-11,5054.10009765625,10989.472908671822,4313.872326152086,19.46194567937696,45.95478934806132,8.229543309085063,-375.8235345727983,9.319789308548536,8862.609912167616,2
2012-06-12,5115.89990234375,11029.623968131953,4387.70457936481,21.06132985105494,45.95568069049999,8.227568390661117,-745.5044181737005,358.8571492312769,8730.754510358931,2
2012-06-13,5121.4501953125,10980.351031991519,4461.700805383985,20.883480429161814,45.958464751563355,8.224214296197632,-676.8860558387014,999.9021376305584,8668.095032038735,2
2012-06-14,5054.75,10772.892892403699,4352.939516716542,18.783471956912322,45.963621146193056,8.222237160804456,-274.69040518204446,356.78784798259977,8628.75993024328,2
2012-06-15,5139.0498046875,10956.414649372375,4434.504851855733,21.26568952884841,45.95853919544957,8.218872058059619,434.92685331486337,1134.0441335213582,9203.721928384877,2
2012-06-18,5064.25,10771.416063053917,4357.516477131383,19.0041898347302,45.95516305094185,8.218810314691247,-441.37816485654724,635.6814518324616,8871.91743768319,2
2012-06-19,5103.85009765625,10799.157851966898,4386.406070316975,19.134236253638058,45.955404399209144,8.216713372983685,-388.5311412037422,791.7777725896699,8671.829155068563,2
2012-06-20,5120.5498046875,10795.47109135946,4431.130986569444,18.935457186757244,45.96436740937672,8.212806994210226,-396.7644392473273,800.4684470364612,9058.111764827192,2
2012-06-21,5165.0,10861.583968633664,4490.24135941006,22.26194885561254,45.967625116883916,8.210752732530205,-362.6923185154669,400.4807380744113,8800.033841196775,2
2012-06-22,5146.0498046875,10924.696869544927,4474.602412876261,19.438855223891277,45.96934351620518,8.209796311399998,-154.4907376346509,253.53650062132704,8774.436479050462,2
2012-06-25,5114.64990234375,10930.106417314333,4463.258204780588,22.744886361128504,45.9662687454336,8.208116508404897,-662.0200698207022,365.367904035876,9263.142571850864,2
2012-06-26,5120.7998046875,10926.561839516311,4470.152095380568,23.56696974037372,45.960508789536306,8.205342716960228,283.7439825307805,103.92024900591196,8663.41281596728,2
2012-06-27,5141.89990234375,10960.24761434615,4578.842256650862,18.5225617262911,45.961225338593074,8.20280048637237,-207.92843120385874,380.21113503106176,8947.200664133046,2
2012-06-28,5149.14990234375,10926.915320079808,4590.763026550526,14.158009370606134,45.96152723012561,8.200645616974786,841.653829890134,398.67818522651174,8805.082202750198,2
2012-06-29,5278.89990234375,11148.608444165879,4737.245935542691,22.089019086542546,45.96132380756396,8.198333898943252,-619.4283994200059,906.7704985957612,8781.618843213648,2
2012-07-02,5278.60009765625,11142.701324435318,4688.5575694393765,19.31605620527972,45.96078250656101,8.195198253062475,485.94646872996327,577.9827132182432,8659.325878723124,2
2012-07-03,5287.9501953125,11119.96053171703,4683.238531192765,18.267627173736017,45.95913744449969,8.193250557770329,406.53815919459464,1108.7852673360617,8936.179906014588,2
2012-07-04,5302.5498046875,11149.998348429828,4731.239576027349,18.822563787694065,45.95680451811858,8.190032715532453,-314.6736035382596,-247.86322929318453,8774.5060907006,2
2012-07-05,5327.2998046875,11135.885802574381,4719.843172188204,19.17037235726794,45.96157304151327,8.189093649278135,-308.02424540474703,34.886889991017256,9041.333709004059,2
2012-07-06,5316.9501953125,11078.296526323313,4648.287770034161,22.59438618138748,45.95951345662372,8.18827264830761,-518.5191264519586,293.3964017003901,8932.292949760016,2
2012-07-09,5275.14990234375,10989.437228087276,4605.534706672882,20.31982247863503,45.95928501244742,8.185373365725479,-513.9285700958221,847.7483392042616,8889.81669157139,2
2012-07-10,5345.35009765625,11167.836268701647,4718.318580810722,22.567197260216272,45.95976777813027,8.18275664574985,-150.2423799099433,367.1268399149958,8795.31827968825,2
2012-07-11,5306.2998046875,11096.96620799526,4678.325407705206,20.98844023855699,45.96248661913536,8.180429596059415,-141.72160630145558,-40.348050695375434,9212.117137272808,2
2012-07-12,5235.25,10877.115879510235,4594.481134628549,19.38153855209903,45.960531128111775,8.178490062656959,-790.9421067764658,326.4626691553111,9092.752140526594,2
2012-07-13,5227.25,10896.034890734647,4535.209047283721,19.219285593581485,45.964065332176276,8.17683493619481,767.4021293303454,40.72052267352581,8843.77875803842,2
2012-07-16,5197.25,10792.862476534407,4516.320967646563,21.1232175014992,45.962926333091616,8.175382063578514,-253.80674286522486,-18.087730444941656,8727.139336417287,2
2012-07-17,5192.85009765625,10810.146939172133,4529.67171837664,21.640851258665418,45.963040641583845,8.173901916467601,-123.75508911312465,999.6483452961699,8637.12566646157,2
2012-07-18,5216.2998046875,10863.515953136817,4505.856500981929,21.99358537140174,45.968569937340824,8.173531976909542,-400.4949733653768,294.5173399958045,9185.405304749711,2
2012-07-19,5242.7001953125,10864.186220715254,4564.269824361959,19.476922977248513,45.966262254201524,8.171664607242887,-256.8038156367337,451.94585884075406,9149.56249270308,2
2012-07-20,5205.10009765625,10765.190597369345,4545.99419745,20.350411712808945,45.96902496833885,8.16843047090722,-293.15124449768336,372.11309584957405,9179.413345994277,2
2012-07-23,5117.9501953125,10584.194445624713,4485.9421240647835,21.168080818510653,45.97263880094303,8.16488572110994,-151.17217033010417,324.55131261746556,8974.623296047848,2
2012-07-24,5128.2001953125,10633.577574521676,4512.507524011008,19.232069948126277,45.97416849434975,8.164582033644376,-155.83596417124582,147.8016903137099,9146.421220573598,2
2012-07-25,5109.60009765625,10585.265785150366,4510.566070867767,17.730119932394466,45.97441590188319,8.163148316772505,171.9465394164281,306.8096187485059,9191.395210880051,2
2012-07-26,5043.0,10498.709989254812,4454.4598907176,18.387457866595753,45.98139301398844,8.161407505557433,-59.112025160489566,501.1706435572441,8998.841928282503,2
2012-07-27,5099.85009765625,10672.6331201515,4538.7168329680335,19.517929114904028,45.98195147780518,8.159905370259633,131.7132081598013,825.5905936191862,8951.88800157545,2
2012-07-30,5199.7998046875,10894.026482737574,4596.292769842497,21.324414278440603,45.98316371030528,8.158110616867033,-153.92432872217375,684.2306909662223,8845.3729315608,2
2012-07-31,5229.0,10994.46868339019,4585.882067836536,22.517954991144205,45.98275412998365,8.156584915518252,-57.498977957643646,34.27993076347502,9103.509188553471,2
2012-08-01,5240.5,11106.679386984915,4577.740560289032,17.287905582530758,45.983807375555784,8.154249576567574,-246.5222730733086,696.5597254709814,9132.639719113193,2
2012-08-02,5227.75,11164.201236235358,4560.841104137778,18.805309972140034,45.98729972949191,8.15333817001415,251.2446937350595,542.6314034582107,8963.204632231362,2
2012-08-03,5215.7001953125,11081.365069152556,4558.847804880879,19.284275005873496,45.98707381346917,8.150842856699896,-20.95102819363018,212.58369981595132,8989.51624480547,2
2012-08-06,5282.5498046875,11197.129359361887,4638.534160037571,21.589434064613286,45.98134822208538,8.14796528428466,-213.22994180516028,454.62912885597063,9007.465930143819,2
2012-08-07,5336.7001953125,11391.563065748689,4727.525918436922,12.443778929222999,45.98348893263383,8.144296324834986,274.8359461794717,321.68615509496965,9195.077610575472,0
2012-08-08,5338.0,11346.482577543413,4761.607147836488,19.140535330105056,45.980853929310506,8.14207666353262,-193.69573649879882,414.1158843468627,8807.943362004844,2
2012-08-09,5322.9501953125,11251.66725067288,4720.75002697054,10.676014845699552,45.98367955863638,8.141358415461317,362.1775694708127,294.07300024701635,8861.622431685842,0
2012-08-10,5320.39990234375,11223.889718585124,4724.795182698401,14.466814631946518,45.9842755844412,8.138911508405947,327.4555595124318,-108.88530507714017,8870.099992551965,0
2012-08-13,5347.89990234375,11306.876573155354,4730.0688783599635,13.17720185080689,45.98770491175114,8.135539605111934,126.46333791545607,747.8496132739539,9045.090662265662,0
2012-08-14,5380.35009765625,11377.936927516394,4759.257596347586,12.191909930040808,45.98545988044739,8.133827287064593,655.9602221073044,-428.7854186934676,9134.328030616169,0
2012-08-16,5362.9501953125,11308.068518425776,4749.985999488729,12.980973551035806,45.984454216835886,8.131175290218403,681.230397019268,323.3553669984425,8887.989980660801,0
2012-08-17,5366.2998046875,11285.364293177925,4657.3140512937,15.753991003862525,45.9840341087579,8.130718853169574,1063.5427351602987,260.0290389030968,9252.401533143362,0
2012-08-21,5421.0,11380.142498295516,4783.336416492857,11.490226183360313,45.980187262150054,8.129784979528003,108.54811574209552,342.8830180355143,9358.22226826908,0
2012-08-22,5412.85009765625,11321.438920550403,4790.9689481712985,11.816680737792808,45.9841215227762,8.126501853912144,616.5754900608423,-62.51110549447867,9172.587293687071,0
2012-08-23,5415.35009765625,11431.043398602194,4776.522129020377,16.00450489493124,45.979845254027865,8.124311976804565,-413.65492651307295,500.7591084999168,9306.750671352316,0
2012-08-24,5386.7001953125,11378.245642932956,4801.499734358849,13.651549656037716,45.9837371948818,8.121536979414543,681.6172260087551,117.60579549650635,8940.704922461577,0
2012-08-27,5350.25,11333.998431238128,4752.7513611203185,14.839508193423836,45.98561039031782,8.118353012999817,-232.63284600287398,-205.8644817209804,8950.003851696612,0
2012-08-29,5287.7998046875,11167.53582682421,4690.372176653275,14.303503820011374,45.98561378832079,8.116269888803684,-43.73244142891417,-178.44311648278688,9211.346674974906,0
2012-08-30,5315.0498046875,11222.670283679836,4705.694101254876,13.429330895412104,45.98724913676669,8.115057211908562,482.8901316063274,187.41152065127642,9115.54993721072,0
2012-08-31,5258.5,11060.47707438796,4692.276045729342,12.803401761702887,45.988802336631686,8.112940882942791,101.40038583107511,-328.95645703844735,8964.54889841474,0
2012-09-03,5253.75,10932.91176149434,4684.240993591645,21.663116044967637,45.988201052896954,8.110386405944318,-453.3414040011641,940.1517950327263,9392.949282307822,2
2012-09-04,5274.0,10919.011662952156,4710.17973249116,22.32467313562231,45.989695502340034,8.106138147576997,-343.9264089993383,714.6763841627909,9192.316577907512,2
2012-09-05,5225.7001953125,10731.561552563902,4692.46975154809,22.168376694032194,45.99248905232558,8.103426622280864,141.85039676741013,948.0532962552992,9271.159400782037,2
2012-09-06,5238.39990234375,10663.889348967481,4722.725967589089,17.629056732704633,45.99025500422612,8.101929036934065,-523.1561585670975,916.4270467326702,9024.456079714217,2
2012-09-07,5342.10009765625,10846.66376129758,4834.682551217629,22.60982203568866,45.99189358908314,8.09853403377016,-171.66194568901432,294.4280605595222,9460.385790015262,2
2012-09-10,5363.4501953125,10952.34511666785,4890.398068664804,19.28412949160471,45.9846146137944,8.097759869553965,-301.4625138157346,139.20116120494703,9129.35815406172,2
2012-09-11,5390.0,11010.187752648728,4995.0367361958515,18.489940924910332,45.9794258140947,8.09511585229263,177.9563085316055,-403.3318046492557,9349.721191758315,2
2012-09-12,5431.0,11160.163478948867,5050.449474622606,19.661344606463054,45.981719394049364,8.09324554169852,189.16870163313718,278.12976253211036,9061.153532505115,2
2012-09-13,5435.35009765625,11188.378535126325,5058.848940297615,21.662256870497465,45.981065906353834,8.090778732179379,-884.1127189744451,929.6958567507857,9204.013080209914,2
2012-09-14,5577.64990234375,11551.373151658967,5225.6503248638965,14.580928368056124,45.97910559183635,8.087531113204964,768.043767505726,-98.35519724916136,9280.522082278787,0
2012-09-17,5610.0,11583.48846495253,5303.684526638625,12.989227176291465,45.97954651541568,8.08589648324883,105.69763741647543,87.02370154087326,9549.659419395382,0
2012-09-18,5600.0498046875,11585.165703229788,5273.415221572364,15.17533173375595,45.978958660451056,8.083219928865402,444.51687943866955,-16.37107472486494,9107.421289279302,0
2012-09-20,5554.25,11514.924859186773,5213.201405915828,20.27972116151887,45.976592837057616,8.08030474847362,-525.5634961533186,512.4985460823146,9230.523455320852,2
2012-09-21,5691.14990234375,11804.135907827502,5320.391081661303,12.354057068921252,45.97227569002182,8.07584285056145,498.4538410839133,535.8254052642933,9307.212380033667,0
2012-09-24,5669.60009765625,11781.410770693696,5258.783620057374,12.083929434083014,45.96697121760962,8.075056197433407,1370.539581448441,-311.763185254355,8942.956105626912,0
2012-09-25,5673.89990234375,11817.977842444547,5247.244201628414,14.32046968884324,45.9697875947654,8.07296942318243,400.8662245140132,-254.33279448917784,8807.988700671785,0
2012-09-26,5663.4501953125,11768.16284256273,5233.903384602285,13.334964528368797,45.969120096107964,8.071979494650677,166.06091294145727,595.9860117823066,9029.982956447202,0
2012-09-27,5649.5,11683.729467660041,5274.141977959919,17.248989693172728,45.97262874404977,8.070499622410232,-242.86449387021642,619.920062335543,9396.856904907081,2
2012-09-28,5703.2998046875,11750.971783073694,5351.941986796142,15.194322986139007,45.97193079355596,8.069502431658657,-237.61198289520792,72.18583159546239,9540.21747458689,0
2012-10-01,5718.7998046875,11790.232821104168,5340.120840758325,12.539449942751158,45.97359570341347,8.066831113371029,929.5853144657832,662.124828577923,9058.282433048127,0
2012-10-03,5731.25,11833.970743105489,5330.7549852294105,16.68423929597759,45.97381949008977,8.063347942217824,475.1532430386442,-259.5086659169713,9008.994883002537,0
2012-10-04,5787.60009765625,11924.790334103776,5438.69891505889,10.694020029690577,45.974552830276345,8.061996385730401,-69.55916251913868,429.36404735730986,9522.326179239568,0
2012-10-05,5746.9501953125,11834.273013070195,5429.63102602878,13.138582807219978,45.97543194070818,8.060008809550945,-56.5273160515012,129.52856734080024,9139.261522880994,0
2012-10-08,5676.0,11701.320264116182,5350.688397161629,18.600044631121545,45.97469482043768,8.057421150959646,-143.8870483404695,581.9631508038678,9180.074200616476,2
2012-10-09,5704.60009765625,11795.488123856816,5368.865384951296,18.04915495924532,45.971605955899044,8.05603906316252,222.79815733539488,-316.145633637582,9523.952086602714,2
2012-10-10,5652.14990234375,11749.50146433855,5345.91625878824,19.026418566483247,45.974504351135764,8.054218891858705,-610.3959634947885,321.7889920316952,9498.701540316115,2
2012-10-11,5708.0498046875,11938.849680553569,5377.593774104463,17.04113521807396,45.97988499151234,8.052726036056118,795.3637367468685,371.03901481091145,9437.065448223337,0
2012-10-12,5676.0498046875,11818.0245029005,5354.117340036018,13.786740340159007,45.985462637742266,8.04956836330055,313.3465792172386,131.00093448155133,8951.77902805164,0
2012-10-15,5687.25,11923.732866508135,5440.493101090553,11.916583922405142,45.98440282800906,8.04840722573316,-22.0973540028387,526.5893318402555,9040.684065957328,0
2012-10-16,5648.0,11808.449376078815,5402.274949104168,9.84274317932519,45.98280331573515,8.046260373680152,162.92382937080887,516.5415021422359,9487.10400045085,0
2012-10-17,5660.25,11886.23033674505,5391.206423174733,10.057274907304627,45.98174046839164,8.04519956349759,1049.421550851884,-137.5690875661776,9343.235388528985,0
2012-10-18,5718.7001953125,12025.286474566325,5471.884750952525,12.42707371176253,45.98181295618521,8.044018685870965,-205.28533461813493,397.19779540010416,9144.768230202782,0
2012-10-19,5684.25,11926.186135014657,5417.17309278363,12.232624031722679,45.98225557329283,8.042552410720965,57.24281762154135,-147.7987971684721,9230.262690168192,0
2012-10-22,5717.14990234375,11915.885272520674,5409.490448391427,13.05189858753103,45.97986178791806,8.040285277582806,731.0334338539683,166.20463234642693,9505.992195014554,0
2012-10-23,5691.39990234375,11848.861144917968,5403.010653604125,9.0,45.97602258037843,8.038835414518857,436.58281738145394,346.8384747922863,9588.685049359856,0
2012-10-25,5705.2998046875,11806.859955931244,5455.335115506625,13.316636809906933,45.97677240729794,8.037783350863165,33.50367269677912,-100.58487937817455,9308.354123619289,0
2012-10-29,5665.60009765625,11762.25506776991,5399.889772399718,15.555459550294216,45.96678117999526,8.036223826048126,735.9172945459293,386.07785566931466,9186.5516989707,0
2012-10-30,5597.89990234375,11679.30620722665,5310.9775584779545,16.745682494728392,45.96707920953731,8.034256765706829,754.9182932676724,-1.6067238455709116,9268.21998113429,0
2012-10-31,5619.7001953125,11692.115649304293,5305.159128182386,9.711107704165721,45.96484496671208,8.032795565335208,482.55626740723244,-24.20925822370444,9575.092681189431,0
2012-11-01,5645.0498046875,11764.476837668695,5329.157566627543,18.39721448152169,45.96778543029191,8.03009342858598,-394.9586350334057,611.9952950619147,9576.63540783186,2
2012-11-02,5697.7001953125,11851.358409418805,5370.984097601102,11.79153227805093,45.97152833492323,8.02942761134836,166.67815206625679,-100.79188310502559,9370.990644835245,0
2012-11-05,5704.2001953125,11836.446385887119,5345.814548826232,13.7914428550513,45.97534207220397,8.025562611160264,463.8704261193594,-116.0506408089285,9240.869696258242,0
2012-11-06,5724.39990234375,11919.512290840294,5429.876441945736,11.060455064247094,45.9749027315601,8.023410483591707,-174.77162448535182,462.3468120090247,9547.19260190674,0
2012-11-07,5760.10009765625,11999.713059725953,5485.998563724737,16.86452649745336,45.972097299524215,8.020814646441753,881.1139524532449,182.56714557748018,9653.365909177339,0
2012-11-08,5738.75,12034.338743118866,5480.44138069924,20.08704494337148,45.970253522573614,8.017980535131839,530.0836354703354,-36.23584859098844,9082.981669148245,2
2012-11-09,5686.25,11890.883668584627,5449.41377471713,19.753707421401575,45.971716354623155,8.01608917970001,-244.3819399361083,656.6924135164631,9316.4713002576,2
2012-11-12,5683.7001953125,11932.623457203155,5471.737222074411,23.185427467565553,45.967378761198034,8.012763829429668,-7.55820302767728,278.01963032696653,9581.545952110513,2
2012-11-15,5631.0,11816.139962978421,5397.796967947279,19.967904751833302,45.972159409666425,8.012712572326881,324.32081713973037,-20.904001868439593,9383.89197592751,2
2012-11-16,5574.0498046875,11722.668454380131,5341.410665700154,20.800606812997376,45.97176751957103,8.009153971559291,632.2243354270754,-352.19450334849193,9283.525986009752,2
2012-11-19,5571.39990234375,11695.60197553148,5329.754222363367,18.4984034534159,45.973868040588364,8.005992910800495,472.79253419627935,671.0242891097225,9414.93087535216,2
2012-11-20,5571.5498046875,11693.629806105942,5343.966639258105,17.258995869891233,45.96912376224715,8.002734145655628,-844.2150053435171,142.02458016652866,9454.823481341766,2
2012-11-21,5614.7998046875,11788.460788730396,5405.04902197449,18.779276736991537,45.966945816169876,8.00071628214055,-276.2214753310076,26.84656861044965,9178.665477624174,2
2012-11-22,5627.75,11778.949628683427,5407.599540158018,24.37395167788965,45.96182877873291,7.999511193151087,50.275300593287625,591.8208491157975,9412.404753290182,2
2012-11-23,5626.60009765625,11807.531314033666,5363.325981120709,21.266041896573913,45.96549234721431,7.99781430417001,-347.68691876077264,641.7374788926561,9469.4569492655,2
2012-11-26,5635.89990234375,11859.825523752048,5378.691440850218,20.5490696742221,45.96561173299469,7.997060498470449,563.1066980161459,163.86910042161122,9313.114577108237,2
2012-11-27,5727.4501953125,12102.347528055605,5477.848736436476,18.0472532196296,45.967925647855,7.994003835026567,501.7500691210531,673.7921978817934,9263.791122521709,2
2012-11-29,5825.0,12407.268653221896,5527.903321506208,15.32250160196769,45.96871588890198,7.992429924395087,23.627943496508067,766.4678763339383,9314.26003473548,0
2012-11-30,5879.85009765625,12609.34013809456,5607.775736376548,10.784613451372417,45.970721314063724,7.989890527693544,285.03999203771053,553.9989812913291,9237.670178658325,0
2012-12-03,5870.9501953125,12569.49756979701,5630.114946638581,10.365887100635238,45.97030898848249,7.987879522513523,50.17834552414524,507.3171285590867,9586.00650545722,0
2012-12-04,5889.25,12631.503489539957,5737.596580356297,12.382225754236709,45.97029835171408,7.986745913819124,271.94862235753214,244.23873663975903,9245.176634046686,0
2012-12-05,5900.5,12626.538812819166,5737.28175125666,17.408981823922897,45.97062315445765,7.982808151988824,259.8270602666467,16.88453834132332,9471.431975362935,0
2012-12-06,5930.89990234375,12699.48667410476,5754.233077405354,17.295788464785222,45.97244004942243,7.982550476089638,731.7031658987434,133.2341841309732,9370.15344423648,0
2012-12-07,5907.39990234375,12613.958854668128,5688.943112147464,12.597526143498913,45.974336404686085,7.9801533634647175,-5.385865493533856,282.22248109882867,9312.449503557556,0
2012-12-10,5908.89990234375,12699.51289867735,5697.805154755174,12.151601963604032,45.983370715338104,7.976291691965589,-696.6998419823055,-227.25358759647003,9710.11740694584,0
2012-12-11,5898.7998046875,12694.111164497004,5693.036641254978,10.21927591888044,45.98901552172024,7.973340633905013,-291.817232893928,-80.81457228193793,9431.229426289136,0
2012-12-12,5888.0,12657.528151968882,5652.958241851202,13.656061451040168,45.98427924536257,7.971181570861454,-61.320645082691954,-278.3250428947754,9334.350759027462,0
2012-12-13,5851.5,12631.67653048737,5605.17653928115,13.82402550397624,45.98444992892879,7.96822397764452,87.7233644011713,220.55598668742385,9321.213042699846,0
2012-12-14,5879.60009765625,12588.801292150561,5571.0369510753335,15.079112508393825,45.983832241407995,7.963908427479076,424.8697602460853,174.91617671866106,9535.344384947355,0
2012-12-17,5857.89990234375,12437.192587252675,5577.332144497351,21.821415026650328,45.988272632850425,7.961734438141168,-581.9175622115438,204.18740035941602,9632.827292963171,2
2012-12-18,5896.7998046875,12568.320318694097,5596.017490422751,19.605156164670735,45.98792538896262,7.958738777866065,-634.4402361039728,646.1497616139222,9722.187324817287,2
2012-12-19,5929.60009765625,12648.515909790449,5632.323803528315,21.11205574951917,45.989918255594965,7.957112893679934,-521.778967060844,86.61989022150743,9454.464127307288,2
2012-12-20,5916.39990234375,12630.226960198679,5569.418037876272,18.59872226430693,45.98350707070412,7.953764377651617,-596.2616004639126,193.04957794682804,9448.095020098735,2
2012-12-21,5847.7001953125,12403.942999878469,5473.193984283212,21.07408506672137,45.97956626826994,7.953742682915298,-371.79749771825817,634.1579454737517,9521.247851614478,2
2012-12-24,5855.75,12421.585245324834,5473.053568405644,18.98553584363088,45.98644314780725,7.951970001007639,-388.9149583580262,678.6447340378413,9533.186088251758,2
2012-12-26,5905.60009765625,12639.338593592207,5528.876193248421,20.918917031933876,45.98719388100187,7.94987740669969,125.62272678952428,161.282139187347,9359.68842811945,2
2012-12-27,5870.10009765625,12597.50138556459,5504.959855562027,20.75700265057073,45.98479850093147,7.948208072545451,-545.811754027849,469.61278142297215,9789.726392282502,2
2012-12-28,5908.35009765625,12696.736575681163,5596.28629270869,20.13760725139013,45.98612711354514,7.944091042777059,-293.03865133190845,166.35782776629054,9520.811976727724,2
2012-12-31,5905.10009765625,12666.791248294754,5617.234150022976,21.58907943631871,45.98356793668478,7.941295516345724,-368.00907196670755,340.79813992680874,9623.466061344505,2
2013-01-02,5993.25,12856.196953146127,5751.873885870983,16.859201857278627,45.98331781605909,7.940776926880786,173.553990415027,443.15121824546907,9607.558606333458,2
2013-01-03,6009.5,12785.243811784274,5820.906350471094,17.87016756355812,45.97955996224136,7.938152151037027,-211.71171040708168,568.1098596447803,9608.740976985791,2
2013-01-04,6016.14990234375,12814.014590891033,5848.598765131278,19.459880652893933,45.977793798587975,7.935781658154327,270.27868935967774,495.26770404793285,9345.271751999575,2
2013-01-07,5988.39990234375,12792.352754469968,5815.03474262459,17.113473224653355,45.9771447885196,7.933004476711524,-610.9480704019236,481.94870216207283,9540.619097013609,2
2013-01-08,6001.7001953125,12743.077518728101,5865.962885173838,19.18627097089059,45.98110688646261,7.932155296947076,-169.74664337392795,76.45049886789838,9982.37255467602,2
2013-01-09,5971.5,12639.254188160357,5868.30814178234,19.2507394098449,45.98309902448566,7.929593977994183,-380.356406811973,516.4829917922493,9855.154700390092,2
2013-01-10,5968.64990234375,12574.268114206532,5887.815382826818,22.61936757333339,45.985614596593486,7.926022470266287,-640.4184391542415,565.3196053588897,9587.005817433364,2
2013-01-11,5951.2998046875,12485.81936244059,5816.3273024637665,20.285067404582925,45.9861372726394,7.926278634252436,-177.00441639402305,606.6803590261397,9491.887499497505,2
2013-01-14,6024.0498046875,12657.553077106082,5872.55215259001,22.058859152127756,45.989205819934504,7.922577990041856,543.1711032940893,184.14394615873385,9142.744295210969,2
2013-01-15,6056.60009765625,12627.28866364936,5901.014363788387,20.603349437619435,45.987185262126474,7.9201520284948,-491.16352117045324,674.6756849750823,9476.938697973192,2
2013-01-16,6001.85009765625,12533.105998563131,5864.717525433604,18.92866545753587,45.98558714429153,7.916978701425662,-200.98199273510656,4.829541466952435,9562.181132502987,2
2013-01-17,6039.2001953125,12657.30413548168,5907.920785294725,20.267433615493026,45.9874099175059,7.913942625241177,-674.8926478370205,270.7545537867853,9521.441324284006,2
2013-01-18,6064.39990234375,12702.76896722058,5978.217195656438,21.458852667864345,45.98717247533582,7.9105453844744265,-733.6911087616037,317.3442753117508,9539.812935003516,2
2013-01-21,6082.2998046875,12618.247295755738,6046.960680298643,22.386802652885162,45.98773093779073,7.907665059910352,-464.9009317371604,21.277281249010287,9711.76835832941,2
2013-01-22,6048.5,12491.463685526749,6050.145431730719,19.735379874131134,45.98783853195699,7.906305845820957,-329.9932046516723,312.7866965485588,9405.39185552956,2
2013-01-23,6054.2998046875,12566.466597774604,6101.082492450899,16.70497871229411,45.99219888320067,7.902057706474863,-312.23321637246,466.44427430344035,9654.822460044626,2
2013-01-24,6019.35009765625,12348.936286917517,6021.383196370382,16.564395485156197,45.99671554199871,7.900969464318619,-240.4100060316905,-147.7316545500007,9586.325264623836,2
2013-01-25,6074.64990234375,12457.035224161453,6105.788281153494,19.347174779766227,45.995437044717015,7.8997059252103,-809.3330562813478,281.5934848687463,9442.939180250773,2
2013-01-28,6074.7998046875,12398.713073398609,6083.752284108791,15.324196997704053,45.99075743667635,7.897860169032058,-400.37848460278894,-124.5202796789971,9939.632655014233,2
2013-01-29,6049.89990234375,12382.722957254928,5994.297486061222,17.09020893147366,45.98922294597368,7.895628655043391,550.70338936147,762.4616352950833,9766.584874566945,0
2013-01-30,6055.75,12362.47169131466,5990.914913764406,21.193866462799466,45.98713206553398,7.893544749936444,-693.2980291578151,463.7473650801951,9476.293280023081,2
2013-01-31,6034.75,12335.319687265684,6013.646048125878,18.72866598100551,45.99022731055638,7.892604767459042,-292.0582779380284,437.7487851493023,9732.420812943736,2
2013-02-01,5998.89990234375,12282.725411520349,5987.457999130756,17.78070481198241,45.9935888029867,7.888492746442741,-32.86249602477287,469.62202349774225,9369.993445352065,2
2013-02-04,5987.25,12346.869305399503,6046.281146006643,22.056238191952218,45.99109558043759,7.886850967722481,-462.9067688094679,581.3561891802497,9514.915924418972,2
2013-02-05,5956.89990234375,12268.251321522697,6016.007489130694,17.77272568869799,45.98943206616192,7.883732904487771,-13.390241535660977,693.4464549503585,9904.090306831367,2
2013-02-06,5959.2001953125,12291.938993163845,6107.845151624514,17.963546472797894,45.98559503290016,7.882183947125117,-758.4505117540124,-69.06617864439897,9720.839353252912,2
2013-02-07,5938.7998046875,12173.211771571896,6089.287928546669,18.468108119946617,45.98659816847072,7.879192837570851,205.37982917288218,793.0532792280271,9710.412297785833,2
2013-02-08,5903.5,12151.603220666986,6046.8248560503625,20.22817482914865,45.98706341918847,7.877519403288769,-3.679706762521647,773.7475882051763,9853.822304764642,2
2013-02-11,5897.85009765625,12101.94678393261,5993.697647961627,21.241594878294798,45.99003078464079,7.8735878279763165,-127.73383859621312,380.0960167427374,9786.329238392778,2
2013-02-12,5922.5,12130.473213175484,6064.106850352776,22.385344466831327,45.99212217852447,7.8695093881555245,299.9272105223363,364.3813927950401,9621.711212481663,2
2013-02-13,5932.9501953125,12152.959038880475,6058.679708853892,22.089942597893405,45.994552787437634,7.867007691816418,-281.73962369464596,-530.8282389872219,9859.48899915472,2
2013-02-14,5896.9501953125,11996.879289293774,5991.418836568696,20.00154741846948,45.99052678131828,7.866051830577985,-397.14244498476484,26.80265133952338,9356.192957482233,2
2013-02-15,5887.39990234375,11986.489648258314,6025.932251459629,22.04104394751267,45.9892478032085,7.864193975312636,399.0177136388985,555.6547828789471,9559.002964170431,2
2013-02-18,5898.2001953125,12057.271735050399,6081.326855483278,18.65800077204728,45.99269449512273,7.862326211021908,586.3063208939179,760.1852398929675,9674.59330640497,2
2013-02-19,5939.7001953125,12165.198894536974,6174.688690666639,16.358267971076067,45.99167876676734,7.860786796380638,-427.3750824471051,618.6510766350392,9804.682933335183,2
2013-02-20,5943.0498046875,12095.627999114115,6165.45564901611,18.657737856578983,45.987396069143934,7.857987491185189,-195.4972948431261,377.28548026651316,9640.419649702917,2
2013-02-21,5852.25,11888.156803658469,6051.597011924845,18.387478971447425,45.99042003788355,7.856193200327818,268.0170173045817,977.7618101705334,9362.1311972781,2
2013-02-22,5850.2998046875,11919.124740999114,6047.005515975165,18.736025856401646,45.9892882428985,7.8532057860957,-181.25800072430897,701.5526669101416,9339.723358552756,2
2013-02-25,5854.75,11839.82705003866,6081.011920090721,18.081250541516223,45.993076153879386,7.850481337783429,87.83540349519345,281.85207437652844,9705.41166445945,2
2013-02-26,5761.35009765625,11583.96520251846,6021.576450144221,19.077780844840575,45.99362090971687,7.84787837217155,162.16143899535302,1054.6331955860242,9630.783751106324,2
2013-02-27,5796.89990234375,11703.821827757794,6079.743131188522,21.240034428187155,45.993389251388166,7.844917055071577,-374.9218302226176,71.14982958801983,9551.69145587088,2
2013-02-28,5693.0498046875,11487.845702106628,6021.365590160545,23.430514205325142,45.99807882406153,7.842432551290579,17.70986536010369,-41.552066161236894,9524.082982928103,2
2013-03-01,5719.7001953125,11566.197134645876,6087.970046298025,16.549307051481954,45.994770857204124,7.839756885559788,-152.4770778039748,273.66838386282313,9764.910009849586,2
2013-03-04,5698.5,11605.134259982218,6052.419306687441,17.424530746198513,45.999673520743016,7.8366254680113645,-636.7474373575049,172.40794659382445,9997.687323457058,2
2013-03-05,5784.25,11820.962299543096,6193.421804207986,18.417107482543663,45.99835545275638,7.834058478270037,-545.8610585713601,290.5205156539303,9775.056735277049,2
2013-03-06,5818.60009765625,11929.787051273115,6301.890321384357,21.531483754873186,45.99944256233732,7.831784730342432,-410.96676975854746,639.4272089203347,10010.656317988944,2
2013-03-07,5863.2998046875,12162.188054604898,6436.970596263165,19.5901051140539,46.0005580229236,7.8282532355447145,221.40794032104168,389.80612851859644,9686.063817490303,2
2013-03-08,5945.7001953125,12341.104571066508,6593.232056573919,18.551781553792754,45.999876663452916,7.82623645445567,234.54326492533102,397.5109697140644,9850.707977819207,2
2013-03-11,5942.35009765625,12294.158134813773,6589.790682344326,21.433466015410843,45.99819032538268,7.823305939357513,149.96516732864706,417.6444448626713,10033.32903017546,2
2013-03-12,5914.10009765625,12250.980495520722,6543.790677833967,21.91278053268394,45.99768085881579,7.821064720194893,26.04428130624717,-293.69764789243607,9743.352803462345,2
2013-03-13,5851.2001953125,12129.770431264513,6483.17480450458,19.96248008115274,45.99523717076441,7.817957421591607,15.130522862575873,-54.57815237542019,9784.346219389869,2
2013-03-14,5908.9501953125,12236.370220370432,6626.640078745661,18.367561546758914,46.00172305269325,7.81656334674743,-38.97582017806798,284.4066203711735,9711.036672314342,2
2013-03-15,5872.60009765625,12103.76090345288,6595.044101437904,20.540559134470787,46.00087965978119,7.81507233287816,13.038822168653667,147.12135959567874,9905.37489825454,2
2013-03-18,5835.25,12130.943870595816,6562.7753865803425,19.533463583094868,46.004956501544484,7.811573264755763,40.14503346568097,330.46375385616466,9971.165921711232,2
2013-03-19,5745.9501953125,11944.04760729879,6445.342431050391,19.51797351242908,46.00863802042021,7.809646044377141,-711.7688662909524,821.238513882427,9868.320077020726,2
2013-03-20,5694.39990234375,11792.163005019083,6363.792567617602,18.975199562796327,46.01032680963708,7.808637565769593,-466.0988583776954,377.66515078204077,9759.5331007561,2
2013-03-21,5658.75,11754.219803483635,6310.02150543868,21.84996649464418,46.010519772534884,7.805232115867517,-561.568649792817,3.3495346831043094,9515.343054959016,2
2013-03-22,5651.35009765625,11732.20079913531,6305.248678789914,20.49976045265359,46.011701118076125,7.801903378894962,292.85800306160354,162.07006382059794,9805.121310369877,2
2013-03-25,5633.85009765625,11680.484701912177,6346.954451516492,22.07140176377926,46.01401762737789,7.800176153921689,511.64004143344505,913.1727726976761,9781.98084116546,2
2013-03-26,5641.60009765625,11724.5125660819,6348.303027296933,22.67265229095625,46.01491903275968,7.796404198830561,-1017.61916816487,859.7481914377045,9871.102909166319,2
2013-03-28,5682.5498046875,11757.585326213864,6405.861575185468,20.91796153773328,46.01081878578775,7.793159426712504,475.9258447486643,578.7632306946647,9852.743406084006,2
2013-04-01,5704.39990234375,11824.08715347036,6402.159292101041,18.987045770229695,46.00596385183899,7.789675029383094,-115.31145058738818,-68.74492120859901,10144.121643624307,2
2013-04-02,5748.10009765625,12015.739562075218,6489.127306219229,22.08065246443957,46.01109081651043,7.787950318314211,255.08792766348074,492.0414805312449,9702.833914242197,2
2013-04-03,5672.89990234375,11866.167122093173,6440.646918227483,20.93132940455671,46.003786674800786,7.784783239582726,52.58686183395852,515.1091297452106,9534.770080996888,2
2013-04-04,5574.75,11624.962316406883,6370.093373265725,25.206735553615278,46.00497373026167,7.782021543265651,426.15802143996825,407.66206251707206,9624.909795000933,2
2013-04-05,5553.25,11552.293007380375,6348.422168856864,20.620205776989373,46.00486879621818,7.77879369185417,-66.10302665700154,228.99668331719215,9730.15302700188,2
2013-04-08,5542.9501953125,11509.84064975099,6356.174793919395,21.395376078028168,46.00595119965575,7.777460253610146,-695.3817835251667,291.2106868390767,10073.466057341993,2
2013-04-09,5495.10009765625,11389.486149940825,6284.877313926243,20.580847782592063,46.00313129943204,7.774116500032923,-192.269953509284,208.08552784387837,9609.194167655289,2
2013-04-10,5558.7001953125,11517.997337921648,6392.997123186737,19.801802816263763,46.004783331895844,7.7702221281920805,56.26241844272232,56.47781249229274,9640.456372250508,2
2013-04-11,5594.0,11641.327137665738,6454.047330250415,19.482416900824866,46.006001381198374,7.766286168596553,-236.38444061374344,809.7963506404733,9956.995612028251,2
2013-04-12,5528.5498046875,11413.06254739647,6366.290294571346,20.588487689317134,46.01488441644021,7.76448827527285,113.09268886106827,664.6941385089085,10048.126661793143,2
2013-04-15,5568.39990234375,11543.64880757113,6426.90521399748,21.04235150362771,46.015874356579765,7.762760211453148,-176.27895545617758,314.52116722500693,9579.054965163934,2
2013-04-16,5688.9501953125,11803.90670675822,6613.965859131766,22.30877579928885,46.020519061900245,7.761512470821306,-388.203727645948,505.65349251033086,9539.875262666035,2
2013-04-17,5688.7001953125,11821.146517160318,6601.954913710667,20.617701116607527,46.0166230048739,7.757752845826368,-584.3913533246164,516.9102671171605,9739.790819442449,2
2013-04-18,5783.10009765625,11984.759072584768,6724.946454930924,19.074221649149543,46.02028329082804,7.755020635278189,-306.7261530133378,1102.8650674228186,10030.669505207079,2
2013-04-22,5834.39990234375,12166.764276465236,6866.900944084044,19.346292006802035,46.02156211073691,7.754944599328417,-68.17134011986906,661.7706042747113,9933.931582482586,2
2013-04-23,5836.89990234375,12233.301654553276,6983.082072130714,17.35412611419364,46.02297132678899,7.752136620184265,-933.7567217023802,650.4308856184314,9761.95444397858,2
2013-04-25,5916.2998046875,12465.48522429659,7046.9005997846925,23.322427687144618,46.02442203241937,7.749065231641078,-462.03056428600934,411.3943039208004,10062.298804970163,2
2013-04-26,5871.4501953125,12287.29583630124,6930.515788905771,18.917652772958302,46.0301410469333,7.746533934428982,-948.6768179097594,269.6728124769473,9945.375564101298,2
2013-04-29,5904.10009765625,12403.754675779539,6936.964383047636,21.934880920275813,46.03150636033047,7.744551299938278,-396.82994159121586,814.8130757984845,9904.403876935088,2
2013-04-30,5930.2001953125,12484.418967350313,6969.5408506283,20.553101714885067,46.02975399418291,7.74254965994011,328.9258937148894,595.6816352698554,9610.178841353876,2
2013-05-02,5999.35009765625,12564.646013123283,7105.838663400475,20.607463661678814,46.0285061800651,7.739418077370304,-624.4465526915342,151.1374137836802,9782.751075961609,2
2013-05-03,5944.0,12436.568328756284,7052.577070763661,19.765104249455327,46.031557562546695,7.736313622440809,131.26389834453175,536.1599663019514,10329.991207155126,2
2013-05-06,5971.0498046875,12517.21856368057,7098.519267451866,18.424402222746654,46.03349992892135,7.733495484294208,989.530050924928,651.2158265262437,9879.074465637299,2
2013-05-07,6043.5498046875,12713.769172500404,7225.598904221844,18.06292919901605,46.029508507935276,7.730241470966958,431.4152525029399,-228.7492868878585,9760.599831623897,2
2013-05-08,6069.2998046875,12782.556313242838,7232.541501549104,23.456930777609873,46.031652433406855,7.726480542474137,-96.59464784351528,123.28396222459986,9879.958468752944,2
2013-05-09,6050.14990234375,12753.116211644505,7194.66306368655,20.22792215767449,46.02900540633643,7.725760099714038,193.37378231859304,508.82944781197193,9984.848859851454,2
2013-05-10,6094.75,12932.958865135162,7257.714875877717,22.250535492375302,46.030920180395725,7.722822561838326,-697.8731209747167,-177.33839114862678,10142.247364127154,2
2013-05-13,5980.4501953125,12731.177987638752,7029.075221266877,22.769813875290502,46.029103518280166,7.719939496309369,-779.3658613642217,-129.83934976558817,10095.087369800096,2
2013-05-14,5995.39990234375,12620.663915301106,7001.238093038296,19.17830613980157,46.02885907307614,7.717085388151698,-138.5207563682425,318.8614778817216,9841.281160178576,2
2013-05-15,6146.75,12959.570079170286,7168.17330035566,20.84701153185569,46.02782464770278,7.714467667305045,9.444225387364554,547.4632777284827,10235.171575704035,2
2013-05-16,6169.89990234375,13004.80280271894,7233.730976728041,20.090021550982694,46.03298138665248,7.712363036849774,287.7617136996962,561.3351120703355,10149.098398359702,2
2013-05-17,6187.2998046875,12954.10182441225,7268.945452902317,17.685572393966222,46.03478692990341,7.709356285365281,-377.5048565605261,874.7198658074383,9902.48376217379,2
2013-05-20,6156.89990234375,12889.133750530296,7252.756940258591,19.629040048191488,46.03917026891033,7.707951919688725,-72.64180625534166,424.6791663668497,9970.855192722089,2
2013-05-21,6114.10009765625,12855.001687841963,7113.553527439985,21.175013180478455,46.04845590660072,7.706003866776286,-86.3553773788102,288.2041439618435,10121.689734416677,2
2013-05-22,6094.5,12754.197176334743,7023.443654360939,19.001941489978286,46.049196322626514,7.703264959736013,-202.5576422305868,7.792124153425505,10221.671386248392,2
2013-05-23,5967.0498046875,12480.93710252581,6876.69489553421,19.35031360925628,46.054302293185415,7.700048587001024,-178.98995045360047,284.6117150718893,9707.553543038208,2
2013-05-24,5983.5498046875,12473.18149016978,6785.475339639127,19.65326628922871,46.05280392618864,7.698581255708127,-491.8818010558242,612.2587923990181,10030.805792491823,2
2013-05-27,6083.14990234375,12669.574742004439,6973.42788022983,24.223058662620208,46.05716856051843,7.695864845946833,-38.11703664601474,625.8166610461356,10015.505441996735,2
2013-05-28,6111.25,12809.592071984549,6935.895728804679,16.33190212579112,46.055346033976136,7.692065627359236,-71.9800079219687,479.38570201854776,9912.36291884478,2
2013-05-29,6104.2998046875,12765.842290643928,6961.57360021169,21.00328659805452,46.05589078858152,7.690528134770778,-326.00470638241404,564.134480588415,9916.320144193627,2
2013-05-30,6124.0498046875,12835.064627931042,6951.49359471737,19.49332184549567,46.058101421552024,7.687241169433449,116.30970640942695,782.9150677223774,10248.552133450807,2
2013-05-31,5985.9501953125,12427.23663284077,6808.620408825065,18.718690182995132,46.0607841152422,7.685546963548673,261.1326353729184,422.5815529359876,10149.334583924117,2
2013-06-03,5939.2998046875,12413.284019788069,6876.339802640325,19.44424858568747,46.05756646031582,7.680467929459718,120.95051839018504,810.1956513250705,10470.309213211682,2
2013-06-04,5919.4501953125,12397.582748238636,6756.040167097366,21.334752487666847,46.055565394544246,7.67753245079321,-566.9773280242898,182.00594821019618,9937.501833886145,2
2013-06-05,5923.85009765625,12398.669146251343,6790.3410062699795,21.44904718804112,46.05799974478056,7.67612356353177,-110.14169325520334,378.01268663785277,10084.68872204965,2
2013-06-06,5921.39990234375,12421.593247738507,6713.73781597009,20.372034244869507,46.05749659509092,7.673557808730369,-514.5726251453809,255.75003104187388,10124.481869608115,2
2013-06-07,5881.0,12259.389184722475,6676.068241239414,22.185482632913253,46.053904549564336,7.671583038862707,-111.3781014800667,637.8115395217023,10247.629736549741,2
2013-06-10,5878.0,12310.605188965954,6663.710448722716,22.537665990201152,46.05429161936081,7.668106193400292,-513.0146788079655,95.65466602256538,10345.905776587046,2
2013-06-11,5788.7998046875,12091.132988333766,6548.557735230402,21.63275188390123,46.05453470484244,7.665876984392273,360.8653349419143,303.4703573489527,10096.178728387073,2
2013-06-12,5760.2001953125,12015.789020748824,6474.3363332684285,18.907615097705563,46.05566544978637,7.663301832984374,163.33258760793683,-157.9029472467961,9861.60480483136,2
2013-06-13,5699.10009765625,11853.069911864048,6422.456054741259,20.988883098425752,46.05785317374921,7.6609642840113406,311.1957221369557,578.3128256709584,9943.996413023295,2
2013-06-14,5808.39990234375,12077.697476690882,6515.113157370921,20.99840131827714,46.05985012782646,7.660420711598764,270.6888360781985,774.0370827176448,10121.27597953721,2
2013-06-17,5850.0498046875,12207.212267498107,6620.554726633688,18.368737132706897,46.05814560854294,7.659140489732433,-258.23988462946596,673.2123853900289,10324.260275122811,2
2013-06-18,5813.60009765625,12136.249994138421,6555.122865585907,16.861122211891484,46.05751312313679,7.657345722488056,-320.24389741097025,643.7882840409333,9810.321391200408,2
2013-06-19,5822.25,12187.861467912435,6511.801624324385,15.954448757250889,46.06089648921666,7.655561642060582,546.6895314800612,651.8201187939845,9871.1024406354,2
2013-06-20,5655.89990234375,11810.355438444474,6352.827895644501,20.139710980224304,46.05986693461553,7.6520618577664825,-216.04786006896603,609.9081485309515,10265.809875156294,2
2013-06-21,5667.64990234375,11861.700325768219,6366.112290068425,20.596079429733837,46.05928165843955,7.648998081506876,-691.8322569887996,584.3186867518239,9855.953305644092,2
2013-06-24,5590.25,11665.28426615863,6334.729157292942,17.636436844695172,46.055368851198786,7.6448710439844225,252.98669346633,603.6740372885879,9895.009102594884,2
2013-06-25,5609.10009765625,11813.528494569797,6407.19480919918,22.092064665102725,46.05588280978848,7.6410051043645835,-92.48973269451173,203.29536102773235,10358.040918240273,2
2013-06-26,5588.7001953125,11692.797022225403,6348.81612230614,20.304436298592826,46.05751862118276,7.63752032795419,452.3776495915929,339.94196694404604,10088.026875033633,2
2013-06-27,5682.35009765625,11970.55007344663,6474.4705163291155,22.698905229830707,46.05219214152742,7.63489108260999,-52.81212880766056,421.07297821255383,10077.547088049929,2
2013-06-28,5842.2001953125,12414.500501273962,6701.62636987811,20.741071739967182,46.04958139038264,7.6310640851349625,-158.00059493868523,299.2884583901459,10420.554258619666,2
2013-07-01,5898.85009765625,12504.929033466591,6842.437754444154,17.867332856241696,46.04591620717616,7.628421068321599,460.4483235098759,-69.89289081045195,9932.29179274684,2
2013-07-02,5857.5498046875,12520.13850184638,6803.025734704483,20.9165624265803,46.04888126388726,7.625661344511943,-765.386538014795,29.49730393181875,9896.419006227345,2
2013-07-03,5770.89990234375,12367.205425709084,6690.400918413481,21.3402213897442,46.04374421006692,7.621919583930061,-384.1449218412029,468.9928345070422,10489.13278661831,2
2013-07-04,5836.9501953125,12572.636526718608,6774.7943371236315,18.904752828225988,46.044108156275584,7.620835811695327,-504.94518874208325,671.7327726165754,10210.615080383324,2
2013-07-05,5867.89990234375,12647.599710453977,6815.970896510023,17.11581400538025,46.04686174274042,7.6169001097857585,-1028.0319114293138,402.80257274791194,10306.468750784437,2
2013-07-08,5811.5498046875,12503.831577773448,6790.824333326795,20.200592128613213,46.04802520768778,7.615404451485884,199.27057120664125,1229.4465585562584,10109.997349946698,2
2013-07-09,5859.0,12606.074215291146,6857.838752008573,17.99831072936763,46.04730533169746,7.610535395454663,-372.9673655931756,124.07127095341895,10156.644040154593,2
2013-07-10,5816.7001953125,12525.910127017036,6782.588428946602,22.241775326122262,46.04894473685779,7.607776595953075,212.14721665862993,533.4826426197094,10040.06106643213,2
2013-07-11,5935.10009765625,12881.533030173654,6926.800098864275,19.185646639146814,46.052655656759285,7.603960628577359,5.634596493841599,787.3607831948325,10253.270161000635,2
2013-07-12,6009.0,13068.652973495153,7007.752021595623,23.4492022129866,46.05293282192762,7.60068606529338,92.8569866510737,719.7031363496736,10362.990771458773,2
2013-07-15,6030.7998046875,13073.160742320231,6979.3641928570905,15.751682664962328,46.04681601022882,7.599874355396675,-332.159792336259,596.5200585323855,10238.525034169832,2
2013-07-16,5955.25,12936.83900307487,6844.3450955533435,20.269591208290297,46.05085920860525,7.596903777891229,-455.69925759401934,721.076192152633,10420.103427715436,2
2013-07-17,5973.2998046875,13027.956886014945,6931.320802553645,22.85878528020264,46.052660002570434,7.593173883911166,-114.09564991211172,416.61830429731003,10343.896993026532,2
2013-07-18,6038.0498046875,13218.80069397211,7013.372452340958,18.219391368225406,46.05316077347541,7.591034449564239,217.66727332326764,898.8645234461651,9999.535641189952,2
2013-07-19,6029.2001953125,13236.920098578536,7030.700734498954,19.68159812874593,46.0478196579307,7.588049917667674,-170.15280219349677,784.9477319062785,10189.174786631524,2
2013-07-22,6031.7998046875,13228.855637141623,6930.495028343302,19.19392857127191,46.0475247321212,7.58557014136018,-430.77452905291705,144.33171978683603,10132.122455753963,2
2013-07-23,6077.7998046875,13290.817625992882,7018.100578251831,18.632464715695434,46.04549830043103,7.582023503112752,-629.6072365593434,496.470381290316,10382.995536814753,2
2013-07-24,5990.5,13037.118117334212,6891.494914821301,20.489245282228563,46.04244946264214,7.578524419058563,-68.3347938704692,-64.18898885805572,10328.388613871393,2
2013-07-25,5907.5,12756.205739739931,6758.311394300691,17.409156798001792,46.042640114350036,7.575101196995201,-371.62701397141507,856.5366919707128,10265.048649935912,2
2013-07-26,5886.2001953125,12717.76155392274,6736.443810888537,19.77806243733955,46.04163221369354,7.573262425534846,-178.69623495589596,467.2694323095203,10451.679304255225,2
2013-07-29,5831.64990234375,12584.570894370378,6642.153434864133,21.031988475369147,46.040821917285605,7.5703967381430495,-245.51151289946375,804.6318532201038,9866.636917717975,2
2013-07-30,5755.0498046875,12382.235457266692,6455.488445017399,19.569812577226713,46.0436407963854,7.56670797753456,-327.77238987381816,367.1927485696511,10130.426792158685,2
2013-07-31,5742.0,12206.224809379923,6473.669672755794,17.99959160002845,46.04500751280575,7.564227664230261,-32.478575696195094,-156.88024962959332,10152.825890886828,2
2013-08-01,5727.85009765625,12112.598057578285,6463.972704556936,22.060370797203003,46.04412096833641,7.561663388893968,71.80163365764281,1191.2102623209971,10315.898542426665,2
2013-08-02,5677.89990234375,12050.869240289847,6384.644072069799,21.4605139232337,46.042853824673855,7.559591625081237,636.1115778603133,439.32656415617197,10382.81218386642,2
2013-08-05,5685.39990234375,12036.350646353774,6357.808385020119,17.917625657392517,46.042089248962476,7.556462855820072,153.18708587380473,99.93741297946008,10274.055890531821,2
2013-08-06,5542.25,11724.46045216769,6114.422754892191,17.411784869954918,46.041946916272174,7.553736725206733,487.4729317896562,743.7286865172666,10009.036891733404,2
2013-08-07,5519.10009765625,11573.737223818393,6096.123133609642,22.09615116801235,46.0442990668253,7.551508264012916,-827.4401485606948,1310.7571843732885,9642.329421160613,4
2013-08-08,5565.64990234375,11782.889932631055,6248.210849429404,25.09054633097443,46.04177138643642,7.547847200789905,-1140.3779082908095,639.2685476628959,9593.724928274398,4
2013-08-12,5612.39990234375,11881.99250482882,6323.060468900058,24.55114579792509,46.04674670408894,7.546080153444869,-505.77210228806325,670.2272767819085,9292.68713077688,4
2013-08-13,5699.2998046875,12100.128727403384,6388.420397364505,21.58016542489143,46.049101020062324,7.543441777224497,193.21089765963973,471.4138704134738,10238.732369254238,2
2013-08-14,5742.2998046875,12315.005466333143,6455.235343819052,19.34769956389877,46.0414872360897,7.539684405294824,130.4646872637718,66.70881053436995,10381.718031079321,2
2013-08-16,5507.85009765625,11881.775124338294,6143.638463384518,22.150531524999785,46.04234328379299,7.5359180949839075,-15.447371069370092,492.79976512558915,9905.027492287427,4
2013-08-19,5414.75,11641.459826097105,6067.276031907882,25.837692976828997,46.04606549372311,7.533159289909864,-1514.6181435940825,1234.5777593095067,9383.763176087361,4
2013-08-20,5401.4501953125,11568.798486524143,6082.5431061885165,22.893102973097673,46.04783161144759,7.529948149479733,1.1907579536830895,660.3380686301456,9749.066009370408,4
2013-08-21,5302.5498046875,11315.997714950072,5792.584215042694,24.37309611170796,46.04719458856844,7.52804034376764,-365.8149494281438,448.73290659243696,9395.37369725859,4
2013-08-22,5408.4501953125,11602.790137575776,5962.271977638996,20.900150321769253,46.0476113132295,7.525089692209903,-1117.6053380500052,564.3874310910176,9362.670281646971,4
2013-08-23,5471.75,11745.715218723019,5992.237871094771,22.8603791513544,46.048746273074016,7.522727362226351,-210.5884613084777,1021.8471061990404,9378.593778318436,4
2013-08-26,5476.5,11729.088485985467,5922.218344892706,26.018792641883028,46.05165503783789,7.519211898075024,-432.20696926681467,107.23093446251835,9732.554566201807,4
2013-08-27,5287.4501953125,11391.902926152163,5672.2769403235525,22.567450866660284,46.04800975329352,7.516520602996994,-347.5082805687797,776.3949692061549,9645.887675064701,4
2013-08-28,5285.0,11378.297761825661,5690.1310297819455,25.629007642902998,46.04679469823381,7.515166394199801,-100.35633987385535,1438.6656235127384,9565.010502288456,4
2013-08-29,5409.0498046875,11838.117593254414,5766.891088170682,19.337960607623614,46.05231043261801,7.512347085955873,-327.8898526277137,1309.3187881867088,9718.471013719869,4
2013-08-30,5471.7998046875,11994.504917379976,5872.507424285648,18.881216680713628,46.05300927428785,7.509121517068449,-739.1300393878741,571.9608342456019,10368.660425088872,2
2013-09-02,5550.75,12273.731296549917,6002.499751140833,19.657290708243735,46.058192980698486,7.505583693066261,-207.2105079131636,794.9327830131942,10388.164813739351,2
2013-09-03,5341.4501953125,11800.33580406904,5739.378310423368,27.48508060668481,46.06774975981184,7.50288949960404,-1147.0580683403568,1092.0478854388825,9585.837461598654,4
2013-09-04,5448.10009765625,12108.926982897818,5848.0303823878685,17.661874239971098,46.06687365539142,7.501621998013659,109.62475222355692,362.24439895327043,10162.13355757775,2
2013-09-05,5592.9501953125,12432.207675694619,6002.243832581683,21.34198659089418,46.063881811967335,7.4975802042588,409.1880966336158,677.438141009292,10731.537697895401,2
2013-09-06,5680.39990234375,12604.762700079495,6153.689419549608,22.11386356249759,46.063685219834994,7.494850714745317,-646.5807850209303,936.5749056362071,10676.342670729124,2
2013-09-10,5896.75,13168.260087934237,6383.324356798405,18.55702070551145,46.06758219798794,7.4904559089808265,-418.5855042129641,20.871327062760656,10720.96300437807,2
2013-09-11,5913.14990234375,13260.940400476717,6445.700086499032,19.25295210245462,46.07189888560327,7.487363201355405,-502.9477284488674,572.995263244479,10283.433723308965,2
2013-09-12,5850.7001953125,13109.886695973153,6358.221318705447,20.28325754762381,46.07931481805874,7.4849423442289,-331.56210877533476,508.4426344265655,10258.765627497698,2
2013-09-13,5850.60009765625,13042.356616623982,6354.435887451316,17.037030065614942,46.07980440150079,7.480677012068997,14.969263279547192,430.9493454922633,10319.415071491376,2
2013-09-16,5840.5498046875,12947.097399632146,6276.69281934564,19.089793576277287,46.08186857104745,7.477545925344289,-327.2276488404636,404.38999169961414,10634.362702159124,2
2013-09-17,5850.2001953125,12896.81804600233,6283.616504081327,22.55222408189283,46.080333262094584,7.475148858024613,111.01206907961,469.5009917591286,10415.72981067218,2
2013-09-18,5899.4501953125,12925.091455713336,6370.827854879402,21.04530962172884,46.07341230724645,7.472591110236165,276.15190803039,494.6716593548455,10307.611362468446,2
2013-09-19,6115.5498046875,13462.417982971972,6603.947136434992,16.186497421033515,46.07389334915351,7.470239894030008,540.7037045317109,635.5845878589535,10501.744564009328,1
2013-09-20,6012.10009765625,13273.83353274456,6490.6346809875995,20.226144723672967,46.071032086392286,7.466573844838003,-597.272438147859,542.954398968154,10277.287798205565,2
2013-09-23,5889.75,12979.294076010901,6337.43189531061,21.161810731059543,46.07356215800207,7.464171232421099,404.3715777890892,346.63702159708845,10153.079807489008,2
2013-09-24,5892.4501953125,12868.956877391573,6316.474605315325,21.544820295820227,46.06851797804045,7.460877247030125,436.4289139504956,148.02356275269125,10468.01480965678,2
2013-09-25,5873.85009765625,12814.568243557917,6324.945118069625,18.887171705241794,46.066899979368294,7.458896052697075,471.0719724948674,258.2672446518887,10338.260671900192,2
2013-09-26,5882.25,12826.386922768497,6252.6406442079,23.06944188655934,46.068303016979215,7.453888941689782,-213.12592788707832,478.34983086370914,10448.267492411374,2
2013-09-27,5833.2001953125,12816.277572140601,6203.276541031862,22.632696402409323,46.070020103481454,7.450901647194045,-450.7369893241111,188.17877863530188,9894.715075916429,2
2013-09-30,5735.2998046875,12508.718220158948,6138.953385057623,21.354515260706425,46.07047778573903,7.4483016242627835,-543.6964765920338,683.7631266143866,10274.589527936714,2
2013-10-01,5780.0498046875,12596.83964161505,6250.472092171067,18.314080268308217,46.07667982124282,7.446950951924226,-590.7119546299277,529.0165422018566,10456.854322289702,2
2013-10-03,5909.7001953125,12999.918761030203,6436.0348254016135,17.959552186458815,46.08198821215025,7.4443364507612335,-145.3238373340525,743.0582260171032,10153.764813787844,2
2013-10-04,5907.2998046875,13017.521084760629,6421.265019361284,19.346792406806813,46.08053522967105,7.441822255053693,189.14074259617007,208.35423370989213,10165.787607123812,2
2013-10-07,5906.14990234375,13044.092567046539,6395.321689395952,20.121530195288823,46.085963458674414,7.439494091125169,372.62337639493774,150.6797006055253,10489.567986779819,2
2013-10-08,5928.39990234375,13104.264056613812,6412.632633093118,16.463016268881894,46.09185006302078,7.438042362035225,-344.22284654494047,740.8171678802996,10633.635091383814,2
2013-10-09,6007.4501953125,13315.450318162779,6537.362139133231,20.989386267090513,46.09207835589866,7.434954499767912,-165.47530683211554,438.9861870002662,10304.43446743468,2
2013-10-10,6020.9501953125,13389.989931834372,6523.342710381422,22.574924527696943,46.09281456526721,7.430844289927091,-191.67502136057828,339.2448613294329,10441.566900550832,2
2013-10-11,6096.2001953125,13531.459294246886,6652.07679483293,21.152948279661754,46.09326240060783,7.426541503391018,-404.1120999460556,609.5981486957189,10451.444628724577,2
2013-10-14,6112.7001953125,13619.55722890596,6759.682988939443,18.64789439439153,46.09192740244336,7.4244963395599886,144.2998119042477,598.4347715937181,10178.403580188105,2
2013-10-15,6089.0498046875,13487.439104402869,6725.873631007391,18.41119320519902,46.09089039940459,7.422009078218295,-4.860701350709775,23.270878980012355,10760.644795814573,2
2013-10-17,6045.85009765625,13400.180367269064,6615.278317035422,20.599704688348158,46.09544836712178,7.419041168759476,-93.27072995215752,815.3935369258268,10478.31956253758,2
2013-10-18,6189.35009765625,13764.488094575694,6751.7096126599445,19.693392569323642,46.09736049555123,7.415742419249625,-6.677824321630055,276.87791697538785,10485.608126242161,2
2013-10-21,6204.9501953125,13768.719251121935,6803.789328718459,20.886082348511817,46.09629792691005,7.413209519447309,96.18049918299349,910.0054143225715,10605.432556857204,2
2013-10-22,6202.7998046875,13762.22253197336,6798.52285600286,21.20344274521127,46.09411993869298,7.410704443311285,92.17480765215527,-0.06458406909882797,10203.360951140674,2
2013-10-23,6178.35009765625,13668.600757046634,6802.133286267835,22.183781057789325,46.09244560749714,7.408468417509019,-485.3959824487429,495.2196647440934,10730.875676769758,2
2013-10-24,6164.35009765625,13576.2495122472,6761.977003959227,17.735753142140958,46.092554041831036,7.404642849332689,208.53141949717843,344.3136397184572,10763.572219566388,2
2013-10-25,6144.89990234375,13510.087782971585,6770.078753322393,20.443237895698623,46.095893551492956,7.400160607500896,-47.85355292777626,-192.5704029302551,10576.755864761946,2
2013-10-28,6101.10009765625,13345.51110564663,6706.04613685794,19.273049992077354,46.093913307984685,7.39652811995736,-323.8464779921061,597.4623934154989,10649.70939014926,2
2013-10-29,6220.89990234375,13654.520234859954,6835.8268028060165,13.302729912129276,46.09721841568909,7.392457016657895,443.69187657846805,-427.1811080235018,10488.365195677654,0
2013-10-30,6251.7001953125,13666.075032168459,6860.036463760533,15.228817705337487,46.09840928593406,7.388333113136021,487.7909906900213,62.49994170989223,10744.633475982204,0
2013-10-31,6299.14990234375,13819.950991664049,6873.258463986523,15.446251746102487,46.09943781176165,7.38718087938279,782.7134668656495,481.2826433148563,10393.392935958918,0
2013-11-01,6307.2001953125,13774.143183558082,6966.465892018136,16.29688730076731,46.10311520020609,7.382190925427339,-68.4622513940721,-9.010793188511656,10565.519324389512,0
2013-11-05,6253.14990234375,13614.037007949952,6891.206776802614,14.351180500736536,46.106245276359914,7.379936706915479,879.9937414616772,-121.1202454546559,10583.189027996126,0
2013-11-06,6215.14990234375,13489.590969079987,6867.643116615129,13.279966418488412,46.1026317226822,7.378118821312141,359.266542523931,390.10694116860304,10574.285547641803,0
2013-11-07,6187.25,13494.484129013052,6808.779929430847,12.994243061099233,46.09997968174477,7.376380452179469,147.53869970056056,75.14458484118015,10813.912679742878,0
2013-11-08,6140.75,13401.078355514246,6705.196563759899,10.030489995210662,46.09989113224874,7.373930911132061,135.29676005714614,28.482091593053397,11056.15085828917,0
2013-11-11,6078.7998046875,13241.966002907708,6615.222931850839,16.179470089797206,46.10155905071784,7.372523119119775,-50.547103337031785,532.4977431507969,10574.347694417975,0
2013-11-12,6018.0498046875,13123.346018506627,6579.693437818113,19.35620317242866,46.10625277768351,7.371577899157599,-846.3659535026972,49.81637945362684,10702.42057726937,2
2013-11-13,5989.60009765625,12945.70246987048,6522.063984063758,21.01179412000582,46.10704798026109,7.3685461410922,120.95995214368145,262.11782335887335,10437.492475294795,2
2013-11-14,6056.14990234375,13102.634609279798,6575.172196860932,14.857993051484865,46.11275906915727,7.366263189118365,1142.3545601687856,409.9341033209313,10831.813950896387,0
2013-11-18,6189.0,13530.324378174226,6756.852851002956,11.009368981899721,46.111239042615615,7.36480767353769,-297.046139534326,-219.5842066528553,10507.943067250659,0
2013-11-19,6203.35009765625,13572.060611348827,6795.996830259951,11.65330721508073,46.11022630665278,7.361213529271181,-30.17116637214332,682.604147920858,11291.092758281491,0
2013-11-20,6122.89990234375,13383.455126746867,6757.332623965283,16.59403981411099,46.109909259139194,7.35823557174412,650.6332756581332,84.94575447996824,10272.80725603194,0
2013-11-21,5999.0498046875,13117.689595496282,6609.301013005443,14.080871031367089,46.108057576562295,7.35487584658938,331.7452365314308,412.3582144237095,11089.66446487617,0
2013-11-22,5995.4501953125,13156.080644408701,6630.112825947236,12.338828671402968,46.11213579000814,7.352602077704593,683.7676969100596,411.7305534067626,10848.934094786626,0
2013-11-25,6115.35009765625,13341.674021842648,6820.519563389874,13.247305977744912,46.10442629727311,7.347968398996864,309.3117907404653,104.31362281127173,10404.209994606446,0
2013-11-26,6059.10009765625,13118.785805786105,6699.14402536061,15.672473809665679,46.103515590478956,7.346668624617657,117.74900029344889,6.296366446032295,11142.100493246027,0
2013-11-27,6057.10009765625,13125.059067978173,6657.89700704049,15.368628959468609,46.107560212319555,7.344465208611317,259.6631557307476,137.11063141374117,10455.384939495503,0
2013-11-28,6091.85009765625,13170.435441169011,6660.434847272406,10.567836475520714,46.107223256876345,7.342317136695534,-602.8357689023853,363.8052742471125,10591.242990663073,0
2013-11-29,6176.10009765625,13442.69220049454,6717.982214620504,16.768567687343786,46.111041916287284,7.337215019639099,-107.39373825938594,-145.9274531882573,10386.779843674536,0
2013-12-02,6217.85009765625,13525.960681163728,6805.101273231034,15.43229606199736,46.11823496872227,7.333435298523678,729.3117496874806,-210.9775766193311,10637.102532876175,0
2013-12-03,6201.85009765625,13383.761837251832,6795.93700738798,13.195049501316827,46.11907612266338,7.332185417260447,826.7599376715378,595.260816526087,10662.152967243457,0
2013-12-04,6160.9501953125,13219.80182385645,6745.584633154543,11.116555113826559,46.12318292547037,7.3292669032525675,912.4664220369265,-70.45652112986892,10855.722653840345,0
2013-12-05,6241.10009765625,13263.652704937504,6745.9550445867735,15.608017280121851,46.13104033804144,7.324800984208961,526.3477385792131,256.22516460852086,11204.500132228834,0
2013-12-06,6259.89990234375,13295.217666161521,6854.399052158055,14.452855000589238,46.13284661016307,7.322280014956189,-552.427549714508,89.33873733026907,10578.900814975552,0
2013-12-09,6363.89990234375,13530.222847742682,6955.004222863397,17.08440324384447,46.133302420600906,7.320215856086058,-404.00261167485667,352.64031663297635,10104.89756277383,2
2013-12-10,6332.85009765625,13434.971269521733,7000.051075455146,19.535843849283246,46.13660981655318,7.318003316648057,379.8622706194527,829.1169164162934,10837.42145018492,2
2013-12-11,6307.89990234375,13434.725821708607,6906.715716311024,26.252345885584976,46.1407624668133,7.315108175493328,499.2216954734214,374.44924367274285,10585.904491122545,2
2013-12-12,6237.0498046875,13333.5278522314,6781.114493756947,20.03300351482884,46.141246020931675,7.3134983097495745,395.0590972028973,292.9521615346368,11098.231199636262,2
2013-12-13,6168.39990234375,13164.09082682967,6604.268766827808,18.516058811328687,46.140394489955995,7.310050185756727,-244.5009859079198,319.0853091175322,10706.404405038222,2
2013-12-16,6154.7001953125,13020.316056199756,6601.017691380922,17.983006749386718,46.146146675910884,7.307843490842617,-672.6303466298261,248.9624742767483,10556.134824840057,2
2013-12-17,6139.0498046875,13016.046186389394,6537.565766275995,23.54419796685884,46.14593483253772,7.305231063333009,-166.25263598339268,198.97279221248678,10506.658442178386,2
2013-12-18,6217.14990234375,13228.828151059148,6595.536375719793,21.695518979155377,46.15011601884916,7.30234988136326,-144.077192707895,250.165941125236,10862.628567401187,2
2013-12-19,6166.64990234375,13127.391521684563,6477.993365695271,22.814878227834456,46.151504620668774,7.299222149260846,476.2259280365812,898.9630338665846,10674.933598965568,2
2013-12-20,6274.25,13434.425841974067,6645.988112761354,20.496370568184314,46.157585516141744,7.296129192517073,-58.883479951115476,613.4466481181278,11054.309449338036,2
2013-12-23,6284.5,13396.027667853614,6687.516348684284,22.508038470665575,46.15563837837378,7.293411463332993,-143.3275284476915,296.4410353420983,10698.872755948794,2
2013-12-24,6268.39990234375,13466.096824188851,6739.869153662521,18.303359220904177,46.15368543716768,7.290368152429733,-120.6019407426165,694.4966903856468,11053.296399122055,2
2013-12-26,6278.89990234375,13439.256919545029,6725.702318112406,20.325181961830115,46.15684889637317,7.288350035479813,9.943531905074565,-76.1581404162111,10457.382423604004,2
2013-12-27,6313.7998046875,13562.261525985008,6779.607502128907,14.074107029945472,46.15405787845344,7.285062277294907,600.5760344246273,562.703505514701,10385.153692667265,0
2013-12-30,6291.10009765625,13417.862998959203,6698.401360898502,16.26489386375044,46.155007763840906,7.283878220169042,60.18502639280166,538.5467309480767,10942.844213819892,0
2013-12-31,6304.0,13398.213408915954,6701.418773667382,14.137686080280911,46.16025299153979,7.280544639027364,-73.04815785022748,820.9002042070923,10669.351283877508,0
2014-01-02,6221.14990234375,13286.2562165533,6576.056382432062,18.74897651652757,46.15549849512299,7.278711253442022,398.2234085618794,703.465431723597,10717.642209143798,2
2014-01-03,6211.14990234375,13248.950908816572,6581.6997166684005,20.128147677840747,46.157304912958814,7.276920460957466,-806.4165177742734,531.1703631595516,10561.267437648265,2
2014-01-06,6191.4501953125,13247.239987898753,6596.8295110699455,16.64717359507952,46.161540149126786,7.274331781548943,505.098983681909,787.3421154604446,10550.405056531363,2
2014-01-07,6162.25,13191.190436964605,6598.722710229718,15.358062533459465,46.16206242613163,7.271653478495247,-914.2714789014799,212.25717058792094,10926.76102163937,2
2014-01-08,6174.60009765625,13214.754260234524,6581.246813046492,21.662682740216574,46.159881147640526,7.26816893775071,-383.8164531324084,281.37505248935497,10790.571900526598,2
2014-01-09,6168.35009765625,13272.257059175596,6612.75504464159,19.25051222738731,46.159693323616246,7.2648957926445155,238.74158823337888,380.7265544639683,10570.695582178421,2
2014-01-10,6171.4501953125,13267.03152872278,6614.994415201902,19.477165402039464,46.15777776425683,7.262359013425494,-149.86324436869057,810.6644592701178,10975.576611496705,2
2014-01-13,6272.75,13412.87225544493,6733.455688659811,21.66189335873323,46.15858523893188,7.259556836624109,-676.5907215047364,143.23649416532987,11063.807232027548,2
2014-01-14,6241.85009765625,13297.595676418126,6665.374585907676,22.794020770089197,46.15835512225082,7.257982411982726,20.57126165039844,111.38149072910227,10791.307298727503,2
2014-01-15,6320.89990234375,13513.902102278757,6744.7465897667025,21.068975909655165,46.15741534068343,7.254769856531677,-123.19826327980755,470.961423462105,11036.989402858884,2
2014-01-16,6318.89990234375,13530.588344127636,6813.0378625486155,23.856145660435622,46.15941378286831,7.251617380350018,-236.41931537679113,615.2591491227597,10608.060813272936,2
2014-01-17,6261.64990234375,13312.70122902595,6751.8087242374695,21.005378268114555,46.164751129734675,7.247193802736995,-399.56891631316313,189.07582721797712,10955.025669398832,2
2014-01-20,6303.9501953125,13373.193113887188,6813.900010446348,20.604426927159988,46.16633459237121,7.245078059089665,-163.84239981224007,601.1253858315799,10870.105255519675,2
2014-01-21,6313.7998046875,13365.062144680884,6815.9544336491535,20.480777645009198,46.17096558908254,7.242871592676994,-382.76864478094217,810.5198026151212,10668.493311319377,2
2014-01-22,6338.9501953125,13404.143305885294,6949.863756901593,17.429008875732766,46.176302063775886,7.24108858639804,823.8130675396635,760.1385080450575,11290.471893821357,2
2014-01-23,6345.64990234375,13346.081337521207,7013.3846230935505,21.911997211280244,46.17514214286893,7.239361542337177,-246.00686072670914,505.9878305584725,10900.721798233108,2
2014-01-24,6266.75,13131.740721141243,6879.690053597156,15.109067959969428,46.176566718380904,7.2373896271769835,-299.5027815276442,372.8206753333067,10726.990121176388,2
2014-01-27,6135.85009765625,12796.10731271432,6698.384010385244,18.827494285448445,46.17589187544846,7.235459510845963,-366.6544581951156,920.6870906942243,10864.574348200598,2
2014-01-28,6126.25,12813.586984210406,6677.230648491928,20.045860701135226,46.172045383924925,7.233307987535772,560.7803371352773,404.62119834743527,10676.372583827486,2
2014-01-29,6120.25,12841.283382553103,6675.227522857969,18.420475353173273,46.17371266653108,7.231310139777364,-805.6267511582266,682.1063858845614,10618.900143156363,2
2014-01-30,6073.7001953125,12726.870556169293,6586.808216129802,19.096488153854356,46.17115621767694,7.226705898781468,-6.227031240232918,987.4844437556729,10777.713765916784,2
2014-01-31,6089.5,12743.341159731179,6624.821378931061,23.678751132454458,46.17320912750373,7.222843501370007,-245.71598875056185,650.5804238889802,10797.45375759273,2
2014-02-03,6001.7998046875,12550.073372923689,6568.291106214154,22.208047771563358,46.16914149325431,7.218817384024374,-719.3600418568049,100.87263012789617,10710.492148554984,2
2014-02-04,6000.89990234375,12507.084940206625,6515.552412916663,18.628344638386523,46.17025447225274,7.21732432788891,-477.63053114524644,28.293165607513743,11163.12959837775,2
2014-02-05,6022.39990234375,12499.00481323794,6499.481943059956,19.060866978055248,46.16614227323993,7.213777844156774,-23.21840243766688,310.71117398106986,10728.800157362737,2
2014-02-06,6036.2998046875,12483.7397624879,6498.641544127767,17.445992102896312,46.16876386753904,7.2103911735705974,-495.7572878624351,612.8497370374675,10697.485352290852,2
2014-02-07,6063.2001953125,12513.27157034211,6516.387207298163,21.409987572012273,46.16818372731827,7.20763374900161,-46.17442871198283,533.4357600532039,10647.152414813228,2
2014-02-10,6053.4501953125,12433.159338197416,6582.280292165435,19.500515099179047,46.167314347995664,7.203625725088584,541.6612914745406,1062.124619639102,10631.078092202333,2
2014-02-11,6062.7001953125,12462.15113222545,6634.114199325293,16.067067058210903,46.1712938625494,7.201241673573133,-81.75972911306582,530.5168863284221,11140.19041828046,2
2014-02-12,6084.0,12546.974783386651,6699.996428487704,20.201567183620117,46.17092915204476,7.196346446049173,-731.4049914097983,301.76763497480977,10977.319772101944,2
2014-02-13,6001.10009765625,12282.097489224978,6580.888282873764,20.87795776720365,46.17186170985097,7.192403888827905,-488.71850473875594,59.997369067032935,11076.83300694444,2
2014-02-14,6048.35009765625,12390.178970802042,6631.958238515199,21.926281946350105,46.17186586123007,7.189837418052758,-264.16229549810487,754.1312133692034,11153.678903943219,2
2014-02-18,6127.10009765625,12557.856488659714,6677.9695645346665,19.85329041084645,46.1739880384881,7.185830286243123,-290.8940475978636,398.1816312375247,10863.186199626944,2
2014-02-19,6152.75,12633.063364823513,6743.155496045185,19.254657674427236,46.17771687325489,7.184363705962132,-89.1944619536327,-51.841930469819545,11263.2972709766,2
2014-02-20,6091.4501953125,12494.72313987889,6682.677469149938,23.972529360979056,46.180823779625555,7.181644105015091,-25.02282316877327,406.67818087458085,10808.948154165966,2
2014-02-21,6155.4501953125,12566.684080320527,6819.884562100108,20.013172312199103,46.180023773916886,7.180010118568373,542.2111820475435,101.27856666189791,10711.249745783805,2
2014-02-24,6186.10009765625,12572.059814196371,6852.083321372176,21.43912366319587,46.184250914822705,7.1776018132544745,-151.4878660351575,272.3087468950554,11038.16162297399,2
2014-02-25,6200.0498046875,12604.767054714663,6864.8080325552555,18.920920713247483,46.18210186073334,7.1748235069430875,-610.877778750364,401.85759293279995,10993.032949460907,2
2014-02-26,6238.7998046875,12744.058315737599,6923.547539887082,21.379819303271667,46.180474414993206,7.171060424479375,311.5224520994268,128.44658549950276,10997.750848205129,2
2014-02-28,6276.9501953125,12716.939478674916,7011.963060223111,17.088742015191805,46.18069101278577,7.16922291746155,355.2098307124095,253.71274931309307,11194.23829115411,2
2014-03-03,6221.4501953125,12611.281460018556,6877.025077830713,19.075864908562732,46.1844314141424,7.166897396707525,-57.02276239761228,176.76404976600432,10999.815502578364,2
2014-03-04,6297.9501953125,12843.99055318545,7010.1415678665535,17.583451521147893,46.18152095988407,7.166215157861087,-248.5577580835847,184.81324110392936,11050.306511745699,2
2014-03-05,6328.64990234375,12905.143439480444,7050.400255629866,18.790053356261065,46.18479541231648,7.164276570955427,99.01856101962454,97.59384486053193,11285.350494983364,2
2014-03-06,6401.14990234375,13097.58919038738,7102.732529532927,22.500940080462144,46.18523117103203,7.16111209099274,-234.431925471812,255.17063061906322,11050.279154023172,2
2014-03-07,6526.64990234375,13345.541289954137,7181.433117294826,18.775348221392605,46.18452997046127,7.15863435667849,-972.2835715109937,131.590467467814,11105.409889423663,2
2014-03-10,6537.25,13363.023019057675,7189.553501103114,21.43651225094817,46.18842338956031,7.156289270680473,75.38971318898672,575.9752347927536,10689.8101053376,2
2014-03-11,6511.89990234375,13220.150132153696,7218.606992543613,23.03453036411408,46.186615377074254,7.154684947725753,206.90059078983109,460.2400160590872,11825.528474861987,2
2014-03-12,6516.89990234375,13107.825590141325,7298.227387617367,19.944845372793363,46.1940724055355,7.153239489972494,426.4348921517318,758.4145674972365,10661.497647828619,2
2014-03-13,6493.10009765625,13104.599478217322,7281.823680767039,21.98753421011256,46.19414248016987,7.150310151311052,-442.30337718102595,966.0110171312808,10898.077046883453,2
2014-03-14,6504.2001953125,13077.638256719587,7383.1826338946685,21.06217191627735,46.19519200528257,7.146327242033071,-59.533873655490694,603.1975041765307,10896.408544024307,2
2014-03-18,6516.64990234375,13081.34500514504,7398.25434883053,20.232873861167064,46.200420720330804,7.141706001191495,-50.88017685880689,534.8761073899924,11491.917536313862,2
2014-03-19,6524.0498046875,13025.259262834767,7450.838230729146,21.50063117863386,46.201548509366546,7.137799046299677,-115.84697611847417,622.1011816884682,10899.549721412988,2
2014-03-20,6483.10009765625,12862.88727194566,7374.93491769339,23.679876179983708,46.2057151160018,7.134439872025609,-104.05758468551386,539.9766451006476,11134.659896826142,2
2014-03-21,6493.2001953125,12875.992892108863,7365.9569862123035,18.725462174982894,46.20045564059939,7.133176827983976,-135.14559384921355,415.05980362797766,10917.886887027309,2
2014-03-24,6583.5,13036.378051496544,7459.527801955373,18.08159819964785,46.199727849478876,7.131928983292187,-65.30023936687337,391.2022580957804,10817.417957555013,2
2014-03-25,6589.75,13069.743763146216,7376.270457916358,17.96417090868931,46.201518050814144,7.130121833209355,146.27241359814127,93.4990107813905,11178.34769039134,2
2014-03-26,6601.39990234375,13118.910601952473,7449.241127942089,21.98885593947311,46.205362308707016,7.128584972802873,338.11500983372633,651.6758662914517,10898.327950443387,2
2014-03-27,6641.75,13224.375235090061,7475.247253908282,22.258735246256705,46.2082713983818,7.1251103824564685,-452.53296827745527,390.611557042501,11108.305208143845,2
2014-03-28,6695.89990234375,13356.249348684321,7512.528638229844,18.92592613333213,46.21089949470559,7.12082794155576,-218.92054191527296,834.8556922871926,11206.145557575372,2
2014-03-31,6704.2001953125,13459.148130540638,7470.633577245006,15.727972901121305,46.21468266823266,7.117054371175161,-319.04324795506295,674.5407710755949,11494.729781070408,2
2014-04-01,6721.0498046875,13438.897208975774,7484.016438995668,12.150486520153828,46.21670772719288,7.112252604879733,123.73105711997661,-37.78548668279325,10797.895645237213,0
2014-04-02,6752.5498046875,13505.391606477386,7606.283486328059,14.595708355613992,46.21087817511251,7.1083718068181785,-296.41256612241045,524.0073140696265,11048.711170649922,0
2014-04-03,6736.10009765625,13530.414299268472,7679.9578989105685,13.366553722034334,46.21580478487005,7.105099132761206,359.68898234118484,-618.2225869510729,11062.915887862164,0
2014-04-04,6694.35009765625,13506.627334252884,7547.46183574555,13.860695493510734,46.213891789872925,7.102499235903321,541.7281478181152,729.0677234873438,11092.892042198211,0
2014-04-07,6695.0498046875,13431.576609743064,7532.372494504193,12.453311163448804,46.21543266489502,7.09986822996391,287.96009924045114,-251.53358332489955,11667.89542387127,0
2014-04-09,6796.2001953125,13639.609674858071,7622.724111386188,15.528178249419529,46.21657567917852,7.096412278305954,346.4168414411659,298.5336537512609,11064.299870752277,0
2014-04-10,6796.39990234375,13714.351561879197,7668.331756529038,14.186383603509272,46.217317662035725,7.094215070183018,517.3747711636526,278.2248498442584,10547.874815259265,0
2014-04-11,6776.2998046875,13697.618032675908,7654.316182766645,14.672926944727603,46.21459953998257,7.090778644214872,914.4478780654526,487.11505855252494,11068.789781151956,0
2014-04-15,6733.10009765625,13612.525675617328,7567.026114005938,20.318131366053365,46.20938346019107,7.088022883217241,-317.9058118092144,301.3909578086764,11091.621987647284,2
2014-04-16,6675.2998046875,13472.851847350114,7492.737200408848,21.048736327221686,46.20697632347128,7.084147286669478,-618.6448457335558,-243.65554155861673,11069.373726125616,2
2014-04-17,6779.39990234375,13684.937624595234,7612.437707921407,20.917143376361924,46.21005503878301,7.082470541874897,-186.17605879744562,301.81362658583316,10968.105306706577,2
2014-04-21,6817.64990234375,13786.018995238808,7738.744285803534,11.643850743728436,46.20631517319532,7.079726177398346,1103.424505347978,84.25130925010271,10838.89541561751,0
2014-04-22,6815.35009765625,13766.999692192125,7761.040399809205,14.246126190750257,46.204274330285294,7.077640027121747,-114.36022337135523,-464.75760498519105,11619.20540129045,0
2014-04-23,6840.7998046875,13821.311040200104,7827.290015582677,15.08301634389304,46.206128470246696,7.073659093055389,610.0542782321136,163.61148268822134,11214.138455079154,0
2014-04-25,6782.75,13697.203263747977,7624.996450098984,22.310282932389686,46.20364619622209,7.071069021963683,313.16529171404557,77.24455340063639,11105.391030453227,2
2014-04-28,6761.25,13612.555946892475,7593.0044625577975,20.832214296567425,46.20261705165285,7.068877116643799,-1096.213687757704,594.725530928036,11627.906761300046,2
2014-04-29,6715.25,13539.851398896373,7625.992308751891,18.069498962536926,46.20346251620106,7.0640692773064355,14.089009443394076,326.17607925204584,10964.501273796284,2
2014-04-30,6696.39990234375,13656.375839073624,7661.063080246731,11.877365340851995,46.20491044441845,7.06247368010221,591.364254829238,738.32846565592,11297.907367734735,0
2014-05-02,6694.7998046875,13556.087611060058,7574.455602847121,12.629703837494137,46.20236876657391,7.058460849930536,243.0659194480583,73.14640294785539,10889.458504582717,0
2014-05-05,6699.35009765625,13583.820426925293,7566.393524516259,13.87892781627305,46.20339159532366,7.055908643974469,91.42457556411313,279.1173799023586,11341.284143595527,0
2014-05-06,6715.2998046875,13578.090653011657,7533.534805615841,13.255527797384813,46.20518815958225,7.0549335509336695,113.73505899040785,86.07854806214901,10924.923029154095,0
2014-05-07,6652.5498046875,13470.314737092387,7526.407005927599,11.252535868738173,46.20196855801015,7.053125978995159,218.57260164975145,-336.9804565381225,11288.84475446178,0
2014-05-08,6659.85009765625,13489.096470388902,7547.378478436929,11.240559931369898,46.20321308693832,7.048873897926981,229.16158732488924,88.58609845875134,11625.748899841017,0
2014-05-09,6858.7998046875,13982.260376442931,7786.886563904277,9.302956450186633,46.20166333724909,7.045934062270738,153.68918289729305,376.0240323514437,11214.639396344886,0
2014-05-12,7014.25,14402.793983879446,8003.214464799819,9.0,46.20263508279115,7.044406044860322,212.2098989270217,330.5969416994887,10707.685729392922,0
2014-05-13,7108.75,14629.08587179211,8007.400401957918,13.23643635409015,46.20540431980017,7.0408281868539815,826.3167295386513,62.019678651639694,11211.837201843508,0
2014-05-14,7108.75,14695.47964133535,7955.443382043715,18.140460750285712,46.20547554273831,7.037707599086689,-135.77151156605396,-287.02683507478946,11316.579786415321,0
2014-05-15,7123.14990234375,14590.796777667358,7976.548901866176,17.093559047582854,46.20881578898625,7.034559394427699,-349.62336930863614,343.3375763199859,11415.996218349776,0
2014-05-16,7203.0,14866.103934674611,8125.699624662257,11.543537175754057,46.21178823093897,7.032369507619098,832.7140428937261,275.8459756390466,11549.620265702237,0
2014-05-19,7263.5498046875,15026.732447316614,8113.0297345345825,13.799806594781222,46.21511172122475,7.02807299777891,273.1928962637671,403.0232561557798,11566.264588467193,0
2014-05-20,7275.5,15118.995030112514,8110.493525114866,10.570840979899668,46.2169210510443,7.025940007689663,194.70708300698564,67.76634142961323,11199.673050037534,0
2014-05-21,7252.89990234375,14994.07971080557,8129.417230599949,10.875780938283757,46.22082335171562,7.022558537089955,305.5131505069324,-355.3124378428673,11085.966956820415,0
2014-05-22,7276.39990234375,14997.69390135303,8090.322705255558,11.10505480473924,46.22257863762621,7.019788968329717,433.7106803116507,310.12805492300856,10987.760064195307,0
2014-05-23,7367.10009765625,15213.629184602207,8223.547582408437,13.049002631116334,46.21817685652719,7.016806315729937,140.37950915265372,147.25717047795476,11122.808138602748,0
2014-05-26,7359.0498046875,15194.317696425816,8216.022897501003,13.135080779576048,46.216400644556906,7.014648762476687,552.3724510589212,567.5051320200338,11356.498747850843,0
2014-05-27,7318.0,15118.480102155745,8245.592163577006,14.005403941613718,46.2163668733571,7.011870874221097,-34.90502952355854,158.61990973392534,10950.775037782047,0
2014-05-28,7329.64990234375,15210.820519001376,8249.959565744697,14.826432779408567,46.21670520420895,7.010554943326734,229.26952886032558,136.3599332431495,11050.67180036492,0
2014-05-29,7235.64990234375,14892.222306078816,8115.608213791918,12.826238153209683,46.21837842048669,7.008788500587338,-535.8785021139009,275.1763415597942,11391.120726251289,0
2014-05-30,7229.9501953125,14937.395918310773,8149.639027951017,13.572403941325256,46.21655756486121,7.005237810391659,818.89485394551,-29.079320640339347,11123.78100492709,0
2014-06-02,7362.5,15242.197996752326,8264.883721152808,11.31237498661958,46.22318369097486,7.003848255729329,279.5649213761482,-43.54071633707082,11357.972779836406,0
2014-06-03,7415.85009765625,15351.657527885973,8326.0220323899,10.811005951485637,46.22347631604642,7.001413335390061,618.0416366948634,120.63142009861741,11095.894072410361,0
2014-06-04,7402.25,15230.830170194795,8285.033856773742,10.50205530790338,46.22405325265825,6.998829428738387,540.6298337065,-126.12189248099168,11349.601533121477,0
2014-06-05,7474.10009765625,15425.331219405012,8375.11737155937,14.798495602256455,46.22264100533685,6.996924395149054,569.9255121485288,81.27136036021037,11115.413919821927,0
2014-06-06,7583.39990234375,15524.83189645124,8566.884238519044,12.824184303823513,46.22023087505631,6.993130562007248,346.88978857026143,731.8684072346099,10865.103729564227,0
2014-06-09,7654.60009765625,15726.736498353024,8692.806238725769,9.757759474351193,46.2204519655446,6.988999008079028,505.2909570956699,462.7901180179101,11515.844801806796,0
2014-06-10,7656.39990234375,15637.19611038774,8656.286961442802,13.37382209463278,46.22113461771717,6.986272413513858,-34.5137650447777,242.411382419895,11147.514230666788,0
2014-06-11,7626.85009765625,15574.279974352667,8623.35896251401,11.002357336427833,46.221473905427686,6.982915166020387,-118.47142249189301,615.5031782864755,11253.665873558803,0
2014-06-12,7649.89990234375,15618.694618865607,8732.432427132015,16.820757637945945,46.227039373256794,6.982238540060216,309.5576265978981,-97.4688294019937,11158.552306265974,0
2014-06-13,7542.10009765625,15450.569971760757,8543.286508585648,12.342356556826347,46.22726044520266,6.978724484585672,78.0894478416937,897.1319609639986,11443.278648269723,0
2014-06-16,7533.5498046875,15420.290860072648,8539.106363961173,14.863011971638242,46.22760265737935,6.976015621889005,920.1856692997706,11.849244732081814,11400.523560648106,0
2014-06-17,7631.7001953125,15599.50150018537,8663.610246524395,15.677926054769975,46.23064854381478,6.973459109675079,500.057771722844,751.1417686527539,11452.951611746877,0
2014-06-18,7558.2001953125,15403.866945049755,8560.823899218001,11.590143094885917,46.230735346328,6.971942551244927,63.40744395178433,749.8209143338947,11210.580423796826,0
2014-06-19,7540.7001953125,15443.113976329227,8453.952220775882,13.652094235109416,46.232953363534186,6.968200812467161,241.38382459776793,-375.9689420391617,11328.936639008736,0
2014-06-20,7511.4501953125,15410.383714830252,8486.22183243941,14.606935802776293,46.22971622931916,6.963842234880878,403.2026327952398,590.1276429425443,11439.893710905753,0
2014-06-23,7493.35009765625,15345.900887154627,8422.495609230451,13.731092344820214,46.226502795755856,6.962490833800904,322.7988175404332,64.82725786419705,11701.089615165947,0
2014-06-24,7580.2001953125,15528.109972710954,8593.19795050782,14.222201518619636,46.22746897144923,6.959826203827195,458.69841317370594,-20.390537195421075,11424.98560632625,0
2014-06-25,7569.25,15406.572178080607,8546.39195482936,10.840741212881692,46.22737411869251,6.957891495247707,377.4618177849232,307.39143604949584,11132.452196067561,0
2014-06-26,7493.2001953125,15260.932855441937,8412.338748168828,14.608072439429048,46.22554704434782,6.956004449862029,-206.26269938803205,-152.3745974264275,11426.368133860262,0
2014-06-27,7508.7998046875,15188.626798653217,8494.989071319564,12.527671611654583,46.22651259954989,6.954291435015493,-510.3618270015643,300.59912637488355,11333.00270438344,0
2014-06-30,7611.35009765625,15464.96556754865,8687.00815482007,14.198902446568281,46.22773989983242,6.95117127804336,200.5563820432036,-132.23834468926992,10920.841519643616,0
2014-07-01,7634.7001953125,15525.226944476779,8729.970136600834,15.339977691102929,46.22621020920091,6.947780790016996,574.1970820393428,203.1237837785456,10960.64728631886,0
2014-07-02,7725.14990234375,15879.769754295885,8895.499499118305,14.837617015036548,46.22525382172769,6.943043731457233,205.05238617456845,550.6087737270444,11370.53918171415,0
2014-07-03,7714.7998046875,15786.760452001507,8865.846359038651,14.197439450978948,46.22650367137602,6.939308790553238,844.6256453620902,265.95538062973594,11394.7862431421,0
2014-07-04,7751.60009765625,15863.29728178762,8916.293289572464,14.784256592369033,46.224040436022065,6.93663167493892,331.2453202804405,42.06252381565595,11328.6049186381,0
2014-07-07,7787.14990234375,16058.62328798229,8929.97783692548,14.87682210777757,46.222828337419735,6.933191795454687,892.8784257007915,312.423333251376,11602.44282082289,0
2014-07-08,7623.2001953125,15765.94563106457,8754.550730411296,16.49100232276785,46.22503014284141,6.929313205517919,810.7613757057222,-271.94407260146994,11192.562903848797,0
2014-07-09,7585.0,15635.676792621227,8665.935802157646,13.431898601074458,46.22555863475144,6.926626742866118,770.5147460697867,-101.65823525881024,11094.582115500052,0
2014-07-10,7567.75,15610.589510194959,8719.673397573635,13.827913986884777,46.22472702621957,6.925233616255501,-131.4046536828002,20.91898184789548,11227.467566638508,0
2014-07-11,7459.60009765625,15367.232984424436,8555.186495551405,15.364133617952223,46.22261781826262,6.922442358010691,356.8562671892807,386.0550738354377,11281.755522739975,0
2014-07-14,7454.14990234375,15372.214808097251,8548.740858289053,12.519224780472975,46.220178184207306,6.918575132950249,839.1093949929257,271.7396261464287,11412.803398827264,0
2014-07-15,7526.64990234375,15494.198495884546,8688.564390905029,10.829465054644029,46.22038291776289,6.917113999815097,458.93788990321536,310.5499363504025,11248.785513589995,0
2014-07-16,7624.39990234375,15711.521330571679,8826.29675033564,14.486460349165542,46.227060355332604,6.913607182818837,571.7439619995871,141.78523532686998,10946.33187854927,0
2014-07-17,7640.4501953125,15647.60250649833,8832.819115092894,13.087952630768111,46.22935771525983,6.912354723973794,-205.15492204624866,-86.42989380076943,10853.32635243191,0
2014-07-18,7663.89990234375,15709.00747509961,8863.8133401801,11.084945176531264,46.225959122531144,6.909360639462502,1117.5159722432268,596.4350809708008,11474.493474887793,0
2014-07-21,7684.2001953125,15783.231157564438,8939.847813722663,14.501083858759674,46.22868077103334,6.906733708980808,33.45023897383345,-59.338036340298004,11192.774325141392,0
2014-07-22,7767.85009765625,15958.840460907757,9021.44576529723,16.362266030058496,46.227004111209645,6.905565442459426,-447.7700567000787,275.71168491174603,10996.919374074998,0
2014-07-23,7795.75,15918.84486894965,9053.552674299672,10.240514907421828,46.22758953907983,6.901485697103741,209.54970486997328,116.36860405387498,11604.708705621066,0
2014-07-24,7830.60009765625,16060.698223160845,9102.81255891171,15.544649990432962,46.22642295726638,6.897708266207895,-628.9935406084267,318.8979501103967,11820.862140575444,0
2014-07-25,7790.4501953125,15993.673604053785,9094.03022634976,9.0,46.233091221704996,6.89465532559567,-84.0500579164667,-31.64609556508094,11449.885484384205,0
2014-07-28,7748.7001953125,15853.561032414074,9030.323179906738,12.699426739636973,46.23028889796986,6.89178990866829,1373.404733241778,465.80314826611493,11538.224476991012,0
2014-07-30,7791.39990234375,15932.058932742259,9189.399831401035,17.18103182448516,46.23182973473826,6.8917074837007615,197.98368899871207,563.483374750781,11545.249529698825,0
2014-07-31,7721.2998046875,15680.750283724019,9082.185537846479,12.843351902974266,46.2303737633255,6.888095892552575,-221.11486719191635,447.3969247489113,10955.30226496432,0
2014-08-01,7602.60009765625,15354.704351157086,8903.470407459447,13.679876791641984,46.233190247563634,6.884069090795478,360.119154626447,197.28759779209443,11696.00738727719,0
2014-08-04,7683.64990234375,15502.44161221148,9008.854277322667,15.02573240154711,46.23467060902382,6.880411687835804,-9.121498012790028,19.462426168894808,11781.90912000525,0
2014-08-05,7746.5498046875,15719.72100724583,9026.200320769634,10.067052971878695,46.23903426696228,6.877923249657475,695.807679869572,996.6335351578678,11924.399294693367,0
2014-08-06,7672.0498046875,15514.562865073041,8867.301410664415,20.14418960167951,46.24178862034625,6.875695721663265,-505.8179117544162,102.51263657140947,11406.20540521788,2
2014-08-07,7649.25,15503.580482789088,8807.647249837344,20.128426143922617,46.240308018739626,6.872270088907208,-41.706515945936445,664.3688655160399,11250.620660552991,2
2014-08-08,7568.5498046875,15291.737409355286,8756.315693295055,23.724641946497478,46.24965662647223,6.86957360810156,-608.8236147489836,499.83546642298717,11829.952473883048,2
2014-08-11,7625.9501953125,15435.142777090425,8834.613495589923,17.528518338004353,46.25192290487318,6.868802332825501,889.6112579162213,381.23876734638355,11637.043001062944,2
2014-08-12,7727.0498046875,15653.027840700874,8950.221391195038,19.236921367099757,46.250870919026696,6.866122073640678,51.449488010925705,455.5488819202045,11728.772129842315,2
2014-08-13,7739.5498046875,15735.76363030871,9033.850688557945,18.143288418352768,46.25208754020523,6.8637286965559765,-208.202318992987,246.9354089916093,11382.932610253525,2
2014-08-14,7791.7001953125,15818.953346560553,9192.349613459663,17.931176392617242,46.25458004108554,6.862904388826534,-267.1833002525141,528.1166629735744,11599.889752638655,2
2014-08-18,7874.25,15904.033032953821,9380.352734089005,15.754805454129157,46.256958424522345,6.8594941489354815,128.56000670025432,245.04734578802032,11299.107082955212,0
2014-08-19,7897.5,15867.815242499966,9365.587072182829,20.053303004001634,46.259046508815196,6.85601961840531,-454.36539192300705,1203.295966877552,11546.121310899865,2
2014-08-20,7875.2998046875,15785.206504413685,9306.352961285467,18.888865607146958,46.26254595527696,6.852839917451457,-465.3586904724745,721.2466645251283,11472.004410097274,2
2014-08-21,7891.10009765625,15741.238194911755,9430.859799352675,18.964308197714928,46.26575046830577,6.849603101627602,521.3315401847806,554.7648316379222,12099.144089870197,2
2014-08-22,7913.2001953125,15815.736934609966,9476.308774462454,18.87354584610921,46.26380776980706,6.845074307341087,-371.0455830884954,572.6676799928878,11689.356742653072,2
2014-08-25,7906.2998046875,15771.163365885945,9451.209248573263,12.552393645184612,46.270731932119084,6.842505655022414,-501.76756265536847,701.8612966487235,11069.66959480513,0
2014-08-26,7904.75,15918.245572895119,9489.800194768386,10.971109311421472,46.27723859557173,6.840017095151491,-116.38708835195774,-141.12796942208155,11572.229495383945,0
2014-08-27,7936.0498046875,15876.986884812384,9592.800759753127,19.4825409148696,46.28024149025745,6.837126891288494,221.08984799965503,345.18017687146886,11662.892147011822,2
2014-08-28,7954.35009765625,15930.281499386421,9586.456900265553,19.281586616695712,46.2809575804101,6.834671183245175,-250.92962263653473,-172.14164830361824,11472.8979991569,2
2014-09-01,8027.7001953125,16020.249286236336,9705.897209935389,11.984406587193314,46.28172523805824,6.832227290188525,296.3673599454516,317.6321526485705,11332.174514567068,0
2014-09-02,8083.0498046875,16110.386811162556,9841.093315339234,13.81009251260995,46.28135394487386,6.828210323869694,817.925780567637,404.45212516329,11745.94052072209,0
2014-09-03,8114.60009765625,16188.862049097108,9818.702746408548,20.479778960236317,46.28137079219897,6.825799347567909,-460.8666356689213,101.31998432954981,11374.84708017318,2
2014-09-04,8095.9501953125,15998.482061734065,9792.385617574471,18.886705571416584,46.275410438954275,6.823659452046762,102.9670888523616,830.5240054002111,11736.435496488273,2
2014-09-05,8086.85009765625,15993.857098036124,9714.017359232068,19.71173169846749,46.280601229313014,6.8193651621750035,-417.153259915037,184.33600221256415,11365.140996798973,2
2014-09-08,8173.89990234375,16308.022233355348,9782.40814914478,24.317247453801713,46.284733590237906,6.818132319522172,80.35065470093349,297.25956729503105,11488.998471872255,2
2014-09-09,8152.9501953125,16232.641052753896,9719.47383745829,24.240866517204275,46.2803035298606,6.814201804810154,-306.4541003078634,435.86977468600963,11840.226096288456,2
2014-09-10,8094.10009765625,16121.007619850217,9663.271859910745,17.891819619740527,46.28357349360521,6.810370099078424,-246.61966994227612,878.2589088279444,11736.8200928161,2
2014-09-11,8085.7001953125,16168.766223880893,9632.615806298554,18.171104866822883,46.28415034978157,6.807879848096611,178.05346300451095,142.54065457573046,11635.464662813838,2
2014-09-12,8105.5,16201.748589881185,9623.449758855468,17.881193446016006,46.28415321136362,6.805723612433257,149.2099230729998,487.37413760970486,11626.25131856962,2
2014-09-15,8042.0,16025.444302006828,9536.352802742631,22.114107879944477,46.28623173588932,6.803811631637852,-216.1711941618339,632.4513264377268,11659.338115916198,2
2014-09-16,7932.89990234375,15645.007621201308,9318.016490822547,19.202941400848612,46.2816033743213,6.801684264736781,-338.64946799791414,570.5410491038457,11458.988759683278,2
2014-09-17,7975.5,15778.099739610654,9402.415899109217,20.4793484871926,46.28216962677474,6.798477505854404,489.6590337926616,581.6203099200111,11295.022889338179,2
2014-09-18,8114.75,16076.778552133632,9666.89007097795,17.493934666561767,46.28300807030514,6.795900325147572,585.7323245991875,378.45006665218233,11786.071516252789,0
2014-09-19,8121.4501953125,16026.336794381883,9671.875537108837,19.979070411379077,46.28384941719883,6.792899237135918,-306.45672346315405,233.58318261846352,12015.239360555393,2
2014-09-22,8146.2998046875,16088.51286617385,9695.656979888057,21.412497443514642,46.280346949003714,6.790390413385683,-411.233745315902,906.3339360490975,11804.468198788485,2
2014-09-23,8017.5498046875,15774.35650694848,9534.845423956469,21.040841498600788,46.282287696896844,6.787777132593194,259.9590027768558,366.6551805482719,11727.886746862976,2
2014-09-24,8002.39990234375,15708.36478487543,9398.167278715064,18.823565296608102,46.28606714188503,6.784591842345249,-103.83996557873627,326.84553910527853,11391.464727885805,2
2014-09-25,7911.85009765625,15551.726473633435,9301.328201312577,22.11832346348372,46.287889136277286,6.78156560907781,-215.4211980504345,804.2876503941261,11883.558038683082,2
2014-09-26,7968.85009765625,15591.765956254174,9558.337229634077,18.300598381799627,46.287801572543756,6.777035766156348,-104.00992977496249,210.82993993690894,11796.214609422228,2
2014-09-29,7958.89990234375,15635.730514303734,9537.003724448121,22.67975957288835,46.29646869435251,6.775189644797614,-14.88125014520341,496.0834572097063,11866.480283891158,2
2014-09-30,7964.7998046875,15561.242908695345,9538.670988499507,18.82509806958176,46.29429496999573,6.772812348601194,-172.67565897230864,183.1496128014289,11935.63112316754,2
2014-10-01,7945.5498046875,15478.841325594609,9553.576119316001,19.04406455892781,46.29721532389715,6.7678322228751595,331.47474673719773,1155.770744633505,12069.969958706699,2
2014-10-07,7852.39990234375,15398.497132636994,9513.570999781674,17.823024352746415,46.29854514501419,6.765953356140256,353.7353904847947,1092.5963550180363,11442.99891070845,2
2014-10-08,7842.7001953125,15447.088758289636,9555.212412955447,18.151481178366705,46.30518208386321,6.763229730341796,62.755247680719776,366.9277055690362,11407.13090567735,2
2014-10-09,7960.5498046875,15710.673159961178,9604.052663092043,19.14647135534293,46.30694233331096,6.759623749684402,399.887596198251,555.9571520501597,11748.744336188018,2
2014-10-10,7859.9501953125,15435.61009211735,9491.539586847332,15.137302884178776,46.30934579904594,6.755930615842385,-146.60129274471117,401.55994151421424,11502.86491571643,2
2014-10-13,7884.25,15455.437019085655,9674.971858531773,19.533335317648806,46.311462949990634,6.752576145313213,126.13240200184612,295.4201534774804,11467.214192170959,2
2014-10-14,7864.0,15416.35101593923,9681.287343383221,18.984051525516968,46.30888798240406,6.748979842339179,251.7825275487766,435.8894497317598,12015.404231912169,2
2014-10-16,7748.2001953125,15170.927880873029,9446.052260804046,21.580022197223663,46.30688134104394,6.745519357831444,257.615312006644,387.8195694332622,11497.429482950593,2
2014-10-17,7779.7001953125,15233.386198329003,9508.312671992402,20.84596147671365,46.306654337414045,6.744558187079869,216.39965909533754,-56.20022222958926,11736.69436765863,2
2014-10-20,7879.39990234375,15447.745221755136,9581.754815016917,18.584725137801406,46.31012648586648,6.742269010046465,102.47567763267384,478.9069964696771,11361.14387609174,2
2014-10-21,7927.75,15539.038105713202,9724.233724346605,19.082898481148185,46.31142577608256,6.741646229671602,632.8512462552344,387.31213824620676,11764.209420816482,2
2014-10-22,7995.89990234375,15596.453385035402,9768.87630904594,19.530763922958204,46.31140557142248,6.739214700318538,-365.87831410619646,493.660136990061,12032.514957066025,2
2014-10-27,7991.7001953125,15555.273959454758,9767.07101880302,22.971913108951696,46.316122170825835,6.737138231177037,-212.08831502408424,376.7446666706554,12044.806617772601,2
2014-10-28,8027.60009765625,15689.623995061569,9769.453477758889,18.355390639087116,46.310774881543395,6.7336033346065465,-235.80419066005368,291.8981909564363,12010.428120972681,2
2014-10-29,8090.4501953125,15738.94857115781,9829.390604133612,18.560478670098693,46.30748742115291,6.730782668701867,-297.2268579055238,662.4730180827096,11751.154321550026,2
2014-10-30,8169.2001953125,15896.314451655393,10033.949371976534,17.7428316967657,46.30059762176772,6.728049915228638,-945.5088173659746,559.940321112522,12036.405698478558,2
2014-10-31,8322.2001953125,16174.081331069709,10268.384243623119,17.03592104112763,46.304822553282456,6.726020508950898,399.94592228329907,818.8141899807065,11881.030298848826,2
2014-11-03,8324.150390625,16185.458489725328,10236.867583238914,20.61400724725099,46.30513237484874,6.723323111578727,-560.416183618511,548.4189293416993,11681.299790583702,2
2014-11-05,8338.2998046875,16190.561765465169,10187.526382565833,20.40580666214642,46.30863125018482,6.721028120557221,-82.07403650156112,340.7180344554599,11879.812676770203,2
2014-11-07,8337.0,16283.731924911744,10071.8741230609,16.065523705670703,46.308903475185716,6.718698935539487,-218.74447106995467,335.0305578553307,12003.788442965411,0
2014-11-10,8344.25,16332.377376221568,10006.978063540528,15.58281801545386,46.312573026191295,6.715752980924611,598.2862922878953,-444.18394777169135,11486.57305643137,0
2014-11-11,8362.650390625,16286.359891432074,10040.235811455763,24.794233429063617,46.312792769242776,6.7127058191979465,-464.1584143760792,1031.1039666192357,11554.600027440745,2
2014-11-12,8383.2998046875,16374.561787744928,10129.430475674091,13.352254464917808,46.314622503518066,6.709396992002449,-104.38476964362309,232.31404313327016,11776.094038498357,0
2014-11-13,8357.849609375,16269.480810671073,10058.720817816811,12.978940872407586,46.3160130439905,6.707841108547043,427.7373857926825,805.3367682377261,11526.363907018074,0
2014-11-14,8389.900390625,16300.590228637904,10200.788662969017,10.899547309733281,46.31762616586017,6.704902147016147,69.70616780694849,-110.80351790418968,11527.918316395595,0
2014-11-17,8430.75,16408.711562730357,10216.486285798537,14.893156334952652,46.32328037752079,6.702596182127907,120.33636156545083,-185.29361478421924,11725.699943150323,0
2014-11-18,8425.900390625,16366.10856079805,10194.867151888899,13.737068482892678,46.31900710398107,6.69980644242293,418.71584607984823,259.7499877992944,12064.930837242193,0
2014-11-19,8382.2998046875,16331.438930573577,10066.342206468384,14.802532610021366,46.31940195391345,6.69823756335681,669.995781453767,258.7604228299977,12065.623605401915,0
2014-11-20,8401.900390625,16322.852862326201,10154.814935226766,17.7217515615232,46.320595915555984,6.693619677631463,-477.3601951486846,501.47343233108325,11916.358933001173,2
2014-11-21,8477.349609375,16444.126731376193,10394.835085902687,20.7032083780534,46.32134077659808,6.691294558081124,-546.4769895965999,455.7478609751442,11888.086599318523,2
2014-11-24,8530.150390625,16513.76361326642,10362.69459804401,13.910399235907883,46.32074712093642,6.687413277123902,359.39346667290994,-38.43514827791671,12345.178557457382,0
2014-11-25,8463.099609375,16334.593289737943,10244.10883427197,20.278070079787373,46.31974297208318,6.6851793373666,65.70103210323293,-45.60673822355642,11727.59461106216,2
2014-11-26,8475.75,16433.56944777968,10340.675502587364,18.63346818361895,46.324933016049414,6.682409889014784,435.10207674425,484.9451669952058,11917.716865201943,2
2014-11-27,8494.2001953125,16514.451551586073,10278.10298799481,22.378649297106797,46.32532085278376,6.678310375810922,-578.5318393174806,15.222399910485706,11725.809420917534,2
2014-11-28,8588.25,16831.549750877075,10451.050478191022,17.60061515795602,46.33323469238546,6.676028623449355,222.81315949184773,-263.1018893216181,11564.984577357724,0
2014-12-01,8555.900390625,16914.68638885926,10480.446218867466,11.27931194740477,46.33541951734458,6.673635183302688,820.3144100301017,35.81046045952887,12157.111878644337,0
2014-12-02,8524.7001953125,16777.65768340785,10439.583365018028,21.440887959185915,46.335150550647256,6.670788120589137,639.2378144554874,529.1976955985149,11808.216659453097,2
2014-12-03,8537.650390625,16810.451897703348,10493.218779706269,14.24429969731922,46.337408587168646,6.668069504086879,-547.2363997235016,996.3277711768878,12050.959743963822,2
2014-12-04,8564.400390625,16789.312563650237,10644.61839031445,21.337219898964918,46.33833538577996,6.665618765090172,-445.52476792266,693.777790976138,11832.307588930447,2
2014-12-05,8538.2998046875,16681.15733958502,10730.476111268013,16.259690766916492,46.34296138358078,6.664186546266859,2.440037843943884,829.9652761387242,12192.490059764401,2
2014-12-08,8438.25,16426.07327192151,10576.714129008626,18.950065304201484,46.34005821662261,6.6612636016245945,-381.09725687723494,596.0985062629215,11663.583268804114,2
2014-12-09,8340.7001953125,16150.076923563433,10397.735274757928,17.3739506764915,46.33525465867236,6.6596698472529825,-453.69270180398104,510.0561156831196,12183.146849714543,2
2014-12-10,8355.650390625,16114.007848279523,10362.76472296477,19.568777010101208,46.336937601703816,6.65702745228591,-52.21175745243714,1151.737094456828,12124.066116415079,2
2014-12-11,8292.900390625,15972.219499958666,10330.172536719245,21.677587396735657,46.340044689398,6.655720094024063,469.76798149591104,3.1433158322822123,11488.397699402856,2
2014-12-12,8224.099609375,15750.278950672517,10144.003223304393,16.285373472545956,46.34150240574685,6.652883721450724,-673.7929180397545,276.03090508172653,11797.92006310743,2
2014-12-15,8219.599609375,15793.91429302895,10121.993841742753,19.28104062096872,46.344119831283756,6.649618038474946,449.33364311180515,299.4460691252765,12169.694686065865,2
2014-12-16,8067.60009765625,15419.1789706683,9905.954216652588,18.973262462367888,46.34629614187192,6.645922885513416,-379.9076874331553,668.0671064074965,12321.961557420751,2
2014-12-17,8029.7998046875,15513.27965627723,9820.7300603164,23.162097367743748,46.34245494128593,6.643293486020686,-11.683231496720566,106.36697269417368,12107.113388679152,2
2014-12-18,8159.2998046875,15762.458045826728,10029.465358344101,20.86352201570057,46.34389866039735,6.639906631535337,486.3402884407442,629.0288822729804,11846.64851003888,2
2014-12-19,8225.2001953125,15907.703737074426,10284.176396599238,17.645565773453153,46.348449002388065,6.638719351193388,-19.870563079155232,573.8949495308207,11715.0453802788,2
2014-12-22,8324.0,16035.983487290867,10425.878790396182,19.0574112419392,46.3495643032525,6.635258292824129,-268.9964192796753,644.004230484039,12086.907548829346,2
2014-12-23,8267.0,16024.632918718286,10313.579485257154,23.112208476771062,46.346234428667636,6.631980356602267,137.2702490778957,638.5669140535294,11854.63767426315,2
2014-12-24,8174.10009765625,15898.804478380132,10237.613016070103,21.42873063354805,46.34583285731335,6.629975469946052,-219.2664809329762,861.4958909897788,11869.803979139277,2
2014-12-26,8200.7001953125,15974.77941322538,10292.454168606742,18.163533075189157,46.34810312750249,6.628577245324437,58.54041983784572,385.23716111878736,11912.967417530543,2
2014-12-29,8246.2998046875,15986.433881986419,10451.22901083489,19.46585892323382,46.35409001835088,6.62672623741241,-231.87239935112777,559.0473728474684,12182.789085700182,2
2014-12-30,8248.25,16004.07360964164,10464.530572235235,19.529781703183705,46.34882098010735,6.625204842181268,194.4611587956154,179.03521433112755,12409.424335839156,2
2014-12-31,8282.7001953125,16005.811902417225,10501.445972685447,18.92403614568839,46.35050467646466,6.6225465296327775,-707.6926770200865,110.56149691972973,12227.846906491519,2
2015-01-02,8395.4501953125,16342.60175352519,10560.766518784018,16.57957568735662,46.34830805379477,6.619904301578494,-555.4086496374704,929.4486353810806,11989.111700541627,2
2015-01-05,8378.400390625,16358.999257400064,10433.173070599589,18.644756569220064,46.35043123508378,6.619341960128566,-713.5713699471785,156.36436379287738,11776.213050098613,2
2015-01-06,8127.35009765625,15834.633392788699,9954.447833898923,22.77839861173075,46.352794728860715,6.618460143181967,-172.57177167853584,592.3936230858665,12157.11059493887,2
2015-01-07,8102.10009765625,15627.568284262183,9940.003296810333,19.23771102587765,46.35269528721083,6.616604283589849,-761.8152875239082,559.3128398522448,12401.748844536778,2
2015-01-08,8234.599609375,15848.771432710051,10054.480184671347,19.79349273907816,46.35519008481771,6.615142861923184,-426.7326300267277,752.4942683011816,12248.018593745888,2
2015-01-09,8284.5,15998.722228403632,10204.44696169894,20.281051293707147,46.35920977196716,6.613435410156757,-593.0034418275231,-97.46019457972352,12061.98558750283,2
2015-01-12,8323.0,16158.922100319514,10263.375283551695,24.43628278942425,46.359316056850886,6.609665505089795,441.8704918155296,667.3620977638548,11899.600749740302,2
2015-01-13,8299.400390625,16180.22815180263,10213.537806316788,20.017749542833922,46.35590457604939,6.6070639861972795,-546.2721408703356,382.590398075441,12105.177666810672,2
2015-01-14,8277.5498046875,16031.024730440606,10129.901520633866,22.18789070716702,46.36078129451263,6.606000967542298,-664.6182811693369,220.0272644612789,12304.96206701596,2
2015-01-15,8494.150390625,16519.07968547481,10492.133967047985,12.303639655897607,46.36386737908975,6.604163597617359,449.3354135063078,74.75474647188275,12088.190550327694,0
2015-01-16,8513.7998046875,16628.57722496758,10470.636217579005,12.981201478995017,46.36615864838468,6.601544392688288,1024.728461824664,461.03123611230114,12012.436913162235,0
2015-01-19,8550.7001953125,16597.58158324709,10463.191677609058,13.52510544622057,46.36468574843733,6.600499639040626,303.573168301726,369.372155197522,11876.868278636068,0
2015-01-20,8695.599609375,16909.33577727637,10754.548032154009,11.951734116301232,46.36824205606021,6.598317543298906,334.5122774091743,111.62296259834977,12671.36054568608,0
2015-01-21,8729.5,17000.617674534325,10827.99323532643,13.092564438794085,46.37496933299008,6.59652384905516,866.3029844313904,-191.73223922078392,11837.733979320072,0
2015-01-22,8761.400390625,17048.570718355862,10860.261083108377,15.276101871626539,46.37520540199933,6.594351240347581,701.2917352865784,-170.56337907349194,11820.406971129483,0
2015-01-23,8835.599609375,17081.115357991548,11013.49792731265,11.899270877816233,46.3760888800987,6.592347406140525,520.1659938447569,375.9090479773985,12102.184911277622,0
2015-01-27,8910.5,17218.691723359498,11126.701204605408,13.500178061927276,46.37349330813761,6.590417232461271,117.06370863992265,-233.32272769631817,12018.911871495411,0
2015-01-28,8914.2998046875,17204.231749487062,11158.00906698795,14.917467103311864,46.37193468213296,6.58917622725377,532.3831625146452,114.55365352670748,12319.778208029993,0
2015-01-29,8952.349609375,17274.96488249654,11160.475187868697,11.851067902374512,46.36931097397381,6.588067677980589,-194.31363814107488,954.3216382139709,12333.101669450942,0
2015-01-30,8808.900390625,16934.93161455911,11084.775168942597,22.19082758522991,46.3703034415635,6.585080264474554,-399.4702197570392,537.8682515110288,11789.360506542676,2
2015-02-02,8797.400390625,16880.689778123367,11029.000837371574,20.145766959422645,46.36988110470533,6.582901646492154,422.58506038209975,622.6747611985013,11905.191198740506,2
2015-02-03,8756.5498046875,16792.01867557602,11070.59130838384,19.66975487332142,46.37159950547532,6.581640729562919,370.79707389644864,81.68941844010146,11881.1803331466,2
2015-02-04,8723.7001953125,16752.49055175721,11008.384701879011,15.98370438839957,46.369523802963094,6.578979457426976,24.99387973415034,31.809503148266685,12287.78095865765,2
2015-02-05,8711.7001953125,16706.804815741012,11043.578579820078,19.25277511597305,46.36962113331379,6.575143071525324,-921.7414885506633,638.7466111114153,12206.692985094482,2
2015-02-06,8661.0498046875,16573.118963764726,11015.216092914668,20.743184832290606,46.36736052463867,6.5717091664715275,-633.2886111932601,315.29440333154264,12018.09961891591,2
2015-02-09,8526.349609375,16298.02294478781,10886.198747029086,23.490690037604935,46.36852323937176,6.56834657331338,-421.7889714456275,752.0864444691022,12165.53764595384,2
2015-02-10,8565.5498046875,16255.274392477744,10891.352408758014,21.135778308223227,46.364226266471924,6.565367632790504,-218.67961253548685,442.9399712873556,11845.19947111622,2
2015-02-11,8627.400390625,16416.197735302045,11057.268060370174,22.252432463556698,46.365281001394884,6.562102905412124,-650.1644602023852,1466.9088356650393,11943.172915432726,2
2015-02-12,8711.5498046875,16593.23985906223,11312.07886585523,17.58179085275612,46.36504481055853,6.560615784716565,-248.52548943289275,258.3040554059955,11812.92716849477,2
2015-02-13,8805.5,16793.924104404363,11441.652103159066,19.746355008694092,46.36618770282529,6.557825015976705,556.9180952621423,516.7394587568288,12168.624135998356,2
2015-02-16,8809.349609375,16866.695521446596,11450.040251234172,22.441492884657727,46.36183090280552,6.556574464978723,10.334350743469116,161.75630122375912,12172.7690733051,2
2015-02-18,8869.099609375,16860.78581054767,11507.415405033113,18.224532899200153,46.36439504982733,6.552934820679175,-62.46934841558543,739.624003195729,11904.350122148966,2
2015-02-19,8895.2998046875,16782.63519514124,11524.301115159593,21.930445257946204,46.36409882114955,6.550074458515344,-557.0221676073952,562.1537181622857,12250.814489842216,2
2015-02-20,8833.599609375,16673.323576844858,11546.737850185853,21.466635729200664,46.36535015929563,6.547674017843752,-805.5939146850028,141.6430439757018,12410.478695662094,2
2015-02-23,8754.9501953125,16510.355687413743,11355.400276614422,20.54944729689964,46.3603399365124,6.545982292566334,-641.2785702172152,334.81453176597165,11907.992523036373,2
2015-02-24,8762.099609375,16536.445852029196,11302.462810731007,19.34259474972805,46.357211736683695,6.544625873379443,-821.7556592164041,841.550432050158,12084.24349433724,2
2015-02-25,8767.25,16516.5822285614,11420.287960229283,18.02740969085513,46.35664127420036,6.541589860829769,-119.98589510339636,805.5127316117365,12293.681825733138,2
2015-02-26,8683.849609375,16388.14623546854,11333.05238878975,23.550758588206627,46.36136777461589,6.5400879445342825,3.5543217629436867,5.681308220306221,12172.181041385047,2
2015-02-27,8844.599609375,16787.781854904577,11735.979785284597,21.26372503544806,46.363549588661186,6.535913087110567,-536.1159811277387,290.20910688033825,11844.588254791337,2
2015-03-02,8956.75,17056.56866284896,11883.760500213795,20.6812322493509,46.364539213785356,6.534293833640083,-90.83226403634103,976.4190268890903,12076.424901936643,2
2015-03-03,8996.25,17121.640067850683,11955.872607205483,19.174300503595497,46.36236628928751,6.530464573630091,437.5975264929134,379.8466597915832,12073.34082663462,2
2015-03-04,8922.650390625,16825.795402111286,11792.233723278296,20.075743259179955,46.35964749443871,6.528425421992466,633.0789369388948,485.0267543647776,12152.3768221478,2
2015-03-05,8937.75,16909.094285655632,11826.368971669446,20.329434539940067,46.36107746001161,6.527071222054994,158.16414029968735,738.0795749980232,12167.800631018255,2
2015-03-09,8756.75,16617.59735177781,11420.222628194048,20.799751369467145,46.363779527906175,6.525477484744729,-219.93620158333738,30.351488110473383,12586.27349854247,2
2015-03-10,8712.0498046875,16567.208124858047,11397.224250090627,21.468680576943868,46.36500645021057,6.521359767694719,145.24169755050218,148.09075077118058,12158.179909885965,2
2015-03-11,8699.9501953125,16483.815785481755,11400.35026679126,18.435056948289816,46.370735121834834,6.518436434338137,390.7239934711845,332.8902750350078,11794.446400067567,2
2015-03-12,8776.0,16687.997746619752,11516.588110001165,17.06680606902599,46.36928773666513,6.516679714384858,-952.8912551162236,791.387085956575,12241.467128864426,2
2015-03-13,8647.75,16478.5047784566,11289.914345390274,20.168561702546995,46.37042584648745,6.5148968137601155,442.8276151185664,735.9296044756892,12651.54659395899,2
2015-03-16,8633.150390625,16550.808872732287,11206.73975480369,16.505565325350478,46.365946322315146,6.512704016604946,-367.834728237225,645.9299101561293,12188.425179307944,2
2015-03-17,8723.2998046875,16683.446455150497,11397.708479488063,12.852678010012724,46.367179458877146,6.508036157843438,136.0148180250039,138.25201539876926,12127.156781393525,0
2015-03-18,8685.900390625,16589.91777510365,11259.824351124968,12.481620339776475,46.37218757851721,6.506770441669862,208.02881096563286,518.8709213039081,12164.711905943503,0
2015-03-19,8634.650390625,16531.932810058814,11214.773350806752,20.983496384403338,46.369663051869374,6.505685433126657,-21.96634448969789,384.2064307485069,12387.504916466005,2
2015-03-20,8570.900390625,16401.981074663076,11255.073608296489,23.96519407097262,46.37278944649526,6.503390409763216,-594.5017014795066,603.3904037117223,12173.711934231016,2
2015-03-23,8550.900390625,16286.97957503104,11324.086102619809,16.110818752192877,46.377712565734356,6.501162739811936,-263.9256138763806,703.6116926183815,11883.09490614048,2
2015-03-24,8542.9501953125,16297.337162792253,11209.767581437483,24.548370060636802,46.37624342740986,6.499212077228012,60.11088259915627,939.046020253194,12094.894596312235,2
2015-03-25,8530.7998046875,16309.56717070491,11154.671180363577,19.533849681761946,46.378244246492095,6.498221331578695,-62.57150029040291,413.102624625452,12248.792381675772,2
2015-03-26,8342.150390625,15923.219972402485,10890.058970306733,20.69561736434516,46.383583141726525,6.496023241398902,2.325805744587683,321.2169337160748,12401.151466937068,2
2015-03-27,8341.400390625,15935.63607436023,10884.29336816883,17.170335684752565,46.38487456721336,6.4933859760473425,-279.58748495249176,818.5226088365098,12131.715116781757,2
2015-03-30,8492.2998046875,16239.109497341591,11030.154507533296,21.99374314045264,46.387834712205894,6.491323968669655,127.48398098506317,841.5557736047538,12207.066459555308,2
2015-03-31,8491.0,16332.667650604413,11053.654182973134,20.08294507270345,46.38311286412764,6.488871904063459,272.56644880114226,266.9876522829053,12295.90523286005,2
2015-04-01,8586.25,16475.987530920276,11202.78355585041,19.877065177623425,46.38550427370796,6.486433781111714,248.5757248650845,98.48988044072047,12098.829353200428,2
2015-04-06,8659.900390625,16593.154342896425,11449.447637595591,16.125229770194093,46.387655986929516,6.482232141141697,21.044093137254293,795.7103398498336,12272.409879185501,2
2015-04-07,8660.2998046875,16594.725399466883,11432.69761828819,20.147593627694853,46.38427735073164,6.480321793484897,225.5570434894716,-62.51821207861235,12414.956267467032,2
2015-04-08,8714.400390625,16768.001120699526,11599.730207177985,21.69165664763315,46.38198436476973,6.479062680134413,198.42423364589223,-77.84042856249556,12013.075033385343,2
2015-04-09,8778.2998046875,16802.854249151158,11613.618953861504,19.527442729033623,46.38439637017632,6.477655104849724,920.6031626736585,349.51146555738706,12385.575321073531,2
2015-04-10,8780.349609375,16719.311686684476,11545.440662693814,22.348398691288303,46.38408823446337,6.476180778108364,337.2268280194834,430.73191471874634,12046.630302523146,2
2015-04-13,8834.0,16695.42672663003,11680.875344025442,22.265790343782726,46.388024049630275,6.473705096901,-185.49765465411258,82.0143501168402,12056.503859645227,2
2015-04-16,8706.7001953125,16435.01930802197,11555.517745970172,18.717809234518306,46.389556230421796,6.471430742978982,-514.6717149387478,466.5593015131539,12161.89711333722,2
2015-04-17,8606.0,16154.824699537088,11330.970173235772,23.190227717594787,46.39032559712142,6.47020477379797,-254.45610190364425,479.94102659094403,12667.05286909296,2
2015-04-20,8448.099609375,15807.714285986483,11085.82109279276,20.090589928650164,46.39041425002175,6.468657423895616,-282.71394223999175,255.8836317837162,11912.23538468334,2
2015-04-21,8377.75,15705.069875064482,10884.989317479023,20.099490501575662,46.39189229641755,6.467731753071303,54.569027090347134,1010.039253750357,12225.928471208934,2
2015-04-22,8429.7001953125,15772.035720264425,10954.371069472401,20.197962445205462,46.394901093535104,6.464649696090856,-430.1024980757197,528.9283630021913,12338.955574536134,2
2015-04-23,8398.2998046875,15722.080735498661,10960.414852241938,20.13863150188225,46.39710264561417,6.461564095552254,326.87086860816146,738.5467109565354,12638.843461543815,2
2015-04-24,8305.25,15513.044158645722,10787.465529362695,14.739733286682984,46.39643361963294,6.458827588010307,-705.8252023581183,-36.86389660079681,12836.949178417613,2
2015-04-27,8213.7998046875,15367.539218728729,10629.969207616345,19.628987203620557,46.40075193079056,6.455483330892057,-803.0100545265665,-39.452543735163715,12256.311328945489,2
2015-04-28,8285.599609375,15545.53490915692,10669.488848336074,17.27210705667509,46.40332501350895,6.45176337545744,-204.0464031701396,538.0187831946779,12499.084087703177,2
2015-04-29,8239.75,15408.490726417149,10557.722978883097,23.252671404431354,46.405080715183864,6.449836245865417,-487.0236196782046,956.4573068260819,12347.351231106077,2
2015-04-30,8181.5,15273.670515936254,10635.498905208398,27.1721659834424,46.4059558067161,6.447843772311532,-1003.2935415937186,397.0192663082855,11486.247856077669,4
2015-05-04,8331.9501953125,15650.978168769476,10877.558300556513,21.703876664911174,46.40805595540912,6.445699726475698,-404.827982001937,443.0129939503846,12448.513964819389,2
2015-05-05,8324.7998046875,15660.833549209763,10801.209531965384,19.523065125322223,46.40316091858995,6.443665961550675,-454.5943316315691,29.47112659110462,11993.151366142469,2
2015-05-06,8097.0,15111.781495709907,10432.570511956452,17.983970126792602,46.40448484641309,6.439817510576277,-145.94626750631238,184.41322023560414,12379.08450125202,2
2015-05-07,8057.2998046875,15069.966071609337,10272.438522062343,18.684837997448792,46.410005395201786,6.4369554990193745,-398.1883153257045,457.9333956424629,12507.754679254327,2
2015-05-08,8191.5,15282.167407875879,10416.242354279748,23.885283812852066,46.4112653552619,6.434282861018283,-365.65374330002896,252.21663599117144,12187.814267164595,2
2015-05-11,8325.25,15647.284115554505,10709.400125255333,18.615605226960078,46.41211578721802,6.431954996315011,-151.94628728851717,8.342829049097304,12519.598936394992,2
2015-05-12,8126.9501953125,15305.201977868019,10398.734128707418,15.288809291227873,46.4109281343016,6.428121670647194,255.69662829416978,1.6246928156243143,11982.114963112546,2
2015-05-13,8235.4501953125,15549.648236398853,10687.226373085672,22.060331016970785,46.41300631614225,6.424823134183881,438.2981861955162,-165.80242983927178,12439.443924072571,2
2015-05-14,8224.2001953125,15536.068151111695,10663.619375177632,23.001006227235788,46.41302109292024,6.422018737087185,-90.89297500637416,542.975140964377,12754.691796552894,2
2015-05-15,8262.349609375,15602.493085268256,10720.82842174173,23.318431374333045,46.41754899226741,6.420711939731161,-59.78275249179191,579.2743076293416,12371.986945617107,2
2015-05-18,8373.650390625,15878.448242812627,10937.51696251659,22.076696008498658,46.41555813319337,6.418611572390041,-223.2748069183364,577.7660309642158,12188.162499126578,2
2015-05-19,8365.650390625,15838.262742724917,10751.194058807545,22.403039354469563,46.414801218390565,6.417273755314831,42.4994480236314,127.24726064042733,12081.943469308522,2
2015-05-20,8423.25,15973.718237118326,10853.729587885351,20.105868148107085,46.41359858421985,6.414794804484302,6.087744233655542,701.7853871722546,12538.64109313048,2
2015-05-21,8421.0,16024.818382924092,10847.062450641923,15.847408753016673,46.419702321485985,6.41244214646942,380.33907323536494,612.0336002532574,12677.53025228829,2
2015-05-22,8458.9501953125,16068.305326364722,11003.555759697769,20.055762083000026,46.41973302450115,6.410590457460711,-905.4818516621716,402.1883219934994,12437.60112274367,2
2015-05-25,8370.25,15844.927124309084,10929.03925354809,21.243145544838836,46.41868879211253,6.408065372885039,-243.79909748488308,352.9513770222253,12341.101573160697,2
2015-05-26,8339.349609375,15705.501578412923,10806.969143131699,19.7294598868675,46.41301700847617,6.4050956739844045,-14.324052348942502,205.26535928920907,11980.42683542518,2
2015-05-27,8334.599609375,15628.976063775584,10880.373199037069,19.63832776252077,46.41088289251956,6.401263824648462,-160.5135830168445,457.64855017861726,12497.650035591421,2
2015-05-28,8319.0,15483.179087649965,10838.890654243874,18.071763921963356,46.413066547349736,6.398326762217025,-525.6692128384448,885.1743415953994,12299.84923176937,2
2015-05-29,8433.650390625,15765.648952641879,10959.997298498789,17.996522513455947,46.41523817457451,6.396826732012694,-669.746671696191,741.3569846849541,12319.17951736871,2
2015-06-01,8433.400390625,15879.619697098513,10972.576151304758,23.67629702953214,46.41388456487715,6.395754125618837,172.52897041154478,323.13687291127667,12885.398276664917,2
2015-06-02,8236.4501953125,15609.809472910429,10649.893026717684,27.748692739760283,46.41269759717825,6.392650634222233,-802.7703401585659,861.586438532308,11194.410372501292,4
2015-06-03,8135.10009765625,15250.426118751975,10640.100733257783,23.994705737507793,46.41887721038245,6.388589517390879,-1201.960196602241,369.5709851434726,11230.039499811015,4
2015-06-04,8130.64990234375,15307.682597692401,10665.765284032448,24.563047210185854,46.427566349670116,6.3871917131575096,-157.37085599604075,919.0201532215603,11676.012951738021,4
2015-06-05,8114.7001953125,15405.57761431028,10660.400880742105,22.038283885925964,46.43161566744047,6.384939570041914,-316.40683982157384,450.7428572003913,11537.340718179683,4
2015-06-08,8044.14990234375,15217.18253034074,10635.62150721276,25.285149699878907,46.436893507102354,6.381274063831636,-546.3496389832942,907.076668383302,11510.948443306606,4
2015-06-09,8022.39990234375,15178.148542615543,10670.911867255034,23.5192983432284,46.442807782891705,6.375847806479992,-515.8206371044114,1290.7216571423205,12580.41904831923,2
2015-06-10,8124.4501953125,15268.89818708251,10886.113168708001,16.941538440110612,46.45005149754142,6.372571928404829,-195.37657734819757,228.99627030186122,12581.306886022812,2
2015-06-11,7965.35009765625,14967.440597676863,10769.99122356945,24.927766599404787,46.4497457139602,6.369799524640557,-13.764959792317882,1576.8409927714092,11418.958090601958,4
2015-06-12,7982.89990234375,14940.065612820114,10838.013176460056,21.078044485290082,46.44771091007198,6.36634143438532,-795.8797144115199,547.1906463348935,12379.096424343774,2
2015-06-15,8013.89990234375,15016.00665059056,10899.59423526138,21.055213029778514,46.453811379421396,6.364729928988476,-775.5910466958376,175.1123100214149,12544.817786030717,2
2015-06-16,8047.2998046875,14991.09639976163,11035.991547511745,23.285635335696938,46.45151849736757,6.361616985972896,-401.10612916496416,161.36314997967546,12579.341892184946,2
2015-06-17,8091.5498046875,15114.831754511133,11102.996204436859,24.072036424342304,46.449032709084904,6.359332058289936,-160.657474717282,1109.4866823545171,12663.723633275617,2
2015-06-18,8174.60009765625,15349.221575060488,11242.835434608818,19.533032644254675,46.446615805032124,6.359411272489537,-348.5167591535122,547.8966054109296,12401.205484841119,2
2015-06-19,8224.9501953125,15405.233813437697,11443.841655248085,21.346347344312715,46.44682161601882,6.35723752220315,107.12663006680776,230.15414315024844,12639.730094517703,2
2015-06-22,8353.099609375,15600.426390575776,11773.838191378105,20.16846741145212,46.441468488404475,6.354833864692796,285.5335777793389,338.9618166871288,12796.33706153721,2
2015-06-23,8381.5498046875,15524.51975377745,11821.477999618255,18.735769414120607,46.43776916013379,6.352455879239808,-38.49249015701287,529.2327333126858,12574.479492940975,2
2015-06-24,8360.849609375,15465.911322934351,11754.463686055487,20.54162831376203,46.43650214375229,6.3508429263049795,74.17293750244173,397.3837974360903,12541.911060899247,2
2015-06-25,8398.0,15505.575506160178,11921.507809197734,21.342999057000497,46.433514367810815,6.349109143181567,-41.16017919053104,503.76974388225085,12513.580306272226,2
2015-06-26,8381.099609375,15375.601243772753,11950.005532489351,20.43385737083397,46.43730160325289,6.345829828684521,-146.19676363387276,932.083268996283,12422.552497166469,2
2015-06-29,8318.400390625,15277.251094164296,11865.653880947862,18.237637581027766,46.43792154785744,6.343146032777432,-667.423479925878,61.60880063119714,12346.862156082276,2
2015-06-30,8368.5,15351.144077244266,11928.661777072999,19.072878720288646,46.44025261362025,6.340209186770771,-561.1966830410513,593.3890983291732,12512.904890893824,2
2015-07-01,8453.0498046875,15456.053434310375,12098.218918256385,19.088185159650685,46.44225520415814,6.337660161356808,-690.3673907887708,378.1307185953607,12706.55395122975,2
2015-07-02,8444.900390625,15405.459465093234,12082.65675628819,18.31511209013859,46.44223488488883,6.337223543726405,-209.40191798443357,250.28639618238535,12374.034591051755,2
2015-07-03,8484.900390625,15552.438148768186,12103.189017412478,20.627079163211338,46.44579927946452,6.335580905101835,-57.08878749825108,721.6522503369827,12584.11319422877,2
2015-07-06,8522.150390625,15665.460725774406,12176.543158467093,20.836224192586155,46.44775572312006,6.333244217665027,-729.7049539125506,-38.42769040541299,12559.897128293378,2
2015-07-07,8510.7998046875,15634.39272515221,12176.473430799078,21.95903520177439,46.4474005223007,6.332234995152942,-120.96198115919695,-309.93000744448,13061.6992405917,2
2015-07-08,8363.0498046875,15376.697965710773,11898.60251600471,18.284755303678736,46.44294879271735,6.330172890673846,-500.0865313040835,467.3599044286451,12800.677891025609,2
2015-07-09,8328.5498046875,15236.163478596776,11904.22720732215,18.845042627542412,46.44511076789456,6.3262874522954755,-577.6797374147436,358.54607803813116,12801.709099418966,2
2015-07-10,8360.5498046875,15302.67553666509,12052.079353644973,23.109138903862476,46.441926857760485,6.32570722549689,-400.13976662428354,-5.854175143987391,12860.750350006585,2
2015-07-13,8459.650390625,15512.64763092962,12296.081331834946,19.67100827185416,46.44366770713726,6.32330984034723,-598.1905993380185,-113.16574885551017,12495.548701629426,2
2015-07-14,8454.099609375,15472.349981034873,12266.055758887305,20.06026205850327,46.44450437281328,6.318816041436318,92.66364718371455,979.1900133006415,12986.482873255694,2
2015-07-15,8523.7998046875,15640.526376952925,12444.318018750662,19.649792557208702,46.44102326526115,6.314981865844026,-217.20176721957102,538.9044543879039,12683.781668676573,2
2015-07-16,8608.0498046875,15762.223428672503,12598.689624118602,22.266061637443286,46.44239845638426,6.313878233403639,176.0856227950352,405.89371692153395,12637.284304825926,2
2015-07-17,8609.849609375,15798.032865644562,12508.76045554664,22.34361736143006,46.44357241469505,6.310066756221081,-327.3985408425079,1058.5734726878322,12346.220109496568,2
2015-07-20,8603.4501953125,15820.00489693701,12548.155611790522,22.226416201177695,46.444757257199235,6.309191152086761,-312.27442475347425,706.6187479196701,12557.008513697037,2
2015-07-21,8529.4501953125,15489.235701894802,12430.20056356848,20.053135222715095,46.4457982479511,6.307050628630376,599.3530563253822,930.7830311620617,12216.470438272432,2
2015-07-22,8633.5,15773.405269599027,12811.317936581383,18.255128045021998,46.44444108339273,6.305546218057085,-799.2241886721357,46.01382156504354,12605.905972648095,2
2015-07-23,8589.7998046875,15495.767308008866,12845.56451791031,23.85042615551851,46.44681591079503,6.303074381897986,363.7924973678797,34.78222296259463,12527.762517923336,2
2015-07-24,8521.5498046875,15323.11842584954,12778.076314860407,21.712617953911035,46.445352943412175,6.301386000650254,511.8096150583308,585.1225705348049,12577.879955759996,2
2015-07-27,8361.0,15070.506124731603,12511.114403455364,19.08668203721522,46.44272917067015,6.299494114031426,156.32699850459983,524.3497654287366,12332.356964589659,2
2015-07-28,8337.0,15003.94149696029,12480.347049472393,22.84763769388882,46.445353071783146,6.297250430977415,-282.18818774840975,774.8986106979625,12867.556707437534,2
2015-07-29,8375.0498046875,14991.27783598172,12473.542444357543,18.92878216948181,46.448762363585814,6.293983148862815,420.76082869589663,-89.23666259379792,12844.480632718805,2
2015-07-30,8421.7998046875,15017.765517463768,12427.034996032378,22.82140680637731,46.45118095788566,6.292143151987517,-278.7045439559996,611.0792247914933,13128.272947870848,2
2015-07-31,8532.849609375,15299.896824809315,12559.309451101422,22.956569178768984,46.45115937330127,6.2881309293608725,-432.3142342842885,696.7805900260884,13126.301878359845,2
2015-08-03,8543.0498046875,15202.729897458548,12573.738101803714,18.157034456637888,46.44594097618952,6.286870567452933,-305.3073376766655,680.8516200434161,12748.907720254545,2
2015-08-04,8516.900390625,15220.207497590389,12370.369375134433,21.16351660604192,46.450986046702184,6.284879043125331,-378.07749564741516,277.99168563774333,12974.49039919876,2
2015-08-05,8567.9501953125,15317.514512601745,12419.040832239876,21.564381407922657,46.44572075437981,6.283158072683205,-528.6492499678328,555.584551478823,12785.778527496435,2
2015-08-06,8588.650390625,15285.198399879671,12436.607878094379,25.229818399172665,46.44807893856007,6.27835936011339,294.0031336435859,167.3028724103942,12615.601717144025,2
2015-08-07,8564.599609375,15202.686370118749,12378.87578904303,18.515397764732285,46.45500964911349,6.275055189891771,-459.37934104871346,312.11617544586073,12658.603120607035,2
2015-08-10,8525.599609375,15065.30260528494,12262.634084986104,22.86508655398766,46.45605804845732,6.272374365172417,-161.8587955685492,87.11909821061994,12897.186964879143,2
2015-08-11,8462.349609375,14994.724563742548,12129.070318513839,20.03469203606711,46.45753174759111,6.270876371373441,-727.5087557595216,172.40028119837436,13781.075343188437,2
2015-08-12,8349.4501953125,14819.629769506088,12060.537811214886,17.517271632838863,46.459269710439955,6.267765283375717,-137.6757273003233,327.711301486264,13041.989989631356,2
2015-08-13,8355.849609375,14730.483959559513,12119.689887261196,19.760025660331426,46.46046421245894,6.268148413517076,-612.3704176890957,252.71897570863842,12812.447609044259,2
2015-08-14,8518.5498046875,15025.11704910406,12364.571967356504,20.004929522199415,46.46811605291076,6.2657236391850875,-622.1943291700932,172.3625670833079,12878.079259296283,2
2015-08-17,8477.2998046875,14893.783589834991,12287.891528721608,17.882219613769422,46.46618655835257,6.262549602326852,-193.71516403843313,10.120884346533785,12880.902623221853,2
2015-08-18,8466.5498046875,14950.175745550649,12267.123013227018,20.62434723770306,46.46388037841273,6.260208139887721,272.7889060723741,988.3287365377033,12741.72009287087,2
2015-08-19,8495.150390625,14925.013059643648,12260.328292551261,21.915618510997163,46.463497875212255,6.257106017063473,26.16547509591848,249.83111703272223,12963.021847282635,2
2015-08-20,8372.75,14784.89952564177,11994.689457150762,20.476401308124025,46.469320369989994,6.253773945822973,53.6481544531037,498.98967205936884,12735.153195277984,2
2015-08-21,8299.9501953125,14642.215714688684,11942.378957782761,18.916311821240246,46.46818974016306,6.2526406496973665,-201.966871991603,-127.6915868733056,12521.384445211805,2
2015-08-24,7809.0,13656.219066213871,11096.097251088944,19.70305586318607,46.47008063491843,6.251013076935962,-284.256106060207,807.294739872825,12908.137627089676,2
2015-08-25,7880.7001953125,13757.523562379083,11145.58388439596,19.990913286413097,46.47389366054218,6.249391878736671,166.45625539769424,450.1481951460539,12947.432144756229,2
2015-08-26,7791.85009765625,13544.459041415123,10992.961931975446,20.434643254962097,46.47683061140196,6.248534768295508,-375.2708649283209,266.83763712246184,12757.768368451758,2
2015-08-27,7948.9501953125,13777.783153566197,11270.152143687801,22.219661524480063,46.48048483292664,6.246891064188387,183.77366177907834,269.45767880081553,12879.456250734927,2
2015-08-28,8001.9501953125,13884.470532857158,11227.011985604398,20.54387950677218,46.485338792034376,6.243696776781082,344.37877557362384,660.8229573298164,13051.27076842846,2
2015-08-31,7971.2998046875,13758.350156869803,11172.79429840357,17.19460674274058,46.486863487163454,6.242282044097341,-486.55471319031085,-485.9286286234368,12796.96102374509,2
2015-09-01,7785.85009765625,13294.272661442581,10921.922536086553,18.875357856022617,46.48609234046849,6.239035561472723,-427.7781982532831,152.7419983872771,12700.716921829371,2
2015-09-02,7717.0,13145.603055783886,10835.933795099867,20.332042101793274,46.48713399714017,6.236441179538747,-368.27820256584175,364.2748487196423,12638.464791209939,2
2015-09-03,7823.0,13249.839087950431,11164.394752477663,22.24824896990823,46.48671683675678,6.234282647091437,-736.7850503013652,360.81667563062024,12760.291902068031,2
2015-09-04,7655.0498046875,12901.726201841966,10962.428179312694,22.595692883073102,46.49488149270191,6.23202618972665,-337.7610926535431,1151.5935891035244,13224.308281881285,2
2015-09-07,7558.7998046875,12678.326558514358,10892.552848705438,23.54937068317491,46.493883522743054,6.228129274834491,370.5798948878021,298.72195886556045,12784.572315958598,2
2015-09-08,7688.25,12874.48489647398,11307.099006037628,20.26122879515861,46.49593294575649,6.225059492191188,-568.2302169341391,697.0680976184963,12932.855394621703,2
2015-09-09,7818.60009765625,13222.252317722576,11592.114054761967,21.526618351004988,46.492030348959084,6.222938367299966,380.07844346157947,943.4971559607853,12762.233946114618,2
2015-09-10,7788.10009765625,13168.607647983039,11549.271026724375,17.09107693119406,46.49302880413845,6.220232634409841,-323.3777831812309,601.1842257365289,12745.213245114131,2
2015-09-11,7789.2998046875,13183.772545178761,11619.092084367745,20.859763146322965,46.492767492572156,6.219267424323467,695.6142548411012,197.85517861559845,12629.618644882044,2
2015-09-14,7872.25,13244.671249612948,11729.104241813124,17.849471797078277,46.495394548729685,6.2184770285723365,-422.72522612617104,14.65372420391617,12886.543114022192,2
2015-09-15,7829.10009765625,13130.661340637405,11659.740123605594,19.8749216084905,46.49809980783578,6.215272355647348,-207.59277992886388,623.6260848142614,12732.748151777605,2
2015-09-16,7899.14990234375,13271.957705269675,11739.889043392492,26.059676777744286,46.50295080325266,6.2132514261718095,-514.0732260769599,893.5075670969347,13198.717407899896,2
2015-09-18,7981.89990234375,13370.872437722503,11916.824719075992,20.607108472380858,46.50756351125511,6.212757070283357,-425.0803094343305,563.788928658736,12848.22222028466,2
2015-09-21,7977.10009765625,13410.6534412344,11861.741081925464,18.27237356163934,46.50796459646873,6.210549397970839,385.2716667433565,770.0344461808452,12869.485647246405,2
2015-09-22,7812.0,13045.877788702757,11523.178249755078,20.81557801191581,46.50573143804123,6.2080725911557195,39.81467405559195,1177.5841143214261,12839.57279895862,2
2015-09-23,7845.9501953125,13093.386226556522,11612.201868414231,18.965849626821292,46.50385011899236,6.2068666199313745,261.5271116709797,651.2122853171858,12986.729048093484,2
2015-09-24,7868.5,13104.091428107764,11642.696167687569,18.078511773684898,46.50535833292042,6.204529869177177,-676.235720396013,69.8101402618247,13280.651252780619,2
2015-09-28,7795.7001953125,12979.932681684022,11381.752905149042,24.206279066781,46.50643169126059,6.203741841692239,111.93138126316603,415.3182296513364,12632.877634980652,2
2015-09-29,7843.2998046875,13033.970082815993,11365.758159048546,22.133624052533506,46.50780547103293,6.201091856828591,-538.5773266881885,811.0645580563452,12977.925130547943,2
2015-09-30,7948.89990234375,13214.11484638919,11471.641647406046,20.69107324999149,46.506800140113924,6.198565697922722,-684.927405213141,325.3660627155961,12506.16845504309,2
2015-10-01,7950.89990234375,13205.294033433524,11414.473362546689,19.216353419504916,46.511711852407856,6.197307958797951,-54.493544458577645,851.7116784438875,13232.305865916785,2
2015-10-05,8119.2998046875,13476.915239480573,11737.450878813957,19.378421034055602,46.5078938009409,6.195364290311405,-58.58466663543463,379.9189306034826,12893.424784069448,2
2015-10-06,8152.89990234375,13564.698843522416,11811.389201215248,23.0849637336883,46.50672240539595,6.193432175527921,-128.66168548033988,500.3042262840505,12539.94469548915,2
2015-10-07,8177.39990234375,13622.595809900764,11930.06885424616,20.613155075329136,46.504091084070055,6.189486022552317,137.0233650510662,294.7776878968452,12601.521216237896,2
2015-10-08,8129.35009765625,13530.033189426296,11899.872742818809,13.834389714102374,46.504064164501024,6.18709949502804,199.4265270534708,447.86090209632243,13147.103555294298,2
2015-10-09,8189.7001953125,13617.505913410721,12083.822801724305,24.841877031317672,46.508403863729214,6.1859341335329905,437.89173567748037,463.73422833086227,12510.717732548988,2
2015-10-12,8143.60009765625,13576.636400035979,12046.367188589826,20.36612471394457,46.508140602019765,6.1831247477748725,-626.1371993223341,-82.5625779250152,13018.686598586619,2
2015-10-13,8131.7001953125,13542.050317141322,12040.400487194456,20.686738011469632,46.50904503402709,6.181803471154905,450.8064981800899,267.5220122256774,12840.672269221634,2
2015-10-14,8107.89990234375,13481.971587506268,12077.58902982172,22.173389626869593,46.511637762596365,6.180053255282235,602.9245958782305,30.03757394396797,12906.263160861048,2
2015-10-15,8179.5,13619.275577091872,12273.778435671642,20.930805654623175,46.51123181352227,6.177839081356992,-296.49200658081384,277.86741778349233,12787.098516517844,2
2015-10-16,8238.150390625,13820.595564856349,12407.81132351707,21.49381723543362,46.51297969651505,6.1771861319504495,-817.3966732292706,161.45086910044014,12719.726091898614,2
2015-10-19,8275.0498046875,13814.592839611214,12570.182717765227,19.15255306527015,46.51433196377055,6.17483934646013,-703.3995652276471,703.5463528706726,12845.427212793542,2
2015-10-20,8261.650390625,13832.539244372621,12370.439599318737,17.540409352067226,46.51153953582865,6.172566028407875,-334.74055237348466,707.0199811256533,13125.386713929938,2
2015-10-21,8251.7001953125,13710.010047292866,12331.06494989367,20.560465562946394,46.510746589644995,6.170355499279895,655.6566361229688,568.0882463000431,12906.023537256811,2
2015-10-23,8295.4501953125,13802.192418823024,12387.02144069011,22.86322930454918,46.51241034648423,6.1684404175308,-143.1679999187285,19.705230635549583,13096.452843609915,2
2015-10-26,8260.5498046875,13825.29509133872,12410.175694850197,18.704394883233764,46.5168569225612,6.167215562326627,-396.8736467007252,370.55956683593723,12929.149075425574,2
2015-10-27,8232.900390625,13801.436566346005,12477.51881089426,18.543952010360446,46.52130070343797,6.163754996026475,-424.1609033429188,-4.157693534037492,13156.033451437224,2
2015-10-28,8171.2001953125,13697.473594191679,12258.679783091868,22.442038520759876,46.52818716452928,6.162638839623928,-679.0889300023165,355.81198421467104,13110.099565893339,2
2015-10-29,8111.75,13557.860287990274,12255.447727477165,19.085509589717816,46.53024353599714,6.160726553208942,199.83041187215605,594.2263501687812,12866.5821650102,2
2015-10-30,8065.7998046875,13475.315792666996,12087.166909656116,19.178880172331198,46.52960359233308,6.159304028232366,-186.8274978876338,697.6312968745315,12764.108797023917,2
2015-11-02,8050.7998046875,13434.225954853266,11977.92494264633,19.253711454107517,46.53001173533745,6.159723151742134,689.931803904973,541.853433957713,13266.152516445643,2
2015-11-03,8060.7001953125,13410.184209255338,11978.763112858715,19.870038038019043,46.53027044088256,6.1572426047919695,101.28375857058018,777.5414692042123,12810.55734732028,2
2015-11-04,8040.2001953125,13357.224609593804,11919.482645360711,16.852723808195922,46.52964680024285,6.154052895722777,181.97452642290807,477.92691608123755,13157.933494377938,2
2015-11-05,7955.4501953125,13213.725128099197,11660.124005761729,18.921319774916746,46.53139566627324,6.152285511982626,-246.8419322970712,329.93191839691076,13040.610397598764,2
2015-11-06,7954.2998046875,13171.140878246877,11703.647659018236,20.460736038279443,46.53328413176308,6.150680359442822,-586.4121352693952,662.0981529098235,12916.813546242223,2
2015-11-09,7915.2001953125,13057.934117533137,11682.340422599893,20.44647587234966,46.53036285927225,6.14959852043653,-499.4323921316721,671.9428300530022,13154.636715922159,2
2015-11-10,7783.35009765625,12751.27587588387,11523.785269652713,22.315986105159176,46.534227369415575,6.147110574030308,-697.6987775556327,242.74849050288583,13404.613084561424,2
2015-11-13,7762.25,12733.193117542041,11456.52387836214,23.67878444438961,46.529316958600354,6.1443347837882385,214.1578879272364,513.6946775710207,13216.005037445584,2
2015-11-16,7806.60009765625,12855.465775569492,11531.234175224012,27.024966893328806,46.52924951274158,6.140860023457915,-653.9660748983546,611.7059876990118,12175.121780698017,4
2015-11-17,7837.5498046875,12923.621061411184,11584.109330875373,21.829304768147868,46.53329745856075,6.137554641933027,231.0002158368265,-202.57844066012137,13486.43778408703,2
2015-11-18,7731.7998046875,12807.177282932797,11572.538815070899,23.702530818465586,46.53571963284114,6.135204700769046,-445.63423907697455,832.0319476339957,11746.165320307984,4
2015-11-19,7842.75,13015.514233798533,11575.019719831753,18.75386186008624,46.53524871136322,6.13315805350063,-267.1273423081784,11.643345462845275,12782.123423333453,2
2015-11-20,7856.5498046875,13061.194869618437,11533.076356342026,20.035756865016804,46.54175518190357,6.133297049486269,-617.8411339874199,498.46726280012814,12956.489217339678,2
2015-11-23,7849.25,13063.719841344991,11520.607560962379,21.171157539545796,46.54103496139665,6.129682259667757,-29.346906814928914,-60.59189064836204,13454.402965673396,2
2015-11-24,7831.60009765625,13026.67631580765,11414.969865656885,21.643875596491334,46.5356291084895,6.128099393680967,-237.45320657871798,184.09987689377772,13334.872397226052,2
2015-11-26,7883.7998046875,13094.702849599707,11488.815978476616,21.2461714670317,46.53758732755454,6.12545913719798,210.87357118216852,269.92035947929514,12643.694414491405,2
2015-11-27,7942.7001953125,13320.211843337429,11583.513820296936,19.757649057247896,46.53285178688821,6.12377163745626,-436.16427035023946,760.5174310934037,12983.862655742569,2
2015-11-30,7935.25,13282.44147527007,11524.914346253181,21.573724479684522,46.53095744130288,6.1213119967466625,96.44310939881447,239.94548200422184,12756.3005868693,2
2015-12-01,7954.89990234375,13283.243723893645,11563.68410457236,22.521745010167006,46.53342569209807,6.120444945575334,506.3393664890149,77.50871391738787,13097.675477529665,2
2015-12-02,7931.35009765625,13263.06299759432,11566.186730136078,21.76032076813508,46.53264311910038,6.119575676722916,-40.97763413611213,509.3035245980781,13349.852412531167,2
2015-12-03,7864.14990234375,13153.269606701424,11432.967050169722,19.935973889673203,46.534984947623634,6.117568100369725,164.1165810967525,334.9079233798436,13374.363496841812,2
2015-12-04,7781.89990234375,12929.95174571984,11259.714134581207,18.332302614987988,46.53211064962782,6.117116728332133,78.75609847103178,637.1681681948016,13193.779033310788,2
2015-12-07,7765.39990234375,12957.88960458538,11219.93693590531,18.284865141223786,46.535286089700605,6.115990351736866,609.2365938070086,96.43601525063957,13016.889234661696,2
2015-12-08,7701.7001953125,12836.65488781958,11109.538248223105,18.63756475281564,46.530813250226814,6.115500431525165,-1.3758313224684855,463.25616464193354,13108.479621826209,2
2015-12-09,7612.5,12617.95683713333,10842.39446517366,20.51415039734986,46.535369145050694,6.113578828582974,129.983540694204,1140.870039018156,13318.136655681546,2
2015-12-10,7683.2998046875,12808.469032650364,10994.484600406386,21.039607507111267,46.53454307633975,6.11265618238794,-164.51041140638267,328.21631228969704,13760.683857112346,2
2015-12-11,7610.4501953125,12707.337594949437,10840.725012933548,17.17093536411194,46.53973655190595,6.110017502467954,-459.75541427310367,456.01912291018846,12837.042971387938,2
2015-12-14,7650.0498046875,12715.796942737608,10991.509065575283,18.9920097832729,46.53781501503906,6.107281462019227,-633.2702742724675,-98.3120774112864,13571.731152008664,2
2015-12-15,7700.89990234375,12900.493117306096,11118.894033187415,20.48657093061079,46.544189310884214,6.107598948956547,356.76962625466996,144.10621360235396,13223.026099703593,2
2015-12-16,7750.89990234375,13027.242590979999,11284.809418326224,18.200640179804793,46.54191632754213,6.104654788353692,-553.343748537016,537.9162106128309,13379.80179480159,2
2015-12-17,7844.35009765625,13200.626927328642,11380.02387867164,20.86780830611921,46.537134481502115,6.102364451256009,148.34579991337284,301.0306772493342,13217.668264247364,2
2015-12-18,7761.9501953125,13132.241618458918,11212.46349158131,19.38514341816687,46.53786379133047,6.098616277456831,16.406652153504666,584.3298881802339,13543.926825997447,2
2015-12-21,7834.4501953125,13276.320960433453,11254.631623116396,18.553159456661486,46.54216575844776,6.095924319089218,217.11413795829264,527.4816057389778,13265.900306501388,2
2015-12-22,7786.10009765625,13185.017103280928,11124.421524849196,20.106410864897796,46.545138123985645,6.093088067216481,-355.8848090332874,4.591169236671874,13012.988265206093,2
2015-12-23,7865.9501953125,13299.4267252009,11347.097934676533,20.784560659158203,46.54922703779314,6.090579846336939,-466.29196579328425,704.5918847874452,13307.838140321446,2
2015-12-24,7861.0498046875,13321.283857438724,11440.267640477048,18.302942171460145,46.552258598386786,6.0890458932594616,1.3487352399030215,27.194516973279974,13491.494648984402,2
2015-12-28,7925.14990234375,13466.956409315955,11473.448600558379,19.514775240371904,46.55039779471991,6.087757192267062,-266.9366692830053,170.52342825777188,13199.265837296853,2
2015-12-29,7928.9501953125,13474.85300010559,11448.52968983707,20.935356754614215,46.55329704540517,6.084924753998872,-642.4113346425113,468.8454746602639,12656.526858571164,2
2015-12-30,7896.25,13371.541703248402,11386.804147572226,18.475819633366466,46.55417554726223,6.082313573473886,625.4102169361385,870.1069024019738,13178.948610475065,2
2015-12-31,7946.35009765625,13472.191747456493,11514.21712347072,16.684486319152196,46.55264635330161,6.081579691608281,-466.5632663850181,98.83709436175292,13240.277604486922,2
2016-01-04,7791.2998046875,13182.433418422777,11129.609888635989,16.92685230862049,46.553784415563925,6.081471721565964,-547.4530847940058,444.30533602586564,13207.5373154081,2
2016-01-05,7784.64990234375,13100.00209895015,11011.794321549074,19.16389827188606,46.55421543815458,6.080918511382575,-246.85430727175103,446.80614064910225,13093.418795830861,2
2016-01-06,7741.0,12943.02777483248,10970.129235909308,17.363163447389724,46.559063415700535,6.077467196359324,351.1434276631656,597.2079933317315,13579.576533238074,2
2016-01-07,7568.2998046875,12657.843672040764,10556.165095196216,19.304556209647508,46.55811878352228,6.076855769788835,-1016.6940172494466,755.2091649037267,12606.466417671756,2
2016-01-08,7601.35009765625,12587.108486987363,10583.218636738655,23.329885702345358,46.55703393064608,6.076912782160029,317.9534458301797,278.777420799418,13264.506707803403,2
2016-01-11,7563.85009765625,12529.277790127699,10530.988001141885,17.242803224622637,46.55553801472494,6.073424320635223,-514.5894005825212,703.5547723788849,13273.277495673861,2
2016-01-12,7510.2998046875,12408.330398054286,10467.973205050625,19.4347902970446,46.56182856013386,6.072718680206676,-44.18990395669829,799.0965156479137,13804.850064117574,2
2016-01-13,7562.39990234375,12568.980429567971,10546.506839187421,24.264609108542768,46.56050050086087,6.071159734076163,-420.4027846895202,935.1877536614719,13250.950289115877,2
2016-01-14,7536.7998046875,12497.571372230392,10480.725896905678,20.81626016595142,46.5649910155582,6.069052618832251,646.7667416008024,550.5769899164861,13378.007942781482,2
2016-01-15,7437.7998046875,12367.129882544898,10395.535352055898,23.264553425048803,46.562496853057716,6.067383016312067,-450.15196534305943,747.2310731057901,12367.182611890545,4
2016-01-18,7351.0,12180.344589422655,10277.316287061014,23.686234730961523,46.5646167245243,6.066054690618847,-783.2366201364944,557.6246579155393,12364.343522598185,4
2016-01-19,7435.10009765625,12343.020223084834,10358.88675635496,24.858725016786554,46.56600425272019,6.065444895435792,-620.4365287350762,262.30398035511774,12781.035153567811,4
2016-01-20,7309.2998046875,12169.100526490653,10154.130205547297,27.39154386125488,46.57030435809495,6.064787742663178,-464.145170039325,616.6139402024506,12075.844637882696,4
2016-01-21,7276.7998046875,12076.164472346647,10134.985936900819,22.938292785045515,46.57416949456873,6.061521867864957,-428.9293568951197,733.7013208679525,12190.262634395,4
2016-01-22,7422.4501953125,12419.033473631567,10543.150338323054,22.484779434223434,46.575015164699956,6.059118474829151,-324.4950065914717,667.152309270128,12546.257295314532,4
2016-01-25,7436.14990234375,12370.29890108605,10641.57138651729,21.242382534439546,46.57400393691166,6.05746155311854,-500.56184307292597,879.3153978444484,12428.040876992127,4
2016-01-27,7437.75,12395.116973802209,10761.310976799396,24.206192065019607,46.579478821828964,6.057287525015935,-1050.8649666434862,263.74801767804195,12299.158288076671,4
2016-01-28,7424.64990234375,12439.800032756488,10679.738632071383,21.188625260364173,46.57816797947395,6.052818033869781,-636.1070683606644,645.4077189130584,12356.461170759372,4
2016-01-29,7563.5498046875,12732.017656928743,10887.907728741615,19.07243475035641,46.57196480814933,6.050469452861352,92.6633499363434,998.4308527390931,13553.637866727846,2
2016-02-01,7555.9501953125,12815.821104171075,10859.440455225438,18.182633117779297,46.566989111779804,6.04720807739767,-417.95312255160036,698.6796278506671,13444.579672762304,2
2016-02-02,7455.5498046875,12591.353168591058,10678.455877129243,22.14824702046821,46.56274392773246,6.044109482635038,119.11251187935102,584.8570387638163,13130.508377908875,2
2016-02-03,7361.7998046875,12316.051954685741,10423.53872137612,22.983207225266387,46.56513101436806,6.0433702748682725,-487.3127468168759,817.204712506747,12451.648582026959,4
2016-02-04,7404.0,12344.759740857098,10575.51024097701,20.793860656011233,46.572374417172995,6.041117727495518,-237.09606270659592,290.3704427804,13317.273382730255,2
2016-02-05,7489.10009765625,12534.898210793455,10779.364842246801,16.791815996622873,46.56685453515774,6.037067655546754,327.65755701583697,-126.22107552701402,13461.070040099561,2
2016-02-08,7387.25,12373.394309584657,10585.443928871864,20.26301390890569,46.565106870508245,6.035197137034768,-845.2525777537126,537.1385771235997,13254.986724662649,2
2016-02-09,7298.2001953125,12215.40175170614,10473.671946441966,17.593679388278503,46.565973947892616,6.035525218263602,-420.1283593058598,-334.5284948869006,13023.191679870815,2
2016-02-10,7215.7001953125,12010.37900956225,10346.38394456676,19.14870300014028,46.57121046878962,6.032015056682279,342.9714838715103,302.33324121616704,13530.290994077395,2
2016-02-11,6976.35009765625,11633.450194294348,10007.25818341845,28.422405148512446,46.56944665623217,6.030848838204544,232.0196652614137,698.9022431493007,12557.189609995898,4
2016-02-12,6980.9501953125,11556.65752747693,9894.738442816346,25.864348754481767,46.57181905569962,6.030721707333752,414.39699386868017,565.8428693778958,12777.319510230836,4
2016-02-15,7162.9501953125,11975.865570626731,10195.81493065934,23.743174834337385,46.57166878795438,6.028981777764494,-479.85778786467847,1351.4149180405693,12103.07632277109,4
2016-02-16,7048.25,11970.242424887403,9996.543763107271,30.397883819566392,46.58009027285313,6.02922360559318,-316.8410481537828,1247.3028355300185,12417.492656022443,4
2016-02-17,7108.4501953125,12109.832784094417,10156.374870426964,22.169650619253364,46.581123893716025,6.026881963270284,-173.02886910573318,1009.8435201030292,12382.372545489177,4
2016-02-18,7191.75,12309.93500292644,10242.110889664335,26.33043276415072,46.58279096003546,6.026650419363357,10.030108863313615,422.40197017828683,12345.77948417438,4
2016-02-19,7210.75,12309.306585453647,10046.041363411001,20.93465108630577,46.58364373091325,6.0261872267530405,-374.7632261300955,1276.4245980896362,12065.404779915536,4
2016-02-22,7234.5498046875,12264.947735742126,10020.662236633008,19.512154484704105,46.582999671210175,6.024485924893396,220.45956937842675,585.6907416471103,13105.594673083273,2
2016-02-23,7109.5498046875,11990.600845868787,9809.64330747745,21.30442049963888,46.58644928243688,6.021334318728637,-316.09047982219124,417.4061020740966,12525.892432218814,4
2016-02-24,7018.7001953125,11745.959668229943,9665.923243382793,24.514551830181748,46.583572199777095,6.0186725604694145,-291.11042323664947,709.8150733888727,12338.615321803554,4
2016-02-25,6970.60009765625,11556.971498672427,9733.140453631144,24.111940507157513,46.57816631257587,6.014672725208872,-867.347694760032,987.5724560614399,12261.81112747043,4
2016-02-26,7029.75,11786.528132917812,9884.462428926481,23.384670401632835,46.57831572870229,6.013615613593336,-631.6854877504895,520.3363478073074,12829.395271796271,4
2016-02-29,6987.0498046875,11727.22119070928,9819.878898404604,26.184114050252614,46.58136241986428,6.012443045643402,-709.1076792311278,742.1597664018375,13069.630312342755,4
2016-03-01,7222.2998046875,12197.453957081629,10221.778461103795,22.86580205399442,46.58022008917868,6.010879794154186,-975.5581814314087,794.9429131540478,12467.889556588983,4
2016-03-02,7368.85009765625,12457.360407536102,10543.349910247,20.65370349561465,46.58137956081165,6.009119017302203,-810.6420896843662,69.74373953800017,13023.151139280815,2
2016-03-03,7475.60009765625,12648.713158654828,10690.31985959594,21.64110988054268,46.57831747184746,6.008842958379909,-319.45099943685943,318.9721456726295,13538.070351166536,2
2016-03-04,7485.35009765625,12715.838641641609,10698.055917336962,17.033557582207635,46.58210546177834,6.0075115245984625,-255.55293057450388,92.36122748704338,12876.227921812437,2
2016-03-08,7485.2998046875,12714.100006741235,10628.280537727602,18.503171316651233,46.58466119067616,6.005332072577647,-107.98516958886319,660.6004047120157,13078.716033489553,2
2016-03-09,7531.7998046875,12828.481083515124,10799.355659266323,20.10772193463167,46.58532037563351,6.0038589254073225,72.29513633605623,127.5833723268355,13557.98299224869,2
2016-03-10,7486.14990234375,12733.250423257294,10746.373172753896,21.260306838856636,46.58642656499718,6.0042904928544365,-74.75110255767112,487.541111239417,13079.515989726688,2
2016-03-11,7510.2001953125,12760.851483670533,10742.183187492561,22.842475531843068,46.5828458392073,6.003301166161486,-252.7644710122305,-17.04674551807932,13377.16802891034,2
2016-03-14,7538.75,12742.412128910648,10783.890274708167,19.56824040254416,46.57939915923596,6.001304204741296,-516.05052631075,59.968935057606984,13062.444552028874,2
2016-03-15,7460.60009765625,12498.665782805896,10683.190996480147,19.367057914700233,46.57963318496464,5.999657145748353,200.82763900048712,45.4356372487955,13482.097747128231,2
2016-03-16,7498.75,12556.02364167622,10732.789316233344,18.25480793957267,46.58177438939682,5.998522400851329,-190.7288869157605,313.12745383597587,13774.642324988035,2
2016-03-17,7512.5498046875,12584.310219905396,10722.078114828695,20.659968184354067,46.584067525409644,5.996507660346808,-323.5159180027638,454.11448599113834,13311.860275342278,2
2016-03-18,7604.35009765625,12689.156988583853,10837.83073243043,19.405764852603816,46.5835787267873,5.994408936733654,-224.5817129653077,509.4265885574893,13476.86423268588,2
2016-03-21,7704.25,12872.083206972964,11032.453814611812,19.451935474348563,46.58641486185618,5.992812917284329,-443.0977389418831,-131.67053951308822,13267.082570644316,2
2016-03-22,7714.89990234375,12894.443207384928,11027.054571235187,19.812222988222985,46.591277236438415,5.992751797712236,-362.26956936444265,349.4081847910999,13290.956122421776,2
2016-03-23,7716.5,12786.636106372076,10999.811073277811,21.103256124180678,46.59161123418843,5.99196705850424,-374.98332531607525,174.8283670869694,13272.830140219268,2
2016-03-28,7615.10009765625,12557.08875023603,10741.265740278304,18.87253889364148,46.59314022590826,5.989986314044713,-264.93496720018743,560.2535478310774,13714.54355748876,2
2016-03-29,7597.0,12544.719826807095,10715.663347820277,18.45568382218219,46.59311666351726,5.989288617636411,112.30198272723595,319.7091006762214,13125.504254306767,2
2016-03-30,7735.2001953125,12818.105193940142,10940.252696965299,20.863448372268206,46.59333774459035,5.987734994096937,12.844827416243248,375.750698314454,13422.726439194013,2
2016-03-31,7738.39990234375,12764.896735685126,10924.581040073532,13.94855019623483,46.59444643755923,5.986521903981697,468.6949629123136,176.51531844908206,13628.254687731003,2
2016-04-01,7713.0498046875,12727.045310768506,10894.705695263949,18.792643652676627,46.60015623042639,5.985222373915172,334.6916368448035,917.3943128771499,13768.567831532635,2
2016-04-04,7758.7998046875,12862.853278334494,11021.884273305532,17.69738100118527,46.603502059558124,5.9815634936954565,632.5687092938302,14.926173030039422,13646.771134952356,2
2016-04-05,7603.2001953125,12621.37494441929,10805.190832331069,22.406516446033578,46.60657761285941,5.976971971151317,73.66339186833173,280.07980288333135,13512.95744388801,2
2016-04-06,7614.35009765625,12636.933798658856,10860.178949096284,19.118134474914207,46.605816384260656,5.975659048750966,67.24208894941222,432.2795359818905,13383.638881120607,2
2016-04-07,7546.4501953125,12490.180537819655,10729.081354529173,18.878567769465537,46.60372185881428,5.973271192405844,-344.96631105485426,324.5918613354309,13793.345073337796,2
2016-04-08,7555.2001953125,12474.678063810934,10707.5310565683,19.902755029493452,46.60549046513715,5.97010148948052,180.40595899819942,170.81920518793837,13312.791574295903,2
2016-04-11,7671.39990234375,12711.285487343692,10838.883068468369,18.809255143070175,46.60982170107908,5.9677536005446035,-412.44677201723573,-143.5050609234222,13321.827087952763,2
2016-04-12,7708.9501953125,12789.889325917718,10864.002755910557,19.194703683692932,46.615591914274674,5.967156930143599,-738.1822097526314,192.54731473247256,13924.614183218186,2
2016-04-13,7850.4501953125,13083.65047063465,11107.26135431877,20.194220820846326,46.60883400270688,5.9659980155291725,460.5293568991019,112.1845475496408,13660.649606805697,2
2016-04-18,7914.7001953125,13208.935847792412,11164.090773883792,19.155919130987463,46.61677316758466,5.965257614985727,-649.6726378530686,903.7673778139106,13675.328746776022,2
2016-04-20,7914.75,13252.358498469683,11170.611323558123,19.141565095455928,46.6186241284294,5.964203133260787,25.540715838239407,1079.4087785794159,13735.511294218977,2
2016-04-21,7912.0498046875,13252.399504546243,11101.54412155302,17.979684652577383,46.62195091952189,5.961781314347108,-502.1325491333449,384.7624966013191,13552.321421377144,2
2016-04-22,7899.2998046875,13270.516538639313,10970.221856872568,11.192432518958938,46.617331087193705,5.96105946848792,800.6670491167336,-271.4269620897369,13192.564505369466,0
2016-04-25,7855.0498046875,13235.017069588597,10950.431041263832,20.12127379518056,46.61722036968341,5.960151419534101,355.1799943082783,621.4132317137116,13656.441568968405,2
2016-04-26,7962.64990234375,13392.783893692751,11100.278307241391,20.613201019571644,46.6202889134341,5.958544755519867,61.67112296927439,105.67705260463049,13588.277973158765,2
2016-04-27,7979.89990234375,13327.99181075654,11073.419709871727,17.1436867124321,46.61736467015795,5.957119028745831,348.54588379047965,235.24868392160013,13364.64853513915,2
2016-04-28,7847.25,13167.545644073494,10783.71287905387,21.519882830761695,46.609299736048044,5.956431547178409,-147.0651696675508,211.3451316450132,13307.043617743426,2
2016-04-29,7849.7998046875,13185.782903581992,10815.335283144983,21.528095279649495,46.610906252104954,5.954206775759866,743.66987233042,249.8483019388123,13595.724151771095,2
2016-05-02,7805.89990234375,13015.351133938168,10831.987071544872,21.949378276557248,46.61135690411547,5.953823967707991,148.46609339716298,293.5839245527748,13243.755148283597,2
2016-05-03,7747.0,12870.966565122879,10708.42061100613,20.599778169481194,46.6162809153791,5.952923007488354,-510.2206238494773,5.949415201220518,13579.433284273904,2
2016-05-04,7706.5498046875,12836.826068675113,10627.780165698576,21.274164200577992,46.616401159951444,5.9514638537618305,-122.15731650234441,189.39590150207195,13551.601753869692,2
2016-05-05,7735.5,12875.568445517685,10744.661413377211,24.370051689156643,46.616741003572194,5.9515383268145605,-211.00081048602723,705.9832743590305,13596.119656714962,2
2016-05-06,7733.4501953125,12845.47829330565,10625.198109479117,19.396956798245412,46.6194340360891,5.94879188585799,-250.16962337506436,389.93291788775343,13743.441522503308,2
2016-05-09,7866.0498046875,13163.61072395688,10974.836513885191,17.908616998220886,46.6231345973959,5.9468842513349385,-812.8556911596828,437.5941524466312,13808.352784512383,2
2016-05-10,7887.7998046875,13148.512874824022,11173.978436352987,16.931880233557077,46.621608352097915,5.944759216078681,4.745817777384019,-269.67443910538896,13449.601610784974,2
2016-05-11,7848.85009765625,13035.602709143983,10929.04729151555,23.51134786046463,46.62504184837665,5.943679193598683,-704.301191576221,684.3350975571528,13886.235247204226,2
2016-05-12,7900.39990234375,13141.22752671351,11009.081178477323,17.037574517397314,46.62407664689586,5.943428169687603,-660.1629122089535,-55.655967048935565,13593.9494835946,0
2016-05-13,7814.89990234375,13006.012971850258,10820.25810228633,11.65080051613154,46.62472621170704,5.941016392923652,212.3945435506783,487.19056631030844,14137.86979952678,0
2016-05-16,7860.75,13116.236237371704,10879.408878887203,12.045358374642888,46.62733852093546,5.942897823899963,47.6425386431049,196.282441259309,13503.974496835424,0
2016-05-17,7890.75,13219.51167102955,10901.94609610331,12.852017924937655,46.630473929967096,5.940815693810766,5.385194945778721,-18.616028713597558,13228.503733632535,0
2016-05-18,7870.14990234375,13192.077751476989,10920.907507107077,15.948513744291967,46.63202887468631,5.939761702335498,-891.2383801462083,-353.3368786653541,13902.046509362468,0
2016-05-19,7783.39990234375,13058.628290115657,10770.1288880008,10.92539560303938,46.62938720870521,5.938354418062223,9.662849618780626,802.4537872284227,13795.55500167436,0
2016-05-20,7749.7001953125,12983.114014235178,10655.91766770379,16.06676095022225,46.62437644457751,5.936995313881552,-219.45674606908094,640.9741819142153,14013.038954698517,2
2016-05-23,7731.0498046875,12952.037733912566,10614.217354430655,24.335028953124322,46.62441257661283,5.934802357075413,-403.6615760384375,658.9223199067012,13773.991520461674,2
2016-05-24,7748.85009765625,12990.469231434376,10676.509966681355,20.624746573840152,46.62792643118896,5.934474079073232,4.937470501332598,945.6483116357876,14335.161675566958,2
2016-05-25,7934.89990234375,13349.612161551384,10910.827629374624,14.40882661183712,46.62987552351316,5.93222905964096,907.0642593902251,217.22610366865837,13647.566388076266,0
2016-05-26,8069.64990234375,13643.423721730693,11026.005108027397,13.089787989600014,46.63120162253529,5.929073764113945,556.5469761020701,555.7200154145258,13991.1489181312,0
2016-05-27,8156.64990234375,13836.879570136634,11303.929452994826,14.431569847436048,46.6317805428659,5.9265701373905575,760.5577176407941,6.427422675951391,13565.348014299738,0
2016-05-30,8178.5,13880.167417866774,11296.697358007652,10.471588233318029,46.633307848396306,5.926638566269086,793.6506758593794,371.2735598499621,13849.36310062529,0
2016-05-31,8160.10009765625,13801.119948624522,11256.95937649881,11.818158866279541,46.63092557486545,5.926516897646576,-57.5443068266851,-39.02901222741181,13905.5685119233,0
2016-06-01,8179.9501953125,13841.84523849676,11262.953318715607,13.710315769045211,46.63386618032295,5.923142276445276,525.645877074478,-1.1576386452940142,13953.108647463037,0
2016-06-02,8218.9501953125,13913.070573778448,11364.889163914206,9.0,46.63700509969821,5.922593379160164,748.0629413461864,179.10017263628282,13942.802330913857,0
2016-06-03,8220.7998046875,13927.272941971825,11489.522060247402,12.89496477237154,46.63653930317318,5.919253583312388,175.6158087806083,-230.21967298791708,12845.57001446828,0
2016-06-06,8201.0498046875,14013.657842531382,11496.379580620016,12.771671259331185,46.63845032606513,5.917873261801737,33.7493399878835,248.8272667124042,13720.859902974455,0
2016-06-07,8266.4501953125,14107.540239669912,11501.661918388354,12.894619536099277,46.633900677672024,5.915317191135033,562.1625836865772,56.412537037719275,13586.689057309335,0
2016-06-08,8273.0498046875,14143.805807367533,11417.472207908871,12.397836384358037,46.63504082141994,5.914864433384671,-242.6515487150716,-446.26818983630426,13645.918079103943,0
2016-06-09,8203.599609375,14073.820901770492,11276.00866545453,11.508216148251005,46.635241445637114,5.914080340071762,-85.20183322651718,12.701434272323013,13676.92149986928,0
2016-06-10,8170.0498046875,14016.143842563119,11202.762160142167,9.855936299458161,46.639619144357724,5.913725955414728,83.29746096662672,46.483589053982186,14028.938144623704,0
2016-06-13,8110.60009765625,14035.038902510723,10991.220434941446,20.289494094334824,46.63962321608617,5.9121015472025125,30.20568525228336,655.8509394514728,13820.760133692656,2
2016-06-14,8108.85009765625,14010.506055876227,11042.527302015253,12.899752026407514,46.64282920962631,5.910585850569081,437.5650086222658,235.5593857481332,13630.269400623394,0
2016-06-15,8206.599609375,14215.941483396515,11130.639461988107,10.749436906862645,46.64225569209277,5.9077670429685085,762.9483518208527,584.2417101069442,13370.58365695819,0
2016-06-16,8140.75,14046.066205034416,11123.19589599528,13.625066825667542,46.63599738994904,5.905421807596285,-18.748021745367453,306.032878687448,14202.660095140669,0
2016-06-17,8170.2001953125,14082.25735940936,11294.293475393806,19.410099609854587,46.63592078098661,5.905060406433357,-540.1891885070033,233.81167892971416,13606.728456784367,2
2016-06-20,8238.5,14226.507988829688,11391.182873932972,19.07795209667577,46.63711105275195,5.904122558093387,59.5647874998657,382.49219185704106,13754.198701292791,2
2016-06-21,8219.900390625,14239.34333440163,11390.32471380045,15.6862102263851,46.638163565263014,5.9029266061784655,-469.4667616428143,295.5855889265373,14385.426552375942,2
2016-06-22,8203.7001953125,14226.653815933947,11279.733069279644,21.365535024615784,46.63926141677884,5.902893264502868,-391.4015661977684,546.3918568339508,13629.197366884428,2
2016-06-23,8270.4501953125,14427.035670443162,11433.109939251975,11.03389791978174,46.63834205417174,5.900302503417876,-392.70593570069957,167.94664423896822,13729.285774062133,0
2016-06-24,8088.60009765625,14076.930699061957,11102.15077835377,20.12654050968248,46.6379708714445,5.8997368739964235,-33.66159943456502,211.4321098123234,13874.584674665828,2
2016-06-27,8094.7001953125,14069.90668050552,11039.949132636055,18.383463113134614,46.63519183991076,5.8972767866604725,466.51618872646725,402.5801413187544,13371.766980675937,2
2016-06-28,8127.85009765625,14287.127614798923,11075.093246234092,19.22254696490403,46.629802022914234,5.897478581422576,-561.7155665201519,538.3541996664276,13344.633446876356,2
2016-06-29,8204.0,14457.91225777511,11169.055564255046,22.304584983499822,46.630082645904096,5.896751833081491,258.6814446880454,98.07353850946635,13692.437567161813,2
2016-06-30,8287.75,14579.160965986768,11284.681921122025,21.063236401606748,46.6284470366566,5.896449973490144,-173.75943239598053,495.10262849341143,13707.01413135485,2
2016-07-01,8328.349609375,14617.28521357365,11416.079024869321,15.76007989257894,46.6322865433936,5.894486832284332,-356.1658553640125,-323.6049288455474,13872.85502397135,0
2016-07-04,8370.7001953125,14643.955406880023,11431.961702804623,14.160770989243147,46.62634059233456,5.895412307506761,-7.890742251251254,481.6714029424824,13570.040549796522,0
2016-07-05,8335.9501953125,14631.948683338593,11494.188576997187,14.292287168681561,46.627813648731994,5.896159118744329,-32.586933121508764,308.1542432315921,13965.992209359181,0
2016-07-07,8337.900390625,14614.398475985385,11406.36974226637,9.937721999547644,46.63477811052662,5.895342632351771,223.38888594374947,638.7849106865397,13253.419552486368,0
2016-07-08,8323.2001953125,14593.516090926545,11493.123059575175,12.864950012266892,46.63482957123206,5.895275914764256,517.8057153786817,-184.97893193262775,13836.440135033414,0
2016-07-11,8467.900390625,14871.505087716252,11664.056206013916,13.050182136302784,46.635421326960014,5.893736939636974,1089.5691348965725,490.0355186449379,13960.818653940794,0
2016-07-12,8521.0498046875,15018.41589135636,11752.168831090179,15.94732964070395,46.63730036726993,5.891236265868695,-222.45831796739446,430.73401907043905,13957.106706754332,0
2016-07-13,8519.5,14964.640679312412,11715.097244605933,18.987541344186145,46.63941392564155,5.89080476446413,-343.9109587679952,345.33038583763306,13825.916322389925,2
2016-07-14,8565.0,14988.190620262149,11766.127204390827,14.029719018112244,46.638788403631864,5.8886630678634315,-8.392341164284574,37.006994083527985,13692.866806473265,0
2016-07-15,8541.400390625,14956.244404763818,11783.809886658857,20.451514686169503,46.63636351500172,5.888755811680721,-657.1917845957189,74.4561830529891,13827.90950400013,2
2016-07-18,8508.7001953125,14929.236286882235,11835.830157285553,22.315350320561453,46.63892167739437,5.8885911084351985,-111.8209253561738,-3.742909316747898,14228.929667936367,2
2016-07-19,8528.5498046875,14987.518174043646,11954.095811924983,13.232511835387733,46.63379749323212,5.887618689382797,350.59199647473895,-75.37029584190884,13724.733068720927,0
2016-07-20,8565.849609375,15011.11299048626,11987.843018221593,21.655573897386294,46.63689417819227,5.886595267962288,-875.5209388331475,23.26730727911314,14168.175121339493,2
2016-07-21,8510.099609375,14944.472351096594,11907.738732072805,16.590269731724952,46.636318782620066,5.886386768241867,-142.73978882181393,878.7167450771854,14217.569192351011,2
2016-07-22,8541.2001953125,14960.090927023217,11904.083533528279,10.271961134112116,46.63692803808233,5.885468477840494,-132.1583971644556,-300.6155769806825,13423.633969376884,0
2016-07-25,8635.650390625,15111.618763453786,11991.547405850482,9.0,46.635951214468584,5.8838761001292,354.7310876539903,194.66864343182837,13875.83151411726,0
2016-07-26,8590.650390625,14968.620392578718,11835.116248013648,15.071969950266666,46.64084386233915,5.881178620003371,857.798597282436,280.71153806553156,13644.402938435278,0
2016-07-27,8615.7998046875,15095.262546220849,11845.625760330448,14.847333875577473,46.64219089446142,5.880959494535475,535.2271844303756,257.24976958438566,13503.43185219665,0
2016-07-28,8666.2998046875,15231.445888084778,11947.115741273712,15.293655147798564,46.64182568050159,5.880152860646095,421.00683776283597,283.58658311969396,14147.24836975864,0
2016-07-29,8638.5,15214.569471507775,11765.47777310505,12.145276328587613,46.64137597181466,5.881740404724519,138.49369703864522,433.92009523490253,14063.577184585389,0
2016-08-01,8636.5498046875,15286.865573242321,11759.019949208372,12.372904684930667,46.64153150041066,5.880481339025062,376.7470603379098,16.22335126899887,14010.180334630528,0
2016-08-02,8622.900390625,15432.970008737706,11843.986172974484,13.257904714675378,46.64932232094026,5.8796251865356695,575.3016888989928,176.26519370706364,13639.121071363215,0
2016-08-03,8544.849609375,15175.95852733338,11795.166465116276,16.387398605895314,46.64597105586932,5.878797472076379,535.6665371233639,61.931546110280934,14005.55449461392,0
2016-08-04,8551.099609375,15143.381499135605,11764.14613933043,16.887656255244103,46.649819702412216,5.878299985450034,310.3124944745824,540.7576773750544,13586.230823250095,0
2016-08-05,8683.150390625,15364.89982942748,11884.158151697575,15.087616979682725,46.65212401827349,5.876189843058048,436.9505295755663,779.9597770424626,13978.518284108752,0
2016-08-08,8711.349609375,15367.497618226875,11963.523861362466,14.162039449607002,46.65734345353072,5.874974348325657,-176.62472801683202,-208.1801280484126,13777.27157790711,0
2016-08-09,8678.25,15237.58154191124,11744.655166193024,16.170765395400252,46.6598306539163,5.8746687166986264,56.26529008890492,-459.3302527812973,14260.583745887081,0
2016-08-10,8575.2998046875,15022.016915112357,11656.029110324858,12.988315085700883,46.6604407429174,5.8732076550862455,633.0239010183943,320.73947070570637,13870.628295227036,0
2016-08-11,8592.150390625,14981.438777685466,11668.583492045742,12.71811693903541,46.66410082580326,5.872874542916744,686.8131805496831,471.1118652707126,14041.80008172349,0
2016-08-16,8642.5498046875,15098.637614332081,11880.836948600148,13.241955758772377,46.66539013227631,5.871852959631309,387.4394363357448,737.0931939745365,14047.469544357782,0
2016-08-17,8624.0498046875,15066.243020028687,11728.200987165537,11.542571261160845,46.66825500036813,5.871141537474993,941.5862937460606,371.36710536499675,13966.05656712483,0
2016-08-18,8673.25,15190.28825669711,11874.000268948335,13.149981271256774,46.67313965875958,5.871184391044342,553.2077665845468,568.7342876061621,14021.789551667262,0
2016-08-19,8666.900390625,15208.917093599703,11856.4212223593,11.26518391243212,46.67401721868105,5.869853767315215,256.74899285477414,648.018219862893,14082.406829331869,0
2016-08-22,8629.150390625,15172.775208535517,11771.207540860738,15.550015637799156,46.673344063736096,5.8673036669914715,-137.90110121622297,589.4333314892601,13751.382348135825,0
2016-08-23,8632.599609375,15156.792332180963,11680.457083706906,21.087374782066036,46.67201262814335,5.865944101260521,425.4933000115659,664.3481530489446,14120.350799073804,2
2016-08-24,8650.2998046875,15320.453608337339,11751.161254419767,22.85912479509565,46.67396424936614,5.864030347862931,158.12698286183092,15.33713111694334,14254.617481856665,2
2016-08-25,8592.2001953125,15221.94845583289,11704.21587516481,16.74143439417162,46.671929744139305,5.8608214454310374,569.3245691722071,397.49144324849294,14128.967919297878,2
2016-08-26,8572.5498046875,15071.005328270674,11797.828285162892,23.803393893844145,46.671480329246464,5.859636633492005,716.7389822015663,490.01158571775034,13923.293646256443,2
2016-08-29,8607.4501953125,15078.072191593432,11927.530172985984,16.855049172413118,46.66917762296136,5.858762574120408,-664.7761227131043,370.05711004191386,14076.603054976365,2
2016-08-30,8744.349609375,15237.732265594437,12114.11771727417,17.603383849833588,46.67130264031661,5.858715289906792,-663.7334976508741,388.56821264535654,13930.634460532017,2
2016-08-31,8786.2001953125,15319.226790176574,12110.726749742173,18.75835690627382,46.66964617300487,5.856512982541632,-1295.279965027627,870.1684191063712,14004.440397593235,2
2016-09-01,8774.650390625,15289.640053975345,11992.760456890997,22.61544138393973,46.66638597426773,5.8555435644583405,217.3448548119025,172.9504948934909,13709.259105708315,2
2016-09-02,8809.650390625,15328.125591571581,12157.290537070363,20.451146994457147,46.66365364799898,5.8556187686174965,112.59307499503961,639.7157088599959,14435.62056868015,2
2016-09-06,8943.0,15711.352825785949,12322.466075724982,13.012341498956856,46.6625403829162,5.853996295290204,389.1116000503386,244.93248746376926,14596.917632859704,0
2016-09-07,8917.9501953125,15697.4508929749,12390.675622577643,11.91474513070968,46.66169948045951,5.853489756068852,-140.4532924173604,-107.25971677149874,13860.066791869454,0
2016-09-08,8952.5,15810.342817347771,12487.694010048735,10.7481296986786,46.66305383839617,5.854049782314347,314.3865243500914,-172.9804494760736,14284.154356062776,0
2016-09-09,8866.7001953125,15586.38470728049,12369.359734611242,15.765254647386021,46.663168968530094,5.851154749547378,423.88219800308224,-360.3945220440494,14478.275304896615,0
2016-09-12,8715.599609375,15235.918324302207,12096.686711720857,21.59727852209728,46.664879900911366,5.850399862685362,163.0902667516678,545.6731089846318,13803.602220729324,2
2016-09-14,8726.599609375,15259.331616023765,12163.141045589684,22.7049007541847,46.66683173848499,5.850540292702712,-40.80523421388558,381.0265559796884,13470.453673276665,2
2016-09-15,8742.5498046875,15300.62684758711,12188.716531322369,20.793636253962248,46.669653237019276,5.8491722053190625,115.5205179964666,152.26677100696756,14510.470855375497,2
2016-09-16,8779.849609375,15258.880569365354,12224.16989198236,14.715795082888931,46.664529763288854,5.8495466800400004,-199.65234796561936,-162.83153733081667,14085.384306189742,2
2016-09-19,8808.400390625,15302.519320438507,12323.319762017947,17.510834134637097,46.66174809317481,5.8491737098227805,322.59275757010073,529.8132705546673,13946.917815709467,2
2016-09-20,8775.900390625,15241.395875795479,12258.28406581115,20.929742611693417,46.66401275334367,5.849940972169665,102.6920309773767,347.88181191990515,14111.744855297336,2
2016-09-21,8777.150390625,15230.670964418536,12201.792567001365,19.260565949527958,46.66524699036956,5.849526443275708,-624.7732282803297,185.89195844479605,13999.342494909291,2
2016-09-22,8867.4501953125,15353.97687176911,12397.9049060435,18.882316066143748,46.66877778923022,5.850387093254227,405.6881470624967,110.78802260475157,14943.570067996605,2
2016-09-23,8831.5498046875,15252.798051705779,12333.082859047117,11.293546470220942,46.66474573634467,5.849700313429848,840.2286090860546,78.42745097302023,13963.74814271772,0
2016-09-26,8723.0498046875,15037.415753949479,12188.29635101405,21.895179134829082,46.66392027262568,5.847350850669334,36.18989482117672,540.9989457217778,14211.030670564518,2
2016-09-27,8706.400390625,15011.328406602706,12127.342498971304,20.912385274828615,46.663631132816384,5.845743299724955,-37.71291800501402,301.00510467359516,14488.67942682306,2
2016-09-28,8745.150390625,15121.53872410883,12104.155029637188,21.002382445816245,46.664730824180346,5.845790233004058,513.4446275513302,43.442101811057285,14492.499963479058,2
2016-09-29,8591.25,14895.890224841822,11975.239996275854,18.732795502429887,46.66543845630395,5.845822616629195,-803.3251465088297,382.5625134893536,14443.566501494994,2
2016-09-30,8611.150390625,14916.32053474076,12120.527221319271,20.352575517799618,46.66744568965,5.84455083711696,346.48980962386037,713.6642401757852,14018.438606226022,2
2016-10-03,8738.099609375,15132.54907144103,12402.450781827112,17.324470147607038,46.667701727766485,5.845399091574863,-340.4826794297404,412.08027737326324,14100.835948706035,2
2016-10-04,8769.150390625,15218.434015783705,12426.501689662013,19.74034403830761,46.67241873657935,5.844094213020858,288.07097856415425,420.5270626882865,13533.586591024443,2
2016-10-05,8743.9501953125,15207.515262118419,12361.428722535145,14.944140842813782,46.678092364413864,5.843610418253244,-101.8496611323828,302.2993129665477,14132.876303949299,2
2016-10-06,8709.5498046875,15115.569667350926,12405.674271144828,16.86376772173089,46.675338674153664,5.84310407259607,-647.1704093632952,133.10085683061868,14168.306248306331,2
2016-10-07,8697.599609375,15140.565561826028,12358.999408533626,19.355376311495977,46.67607400778446,5.840838120023153,-348.60792401427653,123.13077509388523,14374.184000341595,2
2016-10-10,8708.7998046875,15221.554028947496,12331.222237741227,24.750236292549864,46.67906799061038,5.839797295903477,258.69162926638614,-98.55622002557459,14677.928753614588,2
2016-10-13,8573.349609375,15040.861772250848,12239.934673305466,16.39851385315027,46.68142397455551,5.841252447100837,-234.08315252794932,754.3677509161455,14375.815365146138,2
2016-10-14,8583.400390625,15167.78029195593,12253.660000469976,17.512838814920276,46.6808004436825,5.839410159265873,-398.59416588724207,538.7362528143548,14482.840807725726,2
2016-10-17,8520.400390625,14993.759370259864,12275.771483751321,20.43354959338562,46.68216503833824,5.839120456925676,-401.2688231180082,424.7460517758691,14179.319243169855,2
2016-10-18,8677.900390625,15302.60716573335,12446.24817892551,23.538845812029205,46.67801466339441,5.837056379048369,106.89896889351621,488.67483003321684,14553.792048321326,2
2016-10-19,8659.099609375,15266.870649851599,12452.588593850023,20.404344993976146,46.678557237759065,5.835219162715913,550.2540120559853,501.85881886746733,14197.537663141546,2
2016-10-20,8699.400390625,15339.212198643745,12678.910221316375,21.404283704608314,46.674776326645556,5.8329055195132105,-1006.3533482545128,179.63611292352329,14523.348081534255,2
2016-10-21,8693.0498046875,15287.146601682467,12670.069780176284,19.324792498647046,46.676900263537654,5.832952410227324,970.273778937315,302.4213012120091,14433.03054363007,2
2016-10-24,8708.9501953125,15227.182262338518,12677.812085501013,18.978756822121248,46.674152389693354,5.83119202105879,-68.50150840954741,257.7373967852151,14321.141156515298,2
2016-10-25,8691.2998046875,15198.906586180416,12558.714907086462,20.164368704135512,46.67524148921766,5.83157569581806,82.08965411953088,1153.4272050625013,13776.56735579107,2
2016-10-26,8615.25,15007.122918523857,12508.504453115946,18.683421218747792,46.676799075988924,5.830165741929185,-324.50469885896246,706.0606124368255,14530.575319531192,2
2016-10-27,8615.25,15012.285865375576,12450.838882039763,21.44853867743549,46.677626667656206,5.8294202964908495,-151.4060499427308,450.3646854476176,14332.26423992152,2
2016-10-28,8638.0,15008.21146428473,12483.252536285008,16.78745620210883,46.67633080906741,5.8289634250915885,-72.99479514755691,809.7952825389054,14429.687809661547,2
2016-11-01,8626.25,14919.999383373017,12370.920690072238,21.77997406513367,46.67629970431674,5.826483492408103,-569.6383969348142,771.9064733525249,14324.054147879475,2
2016-11-02,8514.0,14721.74833981183,12293.551446574069,20.078626024605505,46.68044291932137,5.825829284535813,-472.27257530301176,-14.157292269501056,14378.233261323938,2
2016-11-03,8484.9501953125,14675.454858467026,12328.451964338317,19.570558262798272,46.67976909412178,5.825326527787454,323.8270163565014,333.14401567751264,14615.447026428361,2
2016-11-04,8433.75,14612.1858601725,12237.183773941319,16.714030879627156,46.68043338444262,5.8256190961638925,-770.9387381436885,395.1026809574243,14114.877402832579,2
2016-11-07,8497.0498046875,14862.709710600277,12262.685043972144,18.04042265600426,46.67936301802924,5.823817353396639,26.415641325416203,583.45838469462,14388.320429931082,2
2016-11-08,8543.5498046875,14969.042969439519,12457.755272925815,22.397302946266358,46.68302429932786,5.8221633046953105,-298.2067637476738,332.80217641227006,14038.323101097552,2
2016-11-09,8432.0,14784.248473448173,12237.191756976326,19.58280200393327,46.68385779165334,5.821991041598503,-534.2828597902302,370.44066547363724,14429.627929103628,2
2016-11-10,8525.75,14901.803871961358,12319.589287015278,20.55679693174564,46.68216586962795,5.822576841559295,638.7727407877602,261.5953518125981,14341.869657181696,2
2016-11-11,8296.2998046875,14392.838676171552,11802.634613602737,18.240935973369307,46.682787245403546,5.8211629693135505,-531.8010245045753,714.6805487755325,14095.059024650373,2
2016-11-15,8108.4501953125,14127.952073031363,11441.829510077489,19.941890727549097,46.6826641497591,5.819111621402054,-602.0407998937885,-33.002132818416555,14307.005675297985,2
2016-11-16,8111.60009765625,14081.876994581935,11347.69038053757,17.255695903760042,46.68744189609179,5.817983977687046,-224.78908140821449,271.79356852979845,14122.82265436058,2
2016-11-17,8079.9501953125,13963.138410180683,11252.554150292948,20.199764508575775,46.68790783357227,5.816164970938594,-457.42345364084053,-153.10279831883065,14182.322633430007,2
2016-11-18,8074.10009765625,13949.840322278378,11293.10947920891,20.74128179454041,46.68435958690713,5.815762303286973,-147.44773720218055,91.1081670555235,14396.85182856495,2
2016-11-21,7929.10009765625,13669.572587735312,11015.06375653538,24.641229454370034,46.686455486616474,5.81388725787692,-437.84028133944383,795.1532399115708,13370.819979211425,4
2016-11-22,8002.2998046875,13759.332424767537,11161.563710710712,18.192830339019675,46.69241374891657,5.81407019317923,-56.13677374602938,500.84628698819415,13756.044317731894,2
2016-11-23,8033.2998046875,13801.243513797639,11165.009322312364,19.315898031798998,46.69660454158521,5.81349808477534,-199.55633889742532,306.04249238780335,14416.602536402375,2
2016-11-24,7965.5,13741.114145432939,11056.825402097506,21.074388291963263,46.69389574060885,5.813722706997479,-430.8646812368901,737.1955438413333,14228.768078028645,2
2016-11-25,8114.2998046875,13981.247755745397,11438.55844695184,19.577124809443802,46.69368955617588,5.81052517108299,107.3612170717322,806.2128661897867,14202.00436471456,2
2016-11-28,8126.89990234375,13927.29250618482,11435.956185219635,19.42538923531978,46.69419750664379,5.807998046525234,-194.6771066016576,379.231799416008,14002.773208960589,2
2016-11-29,8142.14990234375,14008.788909124769,11488.204357468685,23.806935217251112,46.694741860068106,5.8085270017558335,-348.24692482199146,475.12985691826316,14317.761073402851,2
2016-11-30,8224.5,14193.43526859583,11519.767762515732,18.098021762267752,46.69648474563964,5.807049022818475,441.99747963900893,264.2366673329802,14185.86478295925,2
2016-12-01,8192.900390625,14098.538417862645,11571.840163416578,22.160836936177965,46.69605244261668,5.80482944451145,-198.52478415658044,588.0663164354578,14706.142751290754,2
2016-12-02,8086.7998046875,13811.438511905426,11360.82421646908,17.69063867299014,46.69390557112494,5.803878815893985,286.79464059863636,41.78185599260587,13843.981560298396,2
2016-12-05,8128.75,13849.164035730742,11504.05009052657,21.30956217154283,46.69736097213447,5.803378499696904,340.7353788437563,938.7504428137823,14074.31246486087,2
2016-12-06,8143.14990234375,13871.623402452102,11515.757399846521,25.416305116247948,46.694590273887655,5.802483094401856,15.06913417031717,1041.9955788184675,13075.638386730125,4
2016-12-07,8102.0498046875,13891.642291774313,11509.39757063449,22.979269689885907,46.69278392426453,5.802218991822604,-223.53687675555977,340.3220938176691,13424.896610798853,4
2016-12-08,8246.849609375,14108.82168877476,11806.3361818361,17.56504629427579,46.68999458120729,5.801824652193474,-150.25339875030588,163.29445734979532,14703.19844949944,2
2016-12-09,8261.75,14132.111955675658,11799.885964188561,16.059133592393167,46.69243121851365,5.801383243472352,-175.61667626041026,526.3746292134479,14515.792948538847,2
2016-12-12,8170.7998046875,13999.76836782317,11721.573131116349,18.769772982149327,46.69335063244189,5.802015336966042,-247.6480473933155,298.5246688949137,14061.497354731831,2
2016-12-13,8221.7998046875,13962.590246822894,11756.040328254045,21.052437295904646,46.696601143301,5.801290164513798,-1016.7582680052502,563.3798646164947,14257.829168379893,2
2016-12-14,8182.4501953125,13946.828886446838,11743.402262265143,17.844743685800843,46.69484556305223,5.800540880282642,137.5227222991449,292.1810958951681,14153.51687069863,2
2016-12-15,8153.60009765625,13827.28652613803,11666.47472681571,20.193897161847456,46.69168652370113,5.800643278697957,-52.21377344596837,857.4435274360175,14537.529485030844,2
2016-12-16,8139.4501953125,13819.255516202169,11666.64793314256,17.047140404178307,46.69095482083472,5.800500818972792,180.209706483451,402.4920978103911,14266.99766951325,2
2016-12-19,8104.35009765625,13767.436125356593,11574.303182903515,19.532223615792073,46.691007328974436,5.798908137654724,-196.80062058878556,1126.1665393026237,13994.565491501839,2
2016-12-20,8082.39990234375,13786.159546663592,11540.206076726909,17.70591219160254,46.692234617897746,5.798131499884998,115.93006478141012,580.802589133849,14575.017152324292,2
2016-12-21,8061.2998046875,13792.14212381082,11393.375930800294,23.844038996211147,46.68778744299789,5.79789050668825,-1051.0028251445779,295.1786985255599,13741.408626852111,4
2016-12-22,7979.10009765625,13445.154249204272,11279.917635017817,22.997841060784936,46.689823635587736,5.796629760634474,-967.706243704628,1325.9489750419743,13359.572022231576,4
2016-12-23,7985.75,13394.267854271164,11295.695599973698,21.6192677275248,46.68774091937287,5.7954219742797655,-1490.4846398885527,1029.603686461155,13444.477612859935,4
2016-12-26,7908.25,13263.034554331703,11110.766651710637,22.68225304422212,46.68639867242251,5.793367214509872,-553.7396783326504,814.044287524294,13012.681760317446,4
2016-12-27,8032.85009765625,13479.125251723623,11317.228467167008,22.131686275516014,46.69051980101594,5.789826446094703,-809.0102351114401,893.9900368595283,12868.812649191765,4
2016-12-28,8034.85009765625,13508.600131419429,11329.715991257839,17.372150599525174,46.68457021047958,5.788799693191004,-511.35275006816795,43.28597061484368,13902.955772073848,2
2016-12-29,8103.60009765625,13679.469318485617,11404.393048893306,22.165491650578836,46.68613771656108,5.788279622067293,-16.139048813876855,-141.3128331008793,14428.989074448658,2
2016-12-30,8185.7998046875,13866.666822357116,11535.144390987543,19.279650271098152,46.68769390245129,5.7865421708286044,-320.2028776790514,387.4750877495932,14357.981547606454,2
2017-01-02,8179.5,13843.06282774475,11455.174801295134,15.595549101852669,46.685837547520734,5.787283328300667,-723.2364027214651,813.6311017447504,14609.892842485873,2
2017-01-03,8192.25,13764.785186934134,11639.290697797771,18.75343838481063,46.685096534557985,5.785605238319958,867.9067091008392,518.7126529805819,14399.9115972729,2
2017-01-04,8190.5,13736.501454986994,11710.488297853335,21.829423427636527,46.689359674964436,5.785891706404608,-164.80424819523034,912.7514492227433,14747.815356476907,2
2017-01-05,8273.7998046875,13914.193400554146,11873.722855237393,18.477282733485247,46.69584844559635,5.785689643750317,-583.2652211742784,796.366234957657,14719.548994271832,2
2017-01-06,8243.7998046875,13798.489700897677,11905.606080910662,22.99548775626726,46.699642623197,5.787250578655125,-417.93418437321986,406.1826120356358,14378.881926776177,2
2017-01-09,8236.0498046875,13819.078434125211,11751.792157563268,18.286675890076822,46.705900238200286,5.787180352100681,-219.25718760368153,755.1270763981677,14186.726670868022,2
2017-01-10,8288.599609375,13967.06718058387,11661.773018338272,21.00681611163291,46.70442624242628,5.785129347153196,-220.0983849028803,856.778615756419,13927.310137829301,2
2017-01-11,8380.650390625,14145.916033083326,11789.948359899588,22.073277169182024,46.7002859902269,5.785584324232333,370.8657092183504,375.94540867513695,14902.743897717817,2
2017-01-12,8407.2001953125,14022.394108471286,11737.367266550837,20.900387944622867,46.70072812570149,5.786687858239503,-181.77198305288306,335.8673318365534,14219.232875433045,2
2017-01-13,8400.349609375,13938.390577873408,11709.261218769236,17.25101205071794,46.703742701609805,5.784326942162314,592.083268747301,442.1351461999726,14063.58394611531,2
2017-01-16,8412.7998046875,14066.864786777027,11744.588143989298,18.11506284615687,46.69877845129145,5.784382713582636,-322.96917760484234,-323.5723483175947,14540.1910139503,2
2017-01-17,8398.0,14009.010707165431,11784.722591006375,22.34014198077316,46.696599080743475,5.7846650195430005,20.574416103956935,484.1295704727529,14075.96499958235,2
2017-01-18,8417.0,13932.898739207243,11736.332184341469,18.390777087336044,46.69475289546443,5.783879533333499,258.79207773113217,616.1313949254442,14550.028455412692,2
2017-01-19,8435.099609375,14035.07072216192,11794.90390181848,21.95135302780441,46.69642258615159,5.780890273738384,328.0609218846713,443.35332742465044,14420.03158189773,2
2017-01-20,8349.349609375,13879.740106569447,11652.89768667516,19.13943055637011,46.697705444842846,5.780032366226889,374.7488869715253,503.4023261084121,14791.019104045297,2
2017-01-23,8391.5,14018.854466372508,11748.1754354865,20.2828746384383,46.69597996252233,5.778894704899643,-258.80469635205384,386.957087320149,14770.890748435473,2
2017-01-24,8475.7998046875,14190.339951400774,11853.632284634337,17.227785445958098,46.697119396115404,5.779873248333221,-152.19570410996772,-199.1065669862919,14853.523610943705,2
2017-01-25,8602.75,14452.55826100731,12169.182191944083,18.783464850575005,46.694284980561115,5.779238786447791,-1141.7690266254704,898.7784282710094,14597.859301680483,2
2017-01-27,8641.25,14544.985900891366,12227.115041338753,18.249387239120555,46.693605706123265,5.778285968658663,-228.4040154402243,289.6513457794845,14293.28300425998,2
2017-01-30,8632.75,14569.84900108316,12343.390510430872,20.451199301116347,46.690411338365195,5.777164315649302,286.5016711719927,214.66896174094805,14246.298233038966,2
2017-01-31,8561.2998046875,14569.927879534041,12163.582348643802,20.186395159431765,46.69056062488181,5.776960290898715,208.73459194235306,807.3948335355483,14398.576960503306,2
2017-02-01,8716.400390625,14921.032871009764,12486.438931591358,20.92529979249127,46.68875915710524,5.77649275696689,-184.59484840403258,693.6101405383644,15138.75036166755,2
2017-02-02,8734.25,14860.446161514157,12512.680144572034,19.018954993814653,46.69143028216544,5.775183782207213,529.655777171983,481.91975679273327,14490.56593975259,2
2017-02-03,8740.9501953125,14899.587654716246,12499.599803909341,18.139539857410842,46.69195172095327,5.774934147319539,-303.6021137379228,630.8109169298784,14615.110902089707,2
2017-02-06,8801.0498046875,15081.407040013055,12651.063537611477,20.365458171088616,46.69187149269792,5.773868613201272,-436.4559296079598,53.50349929285528,15015.86586675125,2
2017-02-07,8768.2998046875,15092.232459362702,12572.109999938228,17.94082219398593,46.69777586580491,5.770773452546083,-337.26469409054766,375.73168779413555,14652.53655361096,2
2017-02-08,8769.0498046875,15067.918391597335,12374.175982280025,15.656845052845176,46.699525730335964,5.7709439548562464,-98.9860099344462,538.4352328371749,14364.994721434829,0
2017-02-09,8778.400390625,15156.062246026166,12164.405319309593,13.270955226821775,46.69902126808507,5.771025000586725,598.9580126814146,-53.14254573905086,14801.439942541509,0
2017-02-10,8793.5498046875,15241.31611823958,12283.041063740819,12.847729780590088,46.697870062043805,5.770737985487484,465.3927246434436,-149.49999149812538,14468.396017457946,0
2017-02-13,8805.0498046875,15421.128199833016,12393.478644923936,14.424351245500421,46.694926544226014,5.769814149586777,593.9917785492206,173.58118585100704,14682.922417979848,0
2017-02-14,8792.2998046875,15350.463780027898,12512.858867885805,13.347271001136567,46.69532889256965,5.769266109171809,184.25153922751545,180.61710332933825,14753.144340313713,0
2017-02-15,8724.7001953125,15190.325324735182,12396.639822200337,10.183896566329608,46.69685173319678,5.769614801357369,326.7708082642986,344.27162995200547,14464.18747335391,0
2017-02-16,8778.0,15274.033569390385,12391.3733021646,11.377140201221133,46.691708605219276,5.768517790860781,-521.3674893635631,-263.44573117189327,14668.132741149535,0
2017-02-17,8821.7001953125,15327.821267353102,12434.278808610907,15.615417407729229,46.68821665463834,5.7689176312850226,500.4902205244189,-614.8130311201892,15086.52525872938,0
2017-02-20,8879.2001953125,15383.250649141148,12532.775431344055,13.667768695689166,46.68726834627054,5.766988373494333,389.53658202385975,426.36957823166085,14440.518622264926,0
2017-02-21,8907.849609375,15268.285422920517,12505.604566085633,10.136864395273118,46.68457380412286,5.766707522965902,-90.21106459738587,-174.89459196142474,15014.107755282253,0
2017-02-22,8926.900390625,15277.658723209412,12662.371717396227,14.204224133430332,46.685303576580935,5.766289666054845,308.136987165361,-32.997108354356556,14461.042738126354,0
2017-02-23,8939.5,15324.020149917043,12855.419332624515,12.381482360260502,46.68645003270966,5.766854137186184,246.86027917193314,-504.97064458618684,15166.5261943326,0
2017-02-27,8896.7001953125,15213.48437663754,12818.505679493703,11.751000094982436,46.68668311060586,5.765502396117301,1055.724774002997,456.8738046076673,14393.416779433075,0
2017-02-28,8879.599609375,15299.334793030714,12788.139609797769,11.210254548732308,46.68893363357001,5.764265178237846,-74.45078725112177,255.10146722175932,14533.630600494245,0
2017-03-01,8945.7998046875,15426.143462857353,12803.19465542971,15.499858942637374,46.687778896737306,5.762448681761613,482.5704715466809,243.0583632152845,15096.116078625677,0
2017-03-02,8899.75,15418.458628267057,12842.964493997562,9.5690032559893,46.68824118215593,5.761465352379386,-86.3073410713443,241.0365252568609,15114.213355989818,0
2017-03-03,8897.5498046875,15430.39311924529,12845.03465110779,11.824935851121019,46.685831241401424,5.761309584279751,126.85062237189189,-468.04864620944556,14904.208541130516,0
2017-03-06,8963.4501953125,15608.131179829521,12937.243368670277,13.740253531822486,46.6872851005233,5.759105965226962,460.7275814768921,-145.54979652237165,14351.831116277215,0
2017-03-07,8946.900390625,15593.871307619394,12945.93242811967,16.65672613780699,46.68811282498976,5.758262689154856,265.4548036547554,14.481866866141331,14698.466619843373,0
2017-03-08,8924.2998046875,15635.97615182394,12861.470710420557,14.607716392700638,46.68511722002442,5.758478529556974,347.6036575145775,-74.62283134090038,14679.698896084541,0
2017-03-09,8927.0,15644.681256587734,12877.484598277777,11.807950768934395,46.685252041898806,5.757986115370195,483.0888432927879,68.54653510613844,14433.042162312155,0
2017-03-10,8934.5498046875,15690.348622660598,12779.476398176033,16.55870690821363,46.68573857627901,5.757677202779997,152.52417152057686,223.8599108036385,14894.158429442616,0
2017-03-14,9087.0,16011.070899785143,13129.197896530164,10.789753200590056,46.68718161198867,5.755792403657327,703.6586139261759,451.93149487655734,14466.22501662236,0
2017-03-15,9084.7998046875,15988.359627924183,13117.16371794015,14.03067233071031,46.68873596750838,5.755319077783163,227.808102704958,-294.0612081122101,14320.117391014659,0
2017-03-16,9153.7001953125,16148.439459871814,13329.44306680007,14.47556929150443,46.68717240969155,5.754979904150943,310.97781537897134,147.34938396045686,14227.906512814126,0
2017-03-17,9160.0498046875,16305.850903918386,13324.45321722112,11.737768833599118,46.69006334366535,5.754453737531128,494.5245098351422,363.4631036771332,15213.38700681678,0
2017-03-20,9126.849609375,16223.4139680403,13255.789358019578,14.895186103776508,46.692232510701864,5.75424952668009,440.80008046593395,-127.22495099154588,14564.461509264598,0
2017-03-21,9121.5,16240.1831324767,13150.464976290988,12.472219742118082,46.69065877193125,5.753588813947359,607.6911698171411,92.15016786963635,14575.637380008375,0
2017-03-22,9030.4501953125,16143.857692706522,13053.253224061089,14.89028485503593,46.6878306807962,5.752786615969525,476.78576059388206,289.9656346462049,14421.268779195509,0
2017-03-23,9086.2998046875,16328.36383375732,13081.563299193735,9.820809014827582,46.68648622586032,5.7514061126570475,537.6122646224699,153.3626578438547,15132.834930813266,0
2017-03-24,9108.0,16372.083018015965,13080.874502435123,14.169952180457749,46.68267128201743,5.752045271242433,219.8509943339433,352.259328169819,14328.143080317113,0
2017-03-27,9045.2001953125,16094.209631166048,12973.171131126774,12.67578665461279,46.683895301553655,5.750488740600342,-77.5084392342082,178.4094441148789,14384.974204311131,0
2017-03-28,9100.7998046875,16236.92416353196,13078.727389668742,15.799407565935644,46.68804598132288,5.750322247326104,-221.05556110114412,56.44123810072655,14650.096166410634,0
2017-03-29,9143.7998046875,16177.273167384577,13019.13627991514,13.412038540458099,46.69291061949666,5.751816437415481,-318.2840590569199,-201.81292645916244,14743.692674598042,0
2017-03-30,9173.75,16331.408028314143,13052.321612913871,15.998459067440239,46.69024259524363,5.752604299994491,1055.0906870917104,224.15056692409905,14949.471188775893,0
2017-03-31,9173.75,16342.482769410906,13114.748028015654,14.515225530066104,46.693203008024774,5.752805528043576,-535.1093643576503,179.99183324771107,14560.7202966482,0
2017-04-03,9237.849609375,16534.55993906747,13195.186643803303,13.244983081903685,46.6940565106584,5.752752570485522,827.4893995908409,-147.84960834167998,15221.258004556603,0
2017-04-05,9265.150390625,16528.648320338227,13224.221440297308,15.07533861922859,46.6874686896201,5.752327537661409,21.65239548101073,324.61674745357914,14572.697973186852,0
2017-04-06,9261.9501953125,16420.08311495418,13231.628478898967,15.088116929054243,46.68707149817414,5.751134365873823,824.5763888479219,530.3770519020061,14477.270997883435,0
2017-04-07,9198.2998046875,16313.430309026415,13113.04588652505,14.443820008982428,46.68634044898456,5.7505941526838535,-531.01601116618,-48.027920389203075,14454.080578624431,0
2017-04-10,9181.4501953125,16278.40366103646,13003.60113487418,9.0,46.690572902672486,5.750888088079744,255.96243924668698,-68.2896432833877,14556.570125170007,0
2017-04-11,9237.0,16354.913638976515,13095.498146201931,11.534879018471205,46.68856003914555,5.75100230544544,931.6097612101072,-79.24456707639553,14444.802033363934,0
2017-04-12,9203.4501953125,16295.218221737585,13116.545186015113,16.268211693011846,46.69084923218713,5.751520974099428,635.2838253902327,-353.59846565617784,15017.719959944243,0
2017-04-13,9150.7998046875,16373.245852040729,12944.907934607065,10.988108289129467,46.69112796718216,5.752476036923175,215.09381572368332,751.3445060625285,14504.310467584772,0
2017-04-17,9139.2998046875,16405.298494878556,12896.391517328331,15.264922300131614,46.6873905401723,5.752058416540954,-427.1909206113927,15.334385845269253,14766.29037792547,0
2017-04-18,9105.150390625,16406.73884211353,12732.705274842936,14.912905313559337,46.68633398424663,5.751996551661556,-178.99540886037278,-107.53625322427132,14505.707881400724,0
2017-04-19,9103.5,16458.93544829784,12802.041912836214,12.048495276835942,46.6915288786268,5.7498492117696856,905.6588386237516,-188.03251409680274,14467.716027478022,0
2017-04-20,9136.400390625,16622.57660737396,12850.559849341811,9.509536745766551,46.69160876698069,5.751862589822054,210.70351949850976,33.60976008180573,15148.772138564776,0
2017-04-21,9119.400390625,16575.981720580872,12756.65828585373,12.362174804104146,46.694926368159145,5.751211370944067,321.2703586346243,-58.562809998994965,15301.078660853704,0
2017-04-24,9217.9501953125,16636.897825053347,12930.31920391973,17.65603008726602,46.69807953102232,5.751631144185664,463.4140418810523,581.4219560281663,15207.288849597686,0
2017-04-25,9306.599609375,16801.15091459558,12986.28406621946,11.77344541558129,46.697334739468666,5.750990149249904,-171.13556523502245,-224.62134481914154,14399.359571313265,0
2017-04-26,9351.849609375,16946.18422271283,12981.52671233297,11.91148531080146,46.69408447204019,5.7503313886624925,512.9160719360716,-311.5602693865012,14445.445838318381,0
2017-04-27,9342.150390625,16861.326527014044,12852.289288575317,11.504835179380347,46.69122901705302,5.749878824861263,182.1538077323976,315.5352246862235,15433.457304009135,0
2017-04-28,9304.0498046875,16774.01522900704,12707.943258139347,22.42956895309904,46.69618401818059,5.7484235984842735,-32.51888576978371,367.8380511072074,14775.544847216956,2
2017-05-02,9313.7998046875,16746.957857384175,12827.980911105906,13.014168576749787,46.69723923041634,5.745738733130901,118.77963178518635,83.11654911626533,14447.655820078131,0
2017-05-03,9311.9501953125,16844.198443198424,12768.635062987785,18.74818754210172,46.692637767023406,5.746699226293984,-779.2464240244628,567.8908738913392,15182.857028300718,2
2017-05-04,9359.900390625,16990.737958829817,12883.769111892198,22.826948034390703,46.69573964860675,5.747051188522819,-320.94901272480683,441.01349118836,14886.27728515528,2
2017-05-05,9285.2998046875,16886.378245402608,12697.260008062576,21.158988175871073,46.690979094803716,5.745947050671821,106.31104684320076,385.9547239419143,15040.67681151799,2
2017-05-08,9314.0498046875,16986.17201963754,12802.736994076335,18.161419516579482,46.68910072207297,5.7462161362056365,7.624035630814319,-21.693830577092115,14210.512680284179,2
2017-05-09,9316.849609375,16989.258061373712,12728.749864950007,17.55283217787644,46.689944605190696,5.746862704066381,-137.62765306610927,-100.42854490154878,14784.288364460095,2
2017-05-10,9407.2998046875,17185.2344470332,12880.9368818445,22.31633992975995,46.6981058624304,5.745997777125914,209.25274120413707,189.8714856128357,15168.934758593437,2
2017-05-11,9422.400390625,17134.18401183208,12909.865721355245,20.03357632748343,46.70115386566546,5.746243178575001,-231.4376050176906,74.69051773032106,14700.78106470598,2
2017-05-12,9400.900390625,16942.407341560935,13055.643337102007,16.901871960287774,46.70030669646161,5.747088996153639,-127.489474393913,480.7617395569561,15264.496661084468,2
2017-05-15,9445.400390625,17041.08275929544,13179.773431690302,16.433768626212903,46.70099163934964,5.745495119542998,-341.90675187749025,-139.61447321292883,14509.168101432078,2
2017-05-16,9512.25,17196.54081082608,13244.983640912713,11.267922569600483,46.70435076699945,5.745878468486625,732.6471907013822,15.851972119429888,14873.091049029546,0
2017-05-17,9525.75,17306.920511099095,13322.205753187203,11.02103082379394,46.70921635687195,5.746098256039515,466.6114190887058,98.07754250046725,15402.278296703951,0
2017-05-18,9429.4501953125,17223.44320170905,13331.504475148706,15.907846058197126,46.70907343838167,5.747839570281444,-372.7832440693488,388.1034161405141,14573.416469666867,2
2017-05-19,9427.900390625,17328.81344112498,13199.183157159101,17.800986026703008,46.70901758758069,5.748262932839901,-745.6118986111218,519.6892788128622,15002.828409165457,2
2017-05-22,9438.25,17280.627543514525,13149.942291754993,18.16183887671229,46.70712744206392,5.747723843449848,291.98450995933064,302.0379419527127,15101.535471978412,2
2017-05-23,9386.150390625,17151.83155377346,13044.569607332227,19.074637423230858,46.709722918105754,5.7473059107755065,-447.626020473856,199.7523988118685,14959.209709862125,2
2017-05-24,9360.5498046875,17133.336481723385,12969.447687350143,23.385820090255425,46.71340083408404,5.749212026008297,-121.17425900418121,773.3440451349375,14862.26547157196,2
2017-05-25,9509.75,17613.873654713265,13193.53556905131,19.46631345580345,46.708184779332655,5.748745362743626,791.0398732578285,303.9901934362497,14680.136983320723,2
2017-05-26,9595.099609375,17894.2551190189,13232.441930552159,19.664850324511573,46.70759436129106,5.749225162252622,170.60381669332355,825.73911026629,15005.8236713761,2
2017-05-29,9604.900390625,17994.765078667704,13360.745881471974,14.518510727597885,46.70455402322574,5.748885901621569,994.4598355307966,52.46182516669545,14921.420739098005,0
2017-05-30,9624.5498046875,18007.351325040476,13279.749328905633,19.52536385786688,46.70560674409652,5.749871750491383,-365.24992501645943,395.11910101906074,14527.51292551143,2
2017-05-31,9621.25,17937.081186635674,13258.350332605556,14.300305927773417,46.70249290542316,5.7509124747273965,778.3905587280829,108.37579574948153,15291.345961133828,0
2017-06-01,9616.099609375,17983.180975092346,13333.24011922075,14.061229753903467,46.6991324822715,5.750805328795581,360.66759718075645,219.3655825896975,14694.854769878832,0
2017-06-02,9653.5,17980.944752727835,13393.188903080107,20.24517713119849,46.70310304011364,5.750319557444673,-3.593231692567258,274.0455415312144,14550.011846482046,2
2017-06-05,9675.099609375,18008.071352547442,13350.514319036716,19.032932168837917,46.70320625770758,5.749815407524961,1158.3366852158242,178.84049212372474,14798.942512077063,0
2017-06-06,9637.150390625,17922.310952465257,13180.731450676418,21.822251688088706,46.703626539221275,5.748020074069495,-261.45832965988245,859.2442079786881,14714.927033359838,2
2017-06-07,9663.900390625,18092.02612172451,13206.47037614596,11.33655603058654,46.70552159460223,5.748058028584284,357.70178147061455,464.65553691736847,14910.07316210632,0
2017-06-08,9647.25,18032.167823794724,13119.467232421326,20.740444372378327,46.709034051488196,5.748081289523553,-511.2858606031851,716.7215030858599,14619.982618572847,2
2017-06-09,9668.25,17899.89291527665,13169.989326488827,18.41652638668056,46.70837827299047,5.747213491585327,205.3874223632306,-2.579171548250031,15131.953785939719,2
2017-06-12,9616.400390625,17830.551230749606,12975.935793660557,20.89250152811971,46.70778932917947,5.745332483992569,-374.2507593146543,45.96401748966616,15417.023655845525,2
2017-06-13,9606.900390625,17761.453486955757,13023.941127383006,17.24962516578346,46.707213129597946,5.745498042729616,259.0841663275515,465.3252768270969,15039.462992858464,2
2017-06-14,9618.150390625,17787.38032571487,13051.301048442605,17.78444110383204,46.711057656283934,5.745795408844351,-809.9652966979405,631.2213776367807,14579.0852086754,2
2017-06-15,9578.0498046875,17699.85112864679,13000.96688334715,20.687815124980254,46.71145325089515,5.746160267195101,69.45522873344282,244.25933426756478,14743.49963308915,2
2017-06-16,9588.0498046875,17700.80063214271,13130.306816771204,21.99533822719605,46.71117995595942,5.745146011965762,-407.4773224252223,190.72454087313898,15089.327200757152,2
2017-06-19,9657.5498046875,17898.99742448226,13210.270700958583,21.005288697506025,46.71295264525503,5.745523938497164,142.2070557320843,818.1529008018892,14436.710281197385,2
2017-06-20,9653.5,17781.382217414557,13146.24940137945,21.708234669070436,46.719046407854364,5.745331979721157,-155.42366914169133,605.7630000260921,14662.2983844715,2
2017-06-21,9633.599609375,17704.454849387952,13070.740164025972,20.74763711752769,46.71986925728715,5.746188561700221,-364.13556594731654,717.3960042188519,14542.493774776915,2
2017-06-22,9630.0,17745.66799067779,13049.797488443304,20.344992198064663,46.71966091561311,5.74521130517102,-304.62384675039795,267.56498247003253,15077.776698538428,2
2017-06-23,9574.9501953125,17591.16786941664,12953.513154377955,18.992613451483127,46.72608991116708,5.746364543212243,-490.1553200234561,243.9938238052468,15698.833960339905,2
2017-06-27,9511.400390625,17351.187100353192,12786.863350490321,21.626003617433593,46.730679316093834,5.747883034793079,185.1151021283436,684.6671813989474,14673.514939933304,2
2017-06-28,9491.25,17357.15372147352,12600.513536295755,22.049758465653284,46.73483379111333,5.748013089028657,-569.4549397701659,321.1822419232304,15304.052557745505,2
2017-06-29,9504.099609375,17461.28840210484,12578.595516342897,19.87376861734045,46.73393173085068,5.748436208855481,-256.831455493119,216.74289118238872,14893.378726382256,2
2017-06-30,9520.900390625,17492.12663271899,12632.550343324443,19.766147916442684,46.7327322474984,5.749245017450588,-11.904168119010507,126.04106908443549,14670.451229462724,2
2017-07-03,9615.0,17545.180843211023,12793.721807550406,23.182811623444472,46.727829784138294,5.748249701529253,495.39781017940766,246.6114581081255,15544.891710138556,2
2017-07-04,9613.2998046875,17591.37429861269,12883.400512424265,19.959156440367554,46.73132453480186,5.747799292967089,-153.71944035672564,662.525065437603,15729.750205916407,2
2017-07-05,9637.599609375,17523.619107481365,13075.050775334315,20.15137174073194,46.732155526252974,5.748024843459434,-247.00423461537628,-52.89945701838582,15207.707703573298,2
2017-07-06,9674.5498046875,17619.42858502107,13195.325669619742,20.96845181550579,46.72735286262188,5.750098533634078,-40.54605395358881,588.7157405031778,15197.907998430675,2
2017-07-07,9665.7998046875,17539.534661138492,13290.805135910503,19.80438748809169,46.73155840542812,5.748954692500977,-979.3856862697718,187.53437237615543,15112.362387746223,2
2017-07-10,9771.0498046875,17668.72093650342,13527.704769964203,18.359319354513808,46.7311463525654,5.750650151520498,-629.4582802762877,336.9098815639168,15053.8499777089,2
2017-07-11,9786.0498046875,17667.325549243764,13692.405826884027,20.755931151047044,46.7311041112433,5.75052012867785,-300.1465995513804,356.1263258147932,15206.396634381717,2
2017-07-12,9816.099609375,17714.10960148176,13896.420582936224,19.92248997995536,46.72716520335229,5.750554364064896,-435.18766029306107,333.77653850880654,15313.025196374325,2
2017-07-13,9891.7001953125,17818.843197659426,14105.718994771192,17.184499512948992,46.72924179867411,5.751846549345616,-290.3333156973649,63.8617110253594,15616.558133201514,0
2017-07-14,9886.349609375,17850.228490105335,14156.437936190443,15.076897100584752,46.73134710875144,5.753947608026325,693.111460467034,16.69321984764082,14960.760514483574,0
2017-07-17,9915.9501953125,17877.188709128935,14189.908021312354,12.309035427113997,46.731803146092275,5.754455530976295,453.9026918229289,-21.427552182420897,15162.405932453998,0
2017-07-18,9827.150390625,17771.490496217466,14034.754062899392,21.45812043838075,46.73114843229062,5.755710822747939,-93.89390108699682,795.9320640896417,15102.162260476507,2
2017-07-19,9899.599609375,17936.357469192888,14130.795387256067,20.615731669461958,46.73962783520613,5.754886527161668,-427.5964604617494,407.5147948209783,15443.940225988044,2
2017-07-20,9873.2998046875,17834.18727840797,14138.421370399052,22.618852603891025,46.73661773199824,5.754458537823086,-118.24281413453394,362.2155120325157,15865.727065720996,2
2017-07-21,9915.25,17855.779318305096,14149.404611447442,18.95109157434192,46.73505342102165,5.753213035632357,55.779783776423756,206.6041832943741,15464.700537720437,2
2017-07-24,9966.400390625,17839.44251429884,14220.952716460402,20.37735229671905,46.73777819123517,5.752809859089172,-255.95842156131235,277.6168536607953,15390.986494561339,2
2017-07-25,9964.5498046875,17856.553066918477,14018.2854670099,19.801812701815017,46.73533487142519,5.753492971067011,27.828895696145906,207.64863749158968,15429.34597165016,2
2017-07-26,10020.650390625,17942.016057176766,14259.981848579318,20.1169588461166,46.732670250675525,5.753828458896039,-468.42419273004606,629.6032515743502,15543.498855286824,2
2017-07-27,10020.5498046875,17772.377112479895,14240.958999133161,18.2296021019921,46.73666480661481,5.755684368673537,-111.00587480411465,173.92027405872201,15896.55472650729,2
2017-07-28,10014.5,17722.5604747486,14269.597770642293,21.151823335826354,46.739080381789634,5.757873350978875,306.99931317043985,-273.87376149446425,14658.015297311069,2
2017-07-31,10077.099609375,17780.641010843414,14503.341059238543,14.335928551698993,46.74113279572092,5.757876581507142,842.8078814304156,167.4924112394659,15356.360267132193,0
2017-08-01,10114.650390625,17966.555019456973,14594.611994649656,16.07044723384359,46.74227827026803,5.757342095168447,881.0355219798649,66.18275172893725,14395.815677712757,0
2017-08-02,10081.5,17780.38087760743,14663.853586947911,13.47994829602644,46.74080181007887,5.758652791699752,464.2273661731668,-25.73646504219056,15473.410166619999,0
2017-08-03,10013.650390625,17547.774394725442,14437.932816247863,19.17632098350373,46.740643796767515,5.760073137943209,-137.3544180569017,673.4668359843089,15356.945674707107,2
2017-08-04,10066.400390625,17728.288701420144,14739.995729898883,21.578588755888074,46.74100657232173,5.760675970040447,-329.5155664637657,-420.05588091443485,15028.42066035292,2
2017-08-07,10057.400390625,17807.241107937887,14820.544827720074,18.411591236800632,46.744145221381196,5.761548575798426,-872.9939026069667,872.8732194909671,14387.978029636755,2
2017-08-08,9978.5498046875,17601.800265705995,14700.20632667483,22.169969070167916,46.746022793477955,5.7622702332667926,-687.9598785601969,716.4033281342474,15200.322834152783,2
2017-08-09,9908.0498046875,17421.431974785988,14701.269044787261,22.165683994827404,46.74383926308133,5.761459440754241,-217.22198878610374,211.5840210415546,15277.539319147312,2
2017-08-10,9820.25,17295.018370709226,14444.13220314586,22.51455780226882,46.746807889764604,5.760424292048227,-193.31537965137213,264.7647184950995,15195.599957930704,2
2017-08-11,9710.7998046875,16925.988339486365,14227.577207411126,20.753245969358986,46.7423723716148,5.760562271026211,414.8892115225967,551.3160854388068,15030.694166967618,2
2017-08-14,9794.150390625,16959.820622014795,14499.984571796344,19.02700723480447,46.742011106068,5.760555693711368,375.9196517502503,559.3647969522993,14951.836227891035,2
2017-08-16,9897.2998046875,17138.18526966827,14520.817485741478,20.218375452610726,46.73918496093675,5.761032432142716,-424.59445659463387,209.8354427285318,15214.184475668791,2
2017-08-17,9904.150390625,17257.89943288117,14581.836162600572,20.760137790158414,46.73721365060333,5.761106457653324,177.3302860356074,-85.03302615927805,14990.677935476393,2
2017-08-18,9837.400390625,17100.599096377922,14510.640300422156,18.879716709624248,46.74359340943745,5.7596138982018505,-340.82754582956426,1034.1078163606012,15486.737227562973,2
2017-08-21,9754.349609375,16949.369906598924,14535.104572922024,22.66623257785043,46.73978138699819,5.757717864288648,123.04653720152044,686.8372149806653,15221.116469594337,2
2017-08-22,9765.5498046875,17047.931298284686,14417.55940611053,21.160168335137087,46.73792380483021,5.75867690728608,172.40709124269802,447.055908488305,14724.135936113578,2
2017-08-23,9852.5,17361.42080062848,14713.84924140454,18.21555408935599,46.74005501014416,5.758241181776374,346.837124859095,452.7325747720134,15309.128112697088,2
2017-08-24,9857.0498046875,17330.208354755745,14672.668850615457,23.765747352931555,46.73924500186445,5.758241573820038,-347.0573419130788,586.3951085489564,15386.681409649571,2
2017-08-28,9912.7998046875,17437.188839308692,14733.023417478278,20.194778550340352,46.74031167505675,5.757921566201102,255.72147487236958,622.3189858135029,15759.301608803804,2
2017-08-29,9796.0498046875,17338.647405238928,14420.145135945091,17.811793914300026,46.745200323954805,5.75725193378161,-899.1256144485088,-225.91000324639037,15553.83174433492,2
2017-08-30,9884.400390625,17405.218383051022,14482.222837443107,18.339491754505453,46.747764207527794,5.756560947316462,368.48627261554464,294.7384061904019,15000.865132283912,2
2017-08-31,9917.900390625,17542.183906624694,14576.491134136515,22.97556719433069,46.746958160477625,5.757835096801967,-160.00668912740656,263.5510131387024,15716.220507649776,2
2017-09-01,9974.400390625,17580.69938435622,14578.854653417931,23.649969832433644,46.74715700203942,5.757855706330208,-151.491199194279,351.56960244940535,14861.801408856705,2
2017-09-04,9912.849609375,17468.92522426602,14535.7164345671,22.018970106961838,46.74934882006878,5.758755676192618,-964.974602276181,631.2381829425437,15299.191416851845,2
2017-09-05,9952.2001953125,17528.353057159427,14547.142927449588,22.63861729717427,46.75185378936726,5.759795411348203,-305.4663548989523,-137.02405923719346,15526.308177006751,2
2017-09-06,9916.2001953125,17391.971270863858,14379.098519301437,22.43323091759722,46.752516047586845,5.760388069370057,392.1917598454204,-4.742715669013137,15747.061544282784,2
2017-09-07,9929.900390625,17350.061096974314,14357.417710873631,21.11383230552813,46.754197874587014,5.761471649269082,-320.6807566811257,195.47648903931199,15883.952757125544,2
2017-09-08,9934.7998046875,17378.684480767894,14394.972959509014,20.658083575621852,46.75588262190816,5.76177293632567,135.38510439008337,446.3035379399683,15701.124515526117,2
2017-09-11,10006.0498046875,17586.217853022365,14495.25041302141,21.079726388953215,46.75620594224614,5.7634291699098075,-136.1779489143564,649.6376840021121,15273.988374820801,2
2017-09-12,10093.0498046875,17746.011523514888,14650.287891658885,21.47203088628659,46.75499022942695,5.764550443691511,275.0676558398793,889.3970258683471,15498.509081968661,2
2017-09-13,10079.2998046875,17724.408207971373,14687.583001027997,18.516803986947203,46.757818016221016,5.765810182282031,-73.39961391835016,314.09374003469526,15394.722984130976,2
2017-09-14,10086.599609375,17779.107673157618,14796.135864882413,21.46391745862422,46.759293402605756,5.765180396842331,-522.7246124392409,649.1442728874954,15113.463765608965,2
2017-09-15,10085.400390625,17707.82770647976,14766.52528400935,22.917233694594035,46.75365046345842,5.765757808489097,-127.4197280604227,613.0487434797251,15300.577501125234,2
2017-09-18,10153.099609375,17891.923516029994,14792.97782735656,19.587255143341938,46.75177295689936,5.764242387618952,490.48676148048503,562.5007453210391,15892.70443188661,2
2017-09-19,10147.5498046875,17939.868204495226,14790.028884370395,19.373504429356405,46.750930942068564,5.765968445970272,49.05803121448062,392.7157180485399,15544.46719294504,2
2017-09-20,10141.150390625,18115.108526823784,14820.633474893035,20.95309261847733,46.75092754799832,5.7656755864500004,-196.57852291746585,280.1404184678489,15983.472164126497,2
2017-09-21,10121.900390625,18050.147764558922,14657.881301818605,18.700684899183727,46.75513938275751,5.7655267823359555,752.2975276533228,80.38020081921616,15023.786281457535,2
2017-09-22,9964.400390625,17711.34142627552,14310.050619636328,17.366362766744988,46.765346360468754,5.764500746432078,313.68628102448844,60.522140163483186,15244.075840179403,2
2017-09-25,9872.599609375,17586.769620565337,14091.778734023945,22.295438080210356,46.75856989753528,5.764811229881826,176.6935661593841,504.1245470494016,15493.972019105844,2
2017-09-26,9871.5,17642.32407199582,14072.33720223752,19.098097479953132,46.760083116614176,5.764895159362748,-23.063013902250077,383.6732469154258,15599.625113783113,2
2017-09-27,9735.75,17340.305041621657,13778.95895231461,20.036897157440418,46.76089187497498,5.767075463935089,142.109533900443,275.34778664794425,15340.540579585599,2
2017-09-28,9768.9501953125,17377.426871998287,13894.2782414734,18.779749917983867,46.76095040560896,5.768297730043562,155.09282927313626,599.4425878890427,15627.764883675496,2
2017-09-29,9788.599609375,17453.655967937208,13794.36281462304,22.553509629826,46.76317922424505,5.76815153204901,-1023.1261382208551,339.85324987336764,15630.576223366044,2
2017-10-03,9859.5,17535.12963536966,13783.517531169067,21.70635231656803,46.764228590466786,5.766859173172684,7.974485131779431,126.04625386443143,14964.362568129427,2
2017-10-04,9914.900390625,17614.89806517097,13848.998875012245,19.518520917692598,46.76374428853987,5.7649547962326375,-214.32234373426334,320.05057929094494,15628.671240273949,2
2017-10-05,9888.7001953125,17570.065640708464,13790.611315993721,17.640205270474496,46.76443201653145,5.764313254539237,-349.91050925463026,646.188954162398,15732.315357987358,2
2017-10-06,9979.7001953125,17819.672754866162,13822.574172874032,19.3061403902836,46.766701716525645,5.76337216608929,-228.1749120176951,92.94602434722447,15498.020598400935,2
2017-10-09,9988.75,17794.370921404407,13787.339696907395,21.14030539989943,46.76868613031919,5.764116322592612,-772.3394747288805,462.78304526126306,14844.6734686257,2
2017-10-10,10016.9501953125,17718.656858548547,13800.879605509444,20.37727140815953,46.76985202724205,5.764372332092236,-871.8440400148717,383.37227668183476,15331.509028079105,2
2017-10-11,9984.7998046875,17521.368545422756,13715.423787894355,20.218196088903973,46.76870168435879,5.764796026768346,348.60096697939883,171.75703258916377,15556.997195222151,2
2017-10-12,10096.400390625,17648.985381002425,13913.293776838575,20.423397518939623,46.777759113008464,5.764258883546552,34.86312788357043,311.9943438881526,15159.867219407352,2
2017-10-13,10167.4501953125,17692.95400862132,13975.696645087246,21.51759246299632,46.77943765294203,5.764828103305618,-1115.2048508849116,-71.50490263359643,15715.449796768291,2
2017-10-16,10230.849609375,17803.71456223558,14206.072553885198,19.91628159186991,46.78232504262404,5.763830291236613,-380.5538165606963,432.8920582471998,15662.32923205493,2
2017-10-17,10234.4501953125,17726.110566176903,14253.764777293518,20.900026900919006,46.78140163526545,5.764169991135667,202.2206933586122,-9.4198950192079,15483.66127510798,2
2017-10-18,10210.849609375,17631.571178099886,14145.707089909127,18.026161584509804,46.78257035634795,5.765433641830612,-262.0057494882525,721.731165166837,15452.56570231898,2
2017-10-19,10146.5498046875,17455.727946893167,14047.179329358369,25.10770155395065,46.78371518057835,5.765507014611005,348.00198151934455,372.40827308974343,15511.839789064583,2
2017-10-23,10184.849609375,17497.498740377334,14121.455443528183,19.43228136136749,46.7785793312131,5.766394864313261,269.9007197106536,228.45590302921775,15456.025936207956,2
2017-10-24,10207.7001953125,17633.77158559353,14263.102180341431,20.407186015767955,46.77702934893206,5.764867603992983,-692.6844837242854,748.167798416936,15064.79983024942,2
2017-10-25,10295.349609375,17848.312237553197,14359.009114695225,21.13293104957242,46.775423918873315,5.76326552047768,-207.3296395395327,90.44534673256959,15334.331565077391,2
2017-10-26,10343.7998046875,17942.103448184524,14506.964187424153,19.17841897519892,46.774222548574365,5.7640531755403215,-329.2357699234816,175.69512824939852,15494.863227894422,2
2017-10-27,10323.0498046875,17869.571636675693,14475.719239274184,20.015649588498924,46.77161303116888,5.765565984157107,-705.6953177408402,-148.77399860949367,15916.615518509634,2
2017-10-30,10363.650390625,17915.974239224164,14674.946401089781,19.99135054931355,46.77234459927778,5.765798931183578,-731.7097299421085,792.8518912998331,15696.830933220932,2
2017-10-31,10335.2998046875,17885.576024002614,14740.581950887645,18.171923814853248,46.77713667511948,5.7684207101911475,-472.408618496691,961.859708977959,15943.643759018501,2
2017-11-01,10440.5,18129.271742220866,14939.380534482365,20.877178851079275,46.77812814121868,5.767459270488896,-406.3701638050553,-102.07819345761766,15057.312881715534,2
2017-11-02,10423.7998046875,18031.818114380363,14887.285831918743,16.70155632348254,46.77518432985166,5.767266630828925,-36.708089102654924,155.26826781500017,15387.29530467263,2
2017-11-03,10452.5,18089.152696692385,14982.025525271134,23.505416884833227,46.77269161814207,5.767899450611162,267.68538928576805,420.9440744524155,16145.75533372795,2
2017-11-06,10451.7998046875,17941.425175201646,14964.610268793109,21.585941769956786,46.77216046469444,5.768861935552939,55.457982324947864,245.29175889740418,15277.36105612664,2
2017-11-07,10350.150390625,17765.547606660228,14940.853264183757,21.27824471530675,46.768513645150755,5.768781523011125,150.1488961123295,390.60549815713057,15276.145030537207,2
2017-11-08,10303.150390625,17731.000610303166,14866.656925018797,16.526715775133518,46.770027016402636,5.768231126267161,-256.6471285881469,364.72061748690766,15433.559048748466,2
2017-11-09,10308.9501953125,17722.118411476262,14840.539003721118,18.41494265341396,46.774686313011934,5.7693656334962595,91.20007864515594,522.2655580534913,16149.492930333987,2
2017-11-10,10321.75,17875.75593634236,14821.73689303553,22.778690241610107,46.77355860037374,5.770018492615122,-209.34999263610445,111.71035181381592,15319.454916015353,2
2017-11-13,10224.9501953125,17630.041753600915,14549.588564573642,28.302482794079204,46.77438700209407,5.770198862124471,-326.58895330111307,457.79789507327314,15706.24387152492,2
2017-11-14,10186.599609375,17572.731797292625,14532.699472421114,22.389384930114062,46.77370012003106,5.771228037231718,608.8403795582503,65.16177312724074,15659.936081206914,2
2017-11-15,10118.0498046875,17440.633126893772,14345.06366143109,22.0738868205019,46.77241123647723,5.771627417875665,-1082.1903826189994,276.442625190528,14943.66221395313,2
2017-11-16,10214.75,17617.88267014949,14606.45293952599,21.049948456228375,46.773579964681,5.772028770037959,-899.3217189229443,-121.02539825300641,15543.334892961882,2
2017-11-17,10283.599609375,17740.8766927381,14611.283324695982,18.30500560857966,46.772190048189664,5.7723986511896745,3.079901653441766,278.6355425645294,15381.26578247105,2
2017-11-20,10298.75,17777.265076808115,14648.316562204735,21.99034816640066,46.770364846832194,5.7721294131211796,-255.99293941298004,228.17872512760758,15769.275218562938,2
2017-11-21,10326.900390625,17891.378527614183,14798.218711667605,17.797585325806143,46.76610697268641,5.771763848770151,-724.7937400667689,683.0738070215986,16104.680505661567,2
2017-11-22,10342.2998046875,18019.782981237393,14634.514809883092,17.578829669720292,46.766900737369625,5.771800682850288,-571.8443804655074,382.22197830411955,15461.13498886276,2
2017-11-23,10348.75,18031.98717959328,14823.900333849715,17.45294134912302,46.77070176555448,5.772400645293817,-519.7623187447127,436.7509699311451,15466.138602115834,2
2017-11-24,10389.7001953125,18169.80646434196,14856.499952076583,21.951445293003186,46.77342369192011,5.771102616109949,206.93461485236548,393.26439145084544,16363.00039091828,2
2017-11-27,10399.5498046875,18137.778654902133,14886.007370032195,19.885171890144996,46.77849967191235,5.772625955745638,334.9641724257756,-238.7326533217646,15361.804114032157,2
2017-11-28,10370.25,18137.13785580492,14886.718972523346,20.20171619980876,46.77707612554816,5.7732283402883215,505.8250260922472,-199.0838780515004,15169.911960762196,2
2017-11-29,10361.2998046875,18064.782312542186,14936.241396992753,19.96919212589863,46.78022855371029,5.772752540071618,-785.6044888837351,304.39670998575866,16023.30265953948,2
2017-11-30,10226.5498046875,17886.054239757672,14729.138191373107,17.74856691760355,46.77752065585475,5.7749637683650485,-696.8494130046128,483.5679964521417,15582.929740470634,2
2017-12-01,10121.7998046875,17842.73886296061,14636.530514411354,18.658538187965192,46.78024843179193,5.775605535258572,-724.2505898002091,329.5404421839663,15692.194800022564,2
2017-12-04,10127.75,17845.563767064006,14692.546866178473,18.759147587493096,46.785780993628904,5.774875700093131,365.54280230800373,140.7823075199649,16305.45329940742,2
2017-12-05,10118.25,17671.49618344648,14831.896281925125,17.18945710554928,46.78787613813824,5.777058071404168,16.889781767811826,327.9060641902891,15175.761997917833,2
2017-12-06,10044.099609375,17491.22708167915,14748.183520486242,18.991579809399298,46.793461572989074,5.779028924312111,-117.9203134121114,301.8743397866816,15557.874269920138,2
2017-12-07,10166.7001953125,17815.231590281546,15143.254915031888,17.837387087207524,46.79226537699484,5.77874145998876,-58.148522461021074,633.700974664712,15237.67528922461,2
2017-12-08,10265.650390625,18046.86809993719,15404.212554679487,21.155351257733987,46.792462683798306,5.779045126069209,-172.71131085549746,616.9059945597417,15733.807685815033,2
2017-12-11,10322.25,18174.73887143802,15339.369715558158,21.32194212793365,46.79031563271278,5.7792195124159145,-598.456818962602,233.9756417069089,15461.17326318223,2
2017-12-12,10240.150390625,18089.258506245602,15433.568937156077,17.41272175472022,46.79102000225815,5.777967341530819,55.26911591396174,385.02272384523695,15272.26434901188,2
2017-12-13,10192.9501953125,18032.683549435988,15295.637880667437,19.406736471503997,46.792429023719464,5.7789346489995745,-224.45540226147455,482.8597858577226,15873.308405830812,2
2017-12-14,10252.099609375,18236.77272635474,15541.354658731276,23.712119762633407,46.79310712890736,5.780427733961722,-630.1286053917172,527.3933186322042,15652.475114743573,2
2017-12-15,10333.25,18464.03468224774,15692.201387313793,18.038474204643414,46.79228471206544,5.78173787939366,79.71417814322317,895.7794272371328,15262.425629170006,2
2017-12-18,10388.75,18686.842800539056,15894.539408875178,20.85327563559013,46.79141256478332,5.782429204322264,-320.3150545090351,391.5557105975152,15286.53937803423,2
2017-12-19,10463.2001953125,18861.78531634303,15965.728450483432,20.21104386800577,46.79304807655927,5.784035246447186,-59.006605263449146,750.6234412619556,15729.50090360336,2
2017-12-20,10444.2001953125,18892.433443887996,15990.900707972705,22.185775115681814,46.79317021576822,5.783569093012648,-199.99166451921002,51.97507670691914,15145.846617783835,2
2017-12-21,10440.2998046875,18861.488378570728,15959.472992789128,20.590933682714812,46.79031480675272,5.786061873738738,206.5515088899234,208.69785263478687,15745.814374243937,2
2017-12-22,10493.0,18920.933300270226,16209.279865073546,19.1374090441525,46.785222948614795,5.785969594858103,-61.934810308423366,-240.74732510340857,16099.624968218443,2
2017-12-26,10531.5,19127.593641350923,16323.713290421514,20.13352824294577,46.784036483154004,5.785993691870469,-503.48006994272225,445.39196200292065,15893.85508359695,2
2017-12-27,10490.75,19062.833049693007,16339.594885828905,20.16273988790747,46.78048967694385,5.786108879528156,-21.19871058458719,594.2571864576498,15494.06005546377,2
2017-12-28,10477.900390625,19098.5556437076,16105.11645076404,19.816609635434354,46.77858296697826,5.7861564322942565,-8.124510210775128,-366.61553292392966,15780.820589181223,2
2017-12-29,10530.7001953125,19214.222235625493,16194.482018003873,17.361777089351964,46.77791305122528,5.786664701061218,54.53318961554902,456.4859102772521,15306.769525238306,2
2018-01-02,10442.2001953125,18992.80615632648,16071.525093024738,22.486177215195784,46.77807475370661,5.787139539671002,264.34970189276515,581.2631041695535,15747.616256090294,2
2018-01-03,10443.2001953125,18995.64148782864,16094.952058816873,22.13286717572865,46.77667673621087,5.787980750926139,-396.3931140708693,564.1712789015319,15607.166413674182,2
2018-01-04,10504.7998046875,19229.430133970847,16303.028279111364,17.911621946260286,46.783850339535356,5.7878789101205586,117.17426687221285,41.241663989605854,15388.246899450009,2
2018-01-05,10558.849609375,19381.570852361892,16368.025173770233,19.39854873563249,46.78066703043456,5.788767653072541,-839.926895136322,631.9359919276743,15916.060951272482,2
2018-01-08,10623.599609375,19379.625696820847,16493.745130272164,19.549828661291567,46.78489466780838,5.788404643815125,-197.99392611532258,402.7913492156196,15103.100269884044,2
2018-01-09,10637.0,19389.8325242784,16636.21993124997,17.686962399000834,46.7850069637793,5.789869813169763,-259.8639539230569,577.3112856749547,15357.009773783111,2
2018-01-10,10632.2001953125,19518.869157586374,16401.431603931043,16.266407464475467,46.78363438460528,5.791327851622362,429.13808807211194,362.24263274589157,15399.77876041493,2
2018-01-11,10651.2001953125,19540.557669055495,16494.86558971515,18.658814696175327,46.78599711263645,5.7920653039335095,-212.53417159059418,514.3112101166384,15581.256167206464,2
2018-01-12,10681.25,19460.634027122753,16517.680606306294,19.287195319497616,46.78523847998265,5.792164113981291,93.19551126864383,732.7707400122333,16154.390091875903,2
2018-01-15,10741.5498046875,19730.69963824657,16539.176772108614,17.11753333327196,46.78341758592333,5.793229019485895,-854.7114491490228,338.79338376927535,15987.870544757723,2
2018-01-16,10700.4501953125,19701.53398996373,16496.68924897103,20.353955528170957,46.789387015630076,5.793100406592773,-290.7031858754327,485.2314426690127,15788.510676556067,2
2018-01-17,10788.5498046875,19875.20623173873,16783.635449693928,22.32571260663268,46.783403635491275,5.793899240205237,-488.54394697343173,774.9306085770372,15778.711530782553,2
2018-01-18,10817.0,19903.351735689495,16942.134453967334,21.684232292330535,46.78326901401479,5.794516974429054,840.20444931821,360.0309505570726,15761.722323828742,2
2018-01-19,10894.7001953125,20148.282025487853,17074.955354404374,19.746628693682563,46.78443922887628,5.797921685487386,-416.71870284854293,62.381150374645415,16203.167787752545,2
2018-01-22,10966.2001953125,20250.311948227405,17300.624954161012,16.319176606957605,46.78926329647581,5.797474685686886,-120.68837093541913,602.8129372467984,15202.663554523357,2
2018-01-23,11083.7001953125,20584.72795821302,17616.020127057327,21.431404681318096,46.78866800378228,5.795592675488474,-99.36967908993205,830.4632831828121,16024.096962411293,2
2018-01-24,11086.0,20634.129247688117,17611.172258540268,20.292784338129117,46.79725104951528,5.795745638778021,-785.7913163746614,786.6350538452682,15625.19248399502,2
2018-01-25,11069.650390625,20620.854426316604,17507.077842278304,20.848702218436042,46.80012840669932,5.794825891776883,-360.41416421724557,614.496329898662,15949.538717038966,2
2018-01-29,11130.400390625,20757.793151750386,17555.712876023517,23.872205600605028,46.79362652826706,5.7949002193098345,11.90660505970206,-303.2472752275254,15956.15300551675,2
2018-01-30,11049.650390625,20578.38970763268,17491.248161199856,18.350376740938692,46.78986548008016,5.794408872212061,-115.71108990348593,209.25018190110657,16032.50768447592,2
2018-01-31,11027.7001953125,20619.534143492812,17445.18994570631,14.250368133755915,46.79117628208253,5.794315860084977,-1070.1643888031747,224.61985370235917,16306.459954113534,2
2018-02-01,11016.900390625,20526.161573689522,17315.666476645965,17.893090844380485,46.78834468331046,5.794067667286179,-376.79657780184033,413.46051754843575,15377.347997814626,2
2018-02-02,10760.599609375,19878.162867022093,16669.576609884753,20.97209013653564,46.790588183044385,5.795852560762999,258.3286645787571,906.4794503322014,16133.986703109354,2
2018-02-05,10666.5498046875,19736.413392263723,16578.191150746738,20.05385180349608,46.78982699369459,5.7966311952012175,85.28917092517395,75.83750993284121,15800.792190348397,2
2018-02-06,10498.25,19445.85955226995,16213.97361864794,17.568727740802636,46.786838914482956,5.7985390306096924,337.2133407300816,1072.6606265789292,15680.178181190131,2
2018-02-07,10476.7001953125,19439.307201370088,16206.177888158809,17.16056523364714,46.784545146361125,5.7994171101365,-544.2589349693163,285.3016110177274,16475.03421885472,2
2018-02-08,10576.849609375,19676.858522228664,16515.541788296578,19.29078196836521,46.78770088717636,5.80118851026656,362.37181411162317,169.9296059579665,16058.46344909675,2
2018-02-09,10454.9501953125,19404.08211651962,16161.278718723013,17.507810660236387,46.78223202654464,5.80173438424147,-167.7624193156727,653.5614136935365,15709.023154047818,2
2018-02-12,10539.75,19639.747804837727,16314.928055149458,21.041266836509052,46.78596785102013,5.804182160908049,486.88900037557573,677.2912800472377,16149.651525273212,2
2018-02-14,10500.900390625,19556.713322840125,16226.296145089327,19.177146222747464,46.78979146163856,5.805511555946652,-148.67822636649066,594.9840733071203,15836.705090263384,2
2018-02-15,10545.5,19610.048336960448,16346.409380938854,18.745764231336576,46.78939724122718,5.8055953605550625,-968.9901970857253,169.16335995819855,15719.078897853877,2
2018-02-16,10452.2998046875,19396.115950018175,16294.664610713677,18.483447194153985,46.78578391329865,5.807083331381357,189.70182852285757,550.6084383217218,15669.142135692171,2
2018-02-19,10378.400390625,19402.040131240752,16028.635300486314,20.526245453161188,46.78805150592595,5.807984443101816,-327.40547118985705,89.93267682980269,15963.108472739248,2
2018-02-20,10360.400390625,19231.133633488796,16050.088619270642,20.08521844752007,46.787192427974425,5.8086611374292705,-300.4918445473935,160.82624080593757,15676.651740458943,2
2018-02-21,10397.4501953125,19345.56838320381,16219.185489228908,20.40391453972519,46.78324707493221,5.809641545972328,-731.2385724279078,371.53895076872277,15925.918439896963,2
2018-02-22,10382.7001953125,19186.107485525292,16173.502066429339,20.36025888761162,46.78957449561605,5.811282364759607,498.87979960241717,154.0109200296694,16163.361436779369,2
2018-02-23,10491.0498046875,19399.216236300457,16363.811077719653,19.855608926806585,46.78752125572828,5.810059599547147,-358.4404695211389,715.8244743635897,15921.781199958674,2
2018-02-26,10582.599609375,19552.38491097106,16577.63855375587,17.93373883308382,46.78370480306809,5.810608581292514,480.014309965008,226.5497404271207,16519.919763386726,2
2018-02-27,10554.2998046875,19333.040112660343,16558.748880457093,18.539239746537476,46.78515995552752,5.812196345505728,-322.49726463714126,333.86313451567025,15900.970088378028,2
2018-02-28,10492.849609375,19239.533266080125,16501.01613458907,19.210650189722127,46.785556413218664,5.8133548340383125,-521.0980808597112,135.94051549779505,16330.866427976518,2
2018-03-01,10458.349609375,19140.95509963786,16491.483597739258,24.130390476176643,46.790614978326396,5.813143878528648,377.8116696119255,711.2829434264997,16217.470763522948,2
2018-03-05,10358.849609375,18783.299259381776,16208.496060332127,17.302327359166377,46.79007341750115,5.811696702273105,-179.33389960009174,200.16190769509217,16397.33581855751,2
2018-03-06,10249.25,18628.41482239009,16099.380719888486,19.162046993366218,46.789563548551044,5.814323372092983,-175.4288029420624,742.6033308234261,16544.776554320255,2
2018-03-07,10154.2001953125,18545.495049137255,16033.061103709571,20.196534120220978,46.79116923324763,5.815067186617541,-662.6503761132481,720.5630755846755,15361.148239481157,2
2018-03-08,10242.650390625,18835.98569314319,16219.630162744175,19.393334493455015,46.792367787011294,5.817517282483679,-333.04934187850245,266.21771471642535,16011.546909965684,2
2018-03-09,10226.849609375,18831.06854966843,16045.142252350333,22.147939082875475,46.793657900156006,5.819253437716822,21.47832945239955,408.9003424783045,15896.486533280915,2
2018-03-12,10421.400390625,19232.820176737914,16404.33947935684,19.383004138994266,46.79507375464741,5.819406159091887,-669.671997503541,257.88730702961453,15972.702859279387,2
2018-03-13,10426.849609375,19346.39324522656,16433.793636895458,19.53091720169878,46.7961676035321,5.8178561989850035,-365.6350776687267,563.7165985770931,15815.527014746422,2
2018-03-14,10410.900390625,19444.28017069392,16291.388336561116,21.629257027232633,46.79551815463523,5.818350658275785,-318.178574962983,341.6586066013298,15773.95433498654,2
2018-03-15,10360.150390625,19428.189039634082,16161.408012258775,23.62142332583675,46.79861618742554,5.819275155919166,-123.42367811440083,274.7558008681705,15601.519166903508,2
2018-03-16,10195.150390625,19019.026133845713,15721.957006587374,22.814996747896657,46.79813649521717,5.820692683487617,441.8238582553055,413.853748972014,15988.470392461177,2
2018-03-19,10094.25,18828.25453252955,15593.056879026013,19.726692231781712,46.801149546109976,5.820553796186881,-269.9812531931936,-74.66472905776311,16260.62569688067,2
2018-03-20,10124.349609375,18923.35265349003,15664.542261800281,19.900971576535195,46.805912832374815,5.821708914036907,-426.20026496502487,377.2455265584765,15809.832394856205,2
2018-03-21,10155.25,18850.05019477545,15567.532700610156,20.093438489568406,46.8044802097728,5.822868783354544,948.5482528098685,594.883591041814,15867.603549518262,2
2018-03-22,10114.75,18802.806223479594,15525.915500605319,20.29399881692517,46.81229366002881,5.824842076235976,-323.2741414093719,441.41631407835075,15754.526691781446,2
2018-03-23,9998.0498046875,18735.24867415357,15307.247231366146,18.30530377130437,46.81075582131328,5.825527717384714,-226.26326446767843,685.4969697174597,15664.801676870562,2
2018-03-26,10130.650390625,19059.303587202543,15601.07857488513,21.873187597710878,46.80923965677733,5.826968029512597,-293.13854767641305,286.8105736417673,15912.192510585535,2
2018-03-27,10184.150390625,19283.660204455115,15663.42005223816,20.413218255445575,46.81145962927181,5.828259119864743,-260.7076404438511,262.21278630212385,16102.531555564277,2
2018-03-28,10113.7001953125,19151.487340483985,15459.41228370678,19.910287622369374,46.81338431648499,5.830142456694489,-118.89805479361559,64.80429880715025,16400.099177208733,2
2018-04-02,10211.7998046875,19351.252580193825,15568.234214165694,17.457709246881855,46.81419976216152,5.830335389240022,218.31859103730983,278.2765289353822,15621.314173947427,2
2018-04-03,10245.0,19450.222542942774,15578.705359038991,20.124572416981223,46.817254515425454,5.828282465082814,11.595089309362294,989.767787489311,15998.17898761997,2
2018-04-04,10128.400390625,19145.658302935823,15369.123713396022,16.21357539355839,46.81861240555296,5.8290686187840155,280.8382253465684,482.66300955593573,16390.267550632096,2
2018-04-05,10325.150390625,19483.91008351749,15745.56886461445,18.836701311935535,46.82540963154546,5.829865750170116,267.6114698429733,224.33913526053385,15640.357340766224,2
2018-04-06,10331.599609375,19596.310193963247,15739.353989977397,18.873804587041604,46.825849955291844,5.82974140576774,-66.57915775364953,98.15741857988013,16429.091372873445,2
2018-04-09,10379.349609375,19804.606852791836,15786.740425135262,20.57399038617524,46.823886474427084,5.829271592348856,0.5247880255101904,-79.55921772977666,15887.401292267816,2
2018-04-10,10402.25,19774.181664013006,15795.254777488399,23.75970004989059,46.8228313465365,5.829740207456836,293.49467050744914,150.8819291778045,16261.2650820885,2
2018-04-11,10417.150390625,19882.198579247874,16062.298487670898,21.143814931330873,46.82484531968169,5.830673710977777,-594.483971200993,627.7580525615923,15968.268585401982,2
2018-04-12,10458.650390625,19962.57247776513,16064.808049894942,22.896804145271226,46.82690317474166,5.831822580223203,849.2844808953203,271.89046802741115,16190.464690919067,2
2018-04-13,10480.599609375,20035.92498805245,16051.48890356856,21.290424346207153,46.82812260283741,5.830595772528038,-355.0340522110427,112.54847555722853,16564.76759896279,2
2018-04-16,10528.349609375,20173.692960043103,16461.62609290101,22.250106979375232,46.8261740921212,5.829905782734395,-290.38596862759044,145.54486478972777,16014.389288148466,2
2018-04-17,10548.7001953125,20297.20220667717,16541.58609336675,23.714254705886212,46.83010003648103,5.832103936634455,-634.7603898695063,594.8442399819796,16378.467409484543,2
2018-04-18,10526.2001953125,20256.336666241114,16363.252808679707,18.53632633539549,46.8365110084511,5.83298797088623,-622.8603231817592,375.6210773855116,16151.707166976166,2
2018-04-19,10565.2998046875,20454.323299280342,16519.667916581075,18.405791131736994,46.837198684416784,5.8340642194671375,239.6136275558946,211.83867573696713,15815.922676049307,2
2018-04-20,10564.0498046875,20476.98918196004,16427.38005771841,21.337621800954643,46.84323049924621,5.833814680659267,758.0773110569007,307.4834891336285,16026.77571322233,2
2018-04-23,10584.7001953125,20572.367083158235,16556.016379050954,19.992643091875507,46.846429267235536,5.834899026184678,-376.8960443233391,1061.7649376642282,16011.708796610323,2
2018-04-24,10614.349609375,20567.188087593146,16590.747803058664,20.44070766561392,46.85368532875948,5.835617131513847,-11.073388748992755,765.8869222616931,15629.539362147574,2
2018-04-25,10570.5498046875,20651.59410311075,16465.291807224294,19.50266621578528,46.85570326103118,5.836097398516141,-61.933361715134765,840.5875989009544,16236.439583207653,2
2018-04-26,10617.7998046875,20792.425779652764,16714.44954890576,18.807482565950565,46.8567130702585,5.835739382048995,250.09782496670346,-125.63118368891435,16305.569276809594,2
2018-04-27,10692.2998046875,21013.370726924142,16913.156655023282,23.241529337550052,46.859840273957445,5.835979726857561,737.4857858069593,354.6693166489177,16360.40686472668,2
2018-04-30,10739.349609375,20979.936416956967,17102.252322598208,17.80027777236017,46.859139518959424,5.839065586169521,458.3893671926344,206.56327025473504,16564.391046248737,2
2018-05-02,10718.0498046875,20865.437623306283,17106.177868285442,21.372784518483087,46.860960871123005,5.839834962982221,-245.46371239229896,563.1520587501539,16416.273693898198,2
2018-05-03,10679.650390625,20886.53446348403,16987.432160512275,21.0484565714609,46.86555302046286,5.841748431177018,61.50705428385402,717.9420635356599,15919.647496875414,2
2018-05-04,10618.25,20778.69149956997,16932.634008588782,16.841973404859512,46.86861155183002,5.842680878742617,101.22313709689067,497.9278638760119,15993.2491465416,2
2018-05-07,10715.5,20829.02675984394,17244.41926620264,18.338439340012812,46.869118678855806,5.84350260045764,-158.03625246704786,138.2589872021623,16394.578258484875,2
2018-05-08,10717.7998046875,20920.6514217493,17262.81122488252,18.674618878100265,46.8703199256381,5.844005423512825,-588.3744533986924,201.69599860082934,16254.85875058565,2
2018-05-09,10741.7001953125,20926.464774781485,17497.19127083257,21.129168226633183,46.873192955982006,5.846494864694224,-469.5104874252086,586.1712598398564,16128.4451055897,2
2018-05-10,10716.5498046875,20990.802513123603,17537.36307300172,19.265929788138898,46.875966295811374,5.848016724805793,309.261060371686,616.0219519628281,15856.90214756246,2
2018-05-11,10806.5,21178.06463865588,17737.44295609035,19.82882038677839,46.87881648896076,5.848380878455325,350.5231983288199,442.2857117312212,15972.939221339739,2
2018-05-14,10806.599609375,21195.627813688207,17764.42401899088,17.084705286030545,46.88043480327702,5.849145501224834,-233.0269459356747,438.93727581687125,16337.591962887003,2
2018-05-15,10801.849609375,21285.524541197712,17769.68248592526,24.65182343343063,46.878561169358704,5.851385106525585,-45.57784237596488,415.0367607305651,15524.108187302347,2
2018-05-16,10741.099609375,21078.442384941016,17518.150189052056,20.142391237478993,46.87716571076729,5.849715227359084,328.9055285318575,480.7289673241691,15403.20266812057,2
2018-05-17,10682.7001953125,20869.70816186347,17394.823426679737,20.998001794593886,46.87914921106161,5.8511993452153,-831.7075488133194,614.7882925515437,16388.668991144656,2
2018-05-18,10596.400390625,20668.82308444417,17249.88747615159,18.918749022869555,46.88224358932013,5.852915514131031,-328.5409723355425,589.0497121709589,15997.035700654495,2
2018-05-21,10516.7001953125,20566.458905461834,17052.27082328349,18.6947453458643,46.88494939799218,5.853349282344789,657.1485525930576,407.0756301650251,16326.178305353875,2
2018-05-22,10536.7001953125,20500.10365067699,17125.892982145328,23.825369309907064,46.88352374784313,5.854692333865793,-30.276913518673126,385.28517480179914,16689.862239917853,2
2018-05-23,10430.349609375,20138.93730760056,16921.87823150437,16.166556785986742,46.88367024573618,5.8563880388755045,-601.6864338813737,373.81050727907297,15856.789784512259,2
2018-05-24,10513.849609375,20384.117364870912,17164.71952961709,20.557294136861554,46.880747409743016,5.856355220793412,-103.08708257051428,165.9008067400708,15649.158565320453,2
2018-05-25,10605.150390625,20530.187584045885,17413.667588538272,17.576992217784213,46.8771731237042,5.858400412994322,258.57423690731054,162.09155520047545,16105.292419495281,2
2018-05-28,10688.650390625,20676.304824600265,17596.614940573472,19.18999769120599,46.87801756160518,5.85990593399591,-1168.6131749314327,563.1868824409332,15977.994788724078,2
2018-05-29,10633.2998046875,20406.731446049398,17344.737383166856,18.723811064651958,46.88269203069929,5.8609660603664056,-79.48567312356293,186.1393340816309,16196.701019557297,2
2018-05-30,10614.349609375,20311.52645953822,17494.645963577907,18.028044633161503,46.8835914427014,5.8622890032221155,-298.965821836995,644.1801603739071,16384.401301831316,2
2018-05-31,10736.150390625,20568.9133970541,17722.121646464704,20.070883459412656,46.889915848988025,5.864219119755674,-806.7992505747791,384.5971866893119,16320.970165753515,2
2018-06-01,10696.2001953125,20561.269579918728,17634.60282613403,14.86394170538787,46.890023537074505,5.867763065233098,-117.22909794787638,645.8785775305488,16235.078842258143,2
2018-06-04,10628.5,20355.720181316905,17465.240943011697,19.369023036162606,46.89071718869895,5.869605740738843,-204.59209270417915,591.0876410664421,16568.501461642747,2
2018-06-05,10593.150390625,20416.286654785545,17344.771252486906,19.81942004930005,46.88834416802589,5.871653947601321,-159.63610087905556,652.8789774316233,16447.88938498627,2
2018-06-06,10684.650390625,20554.83404061121,17688.60468195497,17.281446907187973,46.887902436075876,5.8730899892403325,-289.30424809790514,257.09027304943845,16176.328299888277,2
2018-06-07,10768.349609375,20676.147334208734,18004.77874179944,23.026437442898768,46.88493262137502,5.876239040924173,-558.535020781656,522.6698351437126,16446.613459583186,2
2018-06-08,10767.650390625,20802.19972920733,18051.443419412713,18.81108325040537,46.88089660952217,5.876025328534357,-731.9211334392987,621.3663968645093,15743.152363821031,2
2018-06-11,10786.9501953125,20860.891886120986,18078.64692226154,19.525031515070324,46.877977815670505,5.875545083633813,-426.2759761098498,-65.39800981982967,16596.1108260731,2
2018-06-12,10842.849609375,20933.870644435396,18259.121834246773,18.815561672170595,46.8788336409404,5.876960144169522,193.70084563042582,910.5080342646581,16262.650145851912,2
2018-06-13,10856.7001953125,20950.301811949612,18295.231201711646,19.836867759138826,46.8772235220997,5.8788871801293,-56.77188250930185,1079.7859138342224,15870.014909310052,2
2018-06-14,10808.0498046875,20960.4241029077,18176.357854210924,22.6162881870121,46.87632390364761,5.877584319321295,-177.66933177863606,684.1864883493439,16130.00224177662,2
2018-06-15,10817.7001953125,21104.432352719217,18232.79386075204,24.946031607846948,46.878153515356786,5.878857494536262,-565.9072596285959,641.7642286389975,16608.218723055168,2
2018-06-18,10799.849609375,20997.44512118838,18148.623788810164,21.491278407401317,46.874107120239216,5.8799584666815035,-299.5659731416844,576.6275792378556,16025.759471052068,2
2018-06-19,10710.4501953125,20803.586745171528,17996.457132652897,22.17598753394354,46.87495022841548,5.881988932827753,144.86302334288501,302.9699974939823,16414.390446843874,2
2018-06-20,10772.0498046875,20943.16897924234,18143.30940668344,23.432854962954163,46.87809445472341,5.883708817354532,51.9135049941963,366.94893661944457,16571.976426390378,2
2018-06-21,10741.099609375,20794.885263062468,18146.390086614465,20.497742153532915,46.88149813319665,5.8831965804677875,-340.8795479090861,689.3214686081587,16298.75958327039,2
2018-06-22,10821.849609375,20962.89463919544,18242.941691698757,23.14050174722374,46.88364783434591,5.883417339113065,-1194.5608605871207,108.03484154007322,16014.063307937773,2
2018-06-25,10762.4501953125,20837.151411767674,18200.56171866747,21.584802264780805,46.884091287535334,5.883916191163746,-419.93905206463256,81.78492606126247,16280.066931906093,2
2018-06-26,10769.150390625,20946.74292333173,18115.386352261266,20.287974718623143,46.8828200708459,5.8859655987566,-343.0778070442551,280.80124337725056,15846.322390282976,2
2018-06-27,10671.400390625,20839.043667022062,17857.68642904121,20.700682068902935,46.88317299458618,5.887655523059212,-512.8423750811047,596.8759524686525,16151.594477555582,2
2018-06-28,10589.099609375,20635.811436457047,17637.11955460825,16.357166073264352,46.88873338426995,5.8883548869221265,-315.270313255882,140.21915251773999,15954.743070126406,2
2018-06-29,10714.2998046875,20888.066617833912,17774.442898567017,20.5842385208923,46.89015258287759,5.889824328019239,176.62005127808726,332.37517992479263,16305.794686570905,2
2018-07-02,10657.2998046875,20821.439427890695,17769.288739326883,16.91250495910741,46.89043193726662,5.890096015446914,-164.91858118260572,367.99731878439707,15911.698563034994,2
2018-07-03,10699.900390625,20864.298455504955,17751.217032119923,16.749461696777786,46.89272301557001,5.893480143091597,245.8784191619767,96.43922840966292,16358.456893944194,2
2018-07-04,10769.900390625,21064.525712127306,17816.25283139264,20.38575737805045,46.89347218831658,5.89539377916555,-753.3488342581618,-331.9303750357159,16706.39906188311,2
2018-07-05,10749.75,21013.82728695074,17910.701399103447,17.771842809599892,46.89474956716862,5.8975240193113985,-272.0256231819775,92.04623817435868,16732.088107728432,2
2018-07-06,10772.650390625,20981.61166752794,17895.177509095458,19.985772497393246,46.89460941570442,5.900249672759484,-925.6088443380002,478.26595519500773,15939.195739023664,2
2018-07-09,10852.900390625,21073.439049223147,18035.49412043396,20.27686903869973,46.8939646024422,5.9026195323402115,-320.6310119347393,545.843040483242,16133.58393900092,2
2018-07-10,10947.25,21399.434818679227,18114.300858269984,20.36609920163427,46.89755260322279,5.904009443723709,-568.2629821190694,548.3088951584215,16635.432823947398,2
2018-07-11,10948.2998046875,21388.305736320144,18207.152514945185,18.191757185915797,46.892301554151615,5.905187627207542,362.5011333713528,582.8717184529414,16591.90434699283,2
2018-07-12,11023.2001953125,21691.73118913905,18450.73978341582,21.7973647649624,46.894337359361856,5.907843818122293,13.884802337402363,212.08152983876622,16165.196771337809,2
2018-07-13,11018.900390625,21637.924005877947,18524.053178503716,19.82152952706784,46.89350710040235,5.9092430126096795,255.9317982372055,147.8172625038438,16212.337173103631,2
2018-07-16,10936.849609375,21486.424837252274,18418.57373200738,20.882151360342323,46.88839146301086,5.909871401372245,-321.73913010917187,512.517401455257,16403.619182723654,2
2018-07-17,11008.0498046875,21848.956672891018,18571.22380043377,17.607120772106008,46.886067634743505,5.913220182355099,-557.8872388466573,336.4749789289177,15781.076397212453,2
2018-07-18,10980.4501953125,21696.819461822608,18457.270362830663,19.643344886408027,46.88655949647561,5.913671139536813,-570.6251978153755,672.1235867638306,16558.94745587701,2
2018-07-19,10957.099609375,21482.426036798668,18320.42692347056,22.19458896654024,46.88746393416312,5.913328050668074,-43.824287691656934,514.4120693012648,16746.90000224132,2
2018-07-20,11010.2001953125,21708.6851297605,18570.449254454226,21.940355263617402,46.89028394752966,5.9157171689358155,574.0645976773698,785.1461688498662,16269.276805945314,2
2018-07-23,11084.75,21798.763639160596,18808.061192334346,18.405414634151214,46.8933080022333,5.916386984700378,14.952916808195226,260.33910870232137,15936.37409428169,2
2018-07-24,11134.2998046875,21904.39990190566,18830.72500611009,18.90888361885031,46.88926785734362,5.918227858311619,-299.9070917150332,720.2602750323538,16870.518999568118,2
2018-07-25,11132.0,21848.158658665205,18830.55795922473,18.022626539872363,46.89100036810267,5.921455555353801,-225.5083420506335,1010.4027691414955,16484.061623911264,2
2018-07-26,11167.2998046875,21948.030749077665,18868.342320158514,18.687174163478236,46.893786000022935,5.92149589887215,-162.52013270071902,416.12276848228805,16649.86867894296,2
2018-07-27,11278.349609375,22105.22242979694,18966.02608247381,17.201864918586942,46.895042767885734,5.92287487170984,660.6570240712637,549.7920030822305,15988.222774445416,2
2018-07-30,11319.5498046875,22178.258602219863,19069.664508405658,19.72364825518305,46.897150092341356,5.9257828618339845,343.443426333953,120.84151339045377,15994.340474088838,2
2018-07-31,11356.5,22298.121506866246,19096.84252298591,21.266276796365688,46.89195252992194,5.927894016281799,-46.016398339853765,668.2169577647015,16568.341279467782,2
2018-08-01,11346.2001953125,22186.223970567196,18967.356935743726,18.429894272397842,46.889581884953685,5.929148144971331,-106.10721287755749,738.7174508572901,16775.101823808283,2
2018-08-02,11244.7001953125,21907.54108852574,18599.036510656217,19.818787434677645,46.89428002596083,5.932976150013488,-30.258643852049616,251.66404478001675,16070.999193222173,2
2018-08-03,11360.7998046875,22127.00261172374,18655.04750108396,19.559003184737286,46.89404090099441,5.934324128383869,47.71026771323065,575.8478713224514,16413.90968843249,2
2018-08-06,11387.099609375,22056.99743009254,18665.29932608575,22.110237463196437,46.901310212738615,5.936168963399774,-315.2791811902383,484.1418216533815,15930.174876379879,2
2018-08-07,11389.4501953125,22024.747758847985,18660.393621273182,18.776816326391156,46.89807494550387,5.939270937399937,-487.6315789506546,517.2355870827554,16226.581796506223,2
2018-08-08,11450.0,22164.45417246152,18681.449985966672,18.849567784698298,46.903366262227266,5.941709073816465,262.88810422194615,643.6059222295819,16377.926765647904,2
2018-08-09,11470.7001953125,22173.11040093148,18795.264344079485,18.307957743415276,46.90213414538832,5.944492713908549,-141.20690777120655,555.6698526998446,16628.59279784276,2
2018-08-10,11429.5,22061.717155609338,18707.07005197871,17.724980959843023,46.90532145333716,5.9450597368379805,229.4911743259874,358.3036521481472,15778.90105702186,2
2018-08-13,11355.75,21903.9368071295,18627.14119309108,21.05836998289394,46.90503530609068,5.947759110250337,508.4634995105771,649.9889066290411,16912.84980696581,2
2018-08-14,11435.099609375,22015.126521119753,18763.385561747127,13.229778407339042,46.9059823405344,5.949404531426817,558.2458936398241,483.5568268573841,16426.53623667175,0
2018-08-16,11385.0498046875,21970.035295755628,18577.152383738558,13.609619719646604,46.90836897045666,5.9501392062865355,493.41939182802815,-16.258330205999215,16914.64251708724,0
2018-08-17,11470.75,22280.31562659195,18758.55816535918,16.049282312390794,46.907128910672334,5.951846223208049,1630.0971922068256,149.46026188602733,16723.33223153699,0
2018-08-20,11551.75,22412.383535710975,18775.40490033684,16.164161451855744,46.91013222985696,5.9535261552753935,432.80805131192716,-380.6078415662703,16779.137002479045,0
2018-08-21,11570.900390625,22496.910886974554,18873.781637195607,10.207531384330393,46.909934608616794,5.956888536837399,-86.2187231385393,325.07941425936394,17169.78265681608,0
2018-08-23,11582.75,22500.691296288936,18791.032347910437,14.795669346191135,46.91106875841794,5.95876872704398,237.50990713120507,516.9352728792812,16249.958556585127,0
2018-08-24,11557.099609375,22478.785444334895,18844.70001299101,13.951293851422378,46.90373324423291,5.959491412335215,970.6738846982166,72.81143175322163,16557.80003085054,0
2018-08-27,11691.9501953125,22912.214138574607,19071.64767372381,12.576818001708126,46.90332123840964,5.959988064518874,-167.66694011201866,190.0308473504082,16190.827191655684,0
2018-08-28,11738.5,23059.648354457935,19285.541003891005,14.155367374055885,46.9077118643747,5.961453330680821,49.01615833880783,83.941279516818,16489.395107752334,0
2018-08-29,11691.900390625,22796.883018749308,19065.036994926646,10.04723352955843,46.91039589593605,5.961624206469407,792.5707223874069,34.831132837240844,16766.260849463622,0
2018-08-30,11676.7998046875,22805.89608428224,18958.258940910462,16.4252846855528,46.91365553277908,5.9624306640453835,241.35174299478638,219.65138605397874,16906.04597581714,0
2018-08-31,11680.5,22926.63030861693,19008.866638962332,14.529888194143815,46.91441548581267,5.963712852223271,305.90168520940193,-85.27276170833511,16411.887689120857,0
2018-09-03,11582.349609375,22695.564886387954,18950.778367672894,18.26960451033468,46.92004430932134,5.964821906466133,279.3491280522518,329.4169190669703,16144.753268591874,2
2018-09-04,11520.2998046875,22652.2472934877,19018.57116968314,18.829179556360952,46.921509625471046,5.967084307750821,-436.72847026158433,128.63472156823588,16572.691596269553,2
2018-09-05,11476.9501953125,22496.492883162904,18937.58670918668,16.59370704890512,46.92012932522442,5.967886521901464,-737.4409806088246,576.722975754903,16271.354293631115,2
2018-09-06,11536.900390625,22492.077851528058,19267.95535902862,19.372085500327493,46.923294747849745,5.9669611244930225,-705.5543883450143,471.77143608031065,16367.155800636767,2
2018-09-07,11589.099609375,22617.067643169772,19339.213805300456,19.034536045518834,46.926662542928206,5.966824471452704,82.71217736384875,270.62862478452274,16786.110476001566,2
2018-09-10,11438.099609375,22139.126793378706,19165.121943944523,17.34977922575248,46.929151316602514,5.968360303165977,-46.34716246768218,411.1236236867187,16729.560483530164,2
2018-09-11,11287.5,21799.87562803846,18758.353800551307,21.553404467419558,46.92854251494012,5.969331673653752,-427.026605311732,333.7824232670954,16850.203854301282,2
2018-09-12,11369.900390625,22089.045205682465,18971.172054726467,22.55359437938895,46.929986931456334,5.96965769350015,-613.5166483228536,743.1685511717903,16466.926085401425,2
2018-09-14,11515.2001953125,22231.273509152015,18995.566589057846,19.945279019911045,46.93476690603933,5.973183348122085,-258.22925005954687,267.6963053969713,16918.443098627555,2
2018-09-17,11377.75,21829.27528212115,18599.828715052896,19.388706234307264,46.93679955602282,5.975583807127093,296.60691450018885,590.5134896295651,16593.60310166566,2
2018-09-18,11278.900390625,21532.578559733553,18458.53494942149,20.869969204263587,46.93296626841274,5.977101588300027,-484.32718153170237,188.43781440751206,16499.58923192693,2
2018-09-19,11234.349609375,21433.794871939244,18227.15148840977,19.960722075009915,46.93167997727534,5.978915587166158,-415.0736087810249,644.27152011397,16234.166459064614,2
2018-09-21,11143.099609375,21212.091169023173,18096.655232299585,17.83564156753763,46.930254181254554,5.980235634892882,-626.2086269385516,711.1916800010824,15909.971767470695,2
2018-09-24,10967.400390625,20964.354981962435,17854.308176248727,18.69464402682548,46.92859121101891,5.9805714893060244,-296.96515564086855,725.3518877783627,16089.541937393433,2
2018-09-25,11067.4501953125,21256.776239886392,17996.618496581214,19.407127986503937,46.922857358112175,5.983196353958859,-14.768403713368059,841.3050673416093,16685.694820939603,2
2018-09-26,11053.7998046875,21270.052518007975,17865.83273721306,20.49637318895339,46.92912909069553,5.9856462968860376,696.0676628172362,487.7335000237076,16317.507976509121,2
2018-09-27,10977.5498046875,21121.56868876872,17668.21543129855,20.018673435752937,46.927100227856506,5.985272038182212,-62.887394872025155,771.3840104989725,16077.179930631919,2
2018-09-28,10930.4501953125,21055.210452685296,17475.917072084914,20.42073875997423,46.925288382927874,5.987106001732873,-171.47124209480768,887.2539856961273,16489.77744084844,2
2018-10-01,11008.2998046875,21147.773407343535,17615.21835332595,16.950344033432156,46.920063257562695,5.989054814695003,195.1746423940525,63.38429083464882,16727.38599101925,2
2018-10-03,10858.25,20904.61185996823,17340.052921581788,21.330435488169858,46.923262544516774,5.990349507592029,128.4862207320977,219.0285574710393,16777.488448460208,2
2018-10-04,10599.25,20272.869349137796,16819.84712543811,20.006831768017026,46.92358994995811,5.994067634129831,-381.0643257466732,-48.71021285513632,16634.799739362836,2
2018-10-05,10316.4501953125,19752.41552095538,16454.325376710254,25.105418108300306,46.92313720914286,5.9976816707351714,770.8240293720306,718.3432374174313,16629.19576168552,2
2018-10-08,10348.0498046875,19913.336698580246,16443.78506241645,19.224731259647175,46.92284320508551,5.998933879098224,-159.75334091758117,-52.55968021650284,16475.17453294461,2
2018-10-09,10301.0498046875,19830.81500037061,16491.51316277453,20.646916990218745,46.925206618262315,6.000345194237272,-55.4498718576818,-133.95270214420918,16870.77701130638,2
2018-10-10,10460.099609375,20156.289208296148,16695.290026134877,25.658438324417006,46.924366553730295,6.0016434697914045,70.53943491445281,70.78219573145174,16605.68579255947,2
2018-10-11,10234.650390625,19715.576641319814,16276.126493410959,20.388183259006357,46.918999850542235,6.002675088637419,-11.651052954818681,-121.49360315732918,16644.21966379686,2
2018-10-12,10472.5,19995.885918143915,16855.644814693245,19.864738921447966,46.9157252427193,6.003401678157748,460.159067549836,481.6474089476296,17020.83554501018,2
2018-10-15,10512.5,20104.367122509884,17048.41402344493,18.026156210498698,46.91229482828909,6.005560277679276,-385.9634956519878,74.63720638420949,16943.945833379486,2
2018-10-16,10584.75,20247.75033499716,17146.30944044311,23.05653273441797,46.913720781813325,6.009177847448739,163.35289954108202,-107.08487360113583,16623.134315057185,2
2018-10-17,10453.0498046875,19968.469173909438,16948.552617726116,17.68179682764686,46.917110838934924,6.012388437123096,-84.1726218460084,387.4380039684485,16580.70414738077,2
2018-10-19,10303.5498046875,19712.409623779793,16702.310415714906,20.854241833696243,46.92210825582453,6.01484249486589,243.08927804380943,405.13360853411405,16583.124474976932,2
2018-10-22,10245.25,19584.241626454248,16535.631755040173,19.052889357383236,46.91780357257273,6.014104630153858,-235.99417998731127,-160.93492924582972,16024.875923831463,2
2018-10-23,10146.7998046875,19246.201523860065,16436.91766385473,23.621327474843955,46.92026438284949,6.013913687812006,-640.1661424612483,485.8896479588429,15876.49814344443,4
2018-10-24,10224.75,19393.069705470723,16869.56321112975,21.152135462779885,46.91901916927287,6.01665581165617,-207.17060502959515,677.6083744081004,15327.532324705579,4
2018-10-25,10124.900390625,19193.64190798581,16743.962284609657,26.68625444346779,46.92838954350632,6.019957492481405,-356.8026971640078,592.9530179590338,15810.775443977778,4
2018-10-26,10030.0,19009.871743908738,16641.296977649938,23.444405388163446,46.933140205898276,6.0221978747488984,-828.1177209301072,601.1550318841787,15562.70534916322,4
2018-10-29,10250.849609375,19494.857650454396,17190.54383492957,21.569820682213933,46.93884589213468,6.023583275753051,38.2449145657032,1053.7860936208335,15987.40243711165,4
2018-10-30,10198.400390625,19506.713818532484,16862.13842438322,26.505381194080183,46.941853211595415,6.026630885150015,-206.99624995661605,1343.963437697072,15723.934488305642,4
2018-10-31,10386.599609375,19777.435664955763,17311.263484919396,22.991726373925392,46.94359887618484,6.029084107753554,-529.6816761984214,606.0104542054594,15847.788814866852,4
2018-11-01,10380.4501953125,19785.40648554049,17141.3908918822,24.669214583461443,46.942991127272734,6.031925495668883,-687.2924446924463,303.4355402260737,15384.207577000623,4
2018-11-02,10553.0,20254.74668523274,17424.96287845867,21.68283276426873,46.941793164840256,6.031777176341141,-4.347641250565914,329.62507041585553,16314.947631193789,2
2018-11-05,10524.0,20053.98500153447,17594.35015326457,20.94806866114864,46.93999284957938,6.033833066502775,114.19408961071338,458.2879310258567,16799.91684946644,2
2018-11-06,10530.0,20080.990311134083,17579.657634365823,15.60672889900193,46.94244557655357,6.037324481677949,-787.6300295883318,384.01643656904713,16113.076180697204,2
2018-11-07,10598.400390625,20177.68796675849,17638.716532957533,21.390713401955573,46.94772678495107,6.039573061206471,0.27236900913277395,583.2073354673182,16603.7339934468,2
2018-11-09,10585.2001953125,20120.205481140914,17734.594032766556,19.798772474669743,46.947256361428906,6.04224671738099,111.0218809654138,1063.5727750588644,16366.8167596416,2
2018-11-12,10482.2001953125,19798.221079810402,17379.84886296127,23.341942606393335,46.94568931499896,6.0440127753373325,-1440.9794399871084,186.06374287590393,15334.832475873127,4
2018-11-13,10582.5,19994.141944355553,17533.427622007013,19.781850102049557,46.94183880478353,6.045852802349807,-71.52413650188407,247.87609988985875,16975.61616484629,2
2018-11-14,10576.2998046875,20128.965952040115,17652.90664255773,16.779934412117836,46.94317287978871,6.048993541851438,127.84365375823171,862.342953208452,16958.669130406026,2
2018-11-15,10616.7001953125,20111.746284073954,17738.562385596266,20.384341829323606,46.94746068223176,6.050066218739344,82.35132570581834,243.38633192024952,16731.482715445716,2
2018-11-16,10682.2001953125,20154.18732285513,17703.71994034584,17.27121725258138,46.951898664199916,6.05104529132612,170.97934191233003,636.848051672327,16898.371771464743,2
2018-11-19,10763.400390625,20217.85105040021,17924.356021773325,19.428320580886737,46.95663398042069,6.052318028649878,-281.0266368072993,589.2702092042977,16614.33083153782,2
2018-11-20,10656.2001953125,20136.21503937241,17669.32400841482,20.312528863076423,46.95848020025967,6.054096659202677,-565.9625738701823,771.0639570441408,17616.417537696325,2
2018-11-21,10600.0498046875,19964.38033458689,17802.974839127928,26.14807417597523,46.95935076617167,6.054245980385238,-1219.8977327061586,1274.0019232478587,15723.677216466453,4
2018-11-22,10526.75,19810.04872491444,17559.793605964653,22.36077368028057,46.963797522957705,6.0567406684783345,-63.110703772776844,799.921812130157,15449.749725141211,4
2018-11-26,10628.599609375,19973.681217787816,17933.729059938483,26.903174743691977,46.96106733917125,6.058344262932567,-218.77380248226274,176.25106437402872,15912.831365796497,4
2018-11-27,10685.599609375,19978.328448251374,18340.28476860682,25.893706507030295,46.960344804391646,6.060969998802881,-32.60442766861263,489.8778471207642,16031.754374599888,4
2018-11-28,10728.849609375,20039.18202474317,18288.976638627642,23.141180515018927,46.966077348632744,6.0606271738323345,-790.0565435376577,1355.8158599780843,15406.123403838925,4
2018-11-29,10858.7001953125,20508.422652645455,18535.035550039436,17.782501467194795,46.963453532063475,6.06326513322005,171.53456905014548,-24.259342815492175,16353.795184100856,2
2018-11-30,10876.75,20660.68077472707,18615.400063214634,17.112367635539158,46.96395015766508,6.0663866489735785,-751.0723807827195,549.041970757172,16425.41132004177,2
2018-12-03,10883.75,20604.89348243183,18534.195170974108,20.54350770306628,46.9664441494822,6.068613995092246,-497.79742348392455,-354.35276722045626,16615.76296726112,2
2018-12-04,10869.5,20628.604305858174,18535.133396245987,18.52543170091837,46.96729224514818,6.070436982850592,-99.60911339686533,-5.368154566852752,16828.190138933427,2
2018-12-05,10782.900390625,20380.705552300296,18334.010964930887,22.39871361056343,46.97134049766804,6.073099318399747,115.28305193056826,666.0811844199739,16302.459893787287,2
2018-12-06,10601.150390625,19864.659463892516,17940.504598106523,18.64095234034346,46.97651753217456,6.0761720353658015,521.6049791588097,410.7882760989267,16715.573846030897,2
2018-12-07,10693.7001953125,20138.299969537078,18134.764976748316,18.198658039896056,46.978556525135396,6.078500400060074,-246.02562615936205,287.06745238351635,16791.506413341434,2
2018-12-10,10488.4501953125,19855.30314275154,17733.224017381104,24.467252702488626,46.98332671331267,6.080907621732,-846.2998887156257,455.6931926935262,15787.928759673825,4
2018-12-11,10549.150390625,20065.891070738813,17874.373377755594,18.627906285681153,46.98114068691928,6.084378279390846,-516.8595511325716,-198.96276189052776,17078.169466506944,2
2018-12-12,10737.599609375,20425.666404655665,18196.181832756945,20.017099986737605,46.98126806921512,6.086957280367967,-425.13837800971726,608.0217658679912,17012.319794567036,2
2018-12-13,10791.5498046875,20525.171781055156,18245.346380295225,21.971978660117042,46.989083642754906,6.087978986330443,738.4107185900477,315.05578910272857,17486.939668572424,2
2018-12-14,10805.4501953125,20616.0103628818,18260.572481742278,20.23445866333745,46.995512434018416,6.091071707312093,152.7494324537833,-56.55955235409618,17256.414540280603,2
2018-12-17,10888.349609375,20823.312662869357,18424.514368621625,20.24192892140545,46.99228161636645,6.092778171951296,295.0127401449837,409.0567418530851,16966.926766435812,2
2018-12-18,10908.7001953125,20833.338927867215,18417.325285549752,20.410293417816835,46.992843329140925,6.094645740586944,-245.59423487195772,574.3744046230383,16569.02457681435,2
2018-12-19,10967.2998046875,20821.523907449784,18572.493442321338,16.613802019429215,46.99385155302049,6.096590999172097,-150.65947295949837,339.79789296238806,16673.696876209215,2
2018-12-20,10951.7001953125,20798.443320715687,18340.032132462897,20.78367549986098,46.99570113013475,6.099402330544863,129.70580238340938,434.7978049937264,16424.002568616816,2
2018-12-21,10754.0,20477.70988155541,17868.529016734778,20.31986315345179,47.00012325811987,6.102997725105738,-352.31950231237573,411.4380446462325,16964.01363208323,2
2018-12-24,10663.5,20192.062828932147,17659.30562033222,21.785794653966843,47.006240735368685,6.104872759133973,-266.52315461867045,187.9615574115472,17029.311836740213,2
2018-12-26,10729.849609375,20382.750324728422,17700.497236089795,21.21162160227424,47.006952983895474,6.108458697532,-419.8817265055361,416.27788398994966,17224.45092401391,2
2018-12-27,10779.7998046875,20514.581358188087,17974.502515290682,19.59610273678897,47.01091894128536,6.1104820185874855,-328.99707990284605,620.5650793971828,17017.80022397073,2
2018-12-28,10859.900390625,20745.102466126486,18137.545751761634,22.06478578302138,47.01346352953468,6.113746968465884,-130.40855499867087,710.3931019976748,17289.28248596635,2
2018-12-31,10862.5498046875,20823.17302696597,18162.10924702142,19.41473860477456,47.01400013720065,6.115812225385392,-478.68405046558394,637.218801576803,17301.38839045869,2
2019-01-02,10792.5,20618.628738624753,17969.92697634054,20.49431420815541,47.009505662677554,6.117190660195749,-35.60840834824542,197.4705906292261,16594.086098900847,2
2019-01-03,10672.25,20236.15671614033,17729.582417811424,19.37770113904129,47.01316108353767,6.1209876450389515,-36.16730177955323,590.863765470935,16771.90949949809,2
2019-01-04,10727.349609375,20308.02315435266,17710.16041879665,20.923515609846422,47.01557666467433,6.12227866599827,-221.6994571424733,539.6399282009636,16948.81614920305,2
2019-01-07,10771.7998046875,20473.483116881256,17780.315360180703,19.247020434724476,47.017345432364664,6.123506775319197,-480.9839422253684,187.08736226644143,16718.143580429267,2
2019-01-08,10802.150390625,20492.559784742014,17740.515445409834,23.295103217883135,47.01500163464962,6.124137658706403,-108.01478041925537,260.706178738169,16880.11376061482,2
2019-01-09,10855.150390625,20546.339184037504,17815.597311770514,24.034725474451278,47.02147904646944,6.127295847819015,-351.9618251807165,603.907930794262,17069.94698124401,2
2019-01-10,10821.599609375,20327.965197945945,17479.100372373778,21.74787650837201,47.02253646211679,6.1306942072339,-131.36233315758628,813.0724458419327,16930.98629875597,2
2019-01-11,10794.9501953125,20415.598676930244,17309.971932042976,23.08259329882806,47.01971233539034,6.13296623230854,289.250986961374,-143.50156939414956,16977.921853997857,2
2019-01-14,10737.599609375,20363.785615590168,17351.70960563993,16.921571038281904,47.01640537425092,6.133885230103851,-651.1760468416131,892.0183715107885,16662.69420557115,2
2019-01-15,10886.7998046875,20741.20539023833,17731.585910391004,17.15724451345001,47.01903779145232,6.135785290512219,719.39453475735,749.2479027724514,17159.9880122084,2
2019-01-16,10890.2998046875,20829.0128015355,17879.370965981376,19.356878866737574,47.02175954067154,6.137393471167257,-179.00943671509629,459.7355500498099,17140.219740241228,2
2019-01-17,10905.2001953125,20908.56205983579,18058.487339751806,20.082461930517756,47.0209705102016,6.138277755921871,14.735709562368243,327.7850129926005,16738.80330342546,2
2019-01-18,10906.9501953125,20891.825308285268,18135.045473236947,19.60358516380067,47.02295838568559,6.139707563574301,-451.10003609673396,517.130034765743,16563.298045298005,2
2019-01-21,10961.849609375,20994.062714725038,18195.40680567521,10.215729500734092,47.0255612047132,6.142135936807975,806.8846198166592,-42.16960819769105,17426.609670891514,0
2019-01-22,10922.75,20876.118365419334,18005.28681015301,22.303183412647293,47.026580980376195,6.143457336417386,-200.25058778026798,346.691494015999,17608.018507762215,2
2019-01-23,10831.5,20904.30818764975,17948.75846324992,24.308396466713873,47.02507695701336,6.145679562063447,-307.6473239196695,-42.508085431693814,17098.11658105807,2
2019-01-24,10849.7998046875,20989.816000836017,17992.153611410788,16.061975358345244,47.02856102486086,6.145837647409698,119.79399148977046,-372.4568871205082,16900.140063423427,0
2019-01-25,10780.5498046875,20804.333349493187,18124.067692917215,22.17104653757294,47.031673918792336,6.1494551442380345,-257.39681031567795,1099.6919904117651,17384.66037481223,2
2019-01-28,10661.5498046875,20591.555166144542,17846.440851348765,20.452239210291207,47.03397695891248,6.151005949080791,17.338929181163365,418.92256552248637,17193.61764286059,2
2019-01-29,10652.2001953125,20488.688051355755,18039.957080924527,18.314005258545727,47.03207576328215,6.153822307447745,-80.87572374776983,461.10670630071,16966.63380063204,2
2019-01-30,10651.7998046875,20611.50905938747,18022.181047220696,20.145056105271934,47.02868266580163,6.155960987409602,-165.94389324410903,390.78016206673783,17373.475137599322,2
2019-01-31,10830.9501953125,20940.938129729122,18537.61887255716,24.211176073683006,47.029512237532856,6.158317358305575,-434.5685671799281,151.66779415573265,16772.47816495327,2
2019-02-01,10893.650390625,21116.996323770923,18857.845816471145,19.296023774985887,47.0329009509127,6.159143116893924,-457.6693895699903,307.8813670710199,16817.976902696177,2
2019-02-04,10912.25,21247.09666677002,18780.896476759743,19.090085504352118,47.036622069555584,6.160344163445253,-334.3497130318923,427.3566081905052,17182.703937115108,2
2019-02-05,10934.349609375,21327.28129039379,18771.88878047196,22.21460731820783,47.03897521505788,6.1615717704556126,34.11028486428566,341.0085167344105,17102.68187837335,2
2019-02-06,11062.4501953125,21612.069153176137,18920.029284776698,22.347372101491192,47.038223852523544,6.163566425515068,114.90395030816131,174.33918169165622,17286.29695564765,2
2019-02-07,11069.400390625,21627.944816948228,18795.08439695297,18.304196388450393,47.03641123032356,6.166865728243098,168.81767875920752,543.8466379672134,17481.291306078292,2
2019-02-08,10943.599609375,21354.430788755522,18614.858180917287,19.477030773525154,47.03696062983357,6.169275962034701,-150.58675741552332,456.50940756044304,16548.568231901314,2
2019-02-11,10888.7998046875,21188.19596382964,18481.520633331354,18.99618900819713,47.03753847785969,6.170356424693644,3.424776367129823,517.8723315231081,17097.20969128559,2
2019-02-12,10831.400390625,21027.849778589745,18370.752182929227,20.13937875812218,47.04146036373929,6.172428378039472,-217.38028195316457,611.5134436059508,17738.701789994662,2
2019-02-14,10746.0498046875,20970.112019375112,18258.694426993436,22.207373341902986,47.04062122055033,6.174336172159953,-846.9191963713473,348.8428263105197,16890.054130633034,2
2019-02-15,10724.400390625,20914.60956559751,18012.743604047988,18.391944957743817,47.040031272720455,6.175977535829558,-236.3707158157592,349.3336179155566,16854.625337768182,2
2019-02-18,10640.9501953125,20671.27962306302,17983.64033941115,22.179329624473873,47.04679624602127,6.177958141104939,-300.13065014310075,844.7357686756166,16337.505434836761,2
2019-02-19,10604.349609375,20550.731396395135,17872.092045608602,20.203302497842618,47.05204991273043,6.180721660058887,-565.6180817716206,116.79543732726404,17143.975386581988,2
2019-02-20,10735.4501953125,20924.008078196213,18197.246448257065,24.652384272628556,47.05000157140694,6.182005318090348,-376.9576703011217,-162.08952446731007,17312.943524927512,2
2019-02-21,10789.849609375,21097.902627963907,18376.54803641223,20.637661768741747,47.05500782710378,6.183666781125122,-95.96343428360902,566.661610617244,17317.35045191216,2
2019-02-22,10791.650390625,21149.1250572288,18532.02548660147,19.80616286074147,47.052242181864074,6.186660017711385,-603.2987142740303,211.19497153771914,16769.137820898675,2
2019-02-25,10880.099609375,21318.6896906983,18703.4218407775,21.149429454231985,47.051540005716646,6.189143850154778,-434.31418856632376,76.79471281196544,17126.380057745377,2
2019-02-26,10835.2998046875,21271.076467192448,18375.597449202527,19.325707524225578,47.051179275223184,6.192441577652164,469.1608062210872,665.5714051277259,17210.338143415527,2
2019-02-27,10806.650390625,21154.771938252077,18323.665605753395,16.409453753296347,47.051546500354945,6.195899781179694,-791.0825303521225,356.5694848722526,17157.330440356,2
2019-02-28,10792.5,21102.398160609257,18316.941011961608,19.518957651457804,47.05400576936653,6.196565324093426,-223.2728638428419,20.93078271044726,16769.122141580465,2
2019-03-01,10863.5,21338.27515396587,18347.900905943607,19.48741278186155,47.054925189321395,6.198883428222192,-616.523746305634,980.4838357028664,17176.087529863158,2
2019-03-05,10987.4501953125,21683.47152651834,18617.31127142822,16.815365078900378,47.057369371384546,6.200408992311735,-450.6547191304438,-83.20587931921983,16875.152296908378,2
2019-03-06,11053.0,21740.679080568123,18710.4989272434,19.853929620411016,47.05676384879687,6.2012475003909415,-229.09489184724563,373.9964822991701,16517.24845713377,2
2019-03-07,11058.2001953125,21677.62316275653,18570.84460186168,15.865779550781205,47.05848651666869,6.202499232623904,-545.0304490515075,-166.7830324541569,17398.615336077375,2
2019-03-08,11035.400390625,21637.920749769437,18599.740052402838,19.304626329689043,47.059323417184125,6.204243080386834,79.57224614657125,481.19747015566816,17217.86586233229,2
2019-03-11,11168.0498046875,22077.837649971185,18806.257839970414,20.487191984089346,47.055758426960814,6.205996858319745,390.46024790896513,207.6673899368736,17378.143789345388,2
2019-03-12,11301.2001953125,22198.54411110217,19030.792583167015,20.193992354276464,47.05780745758689,6.207441942751969,186.67125444109263,645.7824445988109,16996.244055960073,2
2019-03-13,11341.7001953125,22311.050572355856,19059.83582685354,19.177861054226362,47.05869562369235,6.2094839409617695,259.84524708834715,394.7840841079874,17400.274650839074,2
2019-03-14,11343.25,22191.919475153398,19204.79778001479,19.828939196103857,47.05715389494876,6.213989885216804,-701.8942716115257,805.1823337020488,17541.39197549608,2
2019-03-15,11426.849609375,22315.865818227034,19370.6419840188,18.43187112504434,47.05647936856347,6.2143276150846285,-247.22840872765352,271.0858247788226,17798.234296505187,2
2019-03-18,11462.2001953125,22359.318964817747,19451.916303859663,20.02163303884507,47.05587840632915,6.217531382809683,36.968426941372826,-81.36330684377526,17480.055466073678,2
2019-03-19,11532.400390625,22472.629497279817,19543.664505446257,20.116172813183542,47.055743650905875,6.21958323357394,198.4763656458146,471.25481590805975,17337.54665945012,2
2019-03-20,11521.0498046875,22400.43235540986,19574.883438870547,18.19950004419698,47.06162052526777,6.221219205985022,551.34119704393,324.2327558622412,16735.229812121135,2
2019-03-22,11456.900390625,22264.294873994673,19602.587519331068,20.535398401018195,47.06849128858472,6.2212784652444135,277.6158366515782,-145.77796441323653,17178.56554362854,2
2019-03-25,11354.25,21998.79273742176,19468.486837082644,20.52290531016091,47.06091317253468,6.224122307852172,208.59544946955373,83.38591717428693,16730.32133772755,2
2019-03-26,11483.25,22145.52112936339,19817.233974501964,19.66758017283786,47.06297769572515,6.224766021478094,903.4382322157442,178.86026635705323,16943.23752323454,2
2019-03-27,11445.0498046875,22133.57057763753,19810.2092093545,24.842094072573637,47.06644254983068,6.227682190188113,-111.47636735708164,866.61501712022,17904.126183274446,2
2019-03-28,11570.0,22468.54016975907,19905.913462143453,19.718595226631383,47.066394319496645,6.231515381385295,-265.6233752966276,612.2337398709936,16882.800313075182,2
2019-04-01,11669.150390625,22757.969338214887,20006.228814719,19.441531509253963,47.06977858975099,6.232328015298714,-79.05683853582046,295.6794511621796,16432.751376775897,2
2019-04-02,11713.2001953125,22712.259163041657,20072.357386401556,12.655213781584534,47.075341092817126,6.235595382721764,-16.021102274720363,291.2609189616717,17526.022387086083,0
2019-04-03,11643.9501953125,22592.029249966963,19843.84473257526,11.5581215538472,47.07182556684658,6.23772338988399,377.0535143071227,-461.8379639580137,17018.38772816745,0
2019-04-04,11598.0,22555.076716735195,19624.349593509058,14.871794719686807,47.07282685250525,6.237735305793411,-340.74087751099273,-19.47183334440041,17520.705068302654,0
2019-04-05,11665.9501953125,22607.46198369908,19542.05108543394,12.1275060639611,47.07929709403659,6.2386401539940195,138.1923853728778,270.29861370250876,16856.761789287313,0
2019-04-08,11604.5,22477.672645293613,19262.658993876357,18.864103706004496,47.0761837981336,6.24093158196317,-196.13355282623658,449.6128919186404,17118.684364398767,2
2019-04-09,11671.9501953125,22611.329409702197,19367.651036832667,18.923516880922804,47.076438101110234,6.243449494549116,229.85411634121732,238.19315622891756,17683.88730116886,2
2019-04-10,11584.2998046875,22591.172799030952,19185.911929501326,18.030112968302976,47.07569290928195,6.243989052376692,294.4362177545445,388.5075603607,16819.08128432818,2
2019-04-11,11596.7001953125,22792.57267045281,19119.379821499984,16.497833334910553,47.079448587502185,6.246144518011689,-535.4468259004326,501.43255141360544,17222.412266850413,2
2019-04-12,11643.4501953125,22741.96163770646,19221.195554648115,12.574120265681612,47.083622325343775,6.24909533767313,1180.4133735854368,147.19300194945373,17386.674846658592,0
2019-04-15,11690.349609375,23071.964403856142,19264.117370977634,21.74667062542458,47.08470930741821,6.252224671741293,-90.65060862419912,658.3011870770417,17042.290787161783,2
2019-04-16,11787.150390625,23197.992769224245,19584.218913654342,13.893959610930487,47.08540593530894,6.253946080844661,446.0179864123079,245.61063296629274,17379.77119217493,0
2019-04-18,11752.7998046875,23214.632370025545,19496.9343773475,23.12115054037625,47.08084849177237,6.256522272876361,-797.0773939953308,553.3721411289038,17306.534593313576,2
2019-04-22,11594.4501953125,22962.078402949308,19264.56127427925,21.50191260997837,47.08571749933581,6.259735901345505,-398.0229560480228,914.066436469025,17491.189546734728,2
2019-04-23,11575.9501953125,22830.701316822808,19251.168843453233,21.04792962054809,47.085258000389736,6.2627330118704085,269.9295246129912,648.2518998895198,17949.03643428688,2
2019-04-24,11726.150390625,23204.6331467554,19389.45931554368,23.76529804530543,47.08543102521437,6.2657725567143725,-82.08861491476044,922.2875339142918,18242.76875700928,2
2019-04-25,11641.7998046875,23011.84577182202,19212.355472190215,19.80570880999358,47.08894582462223,6.268037615648042,-106.8741094988504,198.425690133946,17481.836096454237,2
2019-04-26,11754.650390625,23310.161059103546,19293.57471307699,13.626151347009905,47.09013862364867,6.270098086511428,440.86886823019245,-327.72416185366455,17288.123579614614,0
2019-04-30,11748.150390625,23317.491376219827,19268.27251121081,13.477071156679724,47.09375014949991,6.272528616547568,-227.28172203441932,107.91576278672792,17484.264899263624,0
2019-05-02,11724.75,23378.063372465134,19136.525593149156,16.5875734623671,47.09616037990781,6.273926683719079,311.35657863940463,82.32109149678543,17255.95617344184,0
2019-05-03,11712.25,23357.706797686675,19155.909858462335,13.505030632918182,47.09737174109031,6.277204025583604,913.3321421190487,587.8242457168067,16790.980153616492,0
2019-05-06,11598.25,23093.443597316036,18781.588826257575,12.20344525184579,47.09890306927572,6.277842270418703,784.6830488261975,-189.0133297970517,17330.420957682763,0
2019-05-07,11497.900390625,22975.20659064038,18589.23635798982,21.175351075925704,47.09613475103599,6.279510003545255,-200.07977684623938,376.33631186201745,17727.16631609786,2
2019-05-08,11359.4501953125,22725.593664803935,18385.597273783467,18.367480377885943,47.096287810647496,6.281649189726561,475.4674697446221,521.553809812866,16848.224722293904,2
2019-05-09,11301.7998046875,22665.329062352528,18373.750630876402,21.06694302522785,47.10013995179729,6.284297675282721,-653.6394027073577,430.0307511953075,17019.85565077901,2
2019-05-10,11278.900390625,22554.830697185786,18245.28397747056,20.82768186828367,47.09804403164011,6.2871373784006686,-538.6790659425039,348.5411058283912,17164.658404194288,2
2019-05-13,11148.2001953125,22176.23864731873,17995.244141296844,19.62119466438701,47.09649820340402,6.29081189917997,595.4489508629229,507.5705359619036,17501.208719549308,2
2019-05-14,11222.0498046875,22287.751863604193,18158.914798873724,21.131623144173652,47.09445933054188,6.293078537395051,81.18924732340926,723.7292892735929,18202.99165828494,2
2019-05-15,11157.0,22091.16448026231,18201.216704135946,17.024420139383295,47.0955194723326,6.294552780572878,-265.55493684092573,860.7236413667986,17100.596174286868,2
2019-05-16,11257.099609375,22380.53550247413,18235.436407449175,20.32592424264997,47.10032705889091,6.296603307229453,-172.12742641409892,409.8421622368253,17418.71674079798,2
2019-05-17,11407.150390625,22799.940934992213,18428.44626584836,19.074469230666537,47.102568538874046,6.2984827988427865,-472.6524452508736,155.24627392163066,17394.05925493953,2
2019-05-20,11828.25,23730.10209722841,19590.029305859185,19.224527154569042,47.096637651134465,6.301204938665182,460.6370407229781,610.3602282280094,17292.284706761704,0
2019-05-21,11709.099609375,23603.318985892376,19322.961329135796,13.811650139280415,47.09918352613489,6.3023434546111465,428.95537852458835,-173.29003402064706,17385.549829169955,0
2019-05-22,11737.900390625,23797.175000144933,19161.43686629482,12.307215900433125,47.09845725597113,6.304376839800279,357.95388394507614,687.1736529345399,17245.408520763798,0
2019-05-23,11657.0498046875,23640.55521627169,18937.401259731534,10.743396527893836,47.10058540302855,6.308211608064986,-113.90248608443835,553.2406094756191,18367.48418384623,0
2019-05-24,11844.099609375,23982.55726326823,18987.500809912,16.11081239358853,47.100736902502554,6.310606849134412,455.9024444275643,596.819637428661,17678.453737693875,0
2019-05-27,11924.75,24315.610603199806,19170.97912484794,12.799934560952444,47.098755532833835,6.311772579313009,138.19542703118722,355.6172567919257,17263.416747010302,0
2019-05-28,11928.75,24318.648082027583,19272.10790531253,11.917295865849162,47.09914111805891,6.313654723036947,-44.390904195675205,-483.74701204134453,17839.945860528416,0
2019-05-29,11861.099609375,24179.612072548556,19036.98076859568,14.17259842801812,47.098416707757785,6.313646924785021,856.6969966149446,-161.73624932266335,17521.957604377996,0
2019-05-30,11945.900390625,24337.43786618632,19146.85524098992,14.799437662811307,47.099939852602446,6.315816497717205,1217.8885431341037,242.06646620791764,17457.72290775682,0
2019-05-31,11922.7998046875,24199.440495360166,19208.634465649724,14.767905866419058,47.097881837461514,6.319695851376156,1127.0480515278546,-52.69409956527994,17379.068990542855,0
2019-06-03,12088.5498046875,24428.4169749321,19327.731311208896,13.539500846118724,47.0951075278981,6.320744151269202,610.0491055049138,55.416036498633886,17360.367122232576,0
2019-06-04,12021.650390625,24341.702520253708,19048.16089405239,13.81838027377344,47.09790377344053,6.32152622908825,243.76596836832385,333.8424542477776,17026.833690867243,0
2019-06-06,11843.75,23873.743615990512,18687.294692476884,20.464074151361405,47.10183029194463,6.32311430684611,-178.14223304184836,349.00771449140893,16873.35374571202,2
2019-06-07,11870.650390625,24228.16469671786,18653.902684384346,20.67279253125775,47.10417046532338,6.326280165287657,12.240905384909865,34.29381870269805,17592.25469135591,2
2019-06-10,11922.7001953125,24239.771020448312,18719.277571450217,20.849770391802963,47.10282414681936,6.330232540529324,-318.0991009844757,665.6976139415694,17400.718231734238,2
2019-06-11,11965.599609375,24213.809886640756,18658.263517275107,15.688905502611092,47.10120393701431,6.332931677110813,877.5240240489584,304.4708325461179,17779.500133610658,0
2019-06-12,11906.2001953125,24131.139008995662,18571.311444069845,20.1128297240517,47.09975646931478,6.333899869798687,-964.2909977314155,325.3012171061309,17166.85372987077,2
2019-06-13,11914.0498046875,24296.821802012608,18569.37542134115,18.366393468339275,47.103027654104025,6.336134916505441,-268.29022159497333,613.3798552314021,17099.071793458977,2
2019-06-14,11823.2998046875,24100.32069738066,18461.1479927188,19.71141659379193,47.101152507529605,6.34018477391721,170.42859682692801,428.5141189292765,17759.50671142054,2
2019-06-17,11672.150390625,23818.24025778536,18201.972672485008,21.507561637469994,47.10440462905849,6.342137456662854,-488.0638589119283,799.4083577245738,17389.753895934,2
2019-06-18,11691.5,23686.39966152424,18260.8500696878,16.42694408323031,47.10691533853086,6.34454465528865,-246.05955647113325,445.3623656672528,17797.60797952382,2
2019-06-19,11691.4501953125,23622.184635259557,18102.978300445302,16.438495609256076,47.11122851947547,6.34705507482932,87.45736649728096,797.1782999742038,17514.89832779327,2
2019-06-20,11831.75,23833.49777148044,18419.91226166823,21.83655224278465,47.11501797871243,6.347782196753587,457.30764281511847,-162.09583441256382,18165.678617726342,2
2019-06-21,11724.099609375,23417.96821778397,18183.76110814781,23.040245633702657,47.117245945459274,6.351056244414911,-667.5753128664977,537.7657069635486,17777.998220053614,2
2019-06-24,11699.650390625,23375.246058797205,18120.192089321587,17.469599929961053,47.113439901909175,6.354189214284708,-697.229795101944,280.6414609957482,17661.901562978648,2
2019-06-25,11796.4501953125,23378.280311300736,18416.462570866777,20.20091854166579,47.11587028703674,6.354477980272939,-528.4120751359363,142.28470349694885,17803.739618813113,2
2019-06-26,11847.5498046875,23366.0373318131,18432.70422451335,19.20090977416597,47.11681670721284,6.355432724388522,-765.014340203264,747.5501738215378,17432.77326787893,2
2019-06-27,11841.5498046875,23302.89774565124,18571.457810041025,19.47833977551675,47.11629694599652,6.356751500415211,-736.5513821645881,666.7262295628959,16957.373806459684,2
2019-06-28,11788.849609375,23112.118354206897,18633.33518047234,20.611062017512833,47.12098361873972,6.359791397289143,-539.0644790778803,-201.94300672774148,17665.149090289004,2
2019-07-01,11865.599609375,23315.16824152262,18864.490858545963,17.414259541978502,47.12112961173119,6.361334895368462,343.3974192983966,614.6486905949396,18224.846829139,2
2019-07-02,11910.2998046875,23440.619582915595,18838.794680381154,17.785564999015197,47.12014126498035,6.3640339101730365,-274.83072722750296,578.2444139217804,16744.765857839873,2
2019-07-03,11916.75,23538.592612699813,18605.372970345896,19.39749765415755,47.124113433484126,6.366152843460918,-137.4499575373573,183.07854800270232,17718.405461845312,2
2019-07-04,11946.75,23675.009949457668,18782.852935837964,19.70924880421168,47.123498155413294,6.368527759085191,-532.1857027016714,149.40881591105043,17019.632196518818,2
2019-07-05,11811.150390625,23488.194717167287,18541.144407921012,17.748089788631656,47.122359675751426,6.371330464972456,103.41483002583286,-77.17256737952232,17555.617752686878,2
2019-07-08,11558.599609375,22942.0076480335,17990.830579587684,21.57929534957837,47.119578213444726,6.373912587124421,600.3056111331089,298.7404308289107,17596.775916141516,2
2019-07-09,11555.900390625,22963.973438189158,18112.881319357413,19.164878053777933,47.117717685380484,6.376206411826997,-505.05195361576847,346.75373850803015,17836.41006973682,2
2019-07-10,11498.900390625,22886.492075359092,17913.14772195006,19.15636478786631,47.11611451735874,6.378849288344965,539.8993484298937,639.0990341075537,17652.847844059976,2
2019-07-11,11582.900390625,23084.214952529273,18024.934996525717,20.5653175804598,47.118577659925684,6.381385046972566,-4.230246732861843,480.81410935016737,18067.04987265422,2
2019-07-12,11552.5,22981.12483927479,18024.93195901944,19.742183447865003,47.11612044300963,6.383497147952967,-143.2546002845156,82.0275654087003,17999.379927020305,2
2019-07-15,11588.349609375,23029.06144366176,17971.696794633288,21.674953625811625,47.11114692638192,6.385390652828731,10.049532930096461,471.6622974834535,17524.907636358417,2
2019-07-16,11662.599609375,23116.22501761238,18098.51681987877,18.133154924398667,47.11265661578361,6.389598799173074,6.2105995868061825,323.786374178826,17984.37341190491,2
2019-07-17,11687.5,23209.688281588304,18263.90833915254,17.205226805873053,47.111354761907116,6.391486751957668,592.8417676252977,119.55213590066637,17494.09178321144,2
2019-07-18,11596.900390625,23003.96763891559,18117.736020578122,19.380424872402784,47.11190596115348,6.395187349671781,58.08829272868988,-76.85217313171324,17438.508871022197,2
2019-07-19,11419.25,22559.659912845073,17921.36127342793,20.120472345870027,47.116353209080785,6.396838759169803,66.4428684563884,587.4410005076522,17190.032350297744,2
2019-07-22,11346.2001953125,22342.207205755483,17905.689152512223,17.51848811180496,47.11716784331926,6.399988399124581,-318.59992798501776,533.9191448438402,18081.69144983373,2
2019-07-23,11331.0498046875,22201.662710290322,17877.851176763088,17.22449287659948,47.12229670666553,6.404114540448212,185.63085458576165,567.0307084842722,17518.66802914002,2
2019-07-24,11271.2998046875,22159.850486913838,17517.7453724945,20.36459556467597,47.12269226605243,6.406122325556172,-532.7387894491944,181.52666995247097,16775.678101802627,2
2019-07-25,11252.150390625,22125.432455684073,17366.464353130687,18.484438865370077,47.1263131354965,6.407803124332424,-106.39840416816239,451.32395863052926,17825.708242999117,2
2019-07-26,11284.2998046875,22118.61217948875,17506.104184176867,17.094976565986162,47.12527085380024,6.409724975805538,1003.3134223123311,-12.609244120174367,17486.460826618804,2
2019-07-29,11189.2001953125,21985.50254326334,17169.507614165195,21.930682584628126,47.126193925751394,6.412059570239831,-1151.6759678585165,104.02515644443588,17539.25127466165,2
2019-07-30,11085.400390625,21713.56112689747,16946.18440860055,18.736410654145814,47.12399502174354,6.414738275424442,-56.741201465819415,410.1196599245004,17567.075192286356,2
2019-07-31,11118.0,21661.70264356702,17040.664330082305,22.299623207730715,47.122152424421785,6.417057974649111,-41.35083164844117,478.7059090966535,17535.898265814016,2
2019-08-01,10980.0,21455.41799305564,16937.41645492861,20.056941582218855,47.12207842513291,6.41900053985161,-241.23561699488107,-88.64536878180866,18623.22063441986,2
2019-08-02,10997.349609375,21446.617352791425,16911.11638703113,20.589517724110607,47.11869282296922,6.423320475587856,-231.8077044269724,82.73658570920855,18252.264861080843,2
2019-08-05,10862.599609375,21124.91373946193,16600.066660995635,19.577000507806293,47.11977090288444,6.425488265514599,-113.43609073540671,290.38214917502916,17916.973834770775,2
2019-08-06,10948.25,21312.445283996436,16752.607253903665,14.689675510908607,47.11946262293786,6.427239218509761,-250.80131018581253,687.5556198730878,17760.247646882486,2
2019-08-07,10855.5,21211.48337586106,16618.115120217306,17.72642701789259,47.12076636273121,6.430443600405057,-61.20810847159832,156.06917414013415,18079.120985046357,2
2019-08-08,11032.4501953125,21596.97837325161,16930.69936813298,19.748581080562552,47.11742678977763,6.433666714011978,-345.04428232675957,442.1725848385234,17771.225580347647,2
2019-08-09,11109.650390625,21659.71879054674,17181.293122279912,20.729458274585408,47.12013198670958,6.43745867898936,658.9571274988316,473.61779219022424,17978.74950935529,2
2019-08-13,10925.849609375,21315.427296842023,16762.985730792825,16.420651955223757,47.125824827706,6.4417688068443315,-250.80549731894064,325.092452282958,17892.702418054636,2
2019-08-14,11029.400390625,21497.066688891286,16966.949512284165,19.89279658427908,47.130884427003764,6.444500122147442,77.84456304988652,480.4060114478304,17745.632294565217,2
2019-08-16,11047.7998046875,21699.803938757275,17046.423903328556,17.755471825571938,47.13719614659237,6.446599681052368,-417.6144399372867,-3.475041369124085,18038.21860613659,2
2019-08-19,11053.900390625,21712.89156811391,17016.810053079647,20.469240330179307,47.13792343957612,6.4470880176732175,223.25721216045872,203.26384043141496,17561.472562304003,2
2019-08-20,11017.0,21440.764167987363,17034.387132353477,19.96119842860035,47.137466456016114,6.448543491139212,143.38711494053388,830.3079572406684,17736.062932716803,2
2019-08-21,10918.7001953125,21261.72750009774,16868.040839009333,21.487003204859146,47.13952920663572,6.4511481196366285,17.70409461286806,851.4294705992827,17373.283618423127,2
2019-08-22,10741.349609375,21130.32261830192,16660.30548425018,26.133645860375037,47.13941454732823,6.452365977001455,-910.9341424874079,952.8762235830709,16199.827832543971,4
2019-08-23,10829.349609375,21524.170746316653,16854.321230415415,24.917979798548057,47.134793235880906,6.453182377567368,-800.9612162254084,1030.1176569860943,15655.289714093973,4
2019-08-26,11057.849609375,22191.524019461347,17325.60706579792,21.720787177941148,47.13785113442208,6.455652441508384,524.4691942984723,-147.77325681192883,17897.508646797025,2
2019-08-27,11105.349609375,22205.86680544535,17349.192145226665,19.299315048152323,47.13774792878335,6.45883614110464,-455.38948308427183,115.3912344119289,18000.16278670304,2
2019-08-28,11046.099609375,22156.62039259261,17173.353939404962,25.64623482253429,47.13394587045612,6.460999298362128,106.36086808500181,306.6695290965664,18130.89199719665,2
2019-08-29,10948.2998046875,21847.034877591945,17180.139180803922,21.562361807010237,47.13302102366035,6.464308406778985,-877.8685320725209,1424.692577924212,16144.183081286306,4
2019-08-30,11023.25,22041.815586856454,17421.213101273443,22.944488444181356,47.13298604320285,6.467339986641852,-96.64670575929239,606.0748076480668,16658.14495470258,4
2019-09-03,10797.900390625,21387.704750233446,16843.25328930404,25.802717165493785,47.13362154075756,6.470906883502309,-774.5589429989539,923.4712898869521,16517.32501245816,4
2019-09-04,10844.650390625,21406.871698416548,16958.571575301245,25.505442609721985,47.13429307574939,6.475500642709665,-885.2751550160001,813.5116084764541,16765.988122852123,4
2019-09-05,10847.900390625,21327.219193882524,16606.082493144608,24.974778038284697,47.13900013498468,6.480537637843698,-784.9369906787606,806.8370382193626,16311.635923182017,4
2019-09-06,10946.2001953125,21657.31543419137,16701.14957822491,25.350637315986216,47.13573451351728,6.483694915730424,-721.5210386644093,692.9408129388368,16420.463665297215,4
2019-09-09,11003.0498046875,21851.270609733758,16902.744023310897,15.832885690787919,47.13587808099857,6.485663301109742,11.869341969687923,39.99015093216326,17228.567150205243,2
2019-09-11,11035.7001953125,21947.000623027085,16950.307529331763,23.17859738907567,47.13384118947084,6.488155991876371,-122.24651754488669,-410.34917404565454,17531.051204275755,2
2019-09-12,10982.7998046875,21713.970879356417,16865.011833495148,19.59221808226677,47.13820969422458,6.492162711154126,-588.0624319651323,784.5527446107178,17792.229149065697,2
2019-09-13,11075.900390625,21890.088491431357,16731.868866515022,22.491788364541705,47.13712533190536,6.493705551195426,-161.1788055195281,215.05066412273837,17858.153811262753,2
2019-09-16,11003.5,21668.48852084195,16562.11063581773,15.932946842064087,47.136693842392816,6.497591868073904,-607.4005629164385,-160.13395849131723,17201.01419790498,2
2019-09-17,10817.599609375,21343.63652826207,16262.691772894468,20.51313700696238,47.1404429284889,6.49986318105223,107.42294600039173,531.3883063008788,17624.140834027156,2
2019-09-18,10840.650390625,21545.493892330098,16372.748501581202,22.8729954417103,47.14501725295623,6.502534115759429,-169.23884045103722,825.6368227207108,16617.65093624516,4
2019-09-19,10704.7998046875,21385.652624727103,16268.676459438731,25.144240303162608,47.15003512356987,6.504172799121891,-509.5789354197447,930.36769344441,17035.84198914631,4
2019-09-20,11274.2001953125,22605.870374836075,17319.090289466432,20.63414090493769,47.145705784282896,6.505297997453035,-41.33863880289543,734.7147105395115,17520.24963923248,2
2019-09-23,11600.2001953125,23082.127701140344,17912.774815880526,20.732095594998356,47.14775452659096,6.507470628019764,550.849644265764,124.30408921611462,18001.21043643888,2
2019-09-24,11588.2001953125,22893.496314575255,17748.128481528725,17.882116623537016,47.14916487742497,6.511227639750045,-213.04119695684759,137.5054879994974,17631.268236825556,2
2019-09-25,11440.2001953125,22702.85303360805,17456.760742629696,19.88606175836278,47.14961119898834,6.512982203098563,-527.7031800203558,304.38901948075824,17677.56862512289,2
2019-09-26,11571.2001953125,22953.75442327091,17564.829460652305,19.639665904141317,47.150410903321635,6.517053762441585,81.67809437511607,646.4920552165486,17528.49662082202,2
2019-09-27,11512.400390625,22757.366489005246,17265.555030231157,20.990620083414864,47.15486822513851,6.5189424319090366,-603.061506306138,-230.79169814371573,17473.934170179833,2
2019-09-30,11474.4501953125,22824.475047560187,17085.781850349103,21.978593990866933,47.15858399281964,6.520338242648817,-234.22758530917707,438.46190082737706,17682.228434757722,2
2019-10-01,11359.900390625,22689.737543556213,17035.835871964482,20.30095184401723,47.16187473249961,6.523058403012986,-389.59601843340687,679.6365473442008,18231.080170606812,2
2019-10-03,11314.0,22591.323293834455,16925.935241946518,17.447655423222802,47.163095475095055,6.526206474098062,-430.7279332835481,667.2569341054418,17592.146163336296,2
2019-10-04,11174.75,22261.389356074156,16699.80473953527,20.215157619133535,47.17050724743031,6.528866027246153,-250.03503825780427,612.5684754511999,17541.459904750245,2
2019-10-07,11126.400390625,22143.987209460636,16562.217203396645,25.222152456818524,47.16990537889834,6.531490902350565,209.95653048563298,718.9001560736624,17946.70299310681,2
2019-10-09,11313.2998046875,22577.46464414013,16718.8716845921,23.292010653975574,47.16565749464757,6.535570231080933,292.26751532967444,-424.15481195470943,17878.868153584724,2
2019-10-10,11234.5498046875,22549.108731760723,16673.186004638534,14.051200874484602,47.16546176260301,6.538143951282262,220.4823452362682,884.0406068716821,17857.64886214054,2
2019-10-11,11305.0498046875,22743.70091250319,16581.68799307331,20.12668630738969,47.166234975837575,6.5401547775993745,-15.458364348634262,499.12148607201243,17977.969497152346,2
2019-10-14,11341.150390625,22890.1110817408,16590.034363567895,21.86423905051069,47.170744528130726,6.5415054589121215,-253.08662455506237,800.3953815034013,17530.888529832413,2
2019-10-15,11428.2998046875,23192.636976797774,16738.236466330272,19.63534597486404,47.16981159394018,6.545265153506373,-1093.129998159983,47.60965692598762,17575.453787151553,2
2019-10-16,11464.0,23163.838517594977,16824.35028078137,19.079818159712232,47.171885284162265,6.547327932722854,-2.9356026890901887,-126.14805337659493,18255.384574860313,2
2019-10-17,11586.349609375,23508.253736130297,16967.08766974652,19.466071569833023,47.16805355133913,6.549490675585464,-1061.7326899035547,935.9133055016919,17855.049393282356,2
2019-10-18,11661.849609375,23649.482307284754,16912.74070491838,21.104378970869305,47.17189780504792,6.5530357797199805,-919.3469105892052,122.04344961414546,18126.038962685292,2
2019-10-22,11588.349609375,23250.903271037852,16704.824054814104,17.70306005124998,47.17270276329129,6.557585521380693,-214.66706231477886,306.745328610073,18356.050364496077,2
2019-10-23,11604.099609375,23088.307937323283,16657.089868492032,22.37737730321874,47.17246109507677,6.560334806545623,-44.16910214780101,558.2363921387466,18225.624774719345,2
2019-10-24,11582.599609375,22947.65600028072,16543.181625890164,19.88801401660386,47.17945605234904,6.562698111148284,-330.4339615317042,631.8659980865548,17436.38232659694,2
2019-10-25,11583.900390625,22999.310205033846,16641.992134594235,18.1299514517769,47.18326577358787,6.565195101403737,464.2124594375871,723.5248884592856,17890.78946758249,2
2019-10-29,11786.849609375,23457.525368675953,16872.270187458726,22.24870032279739,47.18074624795224,6.567244535925664,34.840663007402696,467.0158502172407,18311.024410098857,2
2019-10-30,11844.099609375,23600.588310718915,17001.572879408723,16.909738189776718,47.18101807262827,6.569395981654731,-249.76316271810305,83.70723308228872,18130.2642365271,2
2019-10-31,11877.4501953125,23859.269290095683,17075.327772241937,18.88957980599683,47.189827031248285,6.5715550960098,404.52397807271825,611.9897897512662,18013.75331713075,2
2019-11-01,11890.599609375,23767.384283801963,17196.843345461748,18.85664986942967,47.19636348160791,6.57497772835854,476.0453390256363,616.7668169200402,17364.088777895882,2
2019-11-04,11941.2998046875,23876.501558795266,17271.25771286863,24.28788387647226,47.19973237099876,6.577403752906625,55.02347738986765,-144.51046735586579,17736.403126407014,2
2019-11-05,11917.2001953125,23852.58336471008,17311.45972597434,12.129958462721113,47.194791226587895,6.581279541505799,39.8969360970014,575.6054524960057,17987.787952679853,0
2019-11-06,11966.0498046875,23889.915613018868,17378.855646748623,9.19006955899979,47.19938767740384,6.583682011745363,129.8918275913071,-596.1226837680862,17455.524063583074,0
2019-11-07,12012.0498046875,23993.86964431817,17504.774650449122,12.336369769441717,47.19808212191553,6.5858359913651805,-228.69548519733473,460.32469097815465,18258.26489438274,0
2019-11-08,11908.150390625,23615.045025368276,17168.503539064208,14.411100694809557,47.20265267571807,6.58963712666062,333.0332480797947,-40.23299041734728,17935.750061628045,0
2019-11-11,11913.4501953125,23760.230543714202,16907.899105018114,15.068169093167208,47.20108467026141,6.592184178632729,-70.01657657781288,361.6528443850616,17271.08314707296,0
2019-11-13,11840.4501953125,23536.35997561055,16822.09436058136,24.553079386885543,47.2031511589001,6.594585478111075,-281.6299076786073,553.0582615897607,17784.29410389222,2
2019-11-14,11872.099609375,23798.257148159166,16919.856119363154,22.813795141971763,47.20183031102084,6.597148994415392,-45.759878777935526,388.86323532827976,17890.152948690644,2
2019-11-15,11895.4501953125,23846.703308085373,17008.293519492334,13.875845187830304,47.2013404700952,6.601147811620541,-443.4834568015757,285.3259918140957,17951.492947269588,0
2019-11-18,11884.5,23920.733800433387,16936.089871784585,18.217169064850445,47.20380706000352,6.603988259180536,-655.4965074084948,374.0654033757933,18514.4516915434,2
2019-11-19,11940.099609375,24039.02513573606,17184.35143708416,16.748054862694715,47.200450364733506,6.607774305231071,147.2607780658697,364.1852479710368,18216.688434009222,0
2019-11-20,11999.099609375,24167.072044332817,17238.91798559765,12.762872899347537,47.208167618835745,6.610078425212524,328.989052510731,805.5815286346141,17521.467618549792,0
2019-11-21,11968.400390625,24042.92137605868,17229.52743498883,12.183685527570791,47.20568595443411,6.613708745905439,152.44368010475682,-252.37169719046256,17481.676775557666,0
2019-11-22,11914.400390625,23935.292663875534,17197.743498635547,12.66585239569186,47.203036503755946,6.616489510001203,241.79282744544918,-806.4438983814537,17927.321639002817,0
2019-11-25,12073.75,24320.9480239418,17657.13711380377,10.99542352220638,47.20551190505973,6.619917317459313,67.525121549777,25.29771991622566,18074.06037547891,0
2019-11-26,12037.7001953125,24165.273502868713,17560.550419449948,12.569959817658049,47.2099877284696,6.623431338083633,-229.75993672345055,4.7922300257914685,18391.52959916559,0
2019-11-27,12100.7001953125,24292.638433185017,17602.06183210984,13.033783340043168,47.20961662016985,6.625039225580094,136.09968904332055,36.729547380607755,18662.754833791758,0
2019-11-28,12151.150390625,24344.819609563656,17532.042524157096,14.961313211624237,47.20700221251759,6.627662812887858,264.7325900278781,-127.93168617828366,18687.58722810328,0
2019-11-29,12056.0498046875,24359.176130259828,17530.682805889024,12.723823329797963,47.20483507579152,6.6311737532473884,225.84395855750066,411.73025076047736,17889.081676041584,0
2019-12-02,12048.2001953125,24333.001035629113,17561.33837836874,10.96508151632297,47.20234501707853,6.634846083751176,394.71836751858126,-264.39883676450626,18391.254936379242,0
2019-12-03,11994.2001953125,24363.45413039276,17514.68676541105,10.2924556894866,47.20386955596912,6.638657456102338,517.5578281900789,285.23253171649765,18212.58968979967,0
2019-12-04,12043.2001953125,24454.043418901023,17932.995993401262,13.919139495046233,47.204259597608875,6.641322204447206,622.6904907586679,341.53968535711294,17669.83642290265,0
2019-12-05,12018.400390625,24424.032033899308,17923.658632511768,13.64525170693845,47.20613709543559,6.64542450735043,96.57966579544373,244.9397721121836,17386.719386002453,0
2019-12-06,11921.5,24080.759827407823,17612.914645007753,12.391374577573664,47.20783170371841,6.647331456874079,-280.31872156791394,296.1429827477772,18126.109398469634,0
2019-12-09,11937.5,24073.24861885706,17620.579940682015,12.565087079015859,47.210904640583394,6.648402900509597,858.6385462914427,434.78017671823903,17538.443481822254,0
2019-12-10,11856.7998046875,23915.02920847731,17376.28887131979,20.77697386559834,47.210274808523785,6.650693541105654,4.178366244435296,416.0695846770695,17776.162455819183,2
2019-12-11,11910.150390625,24186.64566225212,17428.919217886385,22.781092507378695,47.20866019430716,6.6544596675293874,-531.8649404695755,296.05101588230417,17841.410812320908,2
2019-12-12,11971.7998046875,24346.361381995233,17495.20358348342,11.939710831712024,47.20972907651226,6.655945767103958,461.08202259696856,295.9111315874593,18173.38629922555,0
2019-12-13,12086.7001953125,24741.31790242642,17635.637637217387,13.677805672430866,47.210164106484065,6.657050228392014,777.1978933072496,330.1098712835973,18562.84151535156,0
2019-12-16,12053.9501953125,24730.987284326933,17432.050902210958,15.416540808010648,47.21152296252714,6.657906041201371,1041.6706100957565,416.90430636562587,18108.941052162278,0
2019-12-17,12165.0,25146.044632415138,17795.058476697854,11.9477714196055,47.20998782370406,6.661220299712344,450.2441104630924,-363.71782796714365,17914.201884493446,0
2019-12-18,12221.650390625,25269.21767020941,17926.894918978083,13.468735770873389,47.21251447557242,6.662352991568842,773.8682549399443,94.94054379463273,17365.048056000338,0
2019-12-19,12259.7001953125,25599.491693743563,17969.668194974227,13.424008793824667,47.20957935573584,6.6654842907493475,-133.8408289258897,-169.61048622720722,18285.591482979795,0
2019-12-20,12271.7998046875,25577.58921101428,18072.93279394483,10.877409529912962,47.20885820175765,6.667740435202907,335.6388993613294,318.2894479836075,18134.88655657804,0
2019-12-23,12262.75,25478.61587862593,18108.05487937498,20.336997589531247,47.21284532575745,6.669556020141507,-284.0050597025278,618.0127514013286,17930.272977775592,2
2019-12-24,12214.5498046875,25246.19914067603,18052.682020112745,20.063089357208863,47.21005138088039,6.671145422918086,-12.972059318316127,317.6761956528753,18557.56950899515,2
2019-12-26,12126.5498046875,25281.546421526313,17970.9905812362,21.110168499192117,47.21380211001736,6.673941770727644,494.4775741744886,181.21960541247,17707.671874893127,2
2019-12-27,12245.7998046875,25640.41207515108,18198.933353679975,17.626227050678576,47.21017481189803,6.675779591628725,-50.04424228829667,579.0890604778285,17896.19988995129,2
2019-12-30,12255.849609375,25629.29316393637,18290.268135036167,20.01994077052245,47.20601913427513,6.67836850915287,-525.0762957067507,360.0273049021123,18060.84727935945,2
2019-12-31,12168.4501953125,25556.397776143993,18216.54609922884,22.76346812731162,47.20213754749505,6.681365707356587,-655.3754319535525,827.9399986369909,17950.71592397325,2
2020-01-01,12182.5,25659.362797944894,18259.621578319424,24.154999663824572,47.20308796599679,6.684576051747961,508.3120251015754,931.8859162448466,18359.927418884286,2
2020-01-02,12282.2001953125,26095.824253261693,18415.458495393992,16.06025853794322,47.20587675324812,6.6881099365070185,555.5173649540931,450.2133145904668,18333.485584672715,0
2020-01-03,12226.650390625,25806.048735876237,18484.73926488763,11.145856988699515,47.21035453555978,6.6908761002320185,529.2325387900227,219.79722181443105,18551.920264777178,0
2020-01-06,11993.0498046875,25242.549244790443,18014.032799468303,20.90210536408725,47.214593147831195,6.6924293064269955,-287.4925554232682,947.6724658547937,18357.643369071866,2
2020-01-07,12052.9501953125,25334.70002271744,18164.923352350357,19.033706850077774,47.21778124358596,6.695500180704618,-42.85528613286267,472.2160871739401,18138.150946731035,2
2020-01-08,12025.349609375,25072.241776897117,18160.11967730756,20.567801186259842,47.215885893230386,6.698763371805612,-544.783962450724,256.2418328753182,18061.559844851625,2
2020-01-09,12215.900390625,25621.528923109057,18441.167433092356,11.955566588446153,47.213964382628504,6.701190630363216,504.8793422814607,-52.602130930821176,18355.836131984204,0
2020-01-10,12256.7998046875,25688.264094569033,18425.880929318548,10.0730531162954,47.21692775959306,6.703513365158673,-119.94805462961108,-61.05046873533527,18126.002510030732,0
2020-01-13,12329.5498046875,25933.142692390356,18518.231131676595,19.310965522600334,47.221791684912986,6.708600990402768,-293.7153780111037,398.0890757994824,18217.49849355109,2
2020-01-14,12362.2998046875,26255.68983898734,18522.567927567103,21.44520539322003,47.219298262273256,6.709922186820135,-407.1572594637623,538.9260448486806,18390.938449704845,2
2020-01-15,12343.2998046875,26174.329034901417,18327.39208967465,20.57599951094762,47.22378026029143,6.713031898289738,-1452.94705706663,-24.547081845775438,18260.87389985639,2
2020-01-16,12355.5,26158.698076032793,18277.55662540699,20.805895719828708,47.21861924788656,6.716695746123827,-288.70745061336277,265.3222217297007,18327.88640555995,2
2020-01-17,12352.349609375,26163.778065053008,18301.174838576324,20.432700645958757,47.220389023168366,6.7189740663314605,-509.54656978517147,463.8553041842189,17932.29395370848,2
2020-01-20,12224.5498046875,25970.054225681903,18213.179591540265,20.809054949691422,47.22067760136503,6.7214268938537565,-234.1559535563135,593.0878807482646,18717.548523280042,2
2020-01-21,12169.849609375,25784.026734057992,18176.004522208303,21.059023518173404,47.220665032130526,6.723648520079886,-149.31087980725837,392.2231743760536,17827.110581468456,2
2020-01-22,12106.900390625,25573.11295238934,17783.97939654553,19.450637142090763,47.22135884552262,6.726273573582755,557.1727771926337,473.35244014850224,18395.850077209918,2
2020-01-23,12180.349609375,25853.44025353291,17982.982764925553,20.16578112283923,47.2193976549609,6.729799625412289,-28.116401136996444,28.443277902836144,18063.47872331463,2
2020-01-24,12248.25,26051.888943903756,18043.157006843372,23.48651674973938,47.22133588926557,6.7322296945390185,-16.35494680658482,126.4639786967424,18640.736801645537,2
2020-01-27,12119.0,25541.474554947094,17864.61510595865,20.284062058002277,47.22211789470794,6.737970271302726,48.24553408769793,381.74144881477804,18573.403598749297,2
2020-01-28,12055.7998046875,25271.20365973216,17751.662503198517,20.085126992907835,47.22552382915495,6.7401492156024,198.72340489645035,553.1653345569985,18255.126824563482,2
2020-01-29,12129.5,25594.95028983642,17861.703570944257,20.205769014452798,47.23089500034494,6.744160099644778,31.711781541807284,469.3909876545582,18828.73956973083,2
2020-01-30,12035.7998046875,25419.21307317049,17686.038804949836,19.56418296336756,47.23187575108307,6.747339070078695,-37.31479023035233,145.35268403138465,18197.51787348447,2
2020-01-31,11962.099609375,25171.710588039758,17554.194366186148,19.129288072558396,47.23001959598495,6.750084255169998,134.49876742525737,329.0314019355417,18593.218470848893,2
2020-02-03,11707.900390625,24573.379095518874,17250.806305808866,20.417357048730864,47.22720589860299,6.7541933843303985,-1120.6537683324418,853.5515028630424,18010.628621170952,2
2020-02-04,11979.650390625,25210.19706352494,17735.95456997159,18.988569596081696,47.23290065405747,6.75523332193747,685.6206333115305,563.2774697789685,18429.20092203635,2
2020-02-05,12089.150390625,25540.004888352236,18048.737328146748,19.70897014104557,47.23821177302937,6.7583001497197195,485.8919378853594,351.2400869930783,17945.162094358882,2
2020-02-06,12137.9501953125,25514.66323642343,18238.945252114296,18.418970586947424,47.24147388786082,6.760227044254209,-63.145699256283976,92.24897148410594,18298.359617014805,2
2020-02-07,12098.349609375,25337.88538655503,18240.536150347343,20.216023609068635,47.2422534495672,6.762435945612581,-715.2025801635066,185.98866485797683,18277.47513005496,2
2020-02-10,12031.5,25211.858987590796,17926.786517819262,21.168389888352056,47.24529894624809,6.764599437100005,334.14017299717784,401.9771086702219,18622.91583967941,2
2020-02-11,12107.900390625,25378.444542686662,18185.341913041502,19.576170280178168,47.24981234239127,6.766283700731373,-427.55059962588444,482.78412958000195,18060.811171602647,2
2020-02-12,12201.2001953125,25653.086005007885,18303.921163566403,15.983243126221367,47.248558471459916,6.767280792270692,63.53640662997421,569.6690335304677,19436.992595444157,2
2020-02-13,12174.650390625,25466.204196137736,18334.75561392196,21.180743088110944,47.249247857366655,6.770320821673043,-663.1622407141865,516.3956753166443,17810.194924439766,2
2020-02-14,12113.4501953125,25361.980509707744,18118.455327870386,20.24036768551952,47.246529150755876,6.772907760041424,740.562759589249,288.9290913193945,18406.906012334417,2
2020-02-17,12045.7998046875,25316.955522010707,17869.921311261118,18.01353709997308,47.246741965878996,6.775261529698594,-726.8867048434481,246.6685301822259,18432.08233429151,2
2020-02-18,11992.5,25243.138729441634,17987.328594832354,21.546540484646545,47.2519747865185,6.778676607705464,-122.40557187339951,1014.0966646869002,18528.932426406554,2
2020-02-19,12125.900390625,25568.13498236519,18124.670593818188,17.203149598568306,47.25581042988378,6.781785977816139,-998.8748858045972,233.05980342163474,18147.689062672176,2
2020-02-20,12080.849609375,25454.092531368024,18168.555195693618,22.090815230648936,47.25681545028801,6.784178098236519,-166.48898087852885,12.488891410630742,18430.44258023302,2
2020-02-24,11829.400390625,24794.9964436769,17732.981064425367,19.885266760705573,47.24933575093802,6.789889489990289,-320.1140820553103,-91.61524341573113,18139.68787857568,2
2020-02-25,11797.900390625,24715.35572148906,17631.905865461722,15.462269849245338,47.24796837303171,6.793569447578734,304.87335756238645,294.04333386108647,19039.367924836875,2
2020-02-26,11678.5,24565.205650513675,17414.384276735327,20.356659174526474,47.24887559092631,6.798677707559027,-320.15177263674616,681.9951462000491,18123.735326688755,2
2020-02-27,11633.2998046875,24449.200323504258,17198.90171761237,19.187615263818127,47.24882785066726,6.800927691899374,305.449433138532,227.21569319764185,18307.60010854922,2
2020-02-28,11201.75,23388.22302853126,16448.720737628973,18.886301416353728,47.24952616841113,6.803843799864302,-559.6482270354684,843.2543625829783,18123.34162996092,2
2020-03-02,11132.75,23184.591323614994,16221.85753507947,18.524548477087563,47.250853938174856,6.805273398606609,-262.78464121789756,397.8155364584331,18078.012071278634,2
2020-03-03,11303.2998046875,23597.550263945697,16483.67467585903,19.745568418280254,47.249852895897575,6.807612237032431,-254.76483916820243,732.8674200240227,17862.155435311684,2
2020-03-04,11251.0,23442.701343972745,16483.665728654534,19.029622637665717,47.25043030304815,6.809699032804367,48.23530225316688,172.68366024173062,18629.246427557846,2
2020-03-05,11269.0,23529.624866108305,16540.549443939628,16.28661951362323,47.25058197288664,6.815366720967825,-2.6502294371774155,177.33498162406255,18139.792128790403,2
2020-03-06,10989.4501953125,22944.172025878437,15913.272585033028,22.54413577335441,47.24907236488369,6.817347844015823,138.89006196934463,427.31371099899184,18099.04083926381,2
2020-03-09,10451.4501953125,21857.545930747845,15120.775451751271,27.51128468807639,47.25521137786975,6.819788817526756,-793.2677586841043,1044.766399903469,16779.921047662465,3
2020-03-11,10458.400390625,22061.170412094245,15131.879687619119,26.536129968243472,47.25438200220196,6.821011551077306,-635.4740693547537,846.312827230214,17218.39173938942,3
2020-03-12,9590.150390625,20256.442554735368,13630.375881661425,25.743152634909336,47.248219374563824,6.824223064374329,-1259.1455714772553,987.7396352042355,17126.324896162983,3
2020-03-13,9955.2001953125,21004.549206823365,14363.625457499862,29.541464134905844,47.25416917214408,6.826002004502114,-744.4805332475063,1076.5457860350698,17132.59474391947,3
2020-03-16,9197.400390625,19212.953928369283,13090.004688911793,25.40313606180695,47.25223034419056,6.829601080909017,-256.7176290217275,473.8482960679899,16867.483806525273,3
2020-03-17,8967.0498046875,18682.371971611712,12569.88363448565,28.267974603715935,47.25553006923799,6.830494641645399,-1571.9971069550388,797.718765243258,17282.13487092686,3
2020-03-18,8468.7998046875,17527.171912904632,11956.279293194624,26.832701996252837,47.25408740995097,6.833056247886044,-704.3968180124289,744.395241282073,16910.673401362455,3
2020-03-19,8263.4501953125,16949.69496016748,11611.589325463456,26.949160678875337,47.25639524435775,6.833895011218688,-629.288088824753,758.9633527137394,17166.455507327595,3
2020-03-20,8745.4501953125,18025.037218463745,12444.343577361475,25.7928809380482,47.25685080227776,6.836090384707621,-315.5254490113267,1022.0633185555046,17099.17164453374,3
2020-03-23,7610.25,15582.20477543859,10610.612177719348,26.75936113495668,47.2604517947897,6.838490371020364,-609.5812266839162,748.5631693253209,16572.579300247216,3
2020-03-24,7801.0498046875,15953.4805799867,11051.432412240398,28.017624783013716,47.26041068207479,6.84057984093721,-859.8736231365166,298.4767091364496,17852.624204861568,3
2020-03-25,8317.849609375,17126.97151576564,11909.460756290116,28.470624452697987,47.25904472235207,6.842769417765236,-727.9707217959846,829.0444044497024,17358.46679952894,3
2020-03-26,8641.4501953125,18002.66855035788,12306.326931213112,26.428815037434042,47.26041578190776,6.846431660330921,-1194.0151338245362,580.6781906225062,17227.751967885863,3
2020-03-27,8660.25,18067.38754385334,12263.361308112342,27.818131195125172,47.259868306713365,6.851298459633158,-1055.1872289430983,1048.8995943547636,17286.66749469224,3
2020-03-30,8281.099609375,17475.16594680113,11775.491609483877,29.776908861940843,47.254680788153166,6.8543313719856656,-1434.281135880798,1141.7090975561161,17880.266938255754,3
2020-03-31,8597.75,18244.53035288073,12421.077724063069,24.674742886101853,47.25347628596423,6.85616618318782,-305.18819426231073,247.55134199298993,17570.604844698024,3
2020-04-01,8253.7998046875,17428.72646491056,11811.741687886983,27.98746205281628,47.26268259289231,6.858926354532608,-719.9370724196616,667.7303789879031,17304.54396952183,3
2020-04-03,8083.7998046875,17038.719244293392,11666.68684364893,26.098432109195652,47.25781847421469,6.861269407849552,-1266.4449841298456,1006.0119070257622,16945.866438893627,3
2020-04-07,8792.2001953125,18791.837948052656,13047.904001278424,25.894631655766936,47.25914162368375,6.864857341235158,-791.4572149349663,477.3374594395309,17004.75111051855,3
2020-04-08,8748.75,18738.833998805516,12939.67173843593,28.5220230259962,47.25901293559895,6.867844950476673,-436.260916002267,1134.798263154063,16578.49420646627,3
2020-04-09,9111.900390625,19860.206129579063,13580.233685219164,26.909497062664883,47.2651221952845,6.8689681004878675,-502.8830698182463,1214.7949604586665,17076.753351851243,3
2020-04-13,8993.849609375,19480.128157023555,13410.424935230083,25.5663937475298,47.26238908034182,6.872768167325815,-1271.0554452665606,851.3953098320292,17435.94653583978,3
2020-04-15,8925.2998046875,19417.313461125726,13189.211408995792,30.648566384139976,47.26329299065066,6.876438315048158,-2153.535526351819,667.8265201444726,17430.99540731179,3
2020-04-16,8992.7998046875,19603.94195940837,13309.992233434483,29.84017902866366,47.26595158370224,6.880637816204141,-741.845566041448,206.82971235740615,17429.73268522057,3
2020-04-17,9266.75,20081.795135412634,13843.940216946492,24.13538808728166,47.2660136996933,6.882827002457854,-1254.7478527352932,1144.2075884283302,17044.745363521517,3
2020-04-20,9261.849609375,20163.140037035588,13626.689515883729,25.051143743995866,47.26431104053002,6.8858347475194295,-651.0689976077997,1500.7610936029064,17416.814143182048,3
2020-04-21,8981.4501953125,19651.62032859477,13118.151089796438,29.186914142637363,47.26484445202928,6.887357875682601,-519.8918446655035,1438.695359500546,17515.697168881827,3
2020-04-22,9187.2998046875,20049.978782670198,13447.223402084137,27.43025233392506,47.26451596329769,6.890015658685591,-454.54675553464705,841.5079447528485,16468.66279015048,3
2020-04-23,9313.900390625,20355.11931797066,13798.518143088419,31.001149288709914,47.26417905579586,6.89312278422165,-202.10380560858732,572.1972546846307,17346.023324984697,3
2020-04-24,9154.400390625,19769.550144784287,13295.302836104207,29.23267279708202,47.267571192835526,6.895197970446538,-405.4572327690786,1151.2872678984397,17963.535681163896,3
2020-04-27,9282.2998046875,19924.66753273839,13473.743682297627,28.598931047707996,47.26938004158534,6.89825264362806,-200.1804684863913,861.9393671543921,17149.890182665582,3
2020-04-28,9380.900390625,20286.00805004239,13587.55097671296,25.956274616349127,47.27163534221729,6.9011340575279085,-348.3758627058676,1043.4395170930256,16384.858732864916,3
2020-04-29,9553.349609375,20642.544346585044,14011.161459372335,28.982880589728943,47.273226230765786,6.903398704880119,-313.5129703911332,990.8255109890836,16979.31675769968,3
2020-04-30,9859.900390625,21242.385921155175,14555.490903327007,25.448472090499067,47.27670587196453,6.907511719491679,-916.3472557191091,927.9010392539421,16637.998261946606,3
2020-05-04,9293.5,19969.097644266643,13807.32638973992,30.610489066820136,47.281218651066254,6.909993868713889,-1415.730572492951,1208.5541410447595,17050.141804536706,3
2020-05-05,9205.599609375,19700.56654932624,13733.105131421577,28.844277178036485,47.28095851136066,6.912844347600847,92.90810179296489,1219.7004207091854,16851.049263951365,3
2020-05-06,9270.900390625,19798.880922679633,13799.462693038467,26.350338846484814,47.28401691807829,6.9140961020659555,-874.8188259135919,743.1936945865313,17600.31431421956,3
2020-05-07,9199.0498046875,19718.08513449019,13701.24138786919,29.60935485626463,47.28072835319156,6.917334967781469,-408.5167744103062,623.0662585840723,17552.440694423778,3
2020-05-08,9251.5,19704.316203476435,13751.416791431126,32.48304977827267,47.27456918528866,6.91957875501877,-1120.1099324096888,150.26524813494336,17406.623645077507,3
2020-05-11,9239.2001953125,19568.929420365483,13836.09879347442,27.5647658003811,47.2806484003905,6.923257642605362,-514.4310229817443,796.1515919700618,17716.827835486725,3
2020-05-12,9196.5498046875,19487.820637259472,13595.675451778365,29.100826379382585,47.28024832506979,6.92466915802363,-1877.9853300159862,572.0024524465998,17101.835786738597,3
2020-05-13,9383.5498046875,20044.86939052261,13828.600561369785,27.136341360617998,47.28160574358969,6.927823491026541,-1064.1773564003815,1025.7590756991267,17327.57768615862,3
2020-05-14,9142.75,19632.259218511383,13464.355630219718,28.17070443523669,47.278530096202,6.9283660346423845,-939.3644333569154,799.2399195463711,18066.390059110952,3
2020-05-15,9136.849609375,19540.198835269875,13603.175289346069,24.985530879937105,47.275316065061205,6.931707455658014,-714.9564926779256,831.7714049108115,17514.16425404619,3
2020-05-18,8823.25,18922.341681718466,12798.12292437982,27.99894097298827,47.273777233386504,6.934259148394219,-471.19012935955686,1143.5898287255643,17518.05657616812,3
2020-05-19,8879.099609375,18965.11568155044,13056.218608485031,28.087154659661223,47.27630592657597,6.9373859290865205,-1337.657168652126,1019.1764040101234,17055.02695732681,3
2020-05-20,9066.5498046875,19624.544779521435,13374.32737806187,31.597995553689497,47.27535629817413,6.939514114899031,-636.0127244319185,864.9929820190029,17181.267976364557,3
2020-05-21,9106.25,19585.609182827473,13218.754712009679,24.4099937745933,47.27494892682443,6.941294074620646,-409.3332093453034,1405.9277027805779,16982.68302128778,3
2020-05-22,9039.25,19583.210687591563,12753.324481213709,27.438233081784443,47.27331539358823,6.943589730150142,38.36463310170291,1121.4446748999103,17917.784889080092,3
2020-05-26,9029.0498046875,19482.028159208512,12561.962339751624,30.57623443566207,47.27741275785616,6.946512789942549,-617.3488064649864,775.2417438767574,16799.331663594377,3
2020-05-27,9314.9501953125,20417.713679878758,13046.15491861162,27.516457008402487,47.28061834788341,6.9498212868930285,-1083.8023925924888,788.624020214361,17661.512070049434,3
2020-05-28,9490.099609375,20918.503746078044,13335.95829247407,27.657316934030003,47.279765903140124,6.952857924614502,-1408.7058628433044,1136.5139080512108,17550.744739903355,3
2020-05-29,9580.2998046875,21009.887152813433,13566.023802578118,26.33348195023565,47.2824182519363,6.954654815042409,-168.31908085390785,960.8537095138461,16797.314967956692,3
2020-06-01,9826.150390625,21543.798874545402,13921.265307237007,26.134789239474486,47.28228254093006,6.959226992136951,-605.0632257628233,563.6520868998068,17755.111680917755,3
2020-06-02,9979.099609375,22018.812198443884,14042.996727201895,24.348292468333696,47.28186989319393,6.962295139651871,-908.7902526320958,1168.413851933421,17273.36325578192,3
2020-06-03,10061.5498046875,22360.62436602002,14130.290931052295,26.74156950471169,47.28232076086984,6.964408933662598,-1547.9273176887273,1277.1696600590635,16909.07730649203,3
2020-06-04,10029.099609375,22271.984587597293,14079.967975356232,26.021289889775755,47.28485046276446,6.967570126773059,-1272.4735803592212,1254.4166604017535,17499.236182635483,3
2020-06-05,10142.150390625,22555.908417191382,14301.39039407396,28.23607766731415,47.28277386421978,6.970563890648865,-647.4718844904254,1362.824700454339,17091.4432931536,3
2020-06-08,10167.4501953125,22721.034757629164,14242.745729948037,26.424663595152538,47.28488104807243,6.973127127003401,-758.46679034964,1520.7594388670973,17310.748302172982,3
2020-06-09,10046.650390625,22443.763751523344,14155.50348008474,27.040818029902987,47.29297451099183,6.975573690237689,-1678.5326235865814,1418.9877105968703,17210.82369975889,3
2020-06-10,10116.150390625,22440.363155538762,14193.898515779252,27.09558921388468,47.2941238745329,6.979298684939608,-646.9549773992687,1002.1985345279165,17085.60543021075,3
2020-06-11,9902.0,21817.171549090475,13729.979735732186,27.903669635419256,47.29483102880873,6.983767416926809,-1527.374579287984,837.4716374127077,16982.61483364056,3
2020-06-12,9972.900390625,22020.73028028212,13781.022591528921,26.942955487190318,47.29517852579694,6.984473047688177,-358.396372559096,351.11949089935877,17678.09502699494,3
2020-06-15,9813.7001953125,21795.806356417386,13650.963394929264,25.876427820125734,47.29721316078195,6.988445957252765,-816.5776340380172,903.2603536320134,17518.574609877796,3
2020-06-16,9914.0,22256.98521368175,13802.909354331592,28.171532887895676,47.29298194918724,6.991208989509263,-1085.36857949972,1055.7408176735855,17500.943569190298,3
2020-06-17,9881.150390625,22279.974615628485,13662.469528461124,30.13496643252922,47.29868520210589,6.994189500812227,-503.9382643557309,913.0658716282063,17288.01865570784,3
2020-06-18,10091.650390625,22847.587378901713,14133.550203109613,28.25693239158155,47.3022287629688,6.9982856712062445,-758.6002846216861,333.5337003982751,17437.447378535602,3
2020-06-19,10244.400390625,23300.86967843821,14578.844044341653,15.280359123522755,47.30089521535431,6.99837608695874,629.9710434020075,214.0135953758779,18459.967809895817,1
2020-06-22,10311.2001953125,23406.092687054534,14711.864472340216,16.25370718981275,47.30158985704467,7.001936786866769,132.19024535582693,493.5996146570045,18458.480144065732,1
2020-06-23,10471.0,23793.939301812967,15099.393242017373,12.398734459286922,47.30051781244518,7.005965869551919,155.5277465622855,-7.774510489173508,19387.0806751782,1
2020-06-24,10305.2998046875,23306.3820134233,14907.753032716482,16.22119450092227,47.30201551751685,7.008024502827275,-14.10017303916355,349.7073735711603,19082.653355251718,1
2020-06-25,10288.900390625,23149.69870975159,14825.341026901035,15.699291261819054,47.30279957010732,7.00937845346817,205.18685710686532,429.48810026377527,18545.37322151885,1
2020-06-26,10383.0,23414.986731265566,14991.339105497222,14.633079283986977,47.30408547077527,7.013766928879042,779.1803519157015,635.3902923077233,18199.645145500097,1
2020-06-29,10312.400390625,23257.759928546202,14755.529992536347,14.995803295336064,47.301600506123705,7.014759715918959,-101.10566802441755,813.781617838207,18127.633629230273,1
2020-06-30,10302.099609375,23296.20999169787,14719.742585230646,15.679530996920706,47.30075587560569,7.017928165928907,359.18205973225434,186.6521812168001,18533.055910426436,1
2020-07-01,10430.0498046875,23668.307866297106,14884.736089065686,18.484916552012983,47.30479404934439,7.021701685184099,-252.17743320318039,355.1272145372105,18816.63707326434,1
2020-07-02,10551.7001953125,23997.2036093855,15058.085532170913,18.684120833560186,47.303792675267395,7.024849295045385,-726.6928470713797,364.5207517672563,18825.705163272003,1
2020-07-03,10607.349609375,24190.62466580398,15085.658022770482,14.64374967688438,47.29646219166285,7.0281655276893105,182.9834961480438,494.81245781651023,18842.02225424503,1
2020-07-06,10763.650390625,24581.719800961444,15328.35037986084,15.463845253513213,47.296610300507304,7.030652686584919,248.1621693877692,461.2209256924037,18916.95601009384,1
2020-07-07,10799.650390625,24713.105353108884,15439.219366892601,12.514820085422844,47.30444477383869,7.033868153469329,305.9794922230064,577.5016680899313,18406.048800646564,0
2020-07-08,10705.75,24406.875322771815,15268.01806732825,15.119091031100249,47.30759140682704,7.035912988002226,-248.39398830889445,-549.3890190662514,19368.407873203047,0
2020-07-09,10813.4501953125,24714.984703126305,15281.548470681386,13.791013105263234,47.3064389694092,7.038087892855307,471.72042985664854,275.4063234668978,18732.258263858213,0
2020-07-10,10768.0498046875,24666.96838693777,15136.835065479236,13.685579725282084,47.30688716407789,7.040877823343646,456.52545365577834,296.22330270727014,18922.48181430817,0
2020-07-13,10802.7001953125,24688.214616067275,15057.50070065886,14.57252522684238,47.30952674218787,7.042092888857628,-5.51225243702936,79.43123024101027,18569.65386756153,0
2020-07-14,10607.349609375,24206.990897215044,14755.861867826066,12.307173183178136,47.30485798685414,7.0454253522404136,-191.39662858920804,-529.2029227486754,18938.910939713158,0
2020-07-15,10618.2001953125,24173.86970335414,14818.669520579491,16.227773148708113,47.30288980986935,7.045700540259616,249.04482891761307,131.70116676790985,19608.758810166335,0
2020-07-16,10739.9501953125,24429.197518109402,15047.118682889666,13.496510685159597,47.304684850495335,7.04881977447358,611.1716987111074,-63.1682288069924,18459.140863652967,0
2020-07-17,10901.7001953125,24725.76876084709,15249.31839083255,11.788175107616173,47.31006831021677,7.05203354675783,516.6618927167963,653.3866229771171,18416.526143180752,0
2020-07-20,11022.2001953125,25155.277691870888,15475.83718128171,13.040719512404321,47.30935034067175,7.0539963975271895,-2.334799133631236,262.587410948362,18516.07339742251,0
2020-07-21,11162.25,25618.307596051254,15669.350686193831,15.963856648415744,47.314651392789536,7.0555202625722435,404.77003400880295,-88.645448248278,18721.33544092563,0
2020-07-22,11132.599609375,25598.53264635741,15513.175493244195,12.649715728032456,47.312988422003535,7.057870373296497,704.8505621902268,-465.793501438544,18655.377051162788,0
2020-07-23,11215.4501953125,26013.358407774056,15722.170752102113,15.399115598089663,47.30343188401829,7.061268769496034,-119.06628370672587,327.18530466551255,18464.54219825894,0
2020-07-24,11194.150390625,25939.428445384725,15763.561689512542,12.249308414456957,47.30626331653904,7.0643736152472485,375.2621472172776,358.8447581230939,18843.33428554332,0
2020-07-27,11131.7998046875,26095.536289727817,15747.955014176745,11.968672606445388,47.308484513368064,7.066021645698088,885.8563920683492,85.26694465393767,19456.205234985806,0
2020-07-28,11300.5498046875,26510.194568917083,15978.619594921332,14.819194821188583,47.31129306621847,7.068887296492941,-159.97286211755926,331.10264464668245,18815.62406699458,0
2020-07-29,11202.849609375,26286.09145739181,15925.999938795121,11.752054878708519,47.31398438083469,7.071909618338822,812.2105164198035,45.51884146100558,18840.813780998455,0
2020-07-30,11102.150390625,25986.086484361364,15708.548252564009,15.145080500323392,47.315159630997975,7.0748899380475585,997.674980928954,470.1645825504485,19011.786246075873,0
2020-07-31,11073.4501953125,25950.917078499224,15721.417016695572,14.2032519980467,47.31498318544848,7.076664470142721,261.1177899316454,447.80545073115906,19131.980165107238,0
2020-08-03,10891.599609375,25571.66677105086,15367.452353536473,11.752812131064816,47.3149211203165,7.079581659279694,212.79655239348773,-341.67761142087676,19411.24950860437,0
2020-08-04,11095.25,26091.172314420957,15695.050610839098,13.357114512011332,47.31413991611148,7.083261242902698,763.2377676078238,-268.5575531823336,18988.153573423555,0
2020-08-05,11101.650390625,26293.938977338814,15479.407281782394,12.402451418880926,47.31353874382066,7.086560384645713,275.54784998819235,759.3845169130585,18901.477621902413,0
2020-08-06,11200.150390625,26577.230760182254,15616.782924393843,14.19795311333812,47.30870563954888,7.089734375204202,-591.2506802780368,429.65890500812696,18532.584787688196,0
2020-08-07,11214.0498046875,26642.346057094666,15648.607058728896,17.27559648991084,47.30566271570809,7.094139888240953,310.4821621241682,-228.71430150856833,19192.476727630157,0
2020-08-10,11270.150390625,26692.133379373678,15704.1475998551,12.758590794225155,47.30577245181371,7.09707081886898,538.1615872778251,-321.11401152687193,18598.1116315165,0
2020-08-11,11322.5,26873.81426119628,15959.207872492603,14.567552547717014,47.299649850871674,7.0989923475302295,646.0335414329872,212.33161968303642,18591.352390345735,0
2020-08-12,11308.400390625,26822.643975042825,15824.618083746458,13.548881283335032,47.29422633140262,7.100917330852268,-2.251665900769126,-192.69461756198268,19000.851833286466,0
2020-08-13,11300.4501953125,26736.780342185568,15757.898083832577,13.54811540612636,47.29382348488223,7.103857359832999,242.07955221095662,54.987783622545265,19516.499014782272,0
2020-08-14,11178.400390625,26339.08031040283,15470.76238224754,13.169589758536953,47.29403849213332,7.105184084102424,740.7629056609198,135.81624311977282,19212.993752013776,0
2020-08-17,11247.099609375,26802.659436333084,15532.648074049182,11.785165107296892,47.293698426083225,7.107637623904703,326.000551434665,122.8684833405854,18928.675145263816,0
2020-08-18,11385.349609375,27138.909417668478,15861.314337429936,14.17027989856491,47.287158704089165,7.110866564464246,-261.4951975843654,487.9614845347478,18575.96422047173,0
2020-08-19,11408.400390625,27041.361157484105,16041.526961489,12.922516500161223,47.292415889758985,7.114802709804736,845.0552038481503,700.4268717376511,19529.970219635554,0
2020-08-20,11312.2001953125,26716.97317162734,15813.391737390097,11.690399832522548,47.28870719775535,7.116023919020995,264.3555910491019,6.324644150352327,18936.59677724928,0
2020-08-21,11371.599609375,26866.19484506557,15844.464769225931,15.528346524496598,47.286852714543926,7.11888843142442,786.4875108725521,-189.19774914097212,18853.03705889731,0
2020-08-24,11466.4501953125,27173.183176500326,15893.125373591416,13.698019245404685,47.28366741058953,7.121585831110686,-208.1826783466197,266.65384649507274,19178.762696222475,0
2020-08-25,11472.25,27248.709100945274,16027.90602164144,13.043802085313521,47.28816450317868,7.124389162820193,301.605300964366,639.4440343328159,18803.18532019949,0
2020-08-26,11549.599609375,27525.949020564738,16267.156603735182,16.180113229492598,47.2900287635448,7.127296733735713,553.894409470894,29.035453098106814,18692.44210975283,0
2020-08-27,11559.25,27480.284930926744,16273.1241974194,9.827836928934005,47.289209034181354,7.130031240742116,315.1420553996049,405.1076676042639,18733.83139130815,0
2020-08-28,11647.599609375,27750.063069381114,16286.070377304815,16.045641607458176,47.28817806649355,7.134189781481145,-123.20248092839716,-101.14067776023572,18737.80313569527,0
2020-08-31,11387.5,26982.002037279843,15731.629312015957,11.739624101727566,47.28931684619578,7.138200256961851,-604.7213227374059,156.3814104300368,18565.160016596703,0
2020-09-01,11470.25,27131.214576239516,15885.665411402108,13.923065078831039,47.28617718329211,7.143110161080696,959.306051801344,-198.5826846900469,18527.710070611323,0
2020-09-02,11535.0,27200.180263074504,16046.44339267403,12.323872491758578,47.28791940149855,7.145866329167224,449.21528076053005,153.24961814377406,19372.95381258756,0
2020-09-03,11527.4501953125,27051.7062556061,15836.302726434791,11.653997919095152,47.28687346698634,7.148222494538576,816.7204211164552,115.0635063853201,19262.839993341357,0
2020-09-04,11333.849609375,26669.82295079311,15490.44515144231,16.12777305193687,47.289032384532184,7.150021691094855,721.4676397441797,332.43686974862305,18700.730121172903,0
2020-09-07,11355.0498046875,26798.46792073122,15676.735399034693,17.21243313479057,47.291089552066644,7.152269304356648,588.7387304478316,683.418482606857,19356.593617582475,0
2020-09-08,11317.349609375,26805.289614078414,15594.036808243825,13.057548698697843,47.28990871721157,7.155751009085799,221.46505794117283,33.33137372719696,19141.40621931214,0
2020-09-09,11278.0,26707.164779252165,15668.527777249796,14.17094940438859,47.284350582654,7.15938673906827,545.9067702556514,-449.9187442037078,18905.544328689666,0
2020-09-10,11449.25,27241.511741127026,16018.906692312527,13.613982503325,47.28421010693867,7.16282951919191,923.0147785482898,89.36883324612702,18567.178954795665,0
2020-09-11,11464.4501953125,27089.79789744977,15940.406153914511,16.96101367470571,47.2804616877905,7.164932366560842,383.20437130950285,239.79528704652873,19168.8908420521,0
2020-09-14,11440.0498046875,27119.91579160934,15871.850041558799,9.27369910509293,47.28129759184818,7.167040645563622,1110.680417759676,210.5700264770214,19754.410503190848,0
2020-09-15,11521.7998046875,27353.305479833027,15996.182092916575,14.254246882540441,47.28112787624754,7.171764491563857,-249.76875458674238,102.77315691442325,19054.53015432688,0
2020-09-16,11604.5498046875,27639.504169845924,16042.692506384123,12.045747371712133,47.2799638916079,7.173699897768118,-292.7634445049788,596.3144822389054,19434.597591384172,0
2020-09-17,11516.099609375,27450.432480810854,15804.39094695768,9.0,47.27667720476637,7.177883828042646,745.2300858077576,190.86436196034444,18978.378963351683,0
2020-09-18,11504.9501953125,27313.162467636663,15929.402738747307,12.778939805141517,47.28083757230347,7.181055805304572,22.502825391648685,118.5611204641599,19415.613224086952,0
2020-09-21,11250.5498046875,26497.57152549407,15421.578976267032,17.196097581821107,47.280076525418686,7.183090592371581,1167.3347681715118,-83.31183804929145,19011.89690217974,0
2020-09-22,11153.650390625,26173.06229630324,15362.092438429303,12.187901619199199,47.28773657801003,7.184673466796703,884.9365484931775,-374.0132062023589,18156.640907648645,0
2020-09-23,11131.849609375,26175.931631225554,15286.017681058147,21.581531013129222,47.2884413668384,7.186751870532417,485.0286027032166,498.7695808953812,18803.884502445853,2
2020-09-24,10805.5498046875,25415.448934139087,14755.412594125168,22.397344394126733,47.29009613492345,7.1899367776502885,203.77452222050027,473.62536996020685,19134.822187955026,2
2020-09-25,11050.25,25914.322628668375,15213.086078672706,19.974606394760954,47.2908137715066,7.191794366699969,-518.6334494681178,82.20083952154812,19502.724440117137,2
2020-09-28,11227.5498046875,26272.447609622966,15453.236652641323,20.240911236822583,47.29243848669615,7.196115924832621,-813.7366400540768,386.6882921344548,19035.823414677085,2
2020-09-29,11222.400390625,26183.33979598858,15497.45055740741,16.567404186917777,47.29631654869533,7.198675132049782,448.11786767560886,356.84456994186587,19110.88400240672,2
2020-09-30,11247.5498046875,26210.47667852154,15349.549938155104,18.567672273654708,47.300229227687566,7.202142555296695,-749.8272824048229,212.64984267724725,18880.156438502792,2
2020-10-01,11416.9501953125,26503.537184570334,15670.778079560427,21.81401524865999,47.2955294045511,7.205529141467847,483.9542750910082,162.00678605522987,19706.171632620706,2
2020-10-05,11503.349609375,26573.498018108687,15581.241164265703,20.121358194074134,47.29869589674994,7.209917804807674,117.84590409174211,521.5245013314567,19688.35277102649,2
2020-10-06,11662.400390625,26892.197421802863,15820.370652460551,20.734682882887363,47.30078731500571,7.212246473686847,-180.5010615280407,332.2564895348948,18861.109506084133,2
2020-10-07,11738.849609375,27096.15693252646,16027.244799329514,13.766315159366101,47.30149499160347,7.215119061040496,526.8190737341245,-27.298077428327616,18544.7333262237,0
2020-10-08,11834.599609375,27211.559758230145,16245.433564061417,17.884007888592862,47.3072326443739,7.216484026681841,536.1163741796398,-108.5016077210708,18438.37760356867,0
2020-10-09,11914.2001953125,27400.9410980473,16249.996661977508,12.638960337622798,47.31309094482898,7.21935337927428,269.0358445651679,111.00448027123929,19365.77884572936,0
2020-10-12,11930.9501953125,27559.79601534489,16163.599658810228,16.71082008597262,47.31640473363864,7.22325942864188,920.2748939677256,427.3450706609308,19191.670073758833,0
2020-10-13,11934.5,27425.63630919921,16102.697138832846,13.767006444413465,47.315374131675455,7.226244760760828,906.5603442398136,211.9920222640451,18845.61087335333,0
2020-10-14,11971.0498046875,27495.468557740744,16180.051868586617,23.388397949161597,47.31239668228258,7.231323102542416,-87.73627927162359,328.863393407609,19254.126415833987,2
2020-10-15,11680.349609375,26880.692483743773,15524.931214430155,17.550043821483698,47.31525988267908,7.234608285708185,-389.99775468012183,492.54712737052614,18683.723595443967,2
2020-10-16,11762.4501953125,27044.05081236282,15655.191621166065,20.36930441526172,47.31993848335473,7.236833136757797,372.3816177617165,809.3155044002801,19464.730599949155,2
2020-10-19,11873.0498046875,27262.589541020494,15862.447046388914,19.21262643215306,47.31445251007009,7.240053944356297,-959.0241520555278,547.1242105540397,19018.625179683684,2
2020-10-20,11896.7998046875,27450.09861663895,15873.58911002473,20.278944671700078,47.31831139426129,7.241355360997489,27.557042804529118,478.06029447185745,18755.58132850348,2
2020-10-21,11937.650390625,27520.24931857808,15989.449309879556,22.444752525332255,47.318146797649234,7.243320949290748,145.8300432835686,591.5588512779653,19034.516941196714,2
2020-10-22,11896.4501953125,27537.360401136473,15944.754336401817,20.75761921071589,47.31331978914599,7.244868256307186,-481.34073391120495,352.59587904329913,19026.312140881986,2
2020-10-23,11930.349609375,27671.250844636455,15947.457564667448,22.440765380053875,47.31532797761168,7.24764841960451,239.51419497505867,455.22034623085676,19325.447896061334,2
2020-10-26,11767.75,27222.140722478343,15507.55604728912,18.65955781345211,47.318656137572106,7.250351674220468,-160.55434452665065,253.31337283619638,19637.943652433732,2
2020-10-27,11889.400390625,27586.34132332014,15713.70089968054,11.854331084952568,47.3182020915997,7.254320276251959,131.7199512203528,-315.16599640065925,19623.202126411816,0
2020-10-28,11729.599609375,27216.35008714292,15374.123710716876,20.032210146274533,47.31563002770489,7.256984403933763,235.28933586546884,502.8507557162032,19261.827310673725,2
2020-10-29,11670.7998046875,27177.439357285988,15228.980604410684,19.92269564321783,47.32136630048558,7.258744773308889,-584.2737714790997,504.00402533066097,19133.676643026392,2
2020-10-30,11642.400390625,27045.404474433824,15228.29070458975,19.628281262351614,47.319960389526635,7.263066662382536,197.6773346255518,313.68611251892344,18992.150325962157,2
2020-11-02,11669.150390625,27118.314863805117,15400.7481922768,18.08273654865863,47.32403880647889,7.2628842643436995,-942.9384855277024,710.74632058053,18536.207808600753,2
2020-11-03,11813.5,27483.078041145498,15627.496511705758,22.397303179703776,47.32009965550333,7.265684633270495,-35.71822130752136,183.51900374151015,19213.34757469418,2
2020-11-04,11908.5,27805.473112611082,15831.574394834954,19.274325598733025,47.32194767064629,7.26866379394632,-132.46241751460227,-131.41532355940603,18898.55792489719,2
2020-11-05,12120.2998046875,28238.78303127723,16033.530216776187,22.852156244425363,47.323710192119265,7.271414698618387,-365.87830674630413,190.86524624344105,19699.43027537057,2
2020-11-06,12263.5498046875,28724.92297084823,16286.52578452879,13.525486730408117,47.32693044013879,7.274675610945797,505.84994715560447,-312.2817907655959,19158.667567859102,0
2020-11-09,12461.0498046875,29292.9114378533,16598.365953667173,14.796857861628089,47.33200939031849,7.27754673905981,318.1719482528849,251.41090664720252,19528.432775651174,0
2020-11-10,12631.099609375,29579.72066383284,16997.315639005574,14.615419285927365,47.330168501183586,7.280806443588837,771.8782509222187,-75.62336091168623,19060.262865047167,0
2020-11-11,12749.150390625,30030.175039103287,17133.36833953624,11.851450519298295,47.33233082549924,7.282963864730423,574.0603955213741,445.40675774873336,18990.968425046503,0
2020-11-12,12690.7998046875,30147.57773349758,17014.84018682323,14.234405843104978,47.32883112334482,7.284264037858625,531.077693149741,439.1396407678381,19489.01285798403,0
2020-11-13,12719.9501953125,30345.20705634738,17170.54072120002,17.356665888934213,47.3252973784934,7.2869764844198395,466.74448142408187,-127.49222797143898,19368.097468054097,0
2020-11-17,12874.2001953125,30928.73860241994,17412.614374914894,14.003224506200713,47.32416237474872,7.288708323124231,161.1334173811832,-92.43205897659422,19390.352290640632,0
2020-11-18,12938.25,31109.083339643847,17400.72584790915,15.30255347911935,47.325990356566535,7.290737714418854,229.2785800097211,310.33189580509566,19235.104856478072,0
2020-11-19,12771.7001953125,30468.516061482387,17398.335105510087,14.88654368918437,47.33162096002697,7.294656653775838,449.2863360883557,443.9519344343971,19580.631763955025,0
2020-11-20,12859.0498046875,30472.987904865644,17428.55813213882,14.114099316729973,47.33779779679647,7.298971640892403,280.65620515714556,-453.7861834869385,19529.994819370222,0
2020-11-23,12926.4501953125,30680.479321418567,17531.718086999826,13.872957435449493,47.33733312280925,7.302870856753066,794.5811321731983,234.50126100886746,18446.7438900481,0
2020-11-24,13055.150390625,30944.9761259168,17779.381535919583,14.594631118242601,47.338849726185025,7.306584257738762,387.38007581750117,-509.27717785297943,19192.12318571049,0
2020-11-25,12858.400390625,30325.065357486747,17488.794013142517,15.026565092951225,47.342278742580895,7.309399727195588,500.38664313005245,-14.554832969628507,19688.126863004487,0
2020-11-26,12987.0,30652.829001362643,17679.810306130737,10.795671885897853,47.34517489064632,7.313170177602781,-211.07357355822444,478.0970423688694,18907.987107276214,0
2020-11-27,12968.9501953125,30681.457426562127,17630.79276147169,13.99460577819291,47.345266520415606,7.3162802803480735,727.292108824151,1052.9310400258084,18653.12246939982,0
2020-12-01,13109.0498046875,30868.319944454375,17835.67391949321,13.131844238505366,47.34609483552947,7.3209817211880726,117.53056253026259,78.35284975530978,19258.060477230705,0
2020-12-02,13113.75,30825.10031583244,17724.276549134098,12.716946312696583,47.346364292764385,7.32281702624901,-67.06143291868551,-224.1347635110136,19517.89237010394,0
2020-12-03,13133.900390625,31064.293156612555,17987.561180855213,16.091928758057147,47.34633917092585,7.3262424859253645,1008.4744036450286,-4.04765232451993,19143.819612679054,0
2020-12-04,13258.5498046875,31255.570135676364,18169.590097098702,12.033707503872293,47.345914939645375,7.327730478931634,629.0486089730366,169.82090641209132,19826.58821051014,0
2020-12-07,13355.75,31618.45268729898,18395.908369919096,10.710461879379997,47.34615596417534,7.33116053688812,740.8382875567102,-51.07237186166279,20044.68230073169,0
2020-12-08,13392.9501953125,31654.041624924736,18420.47374794826,15.091432450771709,47.34553852193062,7.332192553050042,531.798473162927,-127.44710279394144,18592.41927715711,0
2020-12-09,13529.099609375,32079.953723448754,18606.910992051682,10.659212286892222,47.34273226894941,7.333729534290841,312.7396816385156,21.944998058296846,19193.42817853548,0
2020-12-10,13478.2998046875,32088.262536618055,18472.711381972,9.644113844082874,47.345920009798554,7.335196825869572,238.15839677749466,268.6731798675727,18464.0871278945,0
2020-12-11,13513.849609375,32277.059692503677,18359.746505219802,15.31653537997993,47.34806878300029,7.338198253839172,661.644074182668,99.17731828309611,19607.91350904978,0
2020-12-14,13558.150390625,32511.679173874894,18414.357566932667,13.817444501124976,47.354298564229794,7.341301444795395,803.0076168953171,-114.48084002790984,19093.92607179769,0
2020-12-15,13567.849609375,32387.739055400325,18385.219835283267,14.445439254737552,47.356007118290606,7.3464999486793845,322.72650082966163,-51.01874990573816,19177.926165326833,0
2020-12-16,13682.7001953125,32836.67278592503,18703.93832919473,12.615144850440755,47.35535623784449,7.349156031406773,1179.0171458803206,25.842435098870254,19811.93761965878,0
2020-12-17,13740.7001953125,32877.81168645623,18664.822864804297,10.731187736781962,47.354076931704405,7.352675281971558,271.0725801156762,-149.82791927526512,18857.600586060813,0
2020-12-18,13760.5498046875,32964.30218516761,18632.57216843673,11.128425572764666,47.35481902990645,7.355582189775959,-207.6033779559889,-62.14349891632946,18765.179795479457,0
2020-12-21,13328.400390625,31877.893024028966,17846.986226654142,12.955622201137432,47.35707765539658,7.359016441735171,-338.60909639759075,343.0908001811222,18499.527050692104,0
2020-12-22,13466.2998046875,32305.39239144072,18227.024914522735,10.955194284163916,47.35694352358401,7.361904764544635,-325.11014715173076,80.90371163235287,19880.082298622037,0
2020-12-23,13601.099609375,32707.132232512442,18351.312879308953,14.114105814091307,47.3531327511784,7.36574833544715,184.4752829710021,-376.04608772520544,19795.16145234631,0
2020-12-24,13749.25,32989.84242245623,18655.592256075903,12.575084123931163,47.35151572024073,7.367438899943319,257.1927915548868,457.4846097194923,19283.5259699937,0
2020-12-28,13873.2001953125,33139.19747772572,18968.600076587016,13.870072094730611,47.35216979528816,7.367733937945222,623.0398550719567,275.0159459355216,18907.73035542588,0
2020-12-29,13932.599609375,33412.02763423845,19049.601069959346,13.810296256452862,47.354990646267616,7.370893114887956,338.55678589849146,-264.9398891241594,19731.400571743252,0
2020-12-30,13981.9501953125,33567.40766874368,18973.358437216608,14.273599108849053,47.351133174982486,7.371829063206483,687.348413853674,40.38629816583098,20482.208459491274,0
2020-12-31,13981.75,33721.55825874587,18818.373431472548,14.498965054577997,47.35252842533435,7.375881068312877,367.95713304913085,-87.62964871733652,19326.216089790778,0
2021-01-01,14018.5,33813.14665011675,18975.45683774748,12.81219881844151,47.35379178392512,7.378072446453823,355.4085704507464,353.07171272388956,18955.52296473822,0
2021-01-04,14132.900390625,33926.816998635484,19017.80492966548,13.867938533267662,47.35303705443924,7.379772926554203,118.99405039662113,38.50433218570356,19910.31817180031,0
2021-01-05,14199.5,34235.184481667704,19170.69207958274,13.972016256840348,47.35187628778149,7.385211372545758,919.0353841591252,128.16799983421157,18992.750720048105,0
2021-01-06,14146.25,34043.77762326297,19097.713098665456,9.0,47.35026731655735,7.387930046755643,-262.5937186311978,93.24167404732285,19295.40495891071,0
2021-01-07,14137.349609375,34066.79651914209,19126.530185306157,14.79305149171898,47.35128973546745,7.390456252736354,470.52411628555274,-294.0403589176178,18416.915680001992,0
2021-01-08,14347.25,34538.17759083552,19525.524597541083,13.799884392440502,47.35527019145569,7.3939397168962495,277.3398153003066,571.6188503871466,19330.09469412056,0
2021-01-11,14484.75,35134.53696557916,19641.035005872534,14.628097730487141,47.35946354492417,7.397489836020426,662.7018390018003,348.6990171550559,18955.774657711576,0
2021-01-12,14563.4501953125,35221.44013637797,19654.136167823246,10.926312809105475,47.35669160388251,7.401362773257766,341.6682395376604,-74.21508031496037,19948.05086280268,0
2021-01-13,14564.849609375,35177.651234881574,19740.90107191689,12.868453649675214,47.3567306693405,7.402762755178001,353.45748224635935,207.55857629860276,19083.233275625862,0
2021-01-14,14595.599609375,35274.599349208474,19716.386837084512,11.31694108686884,47.350750139933545,7.406030951569554,243.3441510761155,442.23537445421636,19771.89345764019,0
2021-01-15,14433.7001953125,34694.90450269414,19137.282679416297,14.98920275242575,47.35167769286661,7.408468978649094,907.302561652799,166.72230382727753,19432.44418601477,0
2021-01-18,14281.2998046875,34339.64078334904,18970.033630859743,10.68976691586301,47.35407063662701,7.410278276137634,350.96235402411605,617.0262560004271,19527.20380904613,0
2021-01-19,14521.150390625,35206.201308827025,19236.2528132242,11.642690436155359,47.35938352018367,7.413055817125358,1137.860484645389,1025.3552525753416,19686.91055375926,0
2021-01-20,14644.7001953125,35467.59576142194,19488.20479131788,14.568628256543962,47.35462414802169,7.413973094569908,458.89883265101435,112.16347922658505,19467.634676294056,0
2021-01-21,14590.349609375,35378.972526522884,19564.423608837278,12.241250935445505,47.351959968255755,7.417623626052439,358.7039363189308,-24.75892291225938,19240.960997727336,0
2021-01-22,14371.900390625,34420.43803474135,19217.98892697007,11.643218686421882,47.35299237866138,7.4200596208086935,291.86921605822477,-146.8227756062173,19181.90531520408,0
2021-01-25,14238.900390625,34066.52442808565,19119.645285790913,15.313438859080366,47.348737213561954,7.42230785007254,575.6987598740714,-514.0723869285863,19702.16302809833,0
2021-01-27,13967.5,33317.9572301996,18704.545251169744,15.395423513183736,47.34985385001451,7.424894950512527,114.64265083711757,524.4435154348932,18766.667598760294,0
2021-01-28,13817.5498046875,32819.1866130006,18641.836918210727,14.944142385081998,47.35232285764972,7.427451251096585,408.29695961561475,43.95185698101547,20168.672051919613,0
2021-01-29,13634.599609375,32484.87639607699,18231.43317767231,15.197419347880587,47.349078994477864,7.431314777864455,353.2548056431274,412.6067242410199,19570.23881014285,0
2021-02-01,14281.2001953125,34179.82394505066,19298.089965165924,13.036841442123887,47.35007675058801,7.432940926533508,480.0990797060758,472.935651266646,19392.08562110035,0
2021-02-02,14647.849609375,35133.90243115736,19982.429868912506,13.090814050726769,47.34704011778296,7.4352795885540095,490.01213050470193,-174.29106897930637,19632.8088340839,0
2021-02-03,14789.9501953125,35457.29480064346,20193.328095579283,12.203837442932794,47.351766395389774,7.437782895783981,510.7979520735652,-129.24425842355697,19301.754202202614,0
2021-02-04,14895.650390625,35464.180224267766,20508.54607879653,13.835458335431955,47.352986333667154,7.439436585720863,387.9618984693168,673.4060668351299,19469.407682316752,0
2021-02-05,14924.25,35378.604000797844,20502.63553895322,12.444203345348305,47.35166614158025,7.442313722565059,977.5773969397495,128.98045506191954,19101.668216782396,0
2021-02-08,15115.7998046875,36019.8396342074,21080.98461230482,12.633867588146046,47.348551717439356,7.4443066364854635,519.0275264729935,-48.08626113561115,19695.740275469445,0
2021-02-09,15109.2998046875,35700.22781084471,21340.114249065697,14.6998008679658,47.350319166519945,7.445618094897656,1392.3945153437312,-163.5519884712648,19523.457401081356,0
2021-02-10,15106.5,35583.710925664454,21371.508736204007,15.869078491028759,47.354992973026256,7.448859005310925,369.94056342634906,107.56326587966637,19632.526571212442,0
2021-02-11,15173.2998046875,35700.09007049628,21556.568742979176,14.29652050854019,47.35327846129865,7.453119895380054,733.5653169820698,602.368326293483,20144.57353375428,0
2021-02-12,15163.2998046875,35923.897464455455,21694.087323970154,17.088631730485137,47.352559527300436,7.455880852506403,59.580316650127656,355.6313945289379,19254.539147224707,0
2021-02-15,15314.7001953125,36432.46535385331,21799.74248880255,12.088968855934503,47.350903105198306,7.458489014155525,910.3157021245214,204.52870389323823,19523.890280680454,0
2021-02-16,15313.4501953125,36348.09579520852,21626.69026025263,9.824050721581482,47.35616958291146,7.46107488593015,68.28642529021221,626.5562830773146,18932.723741246813,0
2021-02-17,15208.900390625,36264.88151330123,21612.545216338087,14.929255779179108,47.35104366150456,7.4632681719847564,532.351207182438,568.732549491152,19799.891374546925,0
2021-02-18,15118.9501953125,35923.15286157843,21495.007492964196,11.956332894706538,47.355500441172964,7.467146385345928,244.2291193743495,250.2366632167573,19582.65111943957,0
2021-02-19,14981.75,35710.1950829814,21233.32765719042,12.952615516449272,47.354968846907624,7.469947419471648,530.803118846753,982.8358972608403,19601.35093745728,0
2021-02-22,14675.7001953125,34727.42510142802,20720.528770865716,9.960406979757753,47.35535400154802,7.470474620966874,256.081505251404,75.77305332194743,19537.920331866317,0
2021-02-23,14707.7998046875,34960.84579319582,20479.684670739378,11.701579505308347,47.35493209759887,7.474378264416363,34.298842431513606,479.4085491477579,19377.952007956712,0
2021-02-24,14982.0,35627.282609511814,20919.08391196577,10.495545166841527,47.35625090024332,7.478035625536247,241.36308408088615,32.10101848736184,20588.635463290368,0
2021-02-25,15097.349609375,35782.78196939411,21018.071669759545,12.631393473159394,47.3546615039785,7.48133957887592,966.6320496566585,420.8545309258264,19629.751684319705,0
2021-02-26,14529.150390625,34301.839762104326,20200.92148154739,12.7108970122341,47.35843665338826,7.481285339900837,536.910507402059,75.48384493056713,19736.163199905357,0
2021-03-01,14761.5498046875,34949.46967909328,20715.72083961549,13.679920823096419,47.362333644516646,7.483982364544525,-165.54001195165245,288.4104947751065,19177.643212059218,0
2021-03-02,14919.099609375,35292.292065662834,21055.47321810373,15.979445928710351,47.359983417397316,7.48757455997457,788.1530804960239,867.0407729647654,19977.405754686588,0
2021-03-03,15245.599609375,36232.393531251524,21667.098830236642,14.853812529795638,47.362585818293915,7.4906516107502865,-6.605672130911671,435.5555404143824,19586.481156883576,0
2021-03-04,15080.75,35720.5934035435,21196.48423424988,10.255660727579038,47.362116336713214,7.4935530868811036,647.3437152232608,293.0523338069554,19815.133251101204,0
2021-03-05,14938.099609375,35438.67872817013,21031.64615084774,14.716030871225714,47.3628712371834,7.497143687205212,571.2660590383623,-82.4108376535174,19999.597434609528,0
2021-03-08,14956.2001953125,35548.77183195257,21141.938996357898,13.72350939488292,47.368046689875456,7.499976835469114,596.5241865005419,206.46861135096788,19609.284761724866,0
2021-03-09,15098.400390625,35913.758563613286,21544.90118397414,13.304347135927804,47.36662458737161,7.503873041626621,1091.275666467272,-152.40075047235513,19389.04369904071,0
2021-03-10,15174.7998046875,36050.51140398805,21953.36791025037,13.454600940125548,47.3700042356911,7.506726111463309,18.543630039193886,416.0929044711096,18744.947498257658,0
2021-03-12,15030.9501953125,35698.18174291994,21485.74714412357,13.90910485617251,47.37197561122795,7.509498329360987,594.3179103547316,408.5632919069521,19512.995513271515,0
2021-03-15,14929.5,35512.2038891347,21262.811904921957,12.11622641797287,47.371993526809604,7.513079487126071,853.8354449729545,96.10936622592303,19401.86390460523,0
2021-03-16,14910.4501953125,35756.06921656097,21135.93867051515,13.135298284950718,47.373695737512186,7.515368344020411,92.66331935005132,649.0595960651126,19225.578742975285,0
2021-03-17,14721.2998046875,35393.32945341171,20838.18200865297,22.36787824778367,47.37504097328214,7.516957234942111,-448.30143220599774,856.8688208109976,20252.3776193883,2
2021-03-18,14557.849609375,35100.4537691689,20564.037975175524,12.092188431148934,47.372165913345825,7.519645848132767,235.12498449102625,194.89397953378594,20072.406735911452,0
2021-03-19,14744.0,36040.15538437094,20852.704661890355,11.44022404764981,47.370945741814964,7.522919702745139,479.893214328827,319.6533364963418,18969.923482396276,0
2021-03-22,14736.400390625,36094.14258510877,20968.6981425558,13.376585304252298,47.36840998466009,7.5265272031420265,-214.19050958438072,-26.537165382330528,19756.13368116614,0
2021-03-23,14814.75,36376.304411414116,20963.909496018805,17.738867086487303,47.36818012834562,7.530138887823666,70.56079634332622,318.34584181102355,19378.63249037626,2
2021-03-24,14549.400390625,35767.2027984044,20390.359642657826,16.554433757091324,47.372815234233826,7.5327496616302,-713.3546966982907,76.59768581092828,19850.247101829962,2
2021-03-25,14324.900390625,35023.60555519477,19893.651167459077,19.311065645850366,47.37515831763871,7.535256339907164,367.3323303229786,256.4989030837006,19395.507512087162,2
2021-03-26,14507.2998046875,35454.60008435882,20156.328666192177,22.897243769127847,47.371460550406205,7.5373408881822375,55.506731236049234,368.6833407232574,19503.256771785014,2
2021-03-30,14845.099609375,36300.86708238336,20575.24295082292,19.922791808246213,47.37124044734497,7.5402660338841105,615.2559488542416,-98.11017399651405,20100.68238046328,2
2021-03-31,14690.7001953125,35981.01054614259,20314.12154287617,20.357154188896427,47.37254132192773,7.541298774500683,117.51350424371918,573.0441924988368,20049.139683012374,2
2021-04-01,14867.349609375,36434.70111290296,20588.915213535474,15.73970328369775,47.37537358736864,7.543993982887011,-271.90418044839686,706.6384811578823,20326.616093193905,2
2021-04-05,14637.7998046875,35840.93567937872,20115.80674426402,20.876250984881896,47.37402128625489,7.549514686806476,-469.47085408706545,397.62467952720266,19650.32506351958,2
2021-04-06,14683.5,36121.01349782305,20297.444459253522,20.186731722619584,47.3709089907836,7.550680410276482,-54.44357676885508,-409.17261753155174,19166.32397530247,2
2021-04-07,14819.0498046875,36615.87798132636,20516.218313530142,18.670170343921292,47.37133996207228,7.553505385983186,-162.10023539114994,324.1021706754708,20109.940654369966,2
2021-04-08,14873.7998046875,36741.21364916215,20739.18855559734,20.36010094280475,47.37364705108537,7.55654990466388,324.4556139509107,-18.01586371024399,20117.3739571107,2
2021-04-09,14834.849609375,36537.47876709603,20649.93814780275,20.34024323431592,47.374951590545265,7.559721584968261,-521.4475265419397,217.11429023897452,20004.44948719681,2
2021-04-12,14310.7998046875,35304.89066181084,19789.993826116544,17.88102414328413,47.372897558103645,7.561418679156615,658.3608001843916,835.5808901885574,19467.307260894435,2
2021-04-13,14504.7998046875,35946.39783288431,20046.75284609754,20.66370745355982,47.37876141451408,7.564596514635326,359.9107766859976,-330.34192486086044,19342.991777974465,2
2021-04-15,14581.4501953125,35924.401981688905,20173.427942481816,22.394270845054308,47.3790649678944,7.566722757991029,-231.40945210285767,155.09124253379255,19983.29438901655,2
2021-04-16,14617.849609375,35978.08777248107,20320.601354466107,19.544117049052968,47.38024609871461,7.567954415193937,569.1283590550478,648.8708835564678,19425.91264255862,2
2021-04-19,14359.4501953125,35308.63196351549,19845.054585609007,18.264811595125785,47.37886019650944,7.571564093524958,-463.25123802290904,189.4221641354018,19659.619537504,2
2021-04-20,14296.400390625,35248.14413150384,19802.26491811052,19.644839860396544,47.38277972050454,7.574884899331171,-67.76408403390866,166.47094684842244,20936.708452363804,2
2021-04-22,14406.150390625,35676.69656747793,19888.30654640673,21.70922639012886,47.38509526118219,7.576572987467343,-660.5884206278615,1009.7218505822582,20634.270551277026,2
2021-04-23,14341.349609375,35540.94442949136,19871.53870198809,17.547362321405455,47.386639251469674,7.578682289804807,588.627702520564,513.5162180231572,20110.469285363062,2
2021-04-26,14485.0,36018.92721691291,20041.97609711223,21.15711651756836,47.383784286999735,7.580753816057085,-808.9547252323912,680.2907233095927,19539.38940678974,2
2021-04-27,14653.0498046875,36490.89988457366,20427.068944289174,18.643971082959037,47.387666377679594,7.581760198583481,-726.1766785048632,548.4009153622658,19520.583157390272,2
2021-04-28,14864.5498046875,36975.101189959736,20791.5658373349,20.484126162759473,47.39053708659852,7.585171013627025,-403.88524282448145,448.5092174796335,20095.39406347131,2
2021-04-29,14894.900390625,37019.53249808709,21033.645246641394,18.87133744990887,47.39418188679114,7.588617725133386,378.9294698704646,779.207472991637,20410.136018381512,2
2021-04-30,14631.099609375,36308.0598188373,20449.244323974766,18.865966089836878,47.394892974864206,7.590930306116565,231.93795443155415,971.6039813401859,19619.044266221008,2
2021-05-03,14634.150390625,36311.35121410181,20273.996107168263,23.046189832470095,47.39526839137264,7.593545758217326,-101.17974870835735,-105.05507738319346,19645.788180279636,2
2021-05-04,14496.5,35667.552724480796,19972.46255541459,17.18182681893302,47.3953221127274,7.59630241063556,257.57048446691806,389.4047931438859,19866.768776430585,2
2021-05-05,14617.849609375,35940.3101132891,20007.194579893152,20.970732355091087,47.40275910656033,7.599187123402618,-196.16548988445965,387.04037548047165,19285.97127115737,2
2021-05-06,14724.7998046875,36238.87307917771,20016.866069833966,23.462648821842574,47.401731767756566,7.600478271256239,18.971511707198488,271.2168294063256,19303.016331340274,2
2021-05-07,14823.150390625,36465.043056484705,20253.33808205528,21.371043852945647,47.39877303322629,7.603603738742722,510.6904302624464,694.3181888420314,19380.32660173661,2
2021-05-10,14942.349609375,36752.72406165084,20449.210145744,17.337805961921635,47.39825326472856,7.605063589899191,-248.64754928168531,477.06630475571717,20068.994327177712,2
2021-05-11,14850.75,36577.053535603154,20240.99353218807,17.43683898216919,47.397253883742124,7.608378648762975,-456.5490483086824,977.6418593328337,19965.258252615662,2
2021-05-12,14696.5,36005.795570736045,19943.916075810215,18.496749246707196,47.40163342425154,7.60994576718493,38.14868573079622,730.0799227888308,20313.93721110325,2
2021-05-14,14677.7998046875,35722.04756885871,19842.255941638767,20.31581582303975,47.398165447055696,7.6112759616861325,146.10972299662023,809.4107313366469,19177.071061358427,2
2021-05-17,14923.150390625,36334.31946708517,20445.747807892134,20.451885388178106,47.397081574511596,7.6138765207561265,-105.82090514188855,40.25073400412981,19269.498122134293,2
2021-05-18,15108.099609375,36945.800220328485,20660.714100008692,17.456606891400615,47.398253144004315,7.6164528972706,251.352525482413,158.17422279488414,20058.61501776792,2
2021-05-19,15030.150390625,36985.53226415982,20370.950790985637,18.25448508310607,47.40265802256822,7.619181799496527,-230.50365449340484,182.89256353906802,19535.73248288624,2
2021-05-20,14906.0498046875,36765.97685643959,20266.678367016106,18.37703502603996,47.40539741948801,7.620912482934312,-98.9815961666032,796.9356406751349,19569.572199762722,2
2021-05-21,15175.2998046875,37284.186032035024,20683.97625808334,19.638506383770213,47.41085447153986,7.623736973160044,-0.17004697455610085,109.84711416045741,20295.523450448836,2
2021-05-24,15197.7001953125,37310.079584393374,20975.671772871094,23.96939091458215,47.41249185024222,7.626653880439096,-35.055584785022134,118.6196952367714,19677.60280447517,2
2021-05-25,15208.4501953125,37377.470731896414,20927.306932272804,18.133625868753104,47.412480991801985,7.630437742198474,495.30865171553967,63.59337477983331,19729.184168107557,2
2021-05-26,15301.4501953125,37656.47899072337,21188.71627584124,18.046084333728423,47.4156476613865,7.633239145999197,-2.1774999998670808,1225.9081656636258,19808.178315064793,2
2021-05-27,15337.849609375,37836.677851823515,21387.71214459762,17.73371940971231,47.41214617858894,7.6352543373253114,-271.5608539685404,357.33042710016286,19837.36688992557,2
2021-05-28,15435.650390625,37963.48691014189,21484.683023192705,21.271089142484463,47.407616523516204,7.636520060785488,61.19268059640467,558.9664049677192,20190.705400181632,2
2021-05-31,15582.7998046875,38373.64885118574,21635.2178888331,19.917316807289797,47.41114531429995,7.637600777517252,253.5403361080505,57.81480460143928,19440.77184770028,2
2021-06-01,15574.849609375,38416.65455914838,21718.369331404167,18.207546903660084,47.412377014777874,7.640532915064503,159.69417660751822,687.7775199759936,19852.984228892197,2
2021-06-02,15576.2001953125,38547.41913525826,21795.680891487213,19.274408832443335,47.41586902621221,7.6439334449303065,137.5230284651915,-132.09998757274604,20396.402663081313,2
2021-06-03,15690.349609375,38734.37978804985,21802.8851216567,18.416979398084596,47.41391190889816,7.645648716872091,-749.2200574056139,106.29917643986693,20788.5215525739,2
2021-06-04,15670.25,38626.47127610454,21622.50069809714,20.59178256237849,47.418366260310485,7.648507624066795,-1147.005046736131,180.58783015840007,19402.002417992844,2
2021-06-07,15751.650390625,38429.930446656625,21429.09095352583,25.368753213592672,47.42097733694212,7.650935190019687,360.10581544824953,465.6614615524822,20080.22539635544,2
2021-06-08,15740.099609375,38303.608563957794,21486.863385191653,21.101728811384472,47.42148397579758,7.654253373059209,25.54297848245281,162.07530577384216,19877.35088914081,2
2021-06-09,15635.349609375,37944.55350616576,21282.492950937438,19.814022969785274,47.42270601954795,7.65771748618652,-158.63096664610796,857.1994303287001,19918.834068478693,2
2021-06-10,15737.75,38063.349108589144,21429.555114602375,18.670049025024095,47.42434680322976,7.658047420318744,127.72521111206186,550.9669613279274,19648.067406672704,2
2021-06-11,15799.349609375,38252.91803236375,21313.045318522494,17.3131998362303,47.42237660672027,7.6616738022081865,620.9239742663655,193.118972174715,20270.216192461456,2
2021-06-14,15811.849609375,38277.656817663534,21193.19487235775,21.467379462806072,47.42182156306612,7.66451833664154,415.41246633856406,699.2851231205502,20254.847301667523,2
2021-06-15,15869.25,38085.084876935194,21224.764491719194,21.35870835673264,47.42341493010846,7.666577398280747,234.88822912078308,282.01462861808267,20986.53989704238,2
2021-06-16,15767.5498046875,37850.16231653098,20977.371800029672,19.06779800661839,47.42273952836021,7.668662423090994,-504.6902531330574,222.86900882796624,19455.530853300483,2
2021-06-17,15691.400390625,37510.07334790983,20870.90194455384,22.426667965885237,47.41893127173664,7.671280718056274,-452.7163211879505,668.7446942485883,19289.81429135943,2
2021-06-18,15683.349609375,37561.81210338893,20931.204057111583,20.04221387777017,47.42041593803026,7.673361566634912,-1104.5618725470827,-335.84737276645933,20815.261365234823,2
2021-06-21,15746.5,37535.5971774103,21320.960372186237,21.54952147079027,47.42352404055204,7.675007200075735,103.40538955396804,620.4451200186127,19977.926763237727,2
2021-06-22,15772.75,37609.00467517539,21361.088792956194,20.592394004066023,47.427329644438814,7.6768800691144135,293.4508789844664,186.07156173590243,19820.98053184459,2
2021-06-23,15686.9501953125,37342.31485982766,21364.60761510219,19.645728240244722,47.429526576129426,7.678418593388366,326.07121847660477,185.61780890428847,20084.115044310016,2
2021-06-24,15790.4501953125,37659.948763023334,21427.45996601432,11.590230777385026,47.432581497882,7.682341857515698,620.1721885107104,737.4410804768168,19455.510042746355,0
2021-06-25,15860.349609375,37862.656505028965,21326.18423397595,13.208926815274657,47.4361440250917,7.684972457400018,288.37325670907444,-9.36383153094286,20169.37472100746,0
2021-06-28,15814.7001953125,37704.46876644316,21207.777186524665,21.684101337789695,47.436982992543854,7.689797984888895,-375.71098476405757,686.7743898287174,19991.797041375852,2
2021-06-29,15748.4501953125,37301.19928767084,20900.11505545871,18.983729776201145,47.431226242496855,7.69273972493151,-480.145918436306,483.773418749507,20459.12600240703,2
2021-06-30,15721.5,37011.705433132796,20859.075988125067,20.879482791206357,47.43530558614688,7.695897266088553,-215.36993966607963,514.8973076048719,20377.432225447974,2
2021-07-01,15680.0,36818.30024965751,20695.965777403835,17.834528235951993,47.433225631271355,7.697402252918495,-541.1305015585795,324.8373226518755,20415.963524656258,2
2021-07-02,15722.2001953125,36926.23833359997,20520.877237635632,21.560116672260715,47.43043300062492,7.699748585244347,552.3816260034348,309.1853492971306,20120.649597613796,2
2021-07-05,15834.349609375,37126.68115083741,20913.999066975004,20.625882672979923,47.42772277826497,7.702383756958213,-670.9486212262403,858.3965170485677,20692.515482270694,2
2021-07-06,15818.25,37178.04132220958,20821.232798914523,17.595778482327,47.43577651206123,7.704306917857532,-228.82131075568924,679.1380209364697,20285.376407671785,2
2021-07-07,15879.650390625,37295.44477329858,20713.910894446453,19.551970952956776,47.437698155120266,7.706400445496655,-924.4873653723496,250.0957124196854,19845.42098483059,2
2021-07-08,15727.900390625,36763.2705159597,20588.38377480707,15.362881818636739,47.43517330589545,7.709376831125487,468.62194451922596,-163.7628422068285,19739.62187475346,0
2021-07-09,15689.7998046875,36624.673237630086,20439.071842606954,10.981934918693552,47.4337230565981,7.712370727862699,349.04651609714796,-25.342120014199537,19789.825364205575,0
2021-07-12,15692.599609375,36664.972700973274,20577.60788197375,17.85809952275013,47.43432088167072,7.713585808688526,-292.7161414558158,694.4485810152355,20310.86527414058,2
2021-07-13,15812.349609375,37022.11733679377,20675.72496592449,13.361006090427013,47.43654809300384,7.716419454881948,-23.113306412021586,503.60753239992243,19544.7426596057,0
2021-07-14,15853.9501953125,37409.436961635794,20673.899057471997,17.766661460864388,47.437985970017635,7.719520244583434,350.9847342350466,316.48308060477945,20146.864328780055,0
2021-07-15,15924.2001953125,37491.77366469681,20827.16754857013,12.154843831921005,47.435800150694554,7.7214756015341806,132.21564399430488,-335.0312793625252,19754.969013489834,0
2021-07-16,15923.400390625,37478.685211282,20900.17039903872,14.49054799917099,47.43735159032559,7.723327170849362,295.2528442533323,376.1337241586142,19591.042021740148,0
2021-07-19,15752.400390625,37101.747439232386,20727.91867238781,14.020270815202702,47.436118026896715,7.726309962491868,1132.9720007671972,541.073461080871,19660.871571157077,0
2021-07-20,15632.099609375,36787.92618132052,20527.77189162316,18.820960199468914,47.43985877195886,7.726276027096078,-81.12911364297234,452.06696370341115,20095.199616644317,2
2021-07-22,15824.0498046875,37213.60358846583,20898.669064707472,20.32226670356975,47.44062766176571,7.728815083060609,63.146883189613106,993.9409166805001,20417.005167375573,2
2021-07-23,15856.0498046875,37066.06332259082,21043.378150437493,19.10433067581009,47.43894965947225,7.732984292081277,-335.78591027219795,3.708803227332737,19842.94186402993,2
2021-07-26,15824.4501953125,36909.400748281594,21018.391951765392,19.284390419766975,47.44161652185102,7.732920513601056,-463.7742038699048,605.4422561340925,19284.551022767402,2
2021-07-27,15746.4501953125,36552.49631341591,20876.56035591519,16.677456194453733,47.44336625676037,7.736273759123111,-159.18308537945916,93.93359246109998,21394.59022788183,2
2021-07-28,15709.400390625,36207.08677668491,20637.953162510225,19.951127530267357,47.44254165966186,7.739346332160795,851.5704019408897,717.5625725391249,20580.049669249256,2
2021-07-29,15778.4501953125,36266.96025788187,20821.81730954181,15.298187013245101,47.445331935824534,7.7404341519775,235.02892204241581,333.85825672230834,20510.506031719102,0
2021-07-30,15763.0498046875,36076.62435222362,20802.70738328976,20.114851549559372,47.447819287155475,7.743478321667214,-5.424878654071023,940.4067450288186,20795.841040474985,2
2021-08-02,15885.150390625,36470.39651295092,20944.930704537455,22.18101552164486,47.4520247537507,7.74700117272051,-481.35940603621606,549.9125772124671,20182.39514473852,2
2021-08-03,16130.75,37185.25441064485,21501.364348393618,14.660654891890035,47.45475516934717,7.748343727151343,-752.1088153607002,28.798194581876658,20095.82453719783,0
2021-08-04,16258.7998046875,37376.00217666458,21521.9916617491,13.38091738733956,47.454713328705964,7.75015340507205,34.0674672273376,2.6789362736917894,20701.809400983195,0
2021-08-05,16294.599609375,37427.65952994706,21792.84587969567,12.244148893986363,47.45024173917777,7.752694135236894,1302.2838109415047,74.94682769617181,20704.27684972269,0
2021-08-06,16238.2001953125,37009.31594335059,21699.617320814905,12.527472569277192,47.45140167896231,7.756184139406717,588.1561178899065,-3.217212367755593,20413.495028130772,0
2021-08-09,16258.25,36986.40849555156,21773.23387104423,10.558979052125757,47.45302709163761,7.758153056180383,1006.3696804213807,554.1326912541858,20526.444425790254,0
2021-08-10,16280.099609375,37100.28808817295,21756.745285480396,12.965842219803347,47.453780682463176,7.760618691967693,210.91110602720966,532.6914830285168,19675.6319863433,0
2021-08-11,16282.25,37228.320749377286,21543.62403937192,20.29199751712831,47.44534805925641,7.76245920625618,-1092.7324415026644,-48.970233482705225,20076.62278684308,2
2021-08-12,16364.400390625,37328.88892178411,21656.306811559523,16.930842195598466,47.44798454913147,7.764986843707219,-93.48360138497816,161.50804292479407,20873.442115513528,0
2021-08-13,16529.099609375,37903.59182929879,21963.512812116296,14.556640646557753,47.445848398357384,7.768534263719858,508.80990441766744,168.74745504004375,20515.44809301374,0
2021-08-16,16563.05078125,37759.7053432873,22107.231004504938,11.770292039724046,47.448505566792015,7.771138554559619,445.0455443745803,-84.38858454019416,19605.164598835865,0
2021-08-17,16614.599609375,37700.582040575864,22163.599586098866,10.621263448962388,47.454207620967495,7.773277131809387,345.8304813687084,281.4749976221531,19986.17332329897,0
2021-08-18,16568.849609375,37693.40773371912,21801.782293909506,13.086895825590855,47.454049228224626,7.77573804424589,137.90039502547248,588.2552513484009,20828.523595057915,0
2021-08-20,16450.5,37649.23045756732,21416.684695203752,21.623528893655497,47.45596468032207,7.777428710765469,225.88627472129758,667.5426951859798,20394.85649980095,2
2021-08-23,16496.44921875,37839.69717443745,21754.795401502073,19.558767326611225,47.45666301368095,7.778923223983661,-350.53866960038465,804.1205166826012,20289.44273428484,2
2021-08-24,16624.599609375,38158.272288929176,21815.07032043942,21.08396835001119,47.45883976442052,7.782613150787397,-26.873251934920035,184.45964573930215,20306.674286164776,2
2021-08-25,16634.650390625,37849.84426090576,22018.627820493333,19.637749101495622,47.45975009973448,7.786734962940386,-71.86873398695856,410.95233183000056,20192.20256914723,2
2021-08-26,16636.900390625,37550.46880023927,21899.123333335014,21.4340008694312,47.45879915880098,7.78742513816724,-297.40097734488495,170.30569622015628,20018.936690905473,2
2021-08-27,16705.19921875,37739.952778993305,21983.192498273635,16.805483954588677,47.456684332147525,7.79048652863513,-502.51842041582535,471.8290211741699,19898.73620881024,2
2021-08-30,16931.05078125,38250.58515081938,22426.722966972407,23.2083642402922,47.462055729308,7.793822287758666,-320.93203468918443,498.8352727321742,20650.162494816053,2
2021-08-31,17132.19921875,38582.70072550289,22637.06497782203,11.275033103552579,47.463971388262166,7.795084983279467,1099.448713079099,437.95140162027207,20342.399173618647,0
2021-09-01,17076.25,38454.42717255012,22764.971462745903,15.087464659459554,47.467062933018,7.797085154120043,794.9791453064713,544.0475561540868,20537.637267870625,0
2021-09-02,17234.150390625,38865.45531547092,23029.442957474166,12.95563201066209,47.468860121726465,7.7989775695201,758.1554925127914,356.6931491837286,20477.792595818453,0
2021-09-03,17323.599609375,39235.92319997505,23237.489656518123,13.268344199266199,47.472387426068615,7.803345503963179,35.414517290074,-108.05095885226433,20832.216533811144,0
2021-09-06,17377.80078125,39392.709727251095,23287.477344829476,13.017796188059704,47.47029952422183,7.807462458246894,-225.07570918675583,-255.6518142972654,20450.697248064145,0
2021-09-07,17362.099609375,39547.4206063233,23354.364008542085,14.011209170102987,47.47114906855524,7.809003292256086,788.5976863034482,306.0060092115991,20605.384897401964,0
2021-09-08,17353.5,39527.14335383464,23562.636242675104,14.41504908656179,47.47326552689911,7.810003552101934,711.9069041799778,600.1563326583637,20344.359336363963,0
2021-09-09,17369.25,39548.37583007435,23569.7391350317,15.616723023646136,47.47774353568648,7.813233524545002,404.8995906730209,142.56243687952727,19897.259561660165,0
2021-09-13,17355.30078125,39682.03107663678,23792.68564857205,16.315897765194755,47.48636276398498,7.816231945470345,201.78404496661568,-308.2180686399057,20195.08406179515,0
2021-09-14,17380.0,39588.95520589982,23746.055072045347,14.163643093553405,47.488185319851105,7.819927880710012,-235.57786169401265,775.4267870124045,20531.084841722055,0
2021-09-15,17519.44921875,40392.085412751556,24085.963541325124,16.927348478336608,47.48680201763065,7.821318206629147,696.9601777514009,296.82136504843334,20571.818208058634,0
2021-09-16,17629.5,40733.249024922414,24339.532806070525,13.685945085644956,47.48381508837055,7.824488597322295,824.4540459863638,201.34245481473812,20890.94802878839,0
2021-09-17,17585.150390625,40682.61262561732,24111.08331396562,15.654880724505848,47.48170064416969,7.82620112739448,78.36302860352214,-200.39134530191313,20120.04015134708,0
2021-09-20,17396.900390625,40290.89917317458,23833.887576004643,14.357439345812296,47.47997828583667,7.829266010254947,44.96015970415084,154.86486686863577,20403.69126511373,0
2021-09-21,17562.0,41020.55791629387,24107.929709370695,12.401590737149268,47.471875038539714,7.831668030813893,846.4247700035212,356.06524865866595,20264.4532500724,0
2021-09-22,17546.650390625,41111.25617534591,23959.69007613605,13.862468308759688,47.47044807350353,7.836005199707909,93.25421484260727,300.90621616606416,20982.170622682068,0
2021-09-23,17822.94921875,41561.859766086964,24469.236775523743,14.50634375501825,47.473198295607546,7.838886545772266,1061.624083142553,-53.9661384457298,20480.078808404698,0
2021-09-24,17853.19921875,41873.94394811033,24540.654851586874,13.435603737194786,47.474024494825116,7.841003895795068,306.379296853716,132.8804151127502,20492.95386552971,0
2021-09-27,17855.099609375,41821.78074523954,24533.102713828408,14.325713035995113,47.4738486210242,7.8435705560057105,195.3753172533401,-34.80201061102969,20322.636007926798,0
2021-09-28,17748.599609375,41566.09221162228,24348.110597066705,15.230725918653789,47.46958276307198,7.845896137329132,368.0432004853587,649.2484748689178,20250.62412704861,0
2021-09-29,17711.30078125,41258.45530608471,24273.673828968287,13.453253716008215,47.47333399301074,7.847165164269359,195.34730625439215,418.4621935908338,19757.714856760853,0
2021-09-30,17618.150390625,41106.88243583028,24067.802047052726,9.0,47.4754694328835,7.851510873729021,800.4849545390728,-7.300460579892416,19838.928039735474,0
2021-10-01,17532.05078125,40780.10681279945,23947.155703128738,16.85654030298674,47.47603063794969,7.855527755325598,704.3240558301547,-200.54089765651082,20430.16277899686,0
2021-10-04,17691.25,41205.987657096906,24116.171518776973,12.904817139559343,47.47002308031255,7.857766948855403,785.2425171003326,233.34452466937842,20384.450552216116,0
2021-10-05,17822.30078125,41495.940711396484,24722.47336726845,11.853439558335404,47.469150762801696,7.860879652262719,423.8078962776251,2.1547830848166143,20442.574729238488,0
2021-10-06,17646.0,41364.139098936415,24225.02305737892,11.251779408694365,47.47105191795677,7.8653412205333515,167.4582006766548,24.50800088921835,20756.070729355568,0
2021-10-07,17790.349609375,42070.285064540105,24378.316167634854,12.82710819533271,47.471566215824865,7.868985562617935,346.3743970289068,-190.56424006813273,20415.43069423105,0
2021-10-08,17895.19921875,42351.79102599917,24476.952247954516,12.374504337366036,47.47274203002938,7.871082914404704,179.72128337189037,-153.42261735652266,20240.615000654583,0
2021-10-11,17945.94921875,42494.989456875,24862.93295649609,12.025981072230618,47.475398368514085,7.873396988412511,936.6386052731839,198.8010457681574,20302.03803046003,0
2021-10-12,17991.94921875,42551.36693058365,24742.76574652743,12.135747460310853,47.476462585440146,7.8740787638400285,750.9094895194405,69.93646564739309,20492.18651030125,0
2021-10-13,18161.75,43186.04292383883,25088.606139878146,14.559485648119644,47.479011610539125,7.877250114830152,313.39077325711605,898.9543158062082,20242.735933433425,0
2021-10-14,18338.55078125,43593.58252008092,25421.262092233592,17.560726882006204,47.47708096326827,7.880886799118859,-20.58998270850833,328.27602980034385,20837.14374913616,0
2021-10-18,18477.05078125,43883.22972439181,25704.097199320553,15.141143196029802,47.47401264799906,7.884527594893686,966.3358752815269,-195.50855442360398,20403.261401797034,0
2021-10-19,18418.75,43902.6976995837,25797.616217445062,15.745196369509141,47.47604473004588,7.887616965981536,404.67365421772035,-310.690872905134,20515.65778896509,0
2021-10-20,18266.599609375,43411.999327562895,25730.17220108631,12.745179937106522,47.47869195543049,7.890354875293172,297.93301592130626,269.45141659743,20084.513456240027,0
2021-10-21,18178.099609375,43174.73412041277,25511.891785145268,13.709330731101156,47.48084887681798,7.89173984829842,969.8610878875832,30.939871581894934,20857.977405155878,0
2021-10-22,18114.900390625,42738.74508311892,25435.269935350723,14.352964808460573,47.48184363535414,7.894439556343657,146.02047464877285,549.4424848513966,21015.975218336807,0
2021-10-25,18125.400390625,42886.63529668687,25169.87237896039,12.18088421271446,47.48147151254004,7.896185096801564,222.42923946818607,234.55915153798185,19876.054013424557,0
2021-10-26,18268.400390625,43597.60172730322,25424.408416848637,12.648539858901765,47.4827044705617,7.899084673337669,257.6964206496941,-444.75609290830005,20602.041438348995,0
2021-10-27,18210.94921875,43572.56553896497,25208.265352688923,15.209103916666153,47.48444237037769,7.9006923896342185,-176.62766865673643,-155.82728952525952,20399.103243819427,0
2021-10-28,17857.25,42901.65254061264,24600.00952815914,15.680585510200217,47.48636026272056,7.903579964266616,476.29414617037924,-52.58461680213864,20564.43672443255,0
2021-10-29,17671.650390625,42270.65330855016,24050.658584703648,13.634820539030516,47.49478168139045,7.907269013141609,45.06210212861964,282.61108151047165,20638.263867464648,0
2021-11-01,17929.650390625,42995.60872303788,24535.258364814006,11.109685638442548,47.49261927003394,7.910009247874408,121.71130707555093,-165.8257289546238,19543.907631250455,0
2021-11-02,17888.94921875,42726.88275966731,24220.7021896738,12.908816033564683,47.50289724940639,7.9126979380702345,68.22580823933441,195.84527818757292,20774.26481010056,0
2021-11-03,17829.19921875,42531.42340010243,24145.291121512204,10.617337730988258,47.4997267861309,7.915968335580266,115.17191867842254,-250.8449463637241,20923.864189948792,0
2021-11-04,17916.80078125,42894.20505642663,24109.992818068575,13.650404819669454,47.50148379231013,7.920093170793767,14.43421439367421,151.85562569353607,20975.05564315202,0
2021-11-08,18068.55078125,43313.34098483261,24232.43906906358,14.010806222542838,47.49849926456735,7.922337507995666,448.88567104798864,261.00779533446405,20091.69504171286,0
2021-11-09,18044.25,43005.61616999986,24361.56486363513,12.958579157924447,47.50001799589954,7.925207262868225,287.76276300571425,588.4530952073881,20470.94846985045,0
2021-11-10,18017.19921875,42709.507347629005,24403.711333228366,13.98342244476641,47.5035643643741,7.9290643306913156,369.20325528324634,223.67262708154985,20267.855206687014,0
2021-11-11,17873.599609375,42103.45229886641,24338.665893198646,14.333802478167678,47.50426211241363,7.9320765480058615,1291.5152305849251,-95.02047727523487,19708.729407044662,0
2021-11-12,18102.75,42785.4553853069,24948.391859302694,14.013724085814248,47.50778135370052,7.93241418324212,287.775527560321,597.9015260874476,20244.38673882744,0
2021-11-15,18109.44921875,43157.70084745942,24844.00343523401,11.09693941540614,47.50711030706632,7.93403565212936,591.9790488945466,95.04658913766046,20059.275944357167,0
2021-11-16,17999.19921875,43103.91901300563,24885.981789634454,12.99347134897461,47.501560714643354,7.9371208474470265,637.4998397343916,382.070030430434,20646.11054415436,0
2021-11-17,17898.650390625,42516.19476207429,24503.30673526879,14.319685956532537,47.50404084204097,7.939051884672011,324.85735025429045,-33.86873135104341,19844.598135901775,0
2021-11-18,17764.80078125,42408.26808014717,24393.357081276015,23.157423542612,47.504732757014516,7.9428204967833835,-40.48034738198474,427.2334779677242,20117.01137864418,2
2021-11-22,17416.55078125,41659.32518190613,23755.801436384852,19.456148499522605,47.50389391512888,7.947003716688967,-141.72072389502975,159.61961962661647,20310.81991770986,2
2021-11-23,17503.349609375,41630.20999110615,23765.273257590936,21.10168040089622,47.50326223053155,7.948735796785857,-68.97664171540868,496.6779866047627,20845.315642612793,2
2021-11-24,17415.05078125,41349.65793649594,23709.092146346724,21.75630382384765,47.505081975737085,7.950022639675156,-384.6067157392548,641.1484285490853,21674.938437029516,2
2021-11-25,17536.25,41850.41178531114,24043.859978171666,19.60674460325488,47.50323837704555,7.951977814119622,-347.68452383192954,251.56021734263405,20663.709453663556,2
2021-11-26,17026.44921875,40622.617422874544,23347.40322216286,22.29681549497468,47.50496411147424,7.953872255844693,-143.2310986867695,234.69762418399773,20120.17755068755,2
2021-11-29,17053.94921875,40482.31686950208,23422.874491000744,22.40434766286179,47.50913002253111,7.957718696253383,-938.7614575403975,507.0454655391886,20270.207526317503,2
2021-11-30,16983.19921875,40396.565451180344,23325.017849960856,22.76076946812238,47.51591023296495,7.958990698072283,448.4291159061298,152.49520900606333,20824.879013527512,2
2021-12-01,17166.900390625,40532.052087125834,23704.565836692913,20.916864337971063,47.52072381257823,7.962037439615385,714.3432071996518,-55.38310620064544,20005.950181904056,2
2021-12-02,17401.650390625,41109.687946339924,24140.712986155388,24.72027449931507,47.52180904887713,7.965726554990304,-81.85989603011427,505.9589255203707,21015.53186110855,2
2021-12-03,17196.69921875,40765.66499223099,23879.36418368524,18.769433774471317,47.52318204417685,7.968844009959525,116.18767090040188,367.6908470140197,20681.992683438577,2
2021-12-06,16912.25,40033.58585301546,23438.7246938936,24.24815517235788,47.52258129859541,7.971575647894387,282.4230680201986,361.34218256782646,20523.100377435614,2
2021-12-07,17176.69921875,40646.92556895251,24003.751177970043,21.536598977316867,47.52178436816556,7.973705558526797,-679.8678958313076,556.321124374372,19886.131563654635,2
2021-12-08,17469.75,41564.549553649864,24262.21031028487,22.680774666053438,47.52500046356094,7.9778435871788185,221.31117811376936,598.2251057291235,20963.586742157397,2
2021-12-09,17516.849609375,41850.85849238477,24321.668179986584,19.359924490916576,47.52467793338597,7.979884304796371,-320.57591777369004,351.69943252384036,20276.088346732882,2
2021-12-10,17511.30078125,42056.08232691677,24111.39242749129,21.688949405927524,47.52637623230924,7.983115474713278,766.2896919267376,63.19917841301435,20658.07780827085,2
2021-12-13,17368.25,41825.886000161816,23915.85886211672,22.853948327328727,47.52408870378702,7.985236528514985,-225.30382799947787,208.42395904865623,20535.07481850632,2
2021-12-14,17324.900390625,41892.02300376121,24080.40109903931,17.825282712552255,47.52879964173494,7.985671508929933,213.27288926866407,575.4891791396168,19952.195859079344,2
2021-12-15,17221.400390625,41739.82023698705,23840.47809129423,19.673347436369163,47.52843227174399,7.9876754353164285,-221.36517214405325,440.9207990334945,20514.839267673226,2
2021-12-16,17248.400390625,41856.29935914354,23903.617048870743,15.717494623537625,47.53229620925598,7.989789597299626,728.6771025321788,235.072190272756,20115.979556450475,2
2021-12-17,16985.19921875,41174.32755573197,23576.662931774248,19.643334046301685,47.53078473972416,7.9919135158068375,-354.9400868155621,164.6840542494629,20351.13757357958,2
2021-12-20,16614.19921875,40158.700017364696,22683.549515825332,18.36798361307983,47.529114608246275,7.99351737836622,316.0355149309557,585.3468430767781,20803.60459876141,2
2021-12-21,16770.849609375,40381.07390849666,22869.90272139584,19.56446462406653,47.533698703590346,7.9964041714970495,100.67115298077854,333.50427833138343,20919.970847966484,2
2021-12-22,16955.44921875,40717.087704158,23224.72522499167,25.847286715209318,47.53242068104629,7.9993991250611325,11.723984665664204,625.8150336316409,20627.655045278367,2
2021-12-23,17072.599609375,40981.47062419959,23014.550647109776,23.435607013594396,47.52831698029517,8.001348002713739,-58.39703958209094,663.8007392315683,20275.341331798154,2
2021-12-24,17003.75,40839.502307604744,22769.604166130524,17.121104926598736,47.52579715868495,8.003285307427907,-416.8050070787452,306.1480749144446,20377.96892415756,2
2021-12-27,17086.25,41295.35877077931,23054.336560210613,21.11147660319881,47.52896728472795,8.004482954270474,-1184.4225241736308,684.8942454508295,20375.784807955315,2
2021-12-28,17233.25,41681.05364017843,23434.187519972067,21.597862174118475,47.5318491463577,8.006982457797738,279.75684338464595,441.52292633857996,19772.553978919674,2
2021-12-29,17213.599609375,41796.23631835679,23454.76231991695,19.32420582659082,47.530161643108805,8.010602315700506,-345.53564413771375,480.3274712752119,20690.715419271663,2
2021-12-30,17203.94921875,41951.19292453813,23563.384264686014,20.356615206317098,47.5288664870052,8.014219659894982,317.84005747281185,-256.62472853358713,19976.889887267607,2
2021-12-31,17354.05078125,42316.5556950557,23842.135546891255,20.551964414829996,47.531485534484084,8.015856017642498,-9.320892833734007,108.7236105029636,20702.047031707534,2
2022-01-03,17625.69921875,43154.02987085414,24375.310735208,17.30677725427628,47.53603329611966,8.02007948735074,330.1027124080482,124.99169083676793,20072.10455545984,2
2022-01-04,17805.25,43597.82460811155,24628.420765439656,17.937341291827703,47.53642689750125,8.021946356240592,170.75700804378948,304.40358327892915,20181.727607357225,2
2022-01-05,17925.25,44155.14002520126,24845.669459231354,20.34459343688198,47.53868961274756,8.02315621047261,-1135.8780721916803,434.3053022961334,20962.317405323625,2
2022-01-06,17745.900390625,43783.05000423874,24456.175160853036,20.198805055963533,47.5419099119472,8.024016903035122,95.95824649919882,446.5750975122922,20700.920534527122,2
2022-01-07,17812.69921875,43755.85459989665,24753.84096044133,18.58287456916546,47.54896892164274,8.025159910393326,-287.47019424579366,485.7240840373757,19915.63836859194,2
2022-01-10,18003.30078125,44302.533839685566,25303.694341031856,18.411247720292312,47.54610177369914,8.0277096629278,316.00447490727055,194.51662262014872,20469.504761619886,2
2022-01-11,18055.75,44738.702901630495,25603.41796331682,19.820441500657587,47.54469560347435,8.02966492044884,86.48299805471987,607.4088891324515,20814.385841591513,2
2022-01-12,18212.349609375,45134.840589841464,25808.01088299408,21.772301905966547,47.543776183472005,8.031242344503477,91.18761518624282,942.7865330654772,20454.437742820715,2
2022-01-13,18257.80078125,45340.03935677477,25737.70525635392,19.84702845810626,47.54685875591815,8.032601083019324,-258.8971182833002,294.002533765262,20573.836707742477,2
2022-01-14,18255.75,45433.53426323754,25932.165283036484,23.2454616612713,47.546703002752,8.033717792167051,-515.0424768431166,200.89954976990546,20822.211849254607,2
2022-01-17,18308.099609375,45388.478987252536,26106.612275645017,18.60835890467488,47.548239740268166,8.035027434387866,-323.15478358821025,194.4004528267381,20744.645135601095,2
2022-01-18,18113.05078125,44951.40773454161,25825.8441942812,20.38621960290965,47.5492052691277,8.038239014911714,-869.9569046123794,425.6403479591475,20319.753660288847,2
2022-01-19,17938.400390625,44229.86648083965,25431.87281147,19.291409141791988,47.549810480505364,8.042235205524321,-386.13749381865824,242.27106711609878,20745.46718202043,2
2022-01-20,17757.0,43631.2715185042,25189.37599078487,21.17592189282622,47.55073267022853,8.046289878568023,-735.6636398157729,-119.09852392496293,20622.071708494725,2
2022-01-21,17617.150390625,43441.434687718174,24790.481158399587,18.436824235549608,47.55442237237331,8.049163128391514,-725.0963215031243,-37.02556173550158,21461.70337978495,2
2022-01-24,17149.099609375,42250.49338204719,24104.116695389494,23.85479550798751,47.55211061542649,8.050853656832786,-103.40846110951622,706.0570418402333,20708.590536465963,2
2022-01-25,17277.94921875,42549.28114552644,24524.48859427058,16.618775193847988,47.5522652468537,8.052365280870342,63.61957580158429,784.5382120370125,20812.45533873982,2
2022-01-27,17110.150390625,42172.39661660581,24478.72435425716,23.430960479360493,47.5492194136163,8.055297482756108,-162.7173920700863,879.9668763873924,20869.34687069427,2
2022-01-28,17101.94921875,42140.03679862247,24568.87287596579,20.179976938217667,47.5504990844007,8.057223802643726,-349.51619893536076,467.891331633813,20632.664582142417,2
2022-01-31,17339.849609375,42791.96645369537,24776.138769854482,21.104849163493824,47.550512497818474,8.059805004821278,-528.9632648955703,102.72834761385656,20472.50048919262,2
2022-02-01,17576.849609375,43554.47231690729,25215.693301639636,22.669049806183914,47.55432022721618,8.063901327504038,-276.8771969458843,268.5951552528454,20967.679265897983,2
2022-02-02,17780.0,43983.58707699254,25898.21500283218,21.71532299033214,47.55490575755453,8.066280631382083,-478.8892164910983,-47.41629049395448,20976.176403475205,2
2022-02-03,17560.19921875,43396.52702516495,25384.218945566794,18.539946224413878,47.554174240154325,8.07071754028536,-175.1322968485245,-58.9675968625923,21652.533305617497,2
2022-02-04,17516.30078125,43223.33328352784,25299.19889376241,21.200179110525205,47.55403411001011,8.071746296637341,-758.6127096315622,476.57881316881804,21100.508473110134,2
2022-02-07,17213.599609375,42141.32429751271,24991.019530449103,23.734947945269234,47.559804382650924,8.074345915506473,130.52703128229115,561.7034648221055,21112.649410326172,2
2022-02-08,17266.75,42129.30074861044,25176.841458204733,18.225416575678356,47.55569414081811,8.076808405373066,-376.8124488302769,987.5120667178729,21100.493904302984,2
2022-02-09,17463.80078125,42929.94803321766,25906.660633932745,24.236857022387955,47.55441159251626,8.07796962593564,0.5027601129353627,375.0719271442012,20519.670529183277,2
2022-02-10,17605.849609375,43382.48794855091,26045.983393966933,20.771404971937127,47.55511961664826,8.08091312342038,204.88879825247682,-7.350443241680409,20288.37326309667,2
2022-02-11,17374.75,42534.80050918094,25487.12638324308,19.133544456159484,47.553810337308526,8.084582307090283,-18.851647227599955,363.4238848734903,20399.207070369965,2
2022-02-14,16842.80078125,40873.556503281085,24748.843536141925,18.213421230783492,47.555882382326814,8.088919873963595,169.65071583923304,315.2622402659797,21108.59574843094,2
2022-02-15,17352.44921875,42237.9749663534,25480.525181278943,19.55342585118345,47.55631292601248,8.091462575915667,-976.6557051416285,252.630496960466,21419.315438929483,2
2022-02-16,17322.19921875,42421.14100180337,25397.27564892898,16.08944333785901,47.557680880720376,8.091690387898959,-347.14266548155456,503.12487024246246,21138.016380222165,2
2022-02-17,17304.599609375,42342.114176627416,25356.340406627096,19.169511061882424,47.55863436512621,8.094291794856053,291.23066671563356,35.658241268191716,20767.68081493133,2
2022-02-18,17276.30078125,42487.559983322084,25464.424171144732,19.474145512288775,47.558925228947516,8.097154661733462,53.69181532648861,439.21642984778845,21541.21690878159,2
2022-02-21,17206.650390625,42359.14503577589,25435.099418080816,17.851172701775162,47.555652757741846,8.099036864839311,589.385306220585,595.4689797158436,20662.37297950866,2
2022-02-22,17092.19921875,42129.68572840241,25302.18099066643,21.49569038980872,47.556781035029424,8.101365846752234,531.7521919868069,825.9213310695889,20373.569864548335,2
2022-02-23,17063.25,41827.19198556162,25189.911085806383,19.562467424421225,47.55209080852175,8.102992748339464,-30.1631462197453,493.1127547107817,20962.99198278325,2
2022-02-24,16247.9501953125,39834.668595591225,23960.253146376235,18.728410910771146,47.55067492557686,8.104965837671712,-250.7914475539227,712.9361351557831,21401.5372458667,2
2022-02-25,16658.400390625,40902.27566947506,25301.540291165,19.349332129862912,47.552742541434924,8.108086558393444,-533.375485226796,266.83118790817156,20515.398857138505,2
2022-02-28,16793.900390625,41412.61352213876,25655.906260975833,20.710214946631694,47.55691160404205,8.111575256448132,-340.32342621409896,308.71291777623236,20160.941496918225,2
2022-03-02,16605.94921875,40772.9157985715,25328.79478117705,20.146442420933987,47.564559852417894,8.112400654214458,-313.2987633957465,804.3541123646925,20893.40669483399,2
2022-03-03,16498.05078125,40511.216846970594,24937.123871611664,18.598049823824844,47.56387509048268,8.113981862701696,-387.2996769526859,-11.475327489144775,21204.908626982076,2
2022-03-04,16245.349609375,39890.49885314699,24389.489580229758,20.251306948080888,47.561879716592024,8.114482355088544,-517.3350990964185,279.0579093263219,19649.30291092087,2
2022-03-07,15863.150390625,38835.49385127247,23664.993076505165,23.898648084867485,47.5640465672446,8.118406034070697,-339.369364991182,1038.5338920177899,19810.13225256159,4
2022-03-08,16013.4501953125,39337.73135921232,23820.705952304263,21.721071553702373,47.570256473689085,8.121358568009814,178.65587125689376,636.6664855742467,18903.74411323499,4
2022-03-09,16345.349609375,40202.029304423304,24418.237253683837,19.42299061298548,47.57545470806737,8.121435710591538,223.3027072921035,314.31939043862377,21205.94233808404,2
2022-03-10,16594.900390625,40776.88437660603,25136.45650204368,21.158676540841775,47.57294947045165,8.123445705252555,-278.9680233081293,320.4003650300464,20073.033356029006,2
2022-03-11,16630.44921875,41136.411921179126,25390.44262574658,21.144276519793017,47.57312794288926,8.125233150939671,255.61153904028373,435.14553245417363,20296.152117506896,2
2022-03-14,16871.30078125,41972.73736353008,25810.952320375094,19.54007133519321,47.5762790447387,8.126544483998641,-11.33965326444715,725.8251525757723,21176.923971115044,2
2022-03-15,16663.0,41280.72714620368,25247.660120163804,21.353545589571954,47.57963817819601,8.129644392485057,-166.28174037473704,677.2694554969642,21431.881624834587,2
2022-03-16,16975.349609375,42236.68362920128,26030.054411905934,18.040089006030758,47.58201376396754,8.132717761599658,-191.2490902589617,403.43717244968826,20924.35300976171,2
2022-03-17,17287.05078125,42970.61867516651,26602.14548178498,18.10202432361335,47.58126751821551,8.135043538535005,-229.97605519530555,727.7165702472387,21936.076796266956,2
2022-03-21,17117.599609375,42308.814046111285,26020.123625020682,19.49749007341264,47.58361641386924,8.136454546437777,110.42644909490804,502.53788899892083,20510.0544145685,2
2022-03-22,17315.5,43027.86880799491,26496.649017864496,22.99513227217427,47.587004466283865,8.13787028575083,-94.13196708943144,657.7360503462494,20509.653062788126,2
2022-03-23,17245.650390625,42546.35936717392,26531.472515552123,20.32650325307641,47.584808406056915,8.139959518835635,-441.369119030796,91.48915777210055,20821.76677146492,2
2022-03-24,17222.75,42642.05746329808,26106.458805364997,19.449268380668457,47.58939911375425,8.141543999812258,-460.7408436401407,921.565820029919,20806.843832983523,2
2022-03-25,17153.0,42409.62231646818,25851.679468186023,23.088276002413295,47.59297499229614,8.143576098714641,-27.638407487332728,466.06391624362857,21077.316068639568,2
2022-03-28,17222.0,42561.66533796051,25959.5611923751,19.426123129592924,47.59134910779755,8.146168395226798,21.460486273310096,-424.4928041953442,20652.08300039259,2
2022-03-29,17325.30078125,42913.69408037472,26262.57386334466,24.469466474571988,47.59472383728262,8.146665369290487,-275.2530577267137,897.8581520408068,21206.590082663995,2
2022-03-30,17498.25,43488.498103528815,26496.94273537924,18.977433752758508,47.597763178249075,8.147933966710156,-602.8022490984977,401.51647936319864,21201.67299060955,2
2022-03-31,17464.75,43253.804469983734,26304.476500761695,17.9765425414974,47.6009166362074,8.149923326710645,350.3860468340529,281.3518116545821,21655.627979824287,2
2022-04-01,17670.44921875,43943.813779444594,26795.54674993799,19.66727605029625,47.60624455537072,8.153507987921724,265.4418438108403,218.29508044384025,20777.920064731876,2
2022-04-04,18053.400390625,45024.39103724007,27424.368597912195,19.501831478325965,47.60681317003351,8.156368893247826,-944.9506003893993,531.8505605603106,21130.250892240634,2
2022-04-05,17957.400390625,44537.468926157846,27338.698928080772,18.384560047301434,47.60840773398098,8.158377128584899,385.8331693254121,133.48332431881323,21248.229367038242,2
2022-04-06,17807.650390625,44100.81385043148,26886.576071738615,25.203948156316873,47.6010915492155,8.16078749638022,-233.59031893320557,226.9280611987803,20995.865619584805,2
2022-04-07,17639.55078125,43887.065353214115,26368.904176639484,20.6372531356105,47.605039017305224,8.16269028347994,-74.00516798914295,234.13656885649357,20915.03681692469,2
2022-04-08,17784.349609375,44583.135169883644,26750.885351138022,20.928499147343167,47.608697776557996,8.165768022268853,305.2892240210508,312.32588688932884,20141.8539993581,2
2022-04-11,17674.94921875,44409.72150857839,26594.405973524103,19.076241465726156,47.61336587947235,8.1681985066661,511.0155146516214,245.43752508044173,21049.105365292362,2
2022-04-12,17530.30078125,43802.67255285294,26480.670547893602,18.84466123050974,47.61115583825084,8.171470246585063,251.14611401821196,655.8442394964586,21269.44524942389,2
2022-04-13,17475.650390625,43738.46979508658,26297.62201971006,22.0511167114354,47.61464197440822,8.172104048218728,-53.58780041977634,481.3186914393099,20999.84925341943,2
2022-04-18,17173.650390625,43061.19171904434,25635.303902972224,16.648316454820478,47.61829822229754,8.173283190863794,-700.2562745211993,517.911021503285,20700.1989461852,2
2022-04-19,16958.650390625,42595.72527480144,25460.080601279988,17.714271054419264,47.61694547245932,8.175539280497151,-960.4927295938953,583.1806640551863,20327.84208201266,2
2022-04-20,17136.55078125,43225.60330504577,25548.083392825996,19.50538298878489,47.62071336574021,8.178010487351496,201.26357560980142,372.07171895028966,21229.955306570955,2
2022-04-21,17392.599609375,44005.819528497945,26206.332447018838,22.702094611268624,47.62270248787331,8.182384691108455,386.8121382977906,93.9072012628531,21058.310466021565,2
2022-04-22,17171.94921875,43383.41130150741,26015.704193714606,19.250966054061053,47.618208452552125,8.182546971708284,-475.8579443352192,941.5517438130645,21634.571249937104,2
2022-04-25,16953.94921875,42677.806676734705,25754.94772059277,20.83230311454839,47.62056189501353,8.18448007792228,-257.9119858954919,678.2603963888237,20444.14386258047,2
2022-04-26,17200.80078125,43038.859928912774,26100.958922483653,20.055457358776184,47.61886027442325,8.18636448394764,-372.906355354182,883.8481041806751,20861.43171657175,2
2022-04-27,17038.400390625,42652.095532141444,25680.78838308192,22.592516825873616,47.61443247867941,8.188560789455112,-383.56002939560136,710.3615262884348,20507.917509963587,2
2022-04-28,17245.05078125,43257.12575347003,26024.464935570548,16.830553963574157,47.61613213850611,8.192248648199438,279.9844735567861,261.8885788403555,21501.68616895675,2
2022-04-29,17102.55078125,42961.42912526144,25568.239280642105,21.471926407445554,47.61653614639682,8.195075645527377,-62.65074689854305,-304.3933814986598,21596.92193353907,2
2022-05-02,17069.099609375,42640.35189235139,25361.53518952719,19.602202140514805,47.62134758710991,8.19541846888772,-241.67132455826766,31.2710723416763,21890.278413210268,2
2022-05-04,16677.599609375,41685.41458256233,24768.647736273262,21.849768387838814,47.622492744473035,8.198895174378052,913.0080082041491,590.9566140124709,21304.661725514663,2
2022-05-05,16682.650390625,42043.40810330909,24874.37511564241,18.36143578779937,47.625428302453244,8.202340084214796,-723.7683596030241,369.47562419904983,21422.74196723141,2
2022-05-06,16411.25,41310.68352680837,24240.35016440085,20.048786139725678,47.627554730551395,8.204538298786947,69.16443259831419,274.0450423252766,21278.86520745169,2
2022-05-09,16301.849609375,40998.75438210843,24144.966194236385,19.794986578174633,47.63121760261547,8.20485175917524,-569.591314068878,-348.6660504954041,21341.783990108102,2
2022-05-10,16240.0498046875,40878.638026614884,24100.98175475685,17.995129057359176,47.62915838058036,8.206627443920882,-212.97474879769658,396.0618207267155,21125.700923919474,2
2022-05-11,16167.099609375,41009.1734519419,24189.56887260555,17.439173974106073,47.630353990470695,8.209019546184432,-90.54464621493076,75.46643492430957,21371.30695791179,2
2022-05-12,15808.0,39774.299817321385,23674.28948251288,22.839177276273716,47.63053178276147,8.211935534512397,-162.16171214596324,482.6852257702234,20477.494997111848,4
2022-05-13,15782.150390625,39751.257129137135,23854.063707737863,24.259862257989997,47.63309283291299,8.212080579574597,-604.4727580644089,955.0312290691411,19727.635562629763,4
2022-05-16,15842.2998046875,39790.77853842999,24032.102269339593,18.486175551391014,47.634460272143286,8.213223015934632,-296.77923911873677,91.25741377479704,21135.33513670348,2
2022-05-17,16259.2998046875,40870.204492057455,24949.566040045807,19.339852873944363,47.633218158545326,8.216228613838854,-261.63403912540315,119.89320838804241,21213.951127773948,2
2022-05-18,16240.2998046875,40809.60709069548,24722.937378338767,16.228405291032857,47.63280435792557,8.219633993533671,-581.9810745204702,455.67409822303597,21072.273391498053,2
2022-05-19,15809.400390625,39957.462996276,23921.95080140834,23.25870015903254,47.638349866051186,8.221964161283623,-247.0760791633254,961.7086274839928,19757.418499682906,4
2022-05-20,16266.150390625,41545.930250438716,24760.05900629962,22.04717329325001,47.63386681269655,8.225008332084993,-37.46625168723668,279.18823137796113,21068.007357960796,2
2022-05-23,16214.7001953125,41475.91147733164,24630.209169963353,21.410360651940167,47.63659490681715,8.22735528280709,24.067468526020036,840.1646215068722,21634.365259690367,2
2022-05-24,16125.150390625,41162.65461055584,24532.768635953023,19.82615612594571,47.64091924570735,8.230206040488095,-177.8172010132323,16.399246622451926,21597.254120124515,2
2022-05-25,16025.7998046875,41294.322391720336,24444.922707982143,20.487305450028327,47.64325575716486,8.232234831781996,-227.1511839560373,-36.21668018252268,22077.201123515126,2
2022-05-26,16170.150390625,41634.24085927653,24768.803585759964,18.343479208811686,47.64976878191875,8.234594438079586,320.24013529234054,-61.78579948557706,21155.6403328287,2
2022-05-27,16352.4501953125,42057.57927581808,25079.527973339824,23.2488773665828,47.65318432885998,8.23524829863157,258.71458806280634,-95.65512932312942,21292.869477892466,2
2022-05-30,16661.400390625,42636.99774290781,25541.622091187237,24.13552501302781,47.65493670000119,8.237842049105005,415.92023447375516,500.96468954803487,21280.304927038494,2
2022-05-31,16584.55078125,42658.77754505332,25568.408745107194,20.329647261411946,47.65413651132594,8.238457276213511,-0.962259401651778,106.66320418324824,21265.310553836483,2
2022-06-01,16522.75,42649.134978160844,25507.799417210485,25.181371672122985,47.65594451366748,8.241041831687397,391.0656378621677,-23.057709154765746,21664.608161697688,2
2022-06-02,16628.0,43366.411786189456,25546.91556251754,18.639635256929317,47.658589559428044,8.242462340228215,-316.43305588816565,513.9390085406817,20502.166765434184,2
2022-06-03,16584.30078125,43001.55470053936,25436.898131557762,17.497841519862092,47.659200060701124,8.244687765014065,-230.3407144565325,647.1847741572151,21391.21763381893,2
2022-06-06,16569.55078125,43210.80670657398,25145.368631839552,18.580752491811765,47.65757158087339,8.245586342429469,328.04030147278456,715.2575190746197,22047.211147043992,2
2022-06-07,16416.349609375,42785.55821130243,24873.197503267555,19.56101946985002,47.65455891287537,8.246930038798114,187.3686153040955,662.5853394009323,21784.07118535165,2
2022-06-08,16356.25,42751.22991315971,24734.706673448916,24.624133102405928,47.655715133531515,8.249141237475397,-266.1801627659586,124.56896018722318,21740.738366939946,2
2022-06-09,16478.099609375,42819.84043830286,24870.945068430443,19.43768174518808,47.651874184908166,8.251734712866147,-568.5032944078844,482.8272893349116,21573.42660452379,2
2022-06-10,16201.7998046875,42284.87325596827,24608.369790909434,18.280688374391957,47.6510595568398,8.254663556614103,-231.5856827969891,549.0614732177273,20968.309246476743,2
2022-06-13,15774.400390625,41204.923796253745,23676.76048510172,18.203082280845127,47.64436433542716,8.255344437164046,-423.9473765108139,257.5350264732722,20907.897844202795,2
2022-06-14,15732.099609375,41077.164067442885,23700.933206832797,22.28004422408656,47.64746339101603,8.255670153046825,539.8013929954699,449.4256311714145,20916.19134365126,2
2022-06-15,15692.150390625,41121.44434280816,24098.451453058893,25.994603496618073,47.65152553114354,8.256517582767817,-195.98374259209965,324.5145310114951,19300.100019288577,4
2022-06-16,15360.599609375,39992.64175841637,23724.0394555166,23.02904362729278,47.65236237532433,8.257270590826261,-806.3690309547063,511.7199471717396,20128.47801699898,4
2022-06-17,15293.5,39662.799878993814,23593.306659683964,24.248431767845688,47.65845675241991,8.260651909158234,-1317.996384266005,1011.5361916764249,20339.453858573426,3
2022-06-20,15350.150390625,39714.15546306786,23457.763219672797,25.74281291058143,47.66309891267656,8.263802472690701,-1211.3253095138223,1352.2627963041584,19935.597882838974,3
2022-06-21,15638.7998046875,40095.9803801963,23700.784292069147,31.442487674999086,47.665138269822,8.26461207035138,-1123.5300953865335,1245.4318839965517,20086.765963874182,3
2022-06-22,15413.2998046875,39669.6118007188,23208.093062173422,29.37761576909894,47.66539862673926,8.268124445732077,-966.6801575188778,1098.2575433202956,19889.331566311932,3
2022-06-23,15556.650390625,40365.09808197805,23323.90002858942,28.13092275111661,47.66495043238261,8.271202855529534,-454.1814036476451,923.9100116324329,20002.95093225626,3
2022-06-24,15699.25,40602.943243793896,23429.652759502864,31.737666346302117,47.667237905605695,8.271367001659605,-1286.6067565412013,877.4308461074044,18945.052780063437,3
2022-06-27,15832.0498046875,41068.223235745405,23599.28463337131,31.916652545623034,47.66741422508301,8.27212634914286,15.814897938619993,465.72001383370446,19911.90131928375,3
2022-06-28,15850.2001953125,41054.584029070815,23610.03646729753,27.9281207960774,47.66965891568798,8.272252492936461,-1277.3200947314617,649.3480398331484,19623.62050792937,3
2022-06-29,15799.099609375,40989.90327247165,23621.800555405902,27.964856478936667,47.67212627652948,8.273947131793225,-1463.6190924378398,659.1435436218926,19780.863950563125,3
2022-06-30,15780.25,40782.29013741509,23326.689439251306,26.835906635775846,47.67203753878605,8.275741574315758,-224.67806987061158,1072.4277946621949,19890.87220279631,3
2022-07-01,15752.0498046875,40487.02729272434,23134.234022626344,27.43079342502973,47.67592489623292,8.277529947514042,-371.49776006521756,1183.484331445748,19522.69467133036,3
2022-07-04,15835.349609375,40981.10330387542,23248.074001031488,25.027350048399757,47.675839242462004,8.277271849497398,-972.9395191025142,1120.9720258579387,19384.683664278775,3
2022-07-05,15810.849609375,40895.742136320194,23164.16141088752,25.019227247631882,47.67650325810794,8.277609029054707,-747.4670739501894,1254.7999314209396,19519.928345968212,3
2022-07-06,15989.7998046875,41913.52703538872,23872.232383399827,24.554682262188198,47.674170684306965,8.279629384642408,-737.3723523591945,921.6772654579439,19246.127598160936,3
2022-07-07,16132.900390625,42339.942886890254,24180.476909719502,30.16867401383889,47.67395883410199,8.282007583183026,-845.3150285025765,605.1209452218342,19366.91434766461,3
2022-07-08,16220.599609375,42436.39035716902,24104.228628626563,16.877195554174875,47.68103342946991,8.281739516422531,-668.5918153881892,385.0201310952229,20888.131390065457,2
2022-07-11,16216.0,42631.87011210463,24156.56282890284,23.89992459741231,47.6789322697633,8.282205890576904,-1142.786873066501,182.54887287025613,20715.12888752418,2
2022-07-12,16058.2998046875,42284.80604510762,23954.593675831384,18.53924421760119,47.680845406844426,8.284971564697274,-487.8904729293668,597.357997526829,21557.908392263213,2
2022-07-13,15966.650390625,42142.52374333841,23773.240254156874,23.474699813565074,47.68008193338769,8.285486220457079,576.461764548379,292.2737790707821,20953.075579638753,2
2022-07-14,15938.650390625,42262.09893095209,23551.177582543027,19.26989131426905,47.67404022888314,8.287206271469882,592.1654010906625,370.44051482966404,20547.118724329786,2
2022-07-15,16049.2001953125,42474.718763752266,23999.843274869458,16.867626458159044,47.676317140153,8.287617212690595,-254.73478579692355,608.0866689013251,21176.148520283776,2
2022-07-18,16278.5,43125.56892188012,24258.638035868775,22.567557796130938,47.67524876737618,8.290174906907694,-533.1856890094685,177.67171312253024,20877.112787839134,2
2022-07-19,16340.5498046875,43277.0819223042,24466.66336446891,22.80373125526645,47.67680589102521,8.289879857526904,-38.75151210824788,689.1929757466748,21980.815534176465,2
2022-07-20,16520.849609375,43579.96386006856,24822.54918439959,18.187897999465978,47.680375047912925,8.291293045888898,25.59247818681024,-4.278905587884083,21419.406040546517,2
2022-07-21,16605.25,43779.37129148322,25065.38494225649,19.3366954668051,47.681678843065484,8.29394670716141,90.28780771762305,491.9652903816476,20739.25510738019,2
2022-07-22,16719.44921875,44348.2511361881,25533.254766798404,18.18840812687804,47.6832637396032,8.29626579139249,-1160.811473135039,372.73030080321774,21615.813251705866,2
2022-07-25,16631.0,44132.806079262795,25457.31950824831,19.75894661108456,47.68125991983178,8.297506428751761,1113.1024735300648,648.2025389271937,21414.104725536807,2
2022-07-26,16483.849609375,43470.667866574106,25104.165036242877,20.21565829488171,47.683980395914354,8.298508183781491,302.98986721745297,-12.312188559195477,21280.781770965605,2
2022-07-27,16641.80078125,43658.73803249357,25563.571163994067,19.29723388176914,47.68401134387298,8.299971405227533,-229.14548149586662,-59.23733683736339,22061.431362479565,2
2022-07-28,16929.599609375,44794.51302247008,26000.97967967684,16.362217209218294,47.678616058051084,8.300373846286387,-437.3910520643413,625.013315758341,20975.542788195395,2
2022-07-29,17158.25,45448.55049933622,26451.760349851684,18.838241369819954,47.681697791337214,8.301961298575193,244.9222776318419,282.7233575352438,21840.98007581101,2
2022-08-01,17340.05078125,45862.43497812778,26583.184289415174,21.407037527108084,47.68569673989602,8.303561543279175,48.15784601381654,372.7593688695384,21227.730812376714,2
2022-08-02,17345.44921875,45827.890345770466,26428.75844105243,19.58220091480817,47.69074010726269,8.304822369081494,-113.14100478619548,202.07525172725852,21400.223049271928,2
2022-08-03,17388.150390625,45681.41875713163,26515.12280742536,19.34511874487659,47.69785257626991,8.307497139585118,33.33385345632462,673.8431139481711,21092.01161330567,2
2022-08-04,17382.0,45924.324457418865,26562.469767564864,11.63844690993847,47.700773179912794,8.30809672013816,304.9121583101542,239.76486312301174,21124.296309859794,0
2022-08-05,17397.5,45897.17688183494,26320.682507958787,12.279897261604766,47.702915096266096,8.308058031659886,510.7449062869208,222.19922641711307,21236.409863349738,0
2022-08-08,17525.099609375,46522.730289228435,26632.705725807926,16.31789621316392,47.70678973949196,8.309194039479229,640.5451403814014,-200.88614045245845,20613.68637585844,0
2022-08-10,17534.75,46560.53764197999,26519.60361464448,17.720445486395786,47.704728754051914,8.310974986075705,-12.673250367189183,550.4516659613207,21581.937657133454,2
2022-08-11,17659.0,47193.96389597595,26952.214425059134,14.94164619337046,47.70031284575848,8.312520822061117,466.36875932876757,-147.66387562724378,21487.655079486216,0
2022-08-12,17698.150390625,47357.79839938137,26967.005538846683,13.594110441807048,47.699481819332966,8.314017833117713,907.1440532844724,-47.56590830438236,20801.124031138716,0
2022-08-16,17825.25,47896.58008643245,27017.645545085958,13.989621326242805,47.70391355186503,8.314535244067521,-288.8428477673825,-259.60429943554516,21731.59548447169,0
2022-08-17,17944.25,48388.58760472159,27247.346124342228,12.035287437970764,47.70253025446847,8.31519207551517,30.847088576627755,103.03755762467657,22078.730726476333,0
2022-08-18,17956.5,48545.81998055207,27120.175121964985,12.796445267904165,47.70452708623145,8.316338690326129,360.624274392409,469.34197802019304,21173.405837056023,0
2022-08-19,17758.44921875,48027.194780895414,26968.14137664375,13.488559639656085,47.706846978139595,8.317402037165179,58.052966828303624,218.00849674895403,21126.76973257068,0
2022-08-22,17490.69921875,47193.25323760229,26484.684048947514,12.458666070781607,47.708179773551926,8.3201262436977,191.5869847024236,17.453728051048955,21946.77246127467,0
2022-08-23,17577.5,47816.541286434076,26618.641120864315,20.6628642080731,47.70494687648642,8.322011850966268,365.0967131560177,432.7438954303566,21646.940020552996,2
2022-08-24,17604.94921875,47725.30001403448,26763.432685545435,20.914878032246143,47.70657499372476,8.323096543000196,-209.58838958309002,431.08419164026515,21420.415596415434,2
2022-08-25,17522.44921875,47480.73671899639,26453.365769526034,24.34541324723984,47.70591033333351,8.325804369376483,-881.6844110855895,419.8206051779477,21833.8555248805,2
2022-08-26,17558.900390625,47592.34412592873,26315.149110996826,20.55638005872474,47.711618916910126,8.32785901277391,-319.3366917337116,453.20032907794695,21606.715053591062,2
2022-08-29,17312.900390625,46940.023253355146,25939.915151862995,16.175514688962323,47.715629552298935,8.328105379185233,-126.75473034645118,88.00169381649204,22108.04267916494,2
2022-08-30,17759.30078125,48207.542170981316,26579.121464674095,22.32603816167736,47.71507067307119,8.32646315532039,-134.12418701746924,431.9615080090632,21491.807579562952,2
2022-09-01,17542.80078125,47625.32205886127,26020.819952820842,19.592258716727613,47.72096788250666,8.326731902376297,72.41497653856578,-126.57451079011673,21687.48098091039,2
2022-09-02,17539.44921875,47583.16726556161,26145.792018025804,24.023850725873707,47.72259901673454,8.32891734509308,39.75542990218949,572.6870825211936,21981.481477624755,2
2022-09-05,17665.80078125,47659.19089062356,26456.007659947274,16.441848905010616,47.71818410714022,8.331394858487823,294.4695605896057,-180.82475757311414,20460.90650298753,0
2022-09-06,17655.599609375,47630.74735503737,26239.537658779824,18.98946523257687,47.71854919129179,8.331316170257791,-627.2159032981733,753.2793490476749,22007.380731787343,2
2022-09-07,17624.400390625,47329.43629101021,26086.866993412066,14.94380556774235,47.724055025075685,8.333551864722985,173.54429934497503,-583.5708790985411,21306.82904595741,0
2022-09-08,17798.75,47516.48269129962,26255.635024108597,12.312089704504224,47.722195509567236,8.335745156519135,100.88937735128073,652.3274827580142,21744.59193397889,0
2022-09-09,17833.349609375,47644.27502154496,26598.937493149067,13.505381652829387,47.72259078985183,8.338708245794598,235.9584789254976,-341.76620303337444,22251.091539349418,0
2022-09-12,17936.349609375,48041.598692859436,26929.92625663465,14.851969628707907,47.719111250898536,8.341222176881494,626.4674141031547,-209.98038874113945,21407.646793976237,0
2022-09-13,18070.05078125,48539.29564215463,27103.371824780847,15.72600041209302,47.716107851998935,8.344133079611938,511.64109982550093,239.7171113823003,21348.19813871605,0
2022-09-14,18003.75,48453.586710433854,27077.750953449748,15.29041165777248,47.71420513276722,8.346175943015803,679.6022854966743,335.614495327374,21525.93407565389,0
2022-09-15,17877.400390625,47710.72674149697,26633.071226223597,13.649979263825657,47.711122938032844,8.348180833553606,196.36671855888244,64.98437204518476,20928.50925375118,0
2022-09-16,17530.849609375,46450.57507567279,25915.88294972588,18.466847800162434,47.70986811577874,8.34938898271372,953.3443073138933,417.7818156773615,22507.8769684009,0
2022-09-19,17622.25,47087.99046101994,26094.945275275164,12.76995918694582,47.71568296563224,8.351750131885206,619.1354050386881,-88.9662758268179,21546.345491106214,0
2022-09-20,17816.25,47462.44870203054,26513.806155241746,10.285598736601404,47.71617474793425,8.351954071012571,394.8938727367829,30.09241596538763,22279.633221990036,0
2022-09-21,17718.349609375,47291.83707410525,26324.151427769597,10.670601409581352,47.71913131303698,8.353347186468396,591.3386337511877,59.37661725528862,21431.008249464765,0
2022-09-22,17629.80078125,46903.51488939873,26205.722708742458,16.448015460244687,47.72300602008771,8.355414303942634,79.69583414758739,-11.518757453475104,21594.51417107775,0
2022-09-23,17327.349609375,46041.35723908727,25683.814743589555,13.346694160306392,47.72028071069309,8.358345187823598,-493.5016863841686,-430.253572317367,21992.52582873866,0
2022-09-26,17016.30078125,45026.92266135132,25111.802794433457,20.318114996108186,47.71838617345581,8.359385347799895,-392.67854762791126,392.59988004745173,21114.005740647975,2
2022-09-27,17007.400390625,45102.216918248094,25051.493133744127,18.914952240151326,47.721283629638194,8.361865450208263,148.98278289686738,365.49785388918053,21550.700889214804,2
2022-09-28,16858.599609375,44694.67652259683,24726.531785642255,19.09459504140162,47.719980780621654,8.363177210254886,-117.9135841244146,723.4548291131014,21991.78333626054,2
2022-09-29,16818.099609375,44496.862173569,24689.687635680675,18.42580827810141,47.722679542136525,8.365668619227787,-204.73378907114935,14.216675288831766,21513.043163157417,2
2022-09-30,17094.349609375,45118.22725319206,25243.317128718798,14.442301626660178,47.72831150939964,8.366367022672728,10.863971688908805,-41.822197220907356,21401.361120199028,0
2022-10-03,16887.349609375,44568.9408401651,24908.783448033046,19.8052401649258,47.72454536073741,8.3685881494487,-932.3303303666142,761.0473676570637,22097.316305491266,2
2022-10-04,17274.30078125,45485.3995542214,25422.772132094757,20.870010755606803,47.72407455824888,8.369983360694116,419.9382483259161,487.98665838530565,22226.09974097554,2
2022-10-06,17331.80078125,45730.378672994746,25371.997845673603,20.678876770634968,47.72407974413075,8.370284196512007,-233.15789672464285,564.8139058469117,22300.069048387573,2
2022-10-07,17314.650390625,46163.07663342417,25402.611151296012,19.14824253273421,47.72310064477753,8.371612218083575,-321.8151927588764,536.0300870018594,21338.347598587494,2
2022-10-10,17241.0,46196.4031546977,25497.429285970156,17.082538749394423,47.721876722757536,8.374410624883202,-418.6585068367489,537.3614942303662,21384.730498886944,2
2022-10-11,16983.55078125,45574.56205941579,25067.527105027988,16.908400808001286,47.72100036031329,8.374863486165356,351.8089910506516,946.3149984543045,21436.352712906984,2
2022-10-12,17123.599609375,45974.09299035,25254.355392274676,26.05330318339013,47.721554608135406,8.37484659980051,202.54032495175375,427.4621973940952,21956.56332406716,2
2022-10-13,17014.349609375,45299.90517930234,25095.50066851545,22.95634688884662,47.72264926254031,8.376708132534167,-536.8957856843815,96.59701694717836,21132.333213210983,2
2022-10-14,17185.69921875,45562.89916417043,25227.95514725825,22.680365133782427,47.726109495068236,8.376488478063914,315.8171860174139,591.6392458683674,21161.718080577542,2
2022-10-17,17311.80078125,46168.432605788905,25651.74176031078,18.65078638602621,47.72663413906181,8.3795053243809,-208.0281675685069,230.03449773186762,21351.202556736363,2
2022-10-18,17486.94921875,46537.86478836278,25994.157003022086,20.019019467526242,47.73058866390371,8.38249231814655,-394.2168751948909,367.01890707451275,21259.16967291298,2
2022-10-19,17512.25,46481.79781304438,25934.94389060071,18.369274415233658,47.729413263673464,8.384974768258495,-267.4449547190202,511.0543005267157,22054.06184153627,2
2022-10-20,17563.94921875,46602.098913496106,26000.950134829916,17.375835809668217,47.72640917516063,8.386403036794496,-463.3189002059588,153.59370543434338,22029.988860503156,2
2022-10-21,17576.30078125,46440.45495069298,25940.740993510168,18.822452959248597,47.726094913057395,8.38950252410279,-678.3508410995161,246.9115756540696,21472.004395388027,2
2022-10-24,17730.75,46661.99260144303,26422.861244630654,22.65236992685916,47.72808239102111,8.392278116725262,160.4523862034357,542.7545713211234,21601.837804941904,2
2022-10-25,17656.349609375,46437.73299544724,26258.265211966765,21.68149073384794,47.731263791130544,8.393170856949782,-238.28194361258718,235.40650863727842,20589.18731278558,2
2022-10-27,17736.94921875,46505.36213646489,26427.123515505515,18.059903996755956,47.73624449188741,8.396030460399036,96.88381345810825,692.0155947971072,21497.537358274243,2
2022-10-28,17786.80078125,46511.296201617464,26607.84171494538,19.37036789968505,47.73771509279936,8.39653485711951,-35.114667548181444,104.15272064121052,22240.97881182691,2
2022-10-31,18012.19921875,47017.031174591015,26895.743785670777,21.498246343873163,47.74057417081686,8.397749191675295,69.41644454129587,103.14268707652951,21483.935240369305,2
2022-11-01,18145.400390625,47500.199018186104,27167.037211472525,18.858057209625326,47.74528050891901,8.397362386951569,-968.3947221628348,971.8167597265966,21236.785683712948,2
2022-11-02,18082.849609375,47276.50649800129,27099.47479474936,20.159172489665462,47.74354276822459,8.398910256211789,-496.7040997428068,-59.06793247788573,22313.959495372128,2
2022-11-03,18052.69921875,47156.181852322436,26794.296768752538,20.803694894129624,47.74351234522642,8.400012973988325,77.74590216073926,391.985041300513,21237.123885469355,2
2022-11-04,18117.150390625,47454.91390716353,26950.16550311399,20.78186110368826,47.75242508485802,8.400953275637397,-659.9322776543872,955.44515426887,22398.13870586551,2
2022-11-07,18202.80078125,47675.2438253306,27096.05023653338,20.508290855380572,47.755594251684926,8.402175392949534,-0.7739664751074145,391.4225656302183,22986.552717030772,2
2022-11-09,18157.0,47490.585792839185,27035.434655181387,18.69260565243498,47.757726352611016,8.402978883622561,-706.28183200743,804.0312007191997,21688.888065393847,2
2022-11-10,18028.19921875,47210.21083710409,26812.004260514983,18.898050824962368,47.761007425143994,8.404398852736842,-143.42240660212232,595.7424593215044,22282.320940882186,2
2022-11-11,18349.69921875,48274.30745767027,27434.587491050013,17.73270029695875,47.75760039370707,8.40705597046492,493.9961575744227,397.83943472955957,21020.670014212275,2
2022-11-14,18329.150390625,48186.522143997085,27618.470758957697,16.877326812995456,47.75625991442133,8.407362914579974,159.84004613264983,360.8064215611377,21006.4082859626,2
2022-11-15,18403.400390625,48417.32993653394,27557.337771421022,19.77050251661954,47.753823020782896,8.409589481875827,-890.2963789762938,-235.7952242428231,21409.961652291873,2
2022-11-16,18409.650390625,48284.19191404988,27512.03274383625,21.632519229174385,47.755678845742025,8.411164001591745,189.34856172647386,304.26650203439135,22119.64061341359,2
2022-11-17,18343.900390625,47929.57947097106,27504.163119951816,17.239435211692108,47.75517194754729,8.412892637835078,578.8952906918332,469.6655517493582,21767.50644863782,2
2022-11-18,18307.650390625,47972.871892784344,27518.309252856005,20.545946488248514,47.75605811301468,8.414211665797737,968.8064040646957,469.4988729077725,21690.63277125679,2
2022-11-21,18159.94921875,47633.72162885748,27328.40758404037,21.56926242676679,47.75572506427279,8.414839224257303,40.03029498747571,1139.7576271461687,21214.643694030263,2
2022-11-22,18244.19921875,47964.70389607467,27938.771719386536,16.32653246235731,47.75144584649033,8.416624263007268,-695.7679695541419,484.2874198448516,21726.4235699848,2
2022-11-23,18267.25,48085.40141796179,28084.458761572627,19.45883779972756,47.754700775801794,8.418478488606583,23.87119120977178,589.0435962381534,21506.506838655256,2
2022-11-24,18484.099609375,48726.424681804914,28681.351011002254,23.292420400916747,47.750014186490375,8.419008611596695,488.41343933658584,749.4889502229703,21389.94462271709,2
2022-11-25,18512.75,48945.730030338666,28681.85494673765,21.103882035514747,47.74843124627257,8.418995890213564,-224.83527190012143,562.1503934583375,21357.906512468937,2
2022-11-28,18562.75,49275.32725463139,28604.047429668128,16.259085701875424,47.7450848294326,8.420402186991154,267.24356915302326,374.185279978993,21885.802093006423,2
2022-11-29,18618.05078125,49617.59186907766,28652.40184304255,21.316678924823222,47.74304560592198,8.422473087142702,-485.8411995510752,375.643794838179,21492.994294405646,2
2022-11-30,18758.349609375,50010.427418383035,29036.44590247958,18.504526411543342,47.74425118161044,8.42478954184776,-1.0586987492596904,294.8036553291157,21809.36854404376,2
2022-12-01,18812.5,50448.595745813866,29208.414796413592,21.38261386018552,47.74855625049225,8.427299409949274,-1145.8318060680508,533.263308740974,21045.36254548014,2
2022-12-02,18696.099609375,50152.21188249578,29062.581235004644,18.619836466798454,47.74447326552544,8.428972520779645,-530.1341527346872,348.90378370603634,22041.907911308757,2
2022-12-05,18701.05078125,50293.881507836544,29034.454203010144,19.89393511117607,47.74340164147054,8.430006198127767,-152.4482589127424,587.4809171594814,21932.44933787221,2
2022-12-06,18642.75,50178.29266978834,28861.23567598401,18.924914462874103,47.73875450859172,8.431296098628463,-295.34269223057424,97.27380690109021,21731.39117862331,2
2022-12-07,18560.5,49984.72456478377,28677.87564058072,20.00631544547701,47.737538272514634,8.431340136761245,-670.2469977102986,444.0545375225932,21908.012234216243,2
2022-12-08,18609.349609375,49982.330135697,28893.917025377556,18.865439652177976,47.73835394872053,8.43193986110452,-349.8624792339824,865.6201964222107,22250.613228038575,2
2022-12-09,18496.599609375,49789.80720031189,28829.665673234864,19.552923516891045,47.74125518142199,8.433164135137561,-18.13798061280133,332.61295079655577,21214.513371924688,2
2022-12-12,18497.150390625,50361.36034112157,28657.156373092614,17.648789983378645,47.73549949546258,8.434170160775906,-184.49103484408752,952.9004880900332,21881.774216129223,2
2022-12-13,18608.0,50618.499593802415,28996.310742265945,20.981319190827982,47.73775115092235,8.43552997453212,-125.62497205165246,449.1014341986786,21287.129926914462,2
2022-12-14,18660.30078125,50789.66150233537,28980.90230984418,20.35057041728785,47.73543323089513,8.43541807671,142.78752123429553,383.0475423561999,21901.035005044374,2
2022-12-15,18414.900390625,49970.95673151973,28607.51600556132,16.766935651791698,47.732384658563554,8.435524676849708,-287.26508029329864,434.9855506911599,21754.568229997807,2
2022-12-16,18269.0,49440.73321128994,28304.198275992287,21.985833320403856,47.733187121648825,8.437553465089891,393.67115322076586,306.57302675086413,21861.93334720995,2
2022-12-19,18420.44921875,50202.82970001357,28857.00646700219,19.647424080691007,47.73566856056232,8.437968435173232,-545.7084264405651,-194.1668213319242,22249.112329839292,2
2022-12-20,18385.30078125,49962.892353729025,28718.876649005666,20.32352479247182,47.73596719635692,8.438535683240362,621.2010212238075,664.0524574669453,22241.16226558638,2
2022-12-21,18199.099609375,49315.762862770556,28402.38262786759,21.529123344058373,47.733287804423206,8.43986925952855,295.215452197705,1057.8139491841341,22363.703400955077,2
2022-12-22,18127.349609375,48791.54497627387,28371.399919198855,20.656484484719968,47.73358486141977,8.440171718512168,-292.39911220488875,544.1287810098008,21719.47927378522,2
2022-12-23,17806.80078125,47706.85584568719,27630.439550292853,22.3304063169218,47.73200932581928,8.442506795448052,-265.7274816924322,562.3962884069379,22206.051068642573,2
2022-12-26,18014.599609375,47994.10124363097,28007.839815410847,19.413408955589176,47.73442142324414,8.4424738083418,-67.30576335530563,345.2221943326012,22125.08017889928,2
2022-12-27,18132.30078125,48462.599274311906,28183.179845786624,22.068858772454078,47.73824749673805,8.44369426658106,89.46837194879072,747.3367296491928,21745.541943620297,2
2022-12-28,18122.5,48979.24190778406,28078.210308547477,20.245849235614642,47.7418818827107,8.444159702268264,287.8193100933828,388.2185144620675,21964.609882053188,2
2022-12-29,18191.0,49111.22744427785,28131.538168125066,21.015266849013383,47.74242263721676,8.44552499220427,-686.2364992060333,480.166029459069,21860.34968394749,2
2022-12-30,18105.30078125,48532.73195841676,28160.213016639937,20.80725834559581,47.74639061927045,8.446231707279953,24.97704882449881,-69.56494023926706,22534.958768655106,2
2023-01-02,18197.44921875,48981.221815246354,28231.158840585034,22.481460650619052,47.743927678410586,8.447407307147854,-996.6057009850861,241.19743892666537,22283.733814842322,2
2023-01-03,18232.55078125,48942.743601264534,28392.90959465441,21.442824747118586,47.74987627740786,8.44982290740438,-220.92019433419335,510.2059444543713,21786.116707646746,2
2023-01-04,18042.94921875,48638.21448657553,28093.778284581975,19.114109039380306,47.74739653117567,8.450324843238322,431.56500151498324,672.1635203751973,21760.60593792334,2
2023-01-05,17992.150390625,48433.146716196476,27765.319186295314,18.717465912000304,47.74190617360461,8.450813513430981,-717.0436128873994,680.4819226388513,22363.82333793139,2
2023-01-06,17859.44921875,47920.534703392914,27606.52458537433,19.900491704810335,47.7466024828331,8.451677106780625,-789.695114412665,-73.75427459532494,22536.814471145786,2
2023-01-09,18101.19921875,48604.79354483773,27821.65197568164,18.479797117841507,47.74507207956949,8.45432566945879,-61.68196018080967,-43.33393257442452,22092.199904320627,2
2023-01-10,17914.150390625,48201.320187812016,27582.53853866726,17.895615597347305,47.746022296217006,8.455405514540633,404.9716656690407,575.2411303165641,22247.936474259604,2
2023-01-11,17895.69921875,48102.961876723035,27464.761638057906,15.743895061403917,47.74352987207623,8.457804344811853,-19.84181956587122,175.95748359855023,22536.193505872947,2
2023-01-12,17858.19921875,47896.950130295314,27397.161711986417,16.90147448434258,47.75122068229825,8.4587870963976,-911.8471587526205,668.3777818125327,21892.015075564843,2
2023-01-13,17956.599609375,48149.83010988963,27365.575538061672,23.970812722223048,47.757286135308426,8.461131427244434,-823.2513652185096,-89.05046272460544,22010.54683142693,2
2023-01-16,17894.849609375,47724.6223896999,27272.89996079438,18.686999500740445,47.7625257971021,8.46268853892666,-110.90142682823225,370.47701687996573,22192.870205373267,2
2023-01-17,18053.30078125,48268.32793051305,27717.96387817485,23.80692059964229,47.76339087031392,8.464387847307682,-621.696967718307,389.7289548270651,21795.34491169322,2
2023-01-18,18165.349609375,48252.89928179467,27790.293178301818,20.80630920231116,47.766932968003175,8.46409183843494,-95.32548243773755,544.1401291009735,22736.224853445994,2
2023-01-19,18107.849609375,47999.83268127062,27584.260834391745,19.90048395672779,47.7673738118122,8.463642463104692,-71.60195469322433,90.65200115609412,21801.40062886836,2
2023-01-20,18027.650390625,47911.86575710795,27512.991360094427,16.998789766357532,47.77134041585138,8.465842445227288,-345.90300426308426,-190.0292183976252,22026.08635684255,2
2023-01-23,18118.55078125,48236.78430879012,27759.739385706485,20.0093377911521,47.77070858776033,8.46802500128774,575.9017175795252,451.3818284637045,22847.5384966417,2
2023-01-24,18118.30078125,48350.08570092411,27356.799650262183,23.78436753393646,47.77606270100754,8.471566240812987,86.18688197371677,557.9290817636435,21189.6998973762,2
2023-01-25,17891.94921875,47677.78347381557,27277.60338604071,23.115273488033477,47.775280084067795,8.47119506735423,334.6363515176705,702.2364887899114,22109.359689726047,2
2023-01-27,17604.349609375,47061.85721053931,26841.47326679016,20.548477305395156,47.77483821135482,8.472790637235295,218.23270330864887,292.4345039847548,21728.423510053923,2
2023-01-30,17648.94921875,47368.07274231333,27036.014414989364,17.70266326818997,47.774038624430744,8.472871573299006,-210.02942477994708,632.7044923046342,22024.45411174342,2
2023-01-31,17662.150390625,47491.73898633014,27036.996944755105,18.085669309501696,47.775215981524894,8.473230711463993,-227.77890053573924,545.7321324665287,21498.13414305762,2
2023-02-01,17616.30078125,47532.34591735767,26654.525665566536,18.29481631321508,47.774651393996116,8.473823182547667,-269.04801473150826,796.7215233143008,21871.04043276974,2
2023-02-02,17610.400390625,47657.6759328699,26751.896286742947,22.556309854725402,47.776713160703736,8.475295228521464,122.4409010000976,383.38362518673455,22050.45592098891,2
2023-02-03,17854.05078125,48303.54768004585,27107.67633728477,23.26344087221752,47.775870199753534,8.47571586280515,-410.14607094874543,-118.96979083822362,22149.65932860092,2
2023-02-06,17764.599609375,47780.53154935901,27033.271301971978,20.39178566993517,47.778842565317085,8.476829144539671,540.0131768138272,379.7020979142258,22444.610386609533,2
2023-02-07,17721.5,47733.380245820015,26919.31852530073,19.393839128953694,47.78399766637141,8.478735765286752,-448.3477214689572,426.5352245388135,21029.658044884432,2
2023-02-08,17871.69921875,48285.84220556724,27233.37027352449,23.09742099332197,47.78483030780279,8.48093328188132,-64.20997108118861,555.4582727195483,22004.20790201561,2
2023-02-09,17893.44921875,48561.88637938404,27146.645946855682,18.04285291827009,47.79208529310711,8.482690367067756,-241.63232481837946,-59.80470990218498,21987.70161696988,2
2023-02-10,17856.5,48270.57943328927,27220.269149169082,20.10364665520073,47.79606788113572,8.48420167944599,-330.3173257546107,306.3865555576377,22041.47181018006,2
2023-02-13,17770.900390625,47842.93239268372,26871.845693550313,20.92593199909226,47.803082590671046,8.48511443435335,718.9387409854451,660.4310714693845,22089.14527659523,2
2023-02-14,17929.849609375,48404.93608444628,27530.25966034915,18.2743987856472,47.80349899388989,8.485594831217181,-325.6217365649852,368.77436418366005,21713.368027342025,2
2023-02-15,18015.849609375,48647.15089738288,28063.483391099486,18.728171557217387,47.79911461628904,8.487178107574868,-271.8884723969706,308.2796853603744,21401.690507569198,2
2023-02-16,18035.849609375,48340.57858009368,28377.52803598945,18.572524841624794,47.797596204616255,8.487166395334736,-415.65343938235594,971.89791933505,22185.968212939122,2
2023-02-17,17944.19921875,48143.303480971525,28421.689210826116,22.833453711976173,47.796383794545754,8.488319648802369,-133.58375372443084,78.99874395053439,21655.740289798763,2
2023-02-20,17844.599609375,47497.01136283924,28218.693431534553,23.828734554114178,47.79412471819947,8.488273020136987,-190.52254693707758,769.9464129952943,22278.166646843343,2
2023-02-21,17826.69921875,47265.5795271352,28382.710495632786,20.22958506047312,47.78813700426057,8.48925571045098,-597.7012522817217,706.374920762257,21690.86470398431,2
2023-02-22,17554.30078125,46729.733376607364,27850.93893112673,19.463562825914426,47.791810944482705,8.48922088456139,-319.7479457390625,332.4500615149112,22416.582194536113,2
2023-02-23,17511.25,46945.27157601033,27511.460200940837,18.800317850013407,47.786830886997414,8.489834117275105,93.8746171135846,390.13283407530196,22091.222475111328,2
2023-02-24,17465.80078125,46584.36130558185,27674.387466689404,20.00349262690066,47.790217524848934,8.490166868436727,260.7947397687816,389.06238011435084,22126.97771135261,2
2023-02-27,17392.69921875,46309.32625338684,27722.87260553088,18.899556497126422,47.797374174757344,8.490373918565224,-140.3997548138079,454.5843269030611,22016.40219180611,2
2023-02-28,17303.94921875,46057.972490621934,27548.45639394229,19.80593951528956,47.795639174940284,8.491285069765768,-126.40208373871626,221.63759276866358,21950.459167485446,2
2023-03-01,17450.900390625,46822.66431378196,27626.797283339918,20.826465646007847,47.79740188641369,8.489854672641005,-294.3980287061106,271.55553207139906,22032.370920942783,2
2023-03-02,17321.900390625,46352.0029432003,27286.672910746882,19.189374114419262,47.7968059895398,8.489040490499711,-350.97668078315314,293.43264073065643,22663.814814254438,2
2023-03-03,17594.349609375,47071.06245302962,27504.396264939798,19.620823874771805,47.799887217380125,8.490827388209844,-517.829211952921,303.0106898203351,21466.025601529876,2
2023-03-06,17711.44921875,47711.59285406299,27882.603657469313,19.629091029855392,47.796903985020606,8.491952936647614,-772.6597816955805,306.77313083437906,21863.53680662967,2
2023-03-08,17754.400390625,47767.37164694847,27696.143431998633,19.36487313054772,47.79710861178184,8.492202520435136,-430.9786696426147,-272.2474367108216,22623.943027861347,2
2023-03-09,17589.599609375,47418.91201745081,27436.533441210584,19.117104245967578,47.801072152573035,8.494144251146544,211.62114693620538,429.2947263788355,22524.109323355282,2
2023-03-10,17412.900390625,46621.52451148192,26970.899943465723,21.52439320587361,47.80152554098355,8.4944677741939,-319.76677707887086,241.75966595382022,22761.433905422353,2
2023-03-13,17154.30078125,45834.6916214176,26268.6717547324,16.458527942047116,47.79723965792028,8.494845650803022,-288.4074734776168,-160.04332598441,22144.6072625868,2
2023-03-14,17043.30078125,45208.500234553685,26102.79391238182,23.148559718002527,47.80156461817143,8.495014701118215,-296.19407988585886,294.98469552671884,21591.241374462872,2
2023-03-15,16972.150390625,44811.788465954065,25920.39053358487,20.271058926405995,47.79827669044033,8.49786861742335,347.8830663330936,285.71275659778286,21689.519252874547,2
2023-03-16,16985.599609375,45001.67526450603,26075.860134977636,21.22003515197303,47.79911289286998,8.499045874934964,-521.353028212535,782.5733581247414,22053.486894368743,2
2023-03-17,17100.05078125,45327.41505088302,26088.382785499693,21.450155566297752,47.80146082576056,8.50017859614743,-39.178664644002595,238.2310124711752,22528.69646667028,2
2023-03-20,16988.400390625,44945.62598338712,25767.425881721545,18.58388167993886,47.80242037671526,8.501576858371283,-177.38645342806558,600.3370539620487,22083.076842607057,2
2023-03-21,17107.5,45158.12215786086,25615.51057335466,18.171282887641517,47.81063268814176,8.500650857377183,-122.82926996209248,814.8436010157151,22053.911566177212,2
2023-03-22,17151.900390625,45247.274915450624,25360.844274337313,17.935461430692346,47.81343412837498,8.500978401043689,-52.25983715341984,211.57938729352261,22382.526308587425,2
2023-03-23,17076.900390625,45084.42916218209,25501.78228073186,19.505863940342824,47.81342707801274,8.502349780076852,-127.13402389277198,385.7508370414731,22223.603849722116,2
2023-03-24,16945.05078125,44879.25106912823,25584.451726929085,21.398409383102056,47.81583506672653,8.503256900220569,167.20875466036773,918.6075324729104,22020.575762113098,2
2023-03-27,16985.69921875,44527.799816904,25672.484486220907,18.83247594955835,47.81706490061235,8.50636838044423,-161.70293118517156,468.69284654477394,21776.292242755055,2
2023-03-28,16951.69921875,44282.28952650695,25484.611070609117,21.215863280356608,47.81779800885017,8.506734079747735,547.750557370279,512.1249526206782,22647.39210579806,2
2023-03-29,17080.69921875,44682.951889619995,25672.385419508093,15.264157562277603,47.81912937043136,8.508572979508285,-132.20802441326157,277.8238228095016,22697.384822175027,2
2023-03-31,17359.75,45475.217432372134,26318.233840159075,19.228865596049502,47.81842710950513,8.510269522847473,-831.3867530401079,606.1152491296721,21766.161249419245,2
2023-04-03,17398.05078125,45659.328683896005,26306.688549388226,22.334274735223126,47.81966581449602,8.511297701652841,105.3241432574927,388.10721589432467,22062.50528568028,2
2023-04-05,17557.05078125,46170.03293857992,26634.723874571602,19.658057421934128,47.81874934108155,8.512502278394955,6.838722103912744,-149.63088136395845,22543.408777388424,2
2023-04-06,17599.150390625,46235.557307129966,26709.430004494727,18.341712727667666,47.81366075230808,8.51308706325262,-136.98198729523025,293.4302398051548,21745.403802738434,2
2023-04-10,17624.05078125,46210.085610027956,26663.6615181563,18.686313555724805,47.81768135414037,8.51198368865162,-253.82852624845782,45.04636293406503,22419.307084488948,2
2023-04-11,17722.30078125,46448.69251805639,26758.019213462245,13.943954873863571,47.81658501065806,8.51319747118736,-995.8476265839143,433.6722892817635,22116.439381838587,2
2023-04-12,17812.400390625,46924.29933942677,26969.184486158592,17.97639605917616,47.81760917177006,8.514485300261912,-928.7376249062701,124.94827088233637,21724.989820125087,2
2023-04-13,17828.0,46832.198515026575,26839.763403443907,22.114482745025164,47.81592790458052,8.515925144963706,509.00768819899247,543.438539707744,23063.604717085476,2
2023-04-17,17706.849609375,46471.75359995268,26694.038370851627,18.834794466207537,47.81433719609397,8.516837235456181,-384.2010412397548,413.4290262801389,22124.837874395733,2
2023-04-18,17660.150390625,46371.12496604342,26534.504979673744,19.07091127599755,47.81182022868217,8.518651422445037,236.24817102088338,25.597298926340613,22515.664325616195,2
2023-04-19,17618.75,46541.27955484839,26480.193142442833,15.336375625927184,47.81526511955579,8.518624006807705,-791.2133092961847,252.238565315895,21787.3110491542,2
2023-04-20,17624.44921875,46501.94967557856,26711.36071631077,16.738324413774876,47.81943428434797,8.520925753951188,-568.7433181473064,586.1688104893253,22984.213822762038,2
2023-04-21,17624.05078125,46679.4767961596,26683.69458404386,22.380098357199504,47.82011208804167,8.520765980328225,121.4563787526863,744.3979107441899,23165.59067649788,2
2023-04-24,17743.400390625,47260.82308891396,27050.294261769523,21.23458816132312,47.819102114851376,8.521481061267709,-191.0004142794532,129.27363061781995,21632.17981811694,2
2023-04-25,17769.25,47324.55122389816,26807.827500041883,17.405121937121137,47.81462290465832,8.522979630622581,65.06686879575159,70.76785151768593,22233.85207290627,2
2023-04-26,17813.599609375,47414.67534972086,26812.461827425654,18.73885521685356,47.81760919821084,8.523277145400282,-155.45302637192307,985.2954820903162,22904.88730870151,2
2023-04-27,17915.05078125,47649.886146170575,27000.816008917984,19.941655314002432,47.81617952700336,8.524833387473993,-233.06878560264346,397.06961605149775,22108.289641968517,2
2023-04-28,18065.0,48041.43958510328,27589.936550539813,17.60774453568649,47.81342774498605,8.525292604945,-422.0175312699561,427.44068059659196,22505.155660339547,2
2023-05-02,18147.650390625,48449.09243717812,27417.502211669467,15.991712232972798,47.814115535250565,8.526207503691984,-627.6010623720003,178.18268346950526,21577.118866105815,2
2023-05-03,18089.849609375,48324.27947130033,27297.14950789901,19.68157922512113,47.813713158177165,8.526817900552656,411.0805158929994,464.566068562116,21980.43228139544,2
2023-05-04,18255.80078125,48860.356547247946,27841.588091160287,21.14521712434648,47.809758995579,8.527027366645578,476.92364245195245,914.5287029620529,22473.8583918915,2
2023-05-05,18069.0,48096.519822584865,27372.582306711003,21.183714639459907,47.80621683377719,8.53005947733712,-565.4811818976737,476.30958065707983,22079.228649104174,2
2023-05-08,18264.400390625,48484.075152473495,27694.72000684138,21.750474771084292,47.8078264632955,8.52999551576206,-591.6316408027793,719.4889747418033,22186.540283660714,2
2023-05-09,18265.94921875,48906.11620238739,27752.72340010229,16.89288547644035,47.80645938928884,8.528479937100476,-289.1092569688369,408.69515696089786,21675.189912824317,2
2023-05-10,18315.099609375,49016.21021043718,27873.32147558029,20.115803819653877,47.80859016501293,8.528441578751693,-13.82599405473917,92.25904281281703,22650.255584021594,2
2023-05-11,18297.0,48811.45008988015,28103.06804722037,19.463097271541756,47.80962975893236,8.529332893996564,-222.72728318266775,195.02899921210195,21763.702264584852,2
2023-05-12,18314.80078125,49144.23190518957,28211.70752206143,19.825558629005616,47.81337238483127,8.529710798728305,49.80802609908852,64.6593474085513,23057.130475368707,2
2023-05-15,18398.849609375,49448.64961025151,28594.39255652097,19.576436732731725,47.81147594957932,8.531478867746626,-169.69957904454625,465.3359750760055,22067.464485403652,2
2023-05-16,18286.5,49231.339208141406,28324.38168669794,18.67910363878497,47.812774103061834,8.533205277505191,-195.85245657969338,767.1666380950003,22736.35509877565,2
2023-05-17,18181.75,48895.09632265351,28005.639527174895,13.96441909156879,47.81528892683146,8.533625842037335,815.2314947079475,448.30328264524707,22697.39358990488,2
2023-05-18,18129.94921875,48680.009358854484,27872.28143526066,22.323658041141346,47.81401027437375,8.532677296576688,-360.0813006381228,307.6654544109198,21947.01522216083,2
2023-05-19,18203.400390625,48864.27829313493,27814.006537304802,20.659980330950177,47.81799188414065,8.532122553930984,505.97875712981886,163.10807431378805,22135.287072839375,2
2023-05-22,18314.400390625,48921.80512196801,28099.677810655197,17.031420424926985,47.813593051065915,8.532813479029059,428.74522707234553,506.63375885355225,22193.28303767883,2
2023-05-23,18348.0,49003.39397922838,28096.481710453514,20.94626330598551,47.81169422807497,8.53196681519102,51.63740263385955,28.560384161912964,22228.660664711995,2
2023-05-24,18285.400390625,48877.67355583753,27869.125841032535,19.10539038599706,47.80718316476156,8.532311588210343,-920.4527345798102,59.76967652108374,21826.731356516575,2
2023-05-25,18321.150390625,49346.81350579082,28018.291364079767,19.16205536716454,47.80557553984159,8.534440164875662,-137.5770038548153,670.048980292175,22652.669835862187,2
2023-05-26,18499.349609375,49894.77329481511,28153.36738150469,18.463170797021935,47.805711787675264,8.535484981807528,-355.8779029582188,316.67948129782076,22109.592917944847,2
2023-05-29,18598.650390625,49723.8214882839,28466.596342351182,21.073860945304528,47.80880628983235,8.53622734069743,-141.96372342381053,310.7637420949951,22372.253522017058,2
2023-05-30,18633.849609375,49808.71692780843,28449.551601333547,18.4003528569676,47.80894041882061,8.535877963484126,-575.1867169551529,349.28019510617514,22879.928837236024,2
2023-05-31,18534.400390625,50062.75420182663,28465.207578090405,17.8063306278188,47.80775429766395,8.53674579829437,152.503179620021,617.7613200237812,22690.10918309351,2
2023-06-01,18487.75,50097.650395721204,28312.567130965606,22.263489621211992,47.803706629275396,8.537168070376344,243.99401084442633,449.6508019073103,22159.787085844728,2
2023-06-02,18534.099609375,50073.31851831726,28505.74612986231,19.64223718046655,47.800664093339165,8.538082199724185,318.0097208267766,177.075567500226,22910.91017372373,2
2023-06-05,18593.849609375,50370.15787765552,28647.082481655332,19.705027220015584,47.8021947111907,8.539479483935734,-302.8714865538136,187.87233491544953,22747.525388378617,2
2023-06-06,18599.0,50236.18250781627,28784.798251425796,21.38492824055333,47.805439075474254,8.541042485123834,-573.7700408187093,341.4667567458899,22136.78927901608,2
2023-06-07,18726.400390625,50342.776386700774,29041.531106306065,18.66482659830765,47.80478140964164,8.54183094181296,-9.327433411686087,490.6659228080925,22227.920230842985,2
2023-06-08,18634.55078125,50002.16788754047,28584.389439687566,19.063693654706228,47.80901445321012,8.542997116790364,552.4297288594964,389.34701695062284,22913.373866875347,2
2023-06-09,18563.400390625,49810.83103354802,28626.46585733451,20.61143053944567,47.80676470101288,8.54313407159389,-122.24414615458649,362.65294414807454,22818.84185994322,2
2023-06-12,18601.5,49550.95203070029,28681.962980091746,10.417244795072468,47.80619307915647,8.544910257193182,530.9188344448401,163.88506771804236,21798.600980492774,0
2023-06-13,18716.150390625,49659.25061481725,29032.089624388827,13.94219809353643,47.80587464241712,8.544661428129558,256.03062164720086,139.13267847174512,22026.92998583366,0
2023-06-14,18755.900390625,49777.45892351753,29226.967771468408,11.988577081637265,47.81106288378204,8.545086930355307,148.61191764169482,-84.11487076918158,22796.77559694675,0
2023-06-15,18688.099609375,49499.0343987428,28965.752187998383,15.210945184910297,47.81206386116244,8.546951192040657,613.3103754417995,482.1152737016326,21960.914854342514,0
2023-06-16,18826.0,49981.32124642439,29063.41767205429,14.593326653699817,47.80726856279467,8.547091844532332,307.5732930644537,5.306563442449573,22856.307988524077,0
2023-06-19,18755.44921875,49534.45148189687,29047.004631788866,14.32909671395006,47.81072352571044,8.54636804229249,511.40916461173197,188.76616520521782,23370.305691280842,0
2023-06-20,18816.69921875,49854.9186894143,29108.04900683878,10.286082702890885,47.81686130844033,8.54656894157293,553.0027429108111,-468.1005738115108,22672.295185916977,0
2023-06-21,18856.849609375,49736.01233970427,29347.10271110289,13.29320920965236,47.81671208627402,8.548566989092329,489.00673565556326,85.44771358250578,22093.817434719807,0
2023-06-22,18771.25,49814.5352572534,29156.48295912044,11.145466879171446,47.81462083929889,8.54689722741476,573.142127755096,-179.8767490239091,22593.864482398723,0
2023-06-23,18665.5,49168.18677947644,29138.41505012716,13.426272194045948,47.81781361154294,8.54759525417107,8.797706895963415,-143.70653090978698,22985.415803780998,0
2023-06-26,18691.19921875,49027.97727684477,29260.820334032458,9.0,47.82430640545309,8.54755154088772,-15.611742538732585,876.6557840900348,22569.04748389459,0
2023-06-27,18817.400390625,49475.99868710383,29549.876523593382,10.418335463249514,47.827452600714956,8.5479688513904,332.95135735709744,224.85777018925782,22747.55324153306,0
2023-06-28,18972.099609375,50258.90725699128,29775.94299590443,15.878067217680375,47.82318358165457,8.548199904052646,342.5754718955009,517.8066534146603,22174.3036494828,0
2023-06-30,19189.05078125,50959.273988079214,30229.482227304095,14.238106352013121,47.826047627100685,8.549734633793259,141.07086931214857,406.59107499623605,22213.418841538172,0
2023-07-03,19322.55078125,51466.494196798325,30701.862118454006,12.792368305040666,47.82786024926401,8.550357335902053,446.40011856587023,444.97286459941944,22953.231378720397,0
2023-07-04,19389.0,51665.17653598469,30818.795616671916,11.682513354627554,47.825596358293694,8.551931410067894,713.286972333616,90.27850152207064,22228.610948942347,0
2023-07-05,19398.5,51481.23427068281,30935.356715852333,11.331492164825814,47.830062811831546,8.553773724078647,825.0047496613944,631.920603573459,21388.173205997704,0
2023-07-06,19497.30078125,51669.07004239958,31133.66724155498,13.900311510177051,47.83197786527788,8.55435644458381,914.9047490588624,404.00618957294785,22421.63430544031,0
2023-07-07,19331.80078125,50941.326789525716,30841.197596727096,12.812735380815308,47.83652274105558,8.554544409041135,-175.92066522287405,162.4004855406909,22706.69832048126,0
2023-07-10,19355.900390625,50750.98206849807,31208.41598246766,16.593294366634552,47.83393831260524,8.55546369190032,-115.19942948337018,228.98688733728284,23047.764585495242,0
2023-07-11,19439.400390625,51074.39460381644,31597.401863219933,13.1304725599793,47.83573464583833,8.556570612356403,234.14184262334152,108.98027506125035,23318.07335897089,0
2023-07-12,19384.30078125,50687.164010323446,31505.117886438762,13.617440984489066,47.83364936158312,8.555948687544653,382.1146164029505,165.6717554599129,22618.307695603875,0
2023-07-13,19413.75,50836.87985856044,31603.24503210794,10.722993063889257,47.834992362518584,8.556710747670916,254.63279845720444,136.91977947397692,22882.607526899756,0
2023-07-14,19564.5,51006.66997879378,31765.05293285639,12.778601549645721,47.84002403886935,8.556977812677205,128.9442679269802,264.4600893709472,22644.65970576259,0
2023-07-17,19711.44921875,51490.84653702298,32019.40443871018,13.853982810135973,47.83634478567446,8.557072715124468,228.23270392105113,671.9921404231392,22755.21774882183,0
2023-07-18,19749.25,51498.815221117686,32152.806560144763,12.754428577573627,47.83283778218932,8.556891645324411,543.3255289730012,-211.56423508762066,22515.802080738813,0
2023-07-19,19833.150390625,52031.97194475689,32482.496111437213,12.528742932851536,47.836304206218934,8.556770422620408,-181.8489787168129,492.706429052642,22780.027803902387,0
2023-07-20,19979.150390625,52522.980834302856,32918.35429008435,14.153819251230646,47.83686183789415,8.558525181225937,1287.342869034841,39.52965488661958,22280.290333833513,0
2023-07-21,19745.0,52107.15256898397,32243.32820520329,16.52964656312198,47.840975627572604,8.558654924803143,358.39741735371973,530.8989444794416,23511.02764814228,0
2023-07-24,19672.349609375,51740.0561681385,32290.004434837312,13.789938740615655,47.839153773247716,8.560287035841714,770.33895769149,49.966391095752215,21538.65620555495,0
2023-07-25,19680.599609375,51775.55584893399,32289.05519806114,15.788372566946276,47.83990734502606,8.560901029468285,117.99804201419698,273.8261029620759,22883.853792081736,0
2023-07-26,19778.30078125,51855.16622208823,32290.193694409038,14.743204755037564,47.84257173148581,8.560245894518632,579.7398370099074,102.34672536139112,22775.20449557033,0
2023-07-27,19659.900390625,51429.66419739101,32317.15609928532,15.668706749335701,47.84380233205593,8.560908853019654,390.0364291314303,-369.1776370134777,22803.70876225402,0
2023-07-28,19646.05078125,51335.97676221804,32574.590763522956,18.780560153306723,47.839036090069946,8.560187732811462,192.72335755531725,921.6930628881959,22105.080749785193,2
2023-07-31,19753.80078125,51496.8887912806,32841.61684315907,13.086145010031196,47.8481038848386,8.561256284888428,270.5412328704992,-132.82608405659016,21885.67150257247,0
2023-08-01,19733.55078125,51189.36274095819,32941.034700490825,13.094452858470671,47.84934085828431,8.561504523270502,970.6254268358713,175.16485834689465,22925.20526015836,0
2023-08-02,19526.55078125,50316.79701282033,32679.11314413269,21.09255447312795,47.8459196070277,8.562810320353634,-746.8223389948176,84.2734641474778,23263.46116240346,2
2023-08-03,19381.650390625,49442.837859673666,32661.791611002245,21.584825644423727,47.84746220670532,8.564689083192949,229.74953207920936,-1.1004954462361525,22760.69467966996,2
2023-08-04,19517.0,49614.02490382535,33080.8452242804,20.250112382223783,47.84934964183564,8.563393555057122,-102.51209778678077,338.5180480932604,23030.978382104917,2
2023-08-07,19597.30078125,49964.33103542615,32980.7999788312,21.75341315475173,47.852931412559386,8.563366824772299,-557.3306793491774,221.94662137891856,22463.25436938372,2
2023-08-08,19570.849609375,49572.223581072285,33326.895286381805,18.873337046037253,47.85631284726256,8.562586376648628,630.826348018844,49.355493608071924,22826.41334398126,2
2023-08-09,19632.55078125,49472.954954604014,33667.80124850105,21.77075510579825,47.85627131362637,8.565168244658915,589.4790906270314,389.3702155818444,23237.07543040849,2
2023-08-10,19543.099609375,49579.520468711795,33382.01429144973,22.031618884371735,47.85170507456046,8.565146132317912,-979.5482979293821,-44.57201692934916,22543.87736565209,2
2023-08-11,19428.30078125,49134.93656180663,32943.387134009135,21.354992691849326,47.85368916365587,8.564243811743413,-79.28624506167013,437.64213952435637,23229.299777099666,2
2023-08-14,19434.55078125,49215.48796386522,33056.0783190485,20.268339566962425,47.849361915492885,8.566891532066085,132.2650218922946,361.80195430075605,21954.271205662437,2
2023-08-16,19465.0,49427.2094565382,33063.038949141875,21.426646664809933,47.85360764930245,8.566567429339562,26.681923327126015,-344.12181035038327,22422.976590892973,2
2023-08-17,19365.25,49279.79379943888,32925.468717004616,18.21199106952302,47.8520093754059,8.565342125638763,456.2118433113733,243.06702908504676,22954.262687590075,2
2023-08-18,19310.150390625,48827.567792725706,32959.9301342021,20.396724528720416,47.854514256409864,8.564574868665982,373.0530830058458,540.5230030680259,23575.70893068943,2
2023-08-21,19393.599609375,49014.90822988789,33018.88792494414,20.601020953650245,47.85314574997433,8.565103785889775,-43.925057473127254,80.93623451304398,22722.935745621457,2
2023-08-22,19396.44921875,48706.535558340685,32804.29440512098,17.34096867369703,47.85226964298796,8.565529841621933,760.8414449646546,553.5376583307429,22251.659107153177,2
2023-08-23,19444.0,49318.29782309224,32977.191917444245,20.94916850587904,47.850466733538184,8.565068728107114,224.73860908303078,529.8037629740734,23581.108187554877,2
2023-08-24,19386.69921875,48846.073794742995,32755.78159473407,17.50236254863637,47.85321497811906,8.564953148748382,-290.56579807116896,94.68357191433859,22674.257476758572,2
2023-08-25,19265.80078125,48309.24124855482,32540.083697503804,19.14416340418114,47.8519509371769,8.565370276042625,-370.93903793134064,396.31530900820457,23038.954135829812,2
2023-08-28,19306.05078125,48219.26272402862,32359.891794951942,20.079521918552597,47.85485653344148,8.567052811478446,347.3366011894432,647.4973250042968,22589.600940213193,2
2023-08-29,19342.650390625,48031.51102531368,32384.55340039547,18.53852723073439,47.85367096236529,8.56773928818331,-467.18169061217674,137.0733308618453,22811.486694428146,2
2023-08-30,19347.44921875,48305.264767094726,32533.456427855042,20.165108077240635,47.85357670760778,8.567523893761589,-313.89531178339087,338.2568327256134,22496.02832397644,2
2023-08-31,19253.80078125,48516.59779849666,32462.84364074825,20.13311398087244,47.854283402427654,8.567637812411093,-245.82875658193922,745.0717353943423,23784.401336201558,2
2023-09-01,19435.30078125,48929.1017257428,32677.215688444674,18.359636721282317,47.8553448672454,8.568744437052512,-7.738642689539745,142.71038057223694,23304.209553210498,2
2023-09-04,19528.80078125,48929.60200313906,32636.832482187623,21.135948917648662,47.85317225424174,8.570755988303894,-227.38334518463273,537.7474857406355,23572.062755559717,2
2023-09-05,19574.900390625,48619.83255304531,32732.510165977357,18.471686993387536,47.855883677189645,8.569977432416422,-676.7883585920554,76.24266751231801,22412.921103764063,2
2023-09-06,19611.05078125,48671.15427539232,32915.7446028905,24.57594874946939,47.85566965957182,8.571412161766403,314.83189519630537,351.71142904149804,21945.69635118522,2
2023-09-07,19727.05078125,48926.91303177514,33230.90087632431,19.78104235333879,47.85790136178373,8.571414569069251,-311.75945951404606,534.0180143721686,22648.639257528757,2
2023-09-08,19819.94921875,49053.058496163394,33316.68297272039,17.657411710019936,47.85845267697459,8.57010009247896,657.9741075197967,-321.3580369810121,23934.038965936994,2
2023-09-11,19996.349609375,49579.53746538747,33734.64599972486,18.031316467572456,47.86081203867587,8.56858217139542,-28.403997096064245,239.70307566440997,22645.500819380053,2
2023-09-12,19993.19921875,49649.36430888979,34033.674309711256,22.2951609293966,47.86017801343193,8.570215221853726,356.8829937608637,528.7995781559134,23276.83459249613,2
2023-09-13,20070.0,49924.0774189727,34233.028984203615,19.18169670056309,47.858409219162304,8.571962016060692,102.34460567231704,467.75323275951916,22334.951514949276,2
2023-09-14,20103.099609375,49951.524710708734,33966.376202198844,17.272472384340062,47.860289793865626,8.571680930295328,376.0225085826505,243.28648460886308,22429.2302136584,2
2023-09-15,20192.349609375,49975.361666772325,34189.47467802424,21.707425494255535,47.85940859235823,8.571751341159635,78.13559850577283,68.62539832564897,22776.026251074407,2
2023-09-18,20133.30078125,49947.712146600556,34490.102553134515,19.168852224443835,47.864384951707464,8.57024609537575,-55.93246640327742,588.539464658274,23780.241128941296,2
2023-09-20,19901.400390625,49321.33180477172,33754.91902366702,21.3068390222387,47.8651879218141,8.571279806066542,287.2936367426067,303.2779787434551,23324.736633153556,2
2023-09-21,19742.349609375,49063.6766675851,33438.708849755014,21.871132051312255,47.861667027980715,8.571517650841079,844.388845836821,563.6041604887016,21890.20002644361,2
2023-09-22,19674.25,49032.57734921977,33255.39011646913,20.54892707761709,47.86051063012046,8.570226153323267,-257.9187754419501,514.0669406552523,23137.102273307624,2
2023-09-25,19674.55078125,48755.338037713525,33275.13782148844,24.791814791370665,47.858112716500514,8.570686227265515,167.9707950900056,265.7745143294539,22313.000439781325,2
2023-09-26,19664.69921875,48449.74145709942,33293.93165102318,16.550515014133552,47.861931472841654,8.569546677149997,-152.09796900405948,721.7685228983951,22531.366376620903,2
2023-09-27,19716.44921875,48443.57023699269,33628.46640206295,18.364099849456384,47.86485209462023,8.570348610950253,52.42360819721381,221.71671698915165,23081.018547321484,2
2023-09-28,19523.55078125,47722.95724214295,33252.87623773029,19.488099990792087,47.86526896473222,8.569504792321911,-133.13657696938645,757.1361922455708,23492.008949019753,2
2023-09-29,19638.30078125,48177.82445919018,33745.86341734956,24.522347057216244,47.86673918584243,8.570075398725715,-1013.0971542841612,796.3877591642593,23474.723348894822,2
2023-10-03,19528.75,47950.43212658437,33497.06425650808,23.596004940204423,47.86707614751376,8.569650452165508,-230.0746870952708,715.0344023470675,23014.559318266765,2
2023-10-04,19436.099609375,47911.03296966894,33237.003266557396,22.57738173478783,47.870257353665814,8.567507386673249,249.82202912341364,345.8316539901107,23026.070713078643,2
2023-10-05,19545.75,48285.79901021913,33328.69089649743,18.41175211850818,47.872416848594284,8.568720728596732,-456.0826493074282,1164.1237433103965,23488.89027313429,2
2023-10-06,19653.5,48620.05390102963,33186.10755399086,18.64497052045914,47.87511677570695,8.569983389671798,218.37857722861725,445.55333772677307,22157.193189232512,2
2023-10-09,19512.349609375,48469.505867115186,32955.81396679336,18.342879929719093,47.875141237766414,8.569667878232115,-76.55633424386204,472.31694365393787,23719.466954891497,2
2023-10-10,19689.849609375,49049.022041721284,33730.68168242179,18.433146223918474,47.873846558352305,8.570143119639694,-226.59621234168367,393.3815964285675,22551.299584020337,2
2023-10-11,19811.349609375,49396.54156910609,34074.93609849245,22.98540921455195,47.87644174760738,8.57077665760379,212.32615411334712,61.070056883097266,23012.58309824576,2
2023-10-12,19794.0,49642.08243258009,34179.69305146296,19.512465753208314,47.88169576865352,8.571437049955632,122.41261742570464,788.5219712154292,22671.041703075767,2
2023-10-13,19751.05078125,49546.56045408585,34006.43384214372,19.777003670712116,47.88561379997032,8.573347093499933,18.218828479214068,228.27897110081858,22373.830469215663,2
2023-10-16,19731.75,49433.11566800824,33916.82126110516,21.548773573846862,47.89095877608196,8.573942878109175,256.36008111216563,675.883307811194,23119.898132817692,2
2023-10-17,19811.5,49487.25415461127,34283.664735584854,16.67294405193205,47.892044871628585,8.57375874817579,-68.76067216456772,747.8659324955627,23021.860690833997,2
2023-10-18,19671.099609375,49241.253227932495,34405.51875741302,20.10529164253828,47.88973489835155,8.57435473158047,-807.8664131956095,580.9964141647861,22870.206225091784,2
2023-10-19,19624.69921875,49357.27953689509,34615.93398545628,17.806256542654157,47.88769133687274,8.574087390204369,-301.24834925292777,192.40921723050886,22853.574093613122,2
2023-10-20,19542.650390625,49120.86669123805,34609.50960391313,19.411170158883362,47.89243004640928,8.573178981591582,-871.7609691119463,297.67652334634533,23628.37565198859,2
2023-10-23,19281.75,48658.68206274353,34066.654191758375,18.827158612081575,47.88744421584367,8.5745504054588,112.94593048345354,-403.1228542043964,23939.450561232105,2
2023-10-25,19122.150390625,47839.19257283096,33772.425378216525,18.724038507937486,47.89255848596069,8.575230787021667,208.47993571718712,365.0597030900215,23513.52139066228,2
2023-10-26,18857.25,47105.27765833379,33065.81371911155,20.451163613412728,47.89079558195207,8.573509925540094,226.68089685321672,640.8130563099951,23071.069317571077,2
2023-10-27,19047.25,47622.623771990315,33178.48971421677,20.442426804785022,47.89716575185714,8.57296155455018,45.63787969192157,328.7484762754229,22197.357969184995,2
2023-10-30,19140.900390625,47741.850156442255,33149.94523344063,19.56035882153203,47.89755394648209,8.573849025912576,237.1700517557195,222.97591232280178,23241.789654028416,2
2023-10-31,19079.599609375,48029.76637312447,33032.65892200864,20.741368685982312,47.90032165894886,8.572409567094645,-780.6413353069844,310.67592276715015,23267.216236943546,2
2023-11-01,18989.150390625,47767.309025246424,32787.78486316357,18.2627709182929,47.90807679814366,8.571775534574673,-193.02676871771504,764.6097910957055,23318.23726964178,2
2023-11-02,19133.25,48089.21571257096,32797.280848696144,21.363171738078854,47.90768635474049,8.57455047930563,-715.966395523286,383.690293331961,22444.886865766985,2
2023-11-03,19230.599609375,48364.137280341645,32990.75094310648,19.58760195568479,47.90724555567118,8.574327364529307,-293.3318451223556,957.3748529225838,23364.671824674842,2
2023-11-06,19411.75,48477.95762006859,33302.103057194916,19.032672875724206,47.905761038073955,8.57551256100244,496.5006943731029,228.77994853458307,23696.812623894322,2
2023-11-07,19406.69921875,48317.003097728244,33058.25229584652,18.410482376594036,47.90335568826636,8.577110063860406,287.29487294187754,465.1695355393789,22532.490772081655,2
2023-11-08,19443.5,48608.69437546717,33060.05326348471,19.51720507906664,47.902966215302655,8.57629313508617,114.9141625897687,269.9794223118918,23304.03285459274,2
2023-11-09,19395.30078125,48354.52466424613,32898.44067196497,23.741278513691846,47.901901692715576,8.576645601466867,-222.64809144025725,1022.3459241273969,22620.964938506717,2
2023-11-10,19425.349609375,48276.67432039885,32837.94079855144,19.873372459794822,47.89875092182318,8.578785055082804,-547.4379137782328,453.911593392808,22951.378417399304,2
2023-11-13,19443.55078125,48580.26078286216,33058.1779030929,17.71119292771312,47.89871947849865,8.579319744799644,-75.1889264862284,1038.4228411603544,22567.911408547665,2
2023-11-15,19675.44921875,49486.39276432717,33154.00987525574,21.837638133570092,47.90066883820694,8.581754959963096,294.27033272892265,273.96173352930424,22848.050414261972,2
2023-11-16,19765.19921875,49838.280552304575,32941.15222532285,19.05614312841649,47.89858112200416,8.58118229603931,13.948595703693684,858.2737527565187,22856.635523796456,2
2023-11-17,19731.80078125,49655.25220576611,32875.072857667066,20.56751800870494,47.89869377258998,8.583038151779059,-784.2763156738248,435.40101168204853,23209.355205414515,2
2023-11-20,19694.0,49503.28264517012,32818.50703502032,18.788678899146845,47.90351328601368,8.583108115169198,-108.1556411536659,650.9966783636792,23434.602039037378,2
2023-11-21,19783.400390625,49591.31930571885,33077.89564869334,22.56154663228634,47.899854692590125,8.5828284550354,-915.3312768265392,34.086706627284855,23589.81369469328,2
2023-11-22,19811.849609375,49472.5786914539,33028.04519268711,18.818480486708072,47.906249694351935,8.583510846004696,171.67353324240298,504.52418476279206,22734.345523545144,2
2023-11-23,19802.0,49239.39483150885,32827.051720635114,22.79571595715507,47.904827623633025,8.58343626799873,-427.20309922668605,79.26386860278996,23205.579648454965,2
2023-11-24,19794.69921875,49097.89859637724,32811.09102881046,17.901478830942427,47.9060303359366,8.583383109722092,-639.2485599411732,477.12892021150867,22538.665920426894,2
2023-11-28,19889.69921875,49153.91721385774,32913.28080197179,19.41418722856904,47.91046782543369,8.58389424274516,177.17226509288133,-55.517015911445924,22998.830367881845,2
2023-11-29,20096.599609375,49409.58087025486,33638.3082320978,22.799991571813564,47.915820846076855,8.582106978916643,73.75113487359454,371.77509412857177,23074.61658078231,2
2023-11-30,20133.150390625,49551.99839175469,33646.2862309153,20.336348449562678,47.917830308187696,8.58132332267687,-57.04041503431564,728.6836111380112,22634.48719675699,2
2023-12-01,20267.900390625,49965.02241213132,33906.78373057984,24.542931883611267,47.916346791634375,8.582055495355265,726.6831788604204,564.2661636982616,23322.927698088268,2
2023-12-04,20686.80078125,51462.91060610974,35278.34840253836,19.461719101523965,47.91459835781606,8.583051085029757,103.99993450238236,29.814985122734697,22998.19831593034,2
2023-12-05,20855.099609375,51786.89550189171,35582.84122518087,20.514085705921346,47.9134736805604,8.583406901610228,-407.9827719709468,-169.51591485112908,23146.357050442497,2
2023-12-06,20937.69921875,52074.648882947615,35871.86367956256,23.810298544097634,47.91974145019079,8.583675890657151,57.68154699397664,549.0833741382304,23645.404146705278,2
2023-12-07,20901.150390625,52039.806531368864,35935.88521561611,16.972153566515463,47.91919201367254,8.58406588092825,-264.4309373585772,874.3596386075237,22887.75833889929,2
2023-12-08,20969.400390625,52174.06296075232,36235.64268140233,16.724499933636924,47.920762895910514,8.58500585719555,356.7035287588008,110.81618893894989,23482.89630774609,2
2023-12-11,20997.099609375,52405.72579812432,36356.21931609745,18.408983645581184,47.91823162422852,8.583556336809265,-37.609117267828736,1029.2212234529084,23761.7964900092,2
2023-12-12,20906.400390625,52319.293590425375,36210.343173563,21.62674537894665,47.91536259253779,8.583018100297265,1.969314720179426,398.0520135492999,23738.68451527949,2
2023-12-13,20926.349609375,52442.8752734541,36273.66028174507,16.780297633336122,47.91604176920995,8.582909438665643,-726.9473640781176,-187.60806010230976,23018.48612119142,2
2023-12-14,21182.69921875,53100.005103934156,36683.82811574727,21.19409811312404,47.915667536180806,8.58306552591887,-125.45935219881912,-68.26410701405058,22660.902878350356,2
2023-12-15,21456.650390625,53783.83520000982,37330.41668277073,21.053413388977788,47.91551241920574,8.580910714986802,-172.50634170610368,630.9847448114238,22787.31931760491,2
2023-12-18,21418.650390625,53386.28253002479,37707.35298439356,24.028780466403916,47.9116752097519,8.579602679675038,-559.6853820842205,438.87041225051036,22386.87943373032,2
2023-12-19,21453.099609375,53308.69082372905,38055.63835409594,22.090969851024745,47.912054747932984,8.579529908092626,-238.60059455553795,844.666289737979,23442.923770977173,2
2023-12-20,21150.150390625,52356.585657767406,37484.48090970251,20.72810047499555,47.91730255843288,8.580481468560095,24.300977433631317,40.562569990544205,23476.757755797902,2
2023-12-21,21255.05078125,52406.86616202118,37902.373543026086,16.21826587030592,47.91534344443374,8.57999537945894,348.2601602623947,185.54843944913387,23190.056761113465,0
2023-12-22,21349.400390625,52756.13829922194,37906.605822472884,14.577807882229733,47.918635750057,8.579255971567953,-214.83987663361347,152.02831841650695,22503.888967522973,0
2023-12-26,21441.349609375,53260.992033508715,38043.51252951087,12.579859890745595,47.90884265989441,8.57970665385925,240.71326672122268,107.09564308282741,22976.741677779384,0
2023-12-27,21654.75,53652.06623854939,38720.182285104376,11.210788445902278,47.90703562430815,8.579295128677819,162.79008438405035,35.217831405902245,23789.974066915423,0
2023-12-28,21778.69921875,54052.18759540671,39336.49173431485,12.361268792613838,47.901904452344425,8.580087105209044,427.40540921247316,41.19018733845577,23438.28800407041,0
2023-12-29,21731.400390625,53700.62283566947,39053.06187030022,13.419852250905764,47.90621306351125,8.579771390137715,384.21302475776895,202.39374728411235,23523.716224130676,0
2024-01-01,21741.900390625,53663.67879726458,38962.49662589009,13.850036810699208,47.90944939668614,8.578556317949062,185.35477515526125,240.7743083514647,24698.737348228493,0
2024-01-02,21665.80078125,53310.05338326544,39310.34241371568,9.229608803826483,47.906946396875746,8.579871591273145,169.73462263065946,225.77185503097303,23323.132972393643,0
2024-01-03,21517.349609375,53037.30117664082,39010.97348039695,13.06087933015201,47.908414228329356,8.580998063045453,376.88903519379994,511.7962526721358,22175.56188128906,0
2024-01-04,21658.599609375,53276.81395484229,39752.01429498872,13.55716353909889,47.91261935661723,8.579926328630432,735.1907019946251,-210.3835536866162,22670.7028627199,0
2024-01-05,21710.80078125,53634.85134309088,39916.663826966585,14.595074889759681,47.917290931685926,8.580200311968973,461.4562090832743,-393.50506035142075,23327.944626093158,0
2024-01-08,21513.0,53047.85367738202,39540.99997967611,16.7536017650127,47.91667355970301,8.579746457484246,919.2277301162856,455.08951631635915,23199.994118491915,0
2024-01-09,21544.849609375,52996.42832165934,39538.77123811255,13.87130707089054,47.91064699116401,8.58023287215372,803.2763915367563,-133.05751227269747,23116.56430090455,0
2024-01-10,21618.69921875,52930.60874984027,39926.90190744502,11.680874247504564,47.908551371264615,8.579219070412897,948.6729984836609,36.157254415446715,23129.74501248839,0
2024-01-11,21647.19921875,53061.13494819404,40317.23153558331,9.863841232797055,47.91144980504939,8.579947336034161,897.4510607212223,-33.62989196483309,22842.37796186908,0
2024-01-12,21894.55078125,53925.030285252666,40620.81974936125,14.874021916224763,47.918346487570965,8.58099324820763,975.179806696289,-40.053696627531735,23385.04481517224,0
2024-01-15,22097.44921875,54537.13365287419,40988.29438758142,11.761825281045173,47.91878351256625,8.579891404007839,-111.2571241884936,-287.4792114674773,23864.005728690358,0
2024-01-16,22032.30078125,54849.555952926676,41068.40595289468,15.233673954322693,47.917563047209114,8.579799141148456,608.9705111641874,-20.85827632041446,24026.166048719515,0
2024-01-17,21571.94921875,53910.72339668725,40020.36902959211,16.294840304325138,47.92536113167191,8.580849682227068,837.3282211455586,344.79933368385935,24018.2207707159,0
2024-01-18,21462.25,53544.093833586914,39659.31739893362,10.411850468041653,47.92717832963592,8.579677435429177,909.6109287426475,148.82056811700724,22787.540440920457,0
2024-01-19,21622.400390625,53916.768931115934,40259.15829120526,14.607785117517926,47.924095025618236,8.578832265012212,41.71247479441894,301.3521385520743,23227.390786509237,0
2024-01-23,21238.80078125,52974.22110957548,39672.93514662127,16.08524482067869,47.92433830275799,8.579312200296064,612.9522099725752,1.1754007665454367,23095.9342982352,0
2024-01-24,21453.94921875,53388.549413920286,40049.946336703164,15.538078650560564,47.92793808569804,8.578964250237009,380.08122598016763,420.85379723457896,23522.100645885068,0
2024-01-25,21352.599609375,53360.19129645214,39874.326403789106,9.30724112617909,47.92832696314507,8.577196257063061,1088.8240932030449,-2.508562603060568,23213.464811414742,0
2024-01-29,21737.599609375,54507.866968710514,40452.09883223379,11.792695910412592,47.931310044902084,8.576677862330113,-204.9166497577803,-482.5671901577682,23152.02517427591,0
2024-01-30,21522.099609375,53972.02231547915,39759.515895541655,10.939638988499153,47.9270950228011,8.578220671725838,42.28416743085381,244.98713787788915,23938.754235082684,0
2024-01-31,21725.69921875,54686.65155991186,40243.40855898752,14.546945510294101,47.923392500373524,8.580074473840963,-374.25352998493804,380.2154307086041,23312.856219104277,0
2024-02-01,21697.44921875,54986.11151780355,40188.23554339529,14.326653246970995,47.921787932241095,8.579222846869836,407.8465148132329,-17.771703725768077,23329.928611859497,0
2024-02-02,21853.80078125,55461.608568533076,40302.771321881635,9.0,47.92154135207366,8.578089551083435,1255.5361077078605,509.7618802225242,23469.560270056958,0
2024-02-05,21771.69921875,55207.915614472455,39949.5003094446,12.898336757344318,47.92314319853627,8.577406092433918,332.26335258668314,-105.207656311449,23597.097493210244,0
2024-02-06,21929.400390625,55986.40887510947,40041.5626351506,15.101439660682214,47.925653479270764,8.578977094406588,390.41332900970167,351.21804386020005,23604.901098936396,0
2024-02-07,21930.5,56206.60753340422,40153.455902384434,13.795951982448244,47.93365182070842,8.579582838806786,570.0955082492819,673.4327826471449,24015.392774657532,0
2024-02-08,21717.94921875,55539.20587783073,39223.350903304374,13.792533838999722,47.93203615032902,8.580805124706927,303.48380599708366,161.01929531146496,22698.356475025957,0
2024-02-09,21782.5,55722.24196915511,39125.306028522245,12.770012626562579,47.9316941833317,8.581556558245998,496.41040765763216,82.05507419309227,23453.65323161882,0
2024-02-12,21616.05078125,55299.028841486026,38337.25420376902,11.382118117850643,47.930162217602685,8.579984497824672,506.8846677311256,118.29849735778052,23259.76540175348,0
2024-02-13,21743.25,55738.74611351641,38706.11576594514,13.465888352219032,47.934000382635006,8.578777506726063,11.777339162589271,638.4886160855392,23172.25621958985,0
2024-02-14,21840.05078125,55709.256533025386,38494.81693321624,13.604186902470248,47.9380022338136,8.577817744289378,312.38131538013266,270.8347721373532,23670.98519834282,0
2024-02-15,21910.75,55564.095596802494,38652.00098950872,14.730509040665911,47.93725926725601,8.577026735312986,646.7731705960985,793.2608031656014,23927.4206080622,0
2024-02-16,22040.69921875,55729.60965003535,39312.89969214279,14.892999848590923,47.944056504752616,8.576073950092548,721.4304466252381,233.77541638320616,23051.60837718571,0
2024-02-19,22122.25,55741.37295522143,39886.31632855454,13.671722838326483,47.94252980776288,8.575232064125691,869.4006624777101,-46.13899797112322,24119.965380403064,0
2024-02-20,22196.94921875,55804.899949251354,39616.66476707594,15.689816729169664,47.94621956141552,8.575587191582937,484.1744267131176,-25.05208056396299,22669.569144057696,0
2024-02-21,22055.05078125,55554.72387920174,39384.37148464851,12.750150663728459,47.95118312909852,8.575432184398014,492.31428449777627,168.48217964788415,23618.4185621923,0
2024-02-22,22217.44921875,55968.693413228066,39498.83718967499,10.611950860240533,47.94769838971739,8.576355719418235,650.0739460858499,-462.3967847909058,22931.989575698546,0
2024-02-23,22212.69921875,55999.50722405788,39207.02194166218,14.454107338836412,47.95003128659099,8.576305876308545,112.09191457147679,7.503048983811709,23053.20867657899,0
2024-02-26,22122.05078125,55476.34180711036,38988.936561774965,13.752759108778509,47.94245614846723,8.575322481239485,95.68837920433512,14.160649785069552,23386.072457989198,0
2024-02-27,22198.349609375,55584.47752637866,39440.23421149877,14.493863031359727,47.94552878553413,8.57519838858996,300.0808569382406,221.93692662565994,23176.702869214612,0
2024-02-28,21951.150390625,55036.87918447178,39056.96838072486,10.971097303434144,47.94282396807201,8.573369088759035,-160.00707982164147,732.545466120435,22029.92172664676,0
2024-02-29,21982.80078125,55255.58063262133,38957.08630897877,23.58159217722209,47.945126376914004,8.570733828659844,12.760308679963629,416.4449465227538,23659.000078165504,2
2024-03-01,22338.75,56085.78717994698,39889.83364924868,21.421004827327284,47.947991342917916,8.571048185670575,269.63281446730554,-176.79772613790965,23742.80033561378,2
2024-03-04,22405.599609375,56307.11345874791,39498.01012385547,19.424006218001747,47.95195175835658,8.571732209601258,-434.0174579353417,125.8277050369116,23307.940017125627,2
2024-03-05,22356.30078125,56667.22199233778,39216.29191879737,18.12909370807071,47.95522240440678,8.571464623224857,24.0596759541084,478.6863585612741,23276.220555660002,2
2024-03-06,22474.05078125,56992.47406546736,39270.33060060483,22.154306820864498,47.95599008938414,8.57072817347558,-401.65242037679735,427.89842790360916,23218.903914547853,2
2024-03-07,22493.55078125,56888.938027888704,39329.717837061035,17.796460435872287,47.955448659850674,8.56903573213683,-556.6302007979705,887.3366566937751,22597.507008280772,2
2024-03-11,22332.650390625,56403.84699082147,38946.1385916316,24.52272964958414,47.955825491860665,8.569846660410732,672.2244175038666,688.023189511412,22552.853206423824,2
2024-03-12,22335.69921875,56433.12136717755,38919.469469238444,18.773590120201337,47.95307748731681,8.569977769553393,-550.8932544068969,679.034642133315,23784.758463324368,2
2024-03-13,21997.69921875,55467.960906544526,38179.05391543121,23.44101042921122,47.953042423468375,8.569902099293135,-661.727727235138,334.8600723542468,23912.142430631608,2
2024-03-14,22146.650390625,55875.63915275541,38495.71517693592,19.631052429854567,47.95277033652351,8.569525010313507,-64.11384117787489,729.7363109652633,23698.16361534084,2
2024-03-15,22023.349609375,55214.76995639735,38363.5106541033,23.161493417640617,47.951005681042,8.568677754466759,-42.591408615693524,131.2230621408126,23601.347008813074,2
2024-03-18,22055.69921875,55091.51617278608,38465.6411034999,18.53026298634697,47.94638210138772,8.567181367991017,116.89285647597626,690.4882927881208,23795.490791800843,2
2024-03-19,21817.44921875,54408.25972930383,37905.516557194,20.0376727570934,47.94315129303491,8.56704555160042,650.4912214039628,315.2743290527898,23769.403317074408,2
2024-03-20,21839.099609375,54431.68781605841,38042.27183814615,21.60949866034113,47.93430095838341,8.566113090702679,-460.8519260778521,-34.39802178815785,23070.769334135548,2
2024-03-21,22011.94921875,54783.4355932886,38596.14196353457,21.324154273391645,47.933977320807735,8.565289779772899,-381.37473518956017,577.9710101844622,23548.19002669121,2
2024-03-22,22096.75,54977.14542098629,38645.84064000659,22.20152366731577,47.93565881675263,8.566602863308844,493.52219892274286,819.2630855843158,23310.082979645165,2
2024-03-26,22004.69921875,54739.15317367369,38439.43051971979,19.02505577039687,47.9282111180387,8.566144612926106,225.64950620231372,278.0194386052112,23321.301194048345,2
2024-03-27,22123.650390625,55261.87093147721,38960.25674539594,20.16961674569962,47.929521262378216,8.563276075294603,170.0325351046929,868.8285250730382,23994.000083308212,2
2024-03-28,22326.900390625,55801.013374341506,39132.36625228005,22.49677715199614,47.92975383989489,8.562319627170883,-385.94747820292764,-96.78227429646387,24203.049535049104,2
2024-04-01,22462.0,56263.416036961884,39846.688160791084,18.589488996562096,47.926823572609734,8.56089177985391,300.3552881649008,40.962028967091385,22367.80841951034,2
2024-04-02,22453.30078125,56117.7467654856,39509.43961957812,21.145082122236804,47.926129956987,8.560320760361993,171.2731280724143,355.98218747435857,23354.43959391949,2
2024-04-03,22434.650390625,56194.9442991898,39388.37323166652,19.5616795204445,47.92988236948265,8.558459125637425,-74.18509275225375,288.77083422169176,23334.876819873178,2
2024-04-04,22514.650390625,56500.65430425275,39332.40099959113,20.41174821316521,47.92755980230046,8.558450154111162,-383.9711240933969,199.85998418223275,24029.82293182498,2
2024-04-05,22513.69921875,56694.035728487856,39850.12324446236,20.1691004328289,47.92839635552771,8.55770608533298,-107.32177824462191,440.103315645467,22807.980190493447,2
2024-04-08,22666.30078125,57281.56466194942,40054.42664897774,18.42343369843007,47.930036143242816,8.556776973174582,509.39475539330874,241.42286265089362,22089.632506557784,2
2024-04-09,22642.75,57351.033066976306,39884.481856383,19.478613615755105,47.92816952132354,8.556467796642604,-587.5871010414721,292.3076008591798,23885.28139352062,2
2024-04-10,22753.80078125,57638.57847370652,40030.76161131165,20.28986450415341,47.93179433434032,8.555926950838828,-469.919627225388,483.5275211051113,23957.168188356423,2
2024-04-12,22519.400390625,57044.981941948325,39561.637721076426,19.79455200257574,47.93360585717467,8.555322659878978,-401.1209740282661,199.73893525859154,22670.731135415128,2
2024-04-15,22272.5,56601.40806068421,38967.67970397304,23.14547189958848,47.93345012435961,8.554623502129168,-314.328462403898,368.194551604308,23456.100608526158,2
2024-04-16,22147.900390625,56107.62976556116,38676.10880523388,22.019911113632723,47.94113984577536,8.5541228285756,-156.29467460841082,206.33828609212316,24239.444215989435,2
2024-04-18,21995.849609375,55545.71662668564,37555.07458393778,20.579960996986994,47.94477758108692,8.553980258909126,233.42841128076242,38.31387497199108,23017.49561219451,2
2024-04-19,22147.0,56007.80610940496,37879.02741517762,18.473707634560995,47.94031909842985,8.553707098964885,34.565645766985085,629.1106524021112,23577.314998580452,2
2024-04-22,22336.400390625,56631.15962710228,38273.84602367015,18.351953816204094,47.93975162621645,8.554337465718124,-125.66357979862849,912.3383322526041,23773.908150974294,2
2024-04-23,22368.0,56532.69346133322,38578.52832082981,23.947622070560822,47.94775155403978,8.553288882675295,-39.20260996786185,719.371598522175,22867.73877155838,2
2024-04-24,22402.400390625,56611.47977500945,38954.556188491166,17.980229127855612,47.94540500961076,8.553019736417166,99.59638414527174,499.51482455839493,23279.40326815812,2
2024-04-25,22570.349609375,57058.80570153602,39262.34071569407,20.22771923630105,47.946204010989256,8.5549531896405,-822.6823784918379,207.54146717920995,22753.584239484448,2
2024-04-26,22419.94921875,56142.3991334596,39140.855926586075,20.72189742869736,47.95049699111914,8.554394212462894,278.6336767018403,313.9243827451778,23477.507701511047,2
2024-04-29,22643.400390625,56711.45472629181,39350.84168972754,19.377352697033388,47.953053955882254,8.553868636546072,-480.56517715456096,717.1063781401986,23187.353094263544,2
2024-04-30,22604.849609375,56569.737741378376,39451.749663975286,17.99559247084528,47.95604336391941,8.552076483511883,-327.4041484709952,-284.4460301070244,23663.004676549375,2
2024-05-02,22648.19921875,56652.8607937974,39407.052521836245,18.430206721987027,47.95885613802496,8.550829137614002,-13.825871318565419,291.02193268184476,23869.432320216903,2
2024-05-03,22475.849609375,56499.69825509041,38772.24991374937,18.906989995391942,47.95953231620493,8.550183269612416,-180.16233120156696,620.2347759232799,24229.969857927113,2
2024-05-06,22442.69921875,56134.4483763162,38660.612994299154,18.58101426180444,47.95775537302672,8.55017185699053,44.77217643733579,58.51588534464895,24680.193257075924,2
2024-05-07,22302.5,55566.44448935999,38695.67287068791,22.65544078636186,47.95965966560419,8.550270791698065,-93.26883261743777,527.016485273661,23683.301738472823,2
2024-05-08,22302.5,54988.86551168225,38737.720485330974,19.98174801305474,47.95905133572291,8.550041477088564,-265.7329148246486,513.0967812297068,23441.019765079127,2
2024-05-09,21957.5,53957.19371580114,38368.23111204886,18.952397797704776,47.958207282120334,8.550284628601977,461.5032677505128,-36.29972907874759,23418.62386747987,2
2024-05-10,22055.19921875,54136.18764386161,38400.741491455374,20.21391608773441,47.96325469778174,8.548718983419661,133.226212804054,426.0934330428801,23145.05697102401,2
2024-05-13,22104.05078125,54157.6599416101,38745.77964250587,21.335911810589828,47.96271170980701,8.548636244316663,-29.153069945752193,214.76641959954407,23817.11343345126,2
2024-05-14,22217.849609375,54707.088389591925,38833.63943287955,19.31076058788484,47.968430101014235,8.548072590332067,127.00793634374662,524.8296027650599,23376.90099903215,2
2024-05-15,22200.55078125,54848.7445270263,38849.861746727,21.80396259035183,47.96980040003768,8.547615129820368,-432.1317970829983,600.9366057673791,23860.32072651337,2
2024-05-16,22403.849609375,55421.2913098532,39330.23133597548,17.45770645128688,47.969922956843256,8.54666510822799,719.9086967266737,519.6816801319452,23179.915056076035,2
2024-05-17,22466.099609375,55508.58990048523,39618.51926558719,22.34260726423283,47.96507027167153,8.5451190306457,-585.0548804332553,421.7776972729289,23405.513105090016,2
2024-05-21,22529.05078125,55908.968035392994,39811.80884318407,19.98209532045556,47.97202983885534,8.543305488299744,-104.73253668263939,486.66138172677176,23835.129964879012,2
2024-05-22,22597.80078125,56092.52406907817,39781.03949688828,19.903975296496544,47.97261193018958,8.543022430925392,-264.5705114470961,47.180473325198705,23576.79966668405,2
2024-05-23,22967.650390625,56924.89368194564,40784.911199654445,18.613971351070294,47.96639959080607,8.542911215986184,-279.76575017081933,390.77446484103297,22732.933719679273,2
2024-05-24,22957.099609375,56506.882011304675,41188.16171930031,17.544299738973173,47.96996276770249,8.542167244039366,-331.70270252590376,161.0550259833984,23638.76275490485,2
2024-05-27,22932.44921875,56340.635575232314,40991.287614291345,16.66665612836922,47.97041219226638,8.541532696186977,-458.6840003994006,709.4616260461149,23271.74434152219,2
2024-05-28,22888.150390625,56391.009375391935,40448.52196971923,18.474446662100426,47.968218215910085,8.540187420895125,325.33688192324774,604.971446794432,24215.010092272027,2
2024-05-29,22704.69921875,56407.33849095439,40181.54786072842,21.175346441204706,47.9716117661546,8.5400600902897,-631.8811178331537,604.1204050359611,24120.653774544237,2
2024-05-30,22488.650390625,55833.751207832036,39646.47653139481,18.077443155390675,47.96456556896349,8.539484998189701,243.42555947352793,914.0474667291945,22585.59052998137,2
2024-05-31,22530.69921875,55777.685211449025,39704.28826803238,16.90310362855138,47.963023283380515,8.538478343823677,109.4150938883929,301.00676055989527,24050.65470442696,2
2024-06-03,23263.900390625,57537.13534498398,41423.44589334918,18.18186937832443,47.96272507620251,8.538698066345967,-302.35645267173845,235.29779433674503,23860.60055699334,2
2024-06-04,21884.5,54023.29982026285,38472.98753511352,19.23033336499137,47.96588164004384,8.538691407099535,63.04291351754122,293.9191851227671,22978.427502860544,2
2024-06-05,22620.349609375,55664.55717016456,39992.51633003246,19.308997554675294,47.97320239467803,8.536498544192305,-213.1596070786299,-80.67092235146117,24102.446362510695,2
2024-06-06,22821.400390625,56335.32960814909,40397.07118233287,19.74221418351447,47.97306808823879,8.535885388007976,-590.4025354037408,-57.07493625380232,23084.966784103417,2
2024-06-07,23290.150390625,57811.4373133443,41771.894301231776,22.065212692103756,47.975047920823194,8.534259534884646,-586.1734618683626,586.3309026904335,24239.29209223582,2
2024-06-10,23259.19921875,57827.81678847932,41712.85772287591,22.498508876182978,47.98389308570757,8.533726132207578,112.17660658787634,-18.54203927714832,23395.20261374279,2
2024-06-11,23264.849609375,57792.470389601316,41416.812448776414,24.010925010778642,47.984507296131255,8.529896056908644,91.42812947400913,77.5262304969823,22986.81329517818,2
2024-06-12,23322.94921875,58082.551709059495,41244.11355094419,16.750185366602864,47.98651189329932,8.529409669598778,-53.19543427231217,369.48403686851196,24717.34602668579,2
2024-06-13,23398.900390625,58330.85547854585,41440.20644426223,18.28823215932733,47.983399838806804,8.52943282247984,-306.6066157362027,276.3317191786999,22983.19506176287,2
2024-06-14,23465.599609375,58332.20208168247,41301.36892064786,21.396970314119507,47.989877340291734,8.528627903249982,-226.17261345240857,665.6957073388201,23339.31633952917,2
2024-06-18,23557.900390625,59020.37583006757,41109.61210057704,19.091937568949948,47.988338411257075,8.526763762789443,-280.2212628656106,418.1383915004485,23437.34468788526,2
2024-06-19,23516.0,58822.21239503113,41178.68818362479,21.721572939698465,47.989744125142614,8.528015419736711,-848.777654070747,160.45939624834014,23515.548332390645,2
2024-06-20,23567.0,59145.95273854738,41455.904462189785,13.914226860229654,47.99106483250397,8.528461378230814,374.5013001025117,441.4899029229238,24068.61453271793,0
2024-06-21,23501.099609375,58396.60635551906,41225.868710312,23.1584084200736,47.99192084747002,8.52721502891598,58.98194448380042,618.6374154516346,23769.427219389494,2
2024-06-24,23537.849609375,58796.586094625985,41376.14075044845,22.085432227865372,47.99121790643631,8.526233434075525,-122.95648048871772,-23.29503127216975,24223.96322037714,2
2024-06-25,23721.30078125,59652.26482690896,41812.100781440764,22.122033253117962,47.992541885171335,8.523526551938005,557.6596688076809,475.6799933980098,23928.707398572995,2
2024-06-26,23868.80078125,60068.843473946516,42277.79276573216,12.676256782612608,47.998413927596964,8.523268823852533,-51.824857931992085,-64.5230368755445,22962.17126030193,0
2024-06-27,24044.5,60692.70592299374,42807.9444339572,13.305078308063456,48.0058567295247,8.5211631818209,85.55851324251182,-72.43133784005036,24023.450483977682,0
2024-06-28,24010.599609375,60734.18343039863,42072.6164715407,19.389493084865286,48.00593130090293,8.521087872210863,-96.79240172653196,960.854398393753,23878.324934807086,2
2024-07-01,24141.94921875,60943.8587341902,42288.64779624969,16.988215712700185,48.005182911035895,8.521366870276795,-52.493275923027355,437.2814165355364,23475.261655388058,2
2024-07-02,24123.849609375,61027.03075925966,42382.11436228305,22.943538510991065,48.00335661775361,8.520544396819032,-910.4834500105089,334.73845344581594,24763.441058853427,2
2024-07-03,24286.5,61282.781144323046,42621.314586289234,14.990774617686425,48.01201502457273,8.518722470347468,591.0791999502411,175.48536758868613,24071.700162866127,0
2024-07-04,24302.150390625,61177.08728311251,42663.552093714876,19.309945751838125,48.01300152926762,8.519208754383042,-50.673264177760515,662.2720788487882,24235.417409103004,2
2024-07-05,24323.849609375,61513.870344193456,42902.09444111139,16.109185014919944,48.01694665697633,8.518442934127153,-497.7571775332365,-60.481342786033196,24257.145703121416,0
2024-07-08,24320.55078125,61744.946305238984,42915.94573166804,18.73926470650569,48.01963663890017,8.517762915781503,-196.68370755396873,240.74500916769946,23597.57171911352,2
2024-07-09,24433.19921875,61885.235660532126,43547.36315508696,16.323731063089447,48.026861843996215,8.516052887260809,-473.41660877546707,597.0014374438983,24104.071373220824,2
2024-07-10,24324.44921875,61402.54748848071,43609.28027336997,22.01473950578723,48.02671874316197,8.515462198532356,-331.32930572551606,-54.91678714711071,23958.076223397256,2
2024-07-11,24315.94921875,61220.65000621781,43559.99842527908,17.442879533768007,48.023997538234894,8.514470298405776,-685.2403138711451,697.2315522727873,23547.36596182717,2
2024-07-12,24502.150390625,61919.70346588745,43909.9116834401,13.108449068752034,48.030175893489954,8.512347581243084,516.475471469429,-331.55392044706804,23235.796649189808,0
2024-07-15,24586.69921875,61907.060601951984,43344.46148334785,13.91224608156752,48.033485812823876,8.512888105468651,1054.7105522280904,76.26995742737722,23834.29949587032,0
2024-07-16,24613.0,62068.447982401245,43315.19850218796,14.270930689477524,48.03545466213084,8.513842526937466,456.00942966811306,-329.64986195020174,24107.51061365582,0
2024-07-18,24800.849609375,62778.992662062214,43360.223881033766,15.196802112407592,48.040660240010084,8.514050793196029,-513.7536407054587,-166.87549858030286,23840.599766932635,0
2024-07-19,24530.900390625,62009.92048604542,42854.398398271056,14.661702852535024,48.04280023146673,8.514104461044699,464.2384149331195,539.3000575814859,23750.990644711266,0
2024-07-22,24509.25,62200.54743875009,42848.31919341553,14.599785053124053,48.04810993353865,8.515049173785076,272.1444831203859,463.33736215041625,23856.0065948116,0
2024-07-23,24479.05078125,62040.7352042447,42964.01763891166,11.918496435887018,48.04944970922517,8.513176061738593,-90.40501390164127,495.39668993343133,23711.13460609402,0
2024-07-24,24413.5,61805.36366004377,43186.57102092783,14.088487114535315,48.05275555569928,8.511285724377535,491.4495325564109,-284.6964850615216,24592.184150942023,0
2024-07-25,24406.099609375,61543.71447032331,43164.06075194444,10.488900059899787,48.054934729675615,8.510035279873371,701.9058912509423,-165.31684746049893,23987.064265289846,0
2024-07-26,24834.849609375,63000.36366485938,44690.972134575786,16.62427539690566,48.05455887847052,8.509491870749198,82.60260724274497,251.96177064933954,23630.996346471886,0
2024-07-29,24836.099609375,62810.97270365166,44756.04964673165,10.694870352363552,48.05454270714051,8.508352773568205,-307.4931243247564,364.5952470538044,23005.13148678859,0
2024-07-30,24857.30078125,62958.002541664435,44451.0994820029,12.807120322487311,48.05396412049458,8.506481101372893,-454.6688958171478,-89.85410552958743,23779.110100478254,0
2024-07-31,24951.150390625,63201.984565842096,44502.61304984777,10.862251521946433,48.055360581780526,8.505629874609916,83.72596256587116,-23.67641476317658,23602.85024139788,0
2024-08-01,25010.900390625,63102.394520105794,44530.976247808205,12.039667428268697,48.05459317456133,8.504673411894753,287.79861229607616,-189.4042938175906,23590.104426109123,0
2024-08-02,24717.69921875,62142.309865430914,44065.19680492787,13.526856830864102,48.05650087325365,8.504647456323417,143.59777454500832,647.4735871744623,24338.775204446498,0
2024-08-05,24055.599609375,60672.67673143123,42429.46431164408,18.942483802967995,48.058306577953665,8.503819523954117,-423.31283706495276,257.513260283945,23931.58007160752,2
2024-08-06,23992.55078125,60546.82494774072,42220.67472362675,15.788492516291242,48.05952204035438,8.501037300531232,577.1598108512619,159.38769108382948,23094.36913821233,0
2024-08-07,24297.5,61151.94135911392,42828.16627685264,13.953802031925592,48.06078959636359,8.500539920070702,535.1304184583697,175.0933806667882,24199.425988940107,0
2024-08-08,24117.0,60728.39005482177,42334.09350750955,12.574180541542814,48.05969112109626,8.501233674099915,429.8373611040769,481.68613604214283,23152.145036213267,0
2024-08-09,24367.5,61390.3338735645,43074.25486154075,13.232836140051907,48.05944519199272,8.50036939067102,676.5951137376424,-135.73996938972272,24245.27989769708,0
2024-08-12,24347.0,62186.82537706582,43196.6899405724,15.939400914111872,48.05503336551469,8.50045796271077,87.47705888187267,500.47825026784614,23691.470925482834,0
2024-08-13,24139.0,61675.46490187887,43056.426385462975,21.817741766568933,48.05527375747578,8.499049280116294,-587.8236940234272,16.38378531349258,23965.369506065163,2
2024-08-14,24143.75,61594.966567192765,42981.14272781815,17.722458211969176,48.05291632378542,8.49870630141983,-358.9334696909487,749.7160773333171,23916.918398373262,2
2024-08-16,24541.150390625,63077.61839301018,44155.97971168459,12.13869657172079,48.05381588107777,8.497047819173739,113.47889132729168,-364.589875531424,23862.98471725619,0
2024-08-19,24572.650390625,62703.28105043527,43863.59242473624,14.449579637368743,48.052272413710526,8.49588226542418,-470.51578241881066,118.6333044395686,24039.256989297082,0
2024-08-20,24698.849609375,63082.310626596365,43768.62566386249,20.70673317205408,48.04672039531518,8.494719424974912,-368.2274558187883,887.6311665108681,23983.205680659783,2
2024-08-21,24770.19921875,63789.95714673517,43601.9110486517,17.899236917202476,48.054077724254185,8.494266747740847,291.9402220728901,609.1768324736964,24844.609223657757,2
2024-08-22,24811.5,63877.36432736515,43691.65313689798,14.998253178613247,48.053983436134146,8.492508072733566,670.341372247145,276.3726865923747,24061.38583641349,0
2024-08-23,24823.150390625,63468.79515644617,44032.80023637128,11.718251719627208,48.0589246097192,8.490103522539775,560.073542782432,-164.52454248725172,24077.595341675406,0
2024-08-26,25010.599609375,63896.924111661196,44273.38153656509,16.107653547712683,48.05794364062349,8.48962882576919,402.6472172947917,-70.44037325050724,23624.13734349341,0
2024-08-27,25017.75,64289.97956341283,44162.081711808096,14.558898312499243,48.06363798989642,8.489111402375293,929.5594104568125,553.3187463093477,24151.846412169554,0
2024-08-28,25052.349609375,64484.78866551233,44178.13733442919,11.236151098708557,48.060782896306165,8.488268803965783,-74.06715794718446,291.7018473770943,23483.505019961576,0
2024-08-29,25151.94921875,64550.45475386011,44542.23304525067,12.441846597073177,48.06191099103373,8.488241474977652,-35.93084878514662,417.07477410016924,24530.940677641847,0
2024-08-30,25235.900390625,64610.55109568386,44593.020536491946,12.407078770942752,48.05923412277479,8.487073490507525,799.7181094754133,172.13814374422228,23272.38156776117,0
2024-09-02,25278.69921875,64586.43932261712,44541.08381062362,13.81975344260466,48.06763635234067,8.486384369062124,361.0419587354835,65.48055479595438,23584.67921344875,0
2024-09-03,25279.849609375,64683.05860216485,44185.391850449574,13.09204620397502,48.067488567916456,8.4850588583446,81.52867718232858,379.99848914262947,23212.704270795537,0
2024-09-04,25198.69921875,64800.99875500402,43864.78386307878,11.209022173236434,48.070573925575324,8.483819537457181,570.7698507025881,227.8059103367909,24200.986038688105,0
2024-09-05,25145.099609375,64922.28387810377,44063.16112250158,10.711481707554848,48.07252565785428,8.483173931179774,174.613215324806,99.01199967358693,23801.11396590957,0
2024-09-06,24852.150390625,64212.60848829075,43475.13738601607,21.09804666879572,48.073049110973926,8.484449608415838,-485.0101981890939,-24.202116962420405,24339.041641241274,2
2024-09-09,24936.400390625,64110.10910485561,43459.00811917461,20.572473729128326,48.07520227056767,8.484195868005864,-496.14072514683613,686.1724891958727,23546.144867638035,2
2024-09-10,25041.099609375,64065.68241592149,44003.68566922372,20.211075114410065,48.07987978938367,8.483743337409884,-21.38025558959353,532.0078934918151,24275.08554079013,2
2024-09-11,24918.44921875,63857.50349566878,43592.4756430621,20.541463717920923,48.08248440717696,8.483510539052727,-67.67380134773501,218.12138525564407,24303.428196272605,2
2024-09-12,25388.900390625,64847.59372581621,44972.88944027609,18.76216170494993,48.0835717717968,8.480151429434532,456.69870666238035,753.7758202384152,24131.65988326131,2
2024-09-13,25356.5,64698.22435151185,45283.833702250624,20.36798471555029,48.08572974061074,8.479454185487201,-266.03569864060114,473.14374971998734,24049.762872186602,2
2024-09-16,25383.75,64853.60514174353,45357.51059257645,25.077011129968536,48.09207485666734,8.479343151329463,-272.85977951916493,479.01965172852306,24105.938938744857,2
2024-09-17,25418.55078125,64656.60144417578,45025.5300598384,15.849134241494287,48.0914244255481,8.478400988019798,925.8534122107665,415.1686728734506,23607.07276924545,0
2024-09-18,25377.55078125,64278.09255793226,45560.0425736511,19.423183098080326,48.08646276483415,8.477326144007474,244.25871731103626,600.6119860915896,23532.870572279327,2
2024-09-19,25415.80078125,64360.5162659869,45748.701762750374,18.95325650579752,48.08377326192222,8.475349463104607,-92.04067849490434,488.1023437392535,24316.786992788413,2
2024-09-20,25790.94921875,65545.95045152082,46475.8406681253,9.0,48.0813068913989,8.473874240721546,-274.4050890325242,93.4244839365009,23882.76465431165,0
2024-09-23,25939.05078125,66241.96198544337,47066.44146594178,22.137388305969395,48.07926305248978,8.471993867369664,-474.741912913293,995.0992462703588,24283.451367995127,2
2024-09-24,25940.400390625,66406.80762810569,47268.140416090726,15.073210707549626,48.07732233154523,8.471941434499408,-71.63791895509456,-70.14024625920428,24816.937963142133,0
2024-09-25,26004.150390625,66606.1898750241,47782.10525373876,18.912344061447016,48.077851532819786,8.472386104865533,-135.41928924025234,623.791551698224,23855.210525851573,2
2024-09-26,26216.05078125,67005.60823885225,48060.25675533934,10.636584634245745,48.07919378660647,8.473259119936857,146.66355418338233,124.84225008830194,23791.37839900257,0
2024-09-27,26178.94921875,66615.41101998014,48070.474138476995,17.68946511362055,48.08050380178285,8.471342025132289,491.1619571369199,536.4140882389513,23929.228109055184,2
2024-09-30,25810.849609375,65459.09529086316,46931.065940125394,20.888795724958847,48.07891296804227,8.469601466988612,-778.5748855096035,770.0269955110819,24109.266456878995,2
2024-10-01,25796.900390625,65527.55271885985,47088.52407771902,19.821318532674972,48.08249466824565,8.467774585073384,-614.5358867650851,306.52647190936244,24391.501543051345,2
2024-10-03,25250.099609375,64103.64255400673,45899.581466559524,21.383184035214562,48.084698035710986,8.465673805331685,-52.1484860480593,580.5509026400993,24086.91019040945,2
2024-10-04,25014.599609375,62918.62438416077,45465.32825612939,20.172886276736367,48.09004196162336,8.463584130899317,58.574419905667924,479.66718415293184,25107.738938486615,2
2024-10-07,24795.75,62120.48117950434,44951.0118207428,21.93351766423297,48.0931822447447,8.461976351400889,-1184.8544923583368,207.60955171650482,24313.635740634607,2
2024-10-08,25013.150390625,63025.42311246552,45358.088343166906,20.739150280784493,48.09273364946893,8.461753520191106,-844.1640636660974,777.4296996157624,24492.35114052241,2
2024-10-09,24981.94921875,62958.9493788489,45054.92308292021,21.657590760321362,48.09725011437983,8.459933356380418,-255.44147725624572,613.3563387021671,24103.017417634714,2
2024-10-10,24998.44921875,62648.60445093672,45305.00047025147,15.820633178156125,48.09867087263877,8.459879092519042,392.41745259398704,269.63502054649945,24614.07687857496,2
2024-10-11,24964.25,63146.652047919655,45636.78007219498,17.53130885900508,48.101664808495414,8.46013420509644,605.1043540867878,731.0781331714239,24031.83427157229,2
2024-10-14,25127.94921875,63596.41780400728,45843.928852783276,19.271296660224746,48.1044260976995,8.459301939468443,-315.7989960652104,150.57410497809013,23824.975240601525,2
2024-10-15,25057.349609375,63497.714642260515,45841.62374706216,22.159137569800485,48.104653138199666,8.45940870572181,-218.25879096816647,391.3197211344602,24578.124623860018,2
2024-10-16,24971.30078125,63359.47943211494,45771.640903424086,23.76105945213548,48.10556294934096,8.456920082733813,-484.74630291385716,271.23284963316536,24118.391693676913,2
2024-10-17,24749.849609375,62652.218988087785,45289.32797404906,19.671528435226243,48.10576882544479,8.455229539780852,103.28255995444891,625.3935967059972,24269.57744796806,2
2024-10-18,24854.05078125,62760.129804280405,45103.689646310115,18.77683987222364,48.10380998658007,8.454281610682912,461.4118337975723,256.09499334006017,24630.53111523881,2
2024-10-21,24781.099609375,63090.99159767233,44595.468491816806,16.090062911484395,48.097975902246205,8.453362514236854,352.40829495201984,627.5449350883132,24228.37258143461,2
2024-10-22,24472.099609375,62481.76289976004,43727.76882132257,21.727127528146326,48.096494485587904,8.453644435938356,-161.60024506216658,578.3380427767104,24094.128307996427,2
2024-10-23,24435.5,62584.4815082717,43092.74426402908,18.899618849611045,48.0976919825573,8.451493303891404,-485.41268205408977,287.42525577604823,23912.490954962308,2
2024-10-24,24399.400390625,62627.05842079616,43381.366667063165,25.91666933871631,48.101548737194975,8.449799090249337,-146.7211982760717,948.9152774368908,24689.7189520623,2
2024-10-25,24180.80078125,61764.51543725126,43012.258831192026,18.521192159930973,48.104536707160314,8.448551882260686,402.31468177343095,176.4296050829604,24016.150262449013,2
2024-10-28,24339.150390625,62529.7573390204,43343.800344527655,24.21055019372133,48.10429786787535,8.446866075839504,-310.20683933864734,-22.70422581702826,24161.751653335134,2
2024-10-29,24466.849609375,62679.93340076078,43048.106868811476,21.496734767174935,48.10285733797389,8.444651304579434,-876.1716117391012,656.8297410006066,24330.336734546425,2
2024-10-30,24340.849609375,62396.53184182778,42317.26840618919,17.943471201357266,48.10291771540001,8.442997655993455,-294.00370132698714,-244.8223822362379,24333.42234731661,2
2024-10-31,24205.349609375,61610.27655064063,42034.93518266692,20.464287577287173,48.10059269600928,8.441570082821732,-261.6103013953357,847.5450478991918,24692.288848978762,2
2024-11-01,24304.349609375,61384.92315637463,42744.13565653162,21.542761053100932,48.094846887127225,8.441830636628831,-878.519264507799,430.52616295790995,24172.87513607562,2
2024-11-04,23995.349609375,60609.53764551011,41920.862502915494,19.549495614966833,48.0908114532523,8.43961847475073,-57.18506720067239,-28.095522441571404,24878.22152897277,2
2024-11-05,24213.30078125,61020.33902342564,42600.503542163984,21.675965421104596,48.09553567732679,8.43923679467991,52.40186530215914,115.46064925678854,24096.2983851699,2
2024-11-06,24484.05078125,61285.950413300015,43051.83711338957,21.63191431869732,48.1017075320431,8.439307135417712,593.9570459273241,-90.22660265450406,24401.44227802049,2
2024-11-07,24199.349609375,60638.028696219044,42469.35294444188,21.19267700118826,48.104569354964895,8.437587820887009,-682.950782737245,514.8648858110628,24137.837916400924,2
2024-11-08,24148.19921875,61012.42154561416,42671.632727801145,19.96705326390499,48.10499489708915,8.436636073541013,142.20857251550558,1.9257487023226076,25246.35162685851,2
2024-11-11,24141.30078125,61333.21124674184,42568.55544776034,17.650119821387747,48.1014159559712,8.435995453578402,236.7344604703507,550.6267092087845,24067.019047363472,2
2024-11-12,23883.44921875,60554.463486795226,41852.77484637368,19.84642924904953,48.10153255989462,8.435184990847018,57.848372374123926,308.5527545639277,24115.883341137924,2
2024-11-13,23559.05078125,59658.566183772324,41527.98128427299,20.352129327431687,48.103968077637646,8.434040760405408,-552.7206531376498,257.39075793637176,24302.732532458653,2
2024-11-14,23532.69921875,59797.161006303555,41483.616072396515,16.24789825792435,48.10705772145513,8.432130659313216,-575.9706722970047,552.8037900584781,24122.74490487831,2
2024-11-18,23453.80078125,59845.049317878525,41588.45181785573,20.338470631982688,48.10972415445757,8.431556944026257,-111.12129908647404,587.0533988884275,24409.765049969505,2
2024-11-19,23518.5,59944.49238374826,41555.14467479066,19.806397470379714,48.113952858660646,8.42994142238526,-113.92893606148321,743.7408616136365,24858.653471899914,2
2024-11-21,23349.900390625,59481.77893273462,41548.39150419687,17.40674785843009,48.12038171545328,8.428724122545663,-373.7735298514825,209.86649913081442,24338.789879746728,2
2024-11-22,23907.25,61137.7123376895,42825.9372194892,19.333987218616485,48.119766648398056,8.427649107925197,366.65480541330226,391.0571612017209,24361.801116555453,2
2024-11-25,24221.900390625,62166.845663151544,43621.32819965787,19.3763073063314,48.128782584542364,8.427249386956284,-310.30063299682416,209.4018602405768,24166.13625283717,2
2024-11-26,24194.5,62056.49487101195,43596.57171723912,23.860189066986838,48.123322771897264,8.427916745607579,-907.4802976476147,448.8962426640383,24037.162609618274,2
2024-11-27,24274.900390625,62253.84065718215,43638.219899323834,20.440236692354734,48.1215878375606,8.42591351049807,-239.62260580193492,166.51309441896055,24334.392085244606,2
2024-11-28,23914.150390625,61583.40458188081,42866.47439700326,22.072090502629198,48.122787838320846,8.42469577274006,42.10933929828232,272.7709808498447,24296.246458599515,2
2024-11-29,24131.099609375,62502.69732737963,43220.75841616942,19.764369391018704,48.1250349160887,8.421936185752218,-13.215539175581654,274.2998470686813,24867.754986563938,2
2024-12-02,24276.05078125,63037.31529696176,43784.783971396704,16.25216696632983,48.12509000912752,8.422137605127283,-16.31096514402151,488.00828320816333,23836.49473973669,2
2024-12-03,24457.150390625,63995.278415957844,44124.71381633107,21.344683697643248,48.12420271130828,8.420896584482263,447.59560574267107,400.88649017037346,25014.837330768638,2
2024-12-04,24467.44921875,63926.03611486402,43752.39273064855,18.683626540824918,48.131410467550296,8.419307194340064,-595.9162286808497,551.8904817306161,24241.371207147153,2
2024-12-05,24708.400390625,65043.17181855487,43828.62534309967,19.328799740024177,48.13037989982201,8.418064870305292,-319.4833393402698,367.90102535622447,24390.053203679272,2
2024-12-06,24677.80078125,65095.73423261344,43312.47615303238,17.89405750176906,48.127921777944316,8.416868251299022,468.0216152041611,226.0741999571598,23804.86657119713,2
2024-12-09,24619.0,65780.41247440675,43349.24397288792,20.14553572784272,48.13359425490297,8.414832201971572,-936.9399547857137,457.3848691772419,24601.330698917805,2
2024-12-10,24610.05078125,65441.219274389834,43032.000078224904,22.130356723244905,48.136741712976445,8.41471114007681,-171.47777888110775,124.84481698274868,23865.542466713487,2
2024-12-11,24641.80078125,65353.70143855249,43176.34126838249,21.86547621694925,48.140625864641684,8.414042030554993,341.5684460948136,570.747344733806,24519.77049031479,2
2024-12-12,24548.69921875,65191.77130466021,43016.26503741971,23.17237901557033,48.141813478354415,8.413507539647325,335.6065003736238,314.3604436105476,24477.29790529198,2
2024-12-13,24768.30078125,65941.12462564555,43463.63913765429,23.45591891590822,48.13828551828193,8.411504061920368,114.0465491385412,461.35582290986054,24189.556866386185,2
2024-12-16,24668.25,66162.87022813478,43367.389955904284,15.908251539483553,48.139139377426424,8.40944167841185,124.17572070467753,466.0072014835785,23347.254056217153,2
2024-12-17,24336.0,65015.80089996453,42712.64961769175,17.612758878141737,48.135198314642295,8.407995061428997,-566.4092492220542,880.4636453156618,25410.805005564445,2
2024-12-18,24198.849609375,64848.30255022766,41740.58438316156,16.383616843346893,48.13652523583908,8.407457161772637,399.2708335716741,514.4751104688338,23849.60582131708,2
2024-12-19,23951.69921875,64422.692863561424,41152.1501295694,21.26386082077918,48.13908544464042,8.406616213977617,-630.0246845143176,421.9656859209316,24501.25626697557,2
2024-12-20,23587.5,63622.53335465487,40562.9635323079,22.613836432401694,48.14291170370317,8.404491104934122,-956.16520774935,492.28875404186346,22336.389744766668,4
2024-12-23,23753.44921875,63748.18721845178,41515.237763577024,23.02163933631214,48.143234539403764,8.403806666058133,-344.85034753450174,940.7155464791513,23147.14700845251,4
2024-12-24,23727.650390625,64212.15873077885,42095.26747989481,23.56680513614509,48.146078808336924,8.401477574935099,-697.2057982868798,618.9383438762435,22504.53008126899,4
2024-12-26,23750.19921875,64755.191901428436,41629.429235306845,24.765141376181504,48.143967271715916,8.399454220696786,-417.32132038409645,242.355956222065,22340.22170582155,4
2024-12-27,23813.400390625,65100.967240390586,41675.0360841023,17.029357903987087,48.14746716608832,8.398245449267533,22.30683171209077,341.47353332160077,24683.94678682204,2
2024-12-30,23644.900390625,64675.474211071814,40744.31185793105,21.482273074731825,48.150090899896554,8.395702726968423,211.2438957502195,757.4469383104641,22113.500785451033,4
2024-12-31,23644.80078125,64733.695266108596,41117.3633744715,20.002592413062214,48.148290127104694,8.393363200423869,23.489834226563715,154.44829070419433,24201.979413327128,2
2025-01-01,23742.900390625,65009.32303832154,41574.47098362056,22.397491872308933,48.15048121503543,8.393534580395055,-397.41372166338346,364.54590846707964,24745.701798076556,2
2025-01-02,24188.650390625,66536.14062069722,42611.26554647299,19.949205193497832,48.15435037866561,8.393515366630183,120.59518327445409,378.5551490052693,25149.547978524683,2
2025-01-03,24004.75,65990.23500222855,42266.37829071614,18.416680587235934,48.155186316438154,8.394414870020707,-482.7016800328449,383.2276317172542,23948.825152119935,2
2025-01-06,23616.05078125,64605.58234540838,41797.837424778714,15.703582639324727,48.15331877855148,8.393470503115678,215.26220975041645,770.3925609146365,24125.163327727892,2
2025-01-07,23707.900390625,64610.99972413248,42299.687487551484,21.905351170120557,48.15445204596668,8.392715605794994,-124.1488321722979,6.532641644586533,24600.9950053014,2
2025-01-08,23688.94921875,64360.31577538141,42553.78192433461,18.52813670121904,48.15670939820733,8.39115627008406,10.217526462779318,1010.1407377556692,23457.898857490116,2
2025-01-09,23526.5,63933.43110268665,42320.84262562805,17.70512616849656,48.154819339855486,8.389396738598794,-862.2615908458721,390.14940394263755,25102.63209352371,2
2025-01-10,23431.5,63643.21877183727,42028.11204254302,16.56934954708244,48.152396408039,8.388854859720986,-1050.2982380725948,574.0633701857387,23955.466591649038,2
2025-01-13,23085.94921875,62673.08896163648,41481.38396152125,17.12179837771607,48.154561275064566,8.388798342587478,-750.5696929653731,438.35087996135655,24235.268346524972,2
2025-01-14,23176.05078125,63068.94965036938,41880.67268962202,18.077571559092295,48.15763122891989,8.388161807472189,548.3083422793869,-117.80707152955722,24581.780864667828,2
2025-01-15,23213.19921875,63021.910494730306,41913.336919373585,19.522302527611696,48.16468050096312,8.385894116260465,-609.2619291388362,83.02670350423733,24484.321840021516,2
2025-01-16,23311.80078125,63689.35951408502,42038.83219521453,17.582516590478686,48.16727768083018,8.384853179695332,142.9239207955726,242.7172361086632,23992.825244096373,2
2025-01-17,23203.19921875,63296.0007437087,42089.708817604915,20.371416075095276,48.164250435727254,8.38264579091998,-406.7631195642821,698.1159454350894,25311.820839853564,2
2025-01-20,23344.75,63611.79912049323,42824.42185594868,19.507104520163796,48.170969786342226,8.380879380892074,-246.0120396876961,-15.296340724914273,23213.915380135233,2
2025-01-21,23024.650390625,62780.56107943353,41936.55808325368,24.443984578369054,48.17473474778617,8.38106903101653,-167.8881020277038,143.2787718876752,23930.14118304299,2
2025-01-22,23155.349609375,62711.42122835145,42156.52528561322,16.591113767214676,48.16931893442116,8.378418212885185,507.51137112459844,449.4552520834768,24172.693234187835,2
2025-01-23,23205.349609375,62662.094478607156,42354.99144256069,20.322958860624762,48.166828064384354,8.379131017232124,83.80221231656986,541.8569343348809,24024.41023530046,2
2025-01-24,23092.19921875,62571.96596855943,42231.002708069136,20.348009978081915,48.16595338912164,8.378220009995516,4.013256128140455,532.8162630494503,25092.068926769763,2
2025-01-27,22829.150390625,61364.85615619235,41527.29509459585,17.938885192153702,48.169067683698124,8.376288712010586,368.6793728444785,104.79846588288535,23687.0930635876,2
2025-01-28,22957.25,62021.42845438808,42283.01732353535,20.19050479489492,48.16252931880487,8.374887105006284,-403.27874550463275,-79.39740805740252,25268.026138782854,2
2025-01-29,23163.099609375,63015.94603600954,42848.81861690118,21.539188732813432,48.16277198155661,8.372727685298553,277.3371907805734,561.7178929639098,24373.433892595065,2
2025-01-30,23249.5,63181.59756954675,43178.491098972845,20.192982965115664,48.165715128122976,8.370701689590655,210.52103806349248,829.9371824619186,23847.559952812848,2
2025-01-31,23508.400390625,64034.989588699944,44223.603956299594,22.768925769639676,48.15781279087645,8.369291283069932,205.95974529741306,296.4095153872943,23489.598941826043,2
2025-02-01,23482.150390625,64243.31748125459,44045.55135170489,15.644624763809322,48.160653066134316,8.367474044964641,-212.0066811646031,56.59405465479017,24419.407371825764,2
2025-02-03,23361.05078125,63760.74713664593,43750.596840138234,18.31553317439456,48.16385389648999,8.365048151182874,-324.92595831097145,271.035903260547,24185.593975781016,2
2025-02-04,23739.25,65132.07242998604,44274.65934559107,22.95011209446189,48.161913938880346,8.363329211368942,-497.9294580677662,518.2187720154192,24651.080008018933,2
2025-02-05,23696.30078125,64828.308595353745,44132.9795371754,21.8240526665277,48.15905407707536,8.360512469940122,-472.8729459866152,330.05705296701,24318.94183548273,2
2025-02-06,23603.349609375,64425.988312322675,43535.06258977843,21.081023422532574,48.15706719640789,8.357733937172197,-516.8052604233967,822.1580924544437,25014.34118895693,2
2025-02-07,23559.94921875,64090.56355023276,43634.46238202693,22.46643081303892,48.14965090275514,8.354940579705806,-3.2608952695696303,677.4912158212862,24480.222981002014,2
2025-02-10,23381.599609375,63646.26801180073,43348.98113895764,16.16688424259646,48.14927233307278,8.35509602096939,-241.33452530802884,455.30141986127546,24347.05484829761,2
2025-02-11,23071.80078125,63016.58294476879,42594.33069093359,21.59122132544564,48.15053112184004,8.353981187896162,22.56007907200774,-186.2968698888086,25038.35807014405,2
2025-02-12,23045.25,62890.52982514054,42509.929020283605,22.128740324838844,48.14747311144816,8.353052020072987,45.15280786112166,192.32091134766392,24677.44277355686,2
2025-02-13,23031.400390625,62530.19277395292,42673.80652364997,18.682599667648528,48.150989260195836,8.351533694325182,-573.9024217153333,235.59330209630022,24951.053241019566,2
2025-02-14,22929.25,61956.95714916764,42159.00088353487,25.25847423578245,48.1518969617378,8.350505833880922,-585.9074128436918,176.0152055056019,25140.021721754347,2
2025-02-17,22959.5,62144.94662152162,42277.55555369679,20.392697928124115,48.15327701498226,8.350142987375524,-241.46415326932504,457.24638155947747,24436.061171791625,2
2025-02-18,22945.30078125,62562.47640559097,42423.873876245576,15.614461914982918,48.15267102499361,8.34900757048967,-460.04828944551247,463.432624310569,24604.354891302257,2
2025-02-19,22932.900390625,62623.84423968329,41945.41386939733,20.762543995867507,48.155500156837675,8.349100126387341,-502.16485581051427,-102.2224604465656,25005.592502889842,2
2025-02-20,22913.150390625,62467.79780524664,42074.6441067035,18.560279940021204,48.15997183889524,8.347510635075317,528.2748036299482,641.3794186183453,23390.141612941996,2
2025-02-21,22795.900390625,62307.8275672943,41399.1491280497,22.329990547859037,48.15934928296783,8.346552716014092,-763.3419087509652,404.8371118978996,24550.63186418122,2
2025-02-24,22553.349609375,61523.85283727349,40845.090678634035,21.095888066782596,48.162232378280514,8.345695377897501,659.2257709112042,507.29242405258327,24495.093830018526,2
2025-02-25,22547.55078125,61413.45709750726,40548.45784853275,18.80415585544762,48.165148460653995,8.34319746797082,-34.44944665636456,623.4479004605573,24794.92068519891,2
2025-02-27,22545.05078125,61170.997566301325,40892.7250793155,23.00490383652579,48.16700207248352,8.341669836747538,244.4953132071704,169.90908419795028,24221.457554659482,2
2025-02-28,22124.69921875,60437.780759264504,39573.675425229565,25.878902611958623,48.17263323506584,8.338253541979272,-152.66687306790737,1077.671706794746,23399.104569884632,4
2025-03-03,22119.30078125,59508.0007920102,38978.86692716762,22.344160024635798,48.17105376604774,8.336544298766976,-253.2163290935856,657.461932873848,22564.216549460747,4
2025-03-04,22082.650390625,59684.67516224931,38948.157419737756,23.695909838878304,48.17038912110263,8.334681323665764,164.73271965727417,1153.7641679700805,22696.548918025725,4
2025-03-05,22337.30078125,60278.63233389398,39344.10570527246,25.03383358152816,48.16865824297354,8.33275403491406,-932.9666753907127,431.82026941564754,22607.086539637396,4
2025-03-06,22544.69921875,60747.68491573629,39249.80760520074,23.271473474454755,48.17143330790776,8.330753704163602,-562.5513511113635,1131.473982079267,23479.922938795233,4
2025-03-07,22552.5,61391.01441637092,39452.368993222684,23.33120119230549,48.171215849113516,8.329668391239915,-841.1387650002989,428.80479268973266,21964.86823277433,4
2025-03-10,22460.30078125,60854.250468749255,38561.90066978574,24.07345005652897,48.169728601696676,8.327180809005164,-1178.4318124129531,1464.634385981677,23744.940764115432,4
2025-03-11,22497.900390625,60718.152486422354,38280.76106622462,21.86840283192522,48.17531804457691,8.327434590194933,-764.4964474232895,414.4498709847704,23606.02915292035,4
2025-03-12,22470.5,60605.2443178206,38093.1565458546,15.534469322846064,48.181346562019094,8.326391410708137,599.0191112895285,716.9760161366178,24382.715683373965,2
2025-03-13,22397.19921875,60488.21304566235,38127.41109558013,20.478269724664074,48.180960483300304,8.323973339223945,-219.38667896708586,291.2817328922493,25172.98353382595,2
2025-03-17,22508.75,60713.11409384112,38655.26417738069,16.022200101409627,48.17745825909019,8.323001010478352,643.4062853334237,614.5067150999645,24735.615467465203,2
2025-03-18,22834.30078125,61299.63665360281,39593.130035666756,18.013922593710557,48.18364881144123,8.322371885965032,684.3308653772816,387.8424798622997,25492.237625367277,2
2025-03-19,22907.599609375,61303.82001149234,39709.403137452115,16.456835282102855,48.18566100305447,8.321112599698697,1048.052145478433,72.63088739118592,25150.80039703815,2
2025-03-20,23190.650390625,62462.058489621566,39719.87132950422,16.703111104477394,48.187523170181315,8.318473969686453,612.1972076393224,-439.0490471937263,25769.405068740838,2
2025-03-21,23350.400390625,62955.98444054288,40143.598183776325,20.852710348238585,48.1884381732101,8.319074019483372,793.2527461335228,1152.2749888578678,23920.192860614963,2
2025-03-24,23658.349609375,63991.30192037986,41145.404138714024,19.555383669879852,48.186637220024,8.318071849558264,-19.93298357771036,421.9072676845039,24791.195418661475,2
2025-03-25,23668.650390625,63955.04526517162,41472.786058450416,19.483199089063753,48.18599736365618,8.315178224932396,-58.668706525330705,-483.0590233799171,23849.968163560367,2
2025-03-26,23486.849609375,63249.88065769369,41206.57592173646,17.36819643275198,48.188630523783495,8.313736900670483,-32.064255513859834,490.78258193947204,24450.471759634605,2
2025-03-27,23591.94921875,63989.93652731403,41133.81901528954,18.688301822322877,48.18788784270189,8.311861755977592,-149.97511815585437,606.875996958948,25823.699474752233,2
2025-03-28,23519.349609375,63725.70586621017,40853.23551416086,20.752910318420376,48.18978679328664,8.31020897466071,-90.13474593298278,185.4757649458005,24948.339143347897,2
2025-04-01,23165.69921875,62569.27346488297,40590.945442459335,19.895825469387,48.19042689001812,8.307351674717124,150.87302606136723,187.49363862891843,25208.736962657887,2
2025-04-02,23332.349609375,63343.488448091906,40596.31328998178,21.64534812208397,48.18785622907511,8.305738049369399,-336.32714211861537,394.04744588800503,24981.15632989613,2
2025-04-03,23250.099609375,62916.28351657506,40147.4943453896,21.93018402425183,48.19331962100353,8.303234482886834,-701.0496951234843,760.7782692286524,24954.861605939564,2
2025-04-04,22904.44921875,61748.693569313735,39661.27999134807,19.495560283483577,48.195701719786214,8.3012082743799,-4.55248097098945,429.988035946908,24478.66900017433,2
2025-04-07,22161.599609375,59587.03425434795,38048.79388618097,16.295501428159014,48.19729366281391,8.29991470051998,-427.1219337299266,838.9675913027456,24391.4813309189,2
2025-04-08,22535.849609375,60704.336409969816,38553.37472283428,18.486710201867567,48.19955872647634,8.297752707817041,-385.70939898853544,739.3657517590724,24475.397359616345,2
2025-04-09,22399.150390625,60363.2900373726,38626.2631458678,19.804621438254618,48.19478005135028,8.295772590336787,-207.1012921256686,331.3645677209471,23400.58326964295,2
2025-04-11,22828.55078125,62167.67945824624,39634.630284843246,18.44702589599177,48.19390051254412,8.294898797261192,-298.85728781354993,-71.15712775795117,24716.68180076851,2
2025-04-15,23328.55078125,63769.36307193848,40597.04613238815,17.890751577332495,48.18991861092284,8.292311852985112,294.016997006677,331.998748361094,24881.139517191532,2
2025-04-16,23437.19921875,63490.08197644323,40544.87717439174,20.139504568446974,48.19089266958221,8.289960769156144,-216.69661580933746,557.9447201185061,24460.676628831978,2
2025-04-17,23851.650390625,64821.7195058339,41926.33084749829,24.86060620546656,48.19247040619551,8.286999207630592,314.17985515068693,417.9680429138408,24707.71154806964,2
2025-04-21,24125.55078125,65655.6784649001,42501.84717724446,19.02362387592725,48.193494422670256,8.28446506971071,-67.5935004231386,590.3274495073885,25037.697299180465,2
2025-04-22,24167.25,65792.05992818612,42948.66722217447,19.99438829501645,48.19763019013026,8.282878623678684,-185.41160077426815,659.0259928449161,25221.11432162471,2
2025-04-23,24328.94921875,66343.30658089255,43527.65255652752,17.375928245538024,48.193738133487656,8.28179822822275,-86.71180548528235,559.2575660247655,24193.795709138034,2
2025-04-24,24246.69921875,66089.46413692198,43216.14370866995,22.486802110083026,48.19194038057054,8.279267919402551,-666.6519456082935,317.4014337843023,24398.572016485425,2
2025-04-25,24039.349609375,65456.90998285076,42643.48382263459,21.749486086702845,48.193783424568984,8.278149314410161,-14.769124211721675,555.9650424976037,25171.14927370478,2
2025-04-28,24328.5,66491.57668229939,43640.52640454645,21.611468278931834,48.19517523454073,8.276521843577225,189.67571852598422,1070.6452694586817,25094.947586144783,2
2025-04-29,24335.94921875,66369.90809533244,44041.34091428973,22.71959162260949,48.19182894234208,8.273402292695199,246.34017073848997,-46.96386820130351,25474.851038237342,2
2025-04-30,24334.19921875,66113.56307140888,43544.39407298653,19.145317290610386,48.19601853194601,8.271835649560938,-690.8696341511471,546.186240067438,25459.45697169699,2
2025-05-02,24346.69921875,66955.89306821578,43715.20880259434,19.395164360308755,48.201248198313465,8.271284554795264,-757.5920808971905,949.6009855167198,26016.564937931176,2
2025-05-05,24461.150390625,67110.57553887578,43930.544344151334,23.4197570637733,48.2031249593353,8.26764272598439,-364.72741003233466,47.623001174667934,24677.62747383455,2
2025-05-06,24379.599609375,66891.7026303205,43484.70392168066,21.265456205889116,48.19919774513962,8.267894002969308,403.8649431971512,700.3300275537747,25611.878023806486,2
2025-05-07,24414.400390625,66597.19719363835,43627.71723776731,15.561556357311677,48.20027692087579,8.26552532824423,-61.60984256790161,740.415173369988,24376.141170645995,2
2025-05-08,24273.80078125,66207.48995218011,42977.83113429544,20.90964195127402,48.20189794857353,8.26211384503596,-459.87809589928094,-43.053846472659075,26027.404561450774,2
2025-05-09,24008.0,65171.06453483058,42298.24365247299,18.836603878460807,48.201682421624426,8.260485676788848,-731.175786772152,613.7085143254574,25069.10266182674,2
2025-05-12,24924.69921875,67846.44999734988,44069.785398564614,21.796343649313314,48.206324155508675,8.259545964686605,-423.5957217814464,318.60522965166115,25117.596689949234,2
2025-05-13,24578.349609375,67097.1721486956,43211.24035493589,20.816380938840346,48.20657633952676,8.257490531717917,-450.6204514052311,381.8662610470441,25345.341592218618,2
2025-05-14,24666.900390625,67490.91614546452,43379.85397118819,16.518914471954403,48.21348996658893,8.25602293797978,224.2470874581025,302.5135824340902,24184.493661849814,2
2025-05-15,25062.099609375,68847.2466112871,43953.28937579794,14.037660340990955,48.21643931823253,8.256359295246694,755.0176997548176,543.8067274303894,24328.945734321507,0
2025-05-16,25019.80078125,68234.40276764684,44280.35948196858,13.921255454503216,48.217867558622416,8.254777390077725,-69.96074887637451,116.36369388017182,24925.97083433723,0
2025-05-19,24945.44921875,68513.27883280088,44253.518172369004,14.226924972929574,48.221228840774415,8.255968146032307,651.2664246326399,11.005939604810408,25045.475052017533,0
2025-05-20,24683.900390625,67405.5081802221,44173.296527895734,21.151057703826616,48.226421496593815,8.255436879420342,110.30275947017117,266.0873459973371,25914.759709054935,2
2025-05-21,24813.44921875,68211.56502079628,44409.70164087855,16.491931919643463,48.22971865264614,8.253688359005016,-121.87232590517272,47.703013233273225,24411.2031534008,0
2025-05-22,24609.69921875,67875.00832938676,43829.7006185063,20.827777979228596,48.23009114759609,8.252175689014777,-183.52747953116068,76.13934402083902,25655.31117355152,2
2025-05-23,24853.150390625,68776.28354033623,44823.52727861478,13.545796920948929,48.22871138679432,8.250047902610955,486.3279952629668,8.35978272915699,24761.4664976548,0
2025-05-26,25001.150390625,68991.92769362064,44988.67452845024,15.79593510837645,48.22594506478253,8.248484991468223,415.2941674869436,185.30088741102583,24759.55211667225,0
2025-05-27,24826.19921875,68504.42692537683,44564.77545490066,17.985481447179534,48.219222907452966,8.247229929887142,-334.2164307234226,271.3144259947533,24822.19350091222,0
2025-05-28,24752.44921875,68152.44041137534,44598.45695278111,15.330141508336178,48.220345607593856,8.245005037317991,402.47298180664745,511.2117173528419,24756.769249411318,0
2025-05-29,24833.599609375,68406.60965550395,44442.982753335345,13.91241225361618,48.2197825986795,8.24180020727107,604.5059565726705,222.29366986252705,25156.334293571494,0
2025-05-30,24750.69921875,68087.79019894933,44454.62327897724,14.365061099537836,48.219380213059644,8.241292518259828,981.8376675470093,7.659081120939419,24722.12316167314,0
2025-06-02,24716.599609375,67432.55865935227,44536.79858910337,14.012087518796516,48.223066785662645,8.240432931038722,82.48351994114063,-153.31199814448746,24220.921272784588,0
2025-06-03,24542.5,67213.01385441262,44499.55254213298,13.537036830546654,48.22333056813075,8.237178677946217,131.8187373884432,238.34606424198057,24795.533035967444,0
2025-06-04,24620.19921875,67425.61255650103,44908.11380059916,17.83034166301276,48.22961587907549,8.235508417367454,266.45329365095586,114.78876577264856,25161.82711171324,0
2025-06-05,24750.900390625,67689.11058022012,45549.00561801178,12.001893251367136,48.22849657958087,8.234690158090054,466.48636852675577,124.70482679574762,24239.70331570486,0
2025-06-06,25003.05078125,68298.66950657737,46078.72239731071,15.8098116564854,48.22618372609361,8.233764481670452,388.8071070491421,228.75885514442933,25234.478429580227,0
2025-06-09,25103.19921875,68698.68914143814,46061.70021642142,13.248286114598853,48.22301081697056,8.231217040617576,591.7231951868363,305.816724373419,25538.326150239514,0
2025-06-10,25104.25,68456.68004338017,46650.88739094344,10.539161659722552,48.225779070143645,8.230341627892168,-100.07461688605684,230.9205672409411,25692.92905756915,0
2025-06-11,25141.400390625,67952.45462915473,46307.66922299728,13.123364512826987,48.22983352831114,8.228495144328972,508.74147571861965,98.8445690265896,25127.925043872685,0
2025-06-12,24888.19921875,67313.35050966319,45361.47648533322,12.406448332492172,48.22865034362236,8.22701819657741,53.11384790973841,-90.4145412130296,24063.37796487687,0
2025-06-13,24718.599609375,66949.53303875292,45144.868860194445,14.655154636835318,48.226058395515985,8.224229043006515,292.66643917776855,-33.83543066281064,25292.885251753258,0
2025-06-16,24946.5,67577.99032885252,46094.345983758314,13.682600445317142,48.231249224182164,8.218098342552139,1033.2054509024824,404.4779475376289,25457.615130233007,0
2025-06-17,24853.400390625,66992.82766001586,45940.59899586922,11.455946272704063,48.22749801854122,8.21544330071307,-209.2971235064034,22.924128480983853,24631.59137080199,0
2025-06-18,24812.05078125,66894.12806095953,46124.69866827927,16.442015826979432,48.231128679074814,8.214098149667766,238.21301262425175,-253.8128377312384,24948.30639668814,0
2025-06-19,24793.25,66447.99165611369,45534.23586667312,22.180268008951447,48.23001573499385,8.212006981760313,-659.85830892425,747.8724044536698,25231.377018849034,2
2025-06-20,25112.400390625,67119.2143534766,46104.66670982756,23.1721110641928,48.23180702106518,8.210767436932855,-88.77281017929096,117.28645233075423,25888.170554763357,2
2025-06-23,24971.900390625,66507.4010334548,45284.13152230853,20.473929328136233,48.23563778623214,8.20997985814778,269.29316615600703,410.5741311421067,24871.856644864823,2
2025-06-24,25044.349609375,66945.59965549567,45655.34172461525,19.92853386343862,48.2376665548012,8.207751623738481,-82.13795246229213,547.3489255628355,25450.546055731098,2
2025-06-25,25244.75,67439.56765848302,45669.89881554815,21.40712096523724,48.23738078661284,8.205420983173946,-196.6863413342652,400.9655126613334,25168.094928238694,2
2025-06-26,25549.0,68217.2625345685,45981.30549207149,12.345049958158196,48.24216907839648,8.201328464558058,881.3609316208209,-593.4413687134604,25114.708542563552,0
2025-06-27,25637.80078125,69016.09197778058,46316.112767859304,13.760119109439673,48.243636382551266,8.197871165740422,482.2009739088578,267.14639898201796,25685.753397828117,0
2025-06-30,25517.05078125,68756.32400711418,46349.43229807355,13.14864420135727,48.25528391106921,8.194617655455184,677.8264225247242,547.9389750376238,24608.910942433296,0
2025-07-01,25541.80078125,68923.1164882297,46359.17221597549,10.57793136562016,48.25076844706724,8.193256765855109,636.1029547380539,385.9596683999571,25145.431909468436,0
2025-07-02,25453.400390625,68559.75612545879,46325.241601810085,13.754911009678144,48.24620866614753,8.191014766006058,-800.4961616627045,-487.1981945986404,25048.753410709498,0
2025-07-03,25405.30078125,68254.37583067201,46369.692247884544,12.618066216513396,48.24979144785133,8.188555129013853,319.3324777516206,788.1732969008103,24285.521939264014,0
2025-07-04,25461.0,67823.42173295017,46431.79262337236,13.014895671963393,48.25029619435313,8.185977055260464,-81.22978755254098,-247.75546558029265,25662.651923241072,0
2025-07-07,25461.30078125,68087.62955355465,46128.47109602616,14.22756989129991,48.253274022539074,8.18326482820303,18.273242337255283,-173.5258378933636,25465.639029425525,0
2025-07-08,25522.5,68390.42046415302,46418.77646832039,16.04506626797325,48.250578879869444,8.182251132634189,939.8344429301173,384.56327806118736,25072.325327629795,0
2025-07-09,25476.099609375,68204.89102750458,46488.31515167547,11.802459818904044,48.25134127811709,8.180403419797614,200.07778187096318,285.85243526769506,24929.39449481238,0
2025-07-10,25355.25,67812.69100033425,46473.058827672954,12.826883569741286,48.25331323056044,8.179449792077271,1107.0272783224032,174.10053157194258,25065.56259601452,0
2025-07-11,25149.849609375,67409.29695228432,46109.734166993876,18.46983460728038,48.25228209802929,8.175307563424044,-713.0753681083422,229.17812734106724,25425.186188698135,2
2025-07-14,25082.30078125,66793.76016781903,45640.25246048513,18.339638824402016,48.25357758714682,8.173887574343516,-583.4683121109472,799.2570184689449,25102.082074219397,2
2025-07-15,25195.80078125,66968.86123912179,46079.226092143595,18.810862112700455,48.25009300860419,8.171447186416621,154.94026438078816,388.202244945508,24745.779928912296,2
2025-07-16,25212.05078125,66712.47626612634,46114.52025393581,19.607099434369612,48.25187747717863,8.169205253661834,-286.5486079034034,-69.74510288736582,24826.232183182474,2
2025-07-17,25111.44921875,66892.62915035695,45761.50282059458,21.17174331375501,48.25681382125174,8.1685937628351,-27.069065359580108,769.6899849935389,25084.625240334644,2
2025-07-18,24968.400390625,66708.0204430461,45369.474143682084,20.640891529569675,48.25370108735819,8.166235746473468,-194.92273054790007,465.78549789015244,24627.67833849528,2
2025-07-21,25090.69921875,66480.08175957362,45448.31441261671,17.8862860018335,48.250407227326136,8.164755634638611,-207.03049518640307,734.5020121863909,25268.14658203194,2
2025-07-22,25060.900390625,65992.48850702675,45626.26888581448,22.588320647834305,48.25457699051725,8.161761846791697,-271.6944274928305,571.7645870367473,24707.67709078895,2
2025-07-23,25219.900390625,66419.49025882079,45585.44093589146,21.888824612954075,48.25123007708906,8.15981828816106,-78.2026558369053,1117.4868238617064,24631.62980993537,2
2025-07-24,25062.099609375,65839.37650463215,44975.55314284242,18.197628698780594,48.25435188002449,8.156243553993182,106.65531501116112,307.00891846233174,26719.939503267018,2
2025-07-25,24837.0,64847.65282472607,44405.72632937405,22.44822178383912,48.255117925482324,8.154198944657525,495.76886038899056,404.8279723963657,26095.639994822144,2
2025-07-28,24680.900390625,64903.80863016991,44500.88082509026,20.65387682519255,48.25446445965384,8.15259325176018,-231.0050141371271,615.9491931879376,25198.406188217166,2
2025-07-29,24821.099609375,65392.33095460709,45089.582592139996,19.687089394149506,48.25946403413786,8.1517047294431,-307.45531825435023,308.8623142579877,25558.862215410107,2
2025-07-30,24855.05078125,65615.29812088018,44721.196886777834,20.716160088958624,48.26284847756311,8.1488881512578,-358.9846225836529,640.7913126490873,25649.428500566995,2
2025-07-31,24768.349609375,65183.32685098373,44896.94484616944,19.948458408748955,48.26428762444799,8.146356723133835,437.9135420129995,-484.2239197963024,25103.2905680697,2
2025-08-01,24565.349609375,64785.20578834552,44818.95433272366,21.090157308962812,48.25842962489236,8.143706365577946,126.1299588455272,378.1650232522971,25288.48227067598,2
2025-08-04,24722.75,65144.22754159489,44847.86507058403,20.374631046262333,48.26116638604156,8.141442355307461,-909.6133705752682,369.10225940006285,25019.450096937955,2
2025-08-05,24649.55078125,64858.85451847983,44017.80764825271,19.325147895455594,48.2585538062641,8.138464692790343,-927.2482811185528,358.2354359535586,25788.142858422187,2
2025-08-06,24574.19921875,64799.30267293927,43837.63278599855,15.948346481677234,48.25848966041641,8.134289969784382,-482.02315179923414,136.92191544746618,25800.247079210116,2
2025-08-07,24596.150390625,64441.73220440811,44181.188726761786,21.054365081263853,48.2591116626217,8.131226012427632,-57.94182237825014,671.8368515638897,25952.643755225938,2
2025-08-08,24363.30078125,64182.84391628892,44101.17299441168,19.252689443226533,48.26540349458538,8.129152072745946,-163.38805568747622,248.66655286841907,25305.447098993067,2
2025-08-11,24585.05078125,64875.982640366405,44353.143357158115,21.555893219290493,48.26524376841153,8.126975269675919,55.911420737472326,460.08232002159576,26268.145467546394,2
2025-08-12,24487.400390625,64924.95918557226,44608.70979622917,20.96335012455144,48.261575452903365,8.125494970042457,-220.17737687331197,388.85090808569356,25143.185559253518,2
2025-08-13,24619.349609375,65030.58832060666,44301.90492611676,19.30467157768798,48.26658438402834,8.124301036193296,408.967508551577,550.1092623561392,26217.798168894486,2
2025-08-14,24631.30078125,64825.50167033399,44229.93838543294,22.04597638215467,48.26936158067333,8.121811655515474,158.84455150960633,829.2882396711661,24958.3151748432,2
2025-08-18,24876.94921875,65236.67367989526,44650.53359855908,20.409683323673143,48.27225050808815,8.118182394660913,-118.96935715372558,458.5311565640102,24542.966615994716,2
2025-08-19,24980.650390625,65602.14557771262,45185.78551909329,20.327285694756174,48.27731576209874,8.116538407548644,308.13577221364204,652.4191079144479,26223.93500660006,2
2025-08-20,25050.55078125,65821.75028212102,45692.3181218492,19.723778626473717,48.283085388644636,8.114477715154724,-809.5624897260883,443.46105155187627,25539.817707958435,2
2025-08-21,25083.75,65795.43807140361,46027.814594874486,23.367111424479596,48.28101018645309,8.112164720125708,-184.02988506608955,248.19754182205307,25473.709959090196,2
2025-08-22,24870.099609375,64918.00413162567,45192.06869511084,18.573466541808685,48.27743721719486,8.111326932163587,-94.99507754880591,357.5327390320176,25035.192980831143,2
2025-08-25,24967.75,64869.50734344143,45641.11774240699,19.35465092508189,48.280564624925425,8.109715614329163,90.81459998100377,314.9372855731563,24795.72352026308,2
2025-08-26,24712.05078125,64130.39543023143,45221.55488122131,17.52532970984001,48.280377222975005,8.107773003119645,-836.0664011314483,570.4486395758605,24848.569483442938,2
2025-08-28,24500.900390625,63412.260053185884,44313.66651277854,21.45346215464901,48.28046188896592,8.105867740101472,-254.16276274979265,431.9956126807552,25302.071553300022,2
2025-08-29,24426.849609375,63028.700379834096,43609.02838243609,18.835701987284654,48.27769688078722,8.10464467046222,10.184318540429786,161.72062523139945,25161.393334730692,2
2025-09-01,24625.05078125,63988.5409310365,44310.82579757865,19.059928836547357,48.280048570634584,8.10187872125428,40.864850558934336,333.4113207660392,24262.56544829469,2
2025-09-02,24579.599609375,63837.73126591014,44165.04111686222,18.966126735685638,48.28185496415601,8.09891849321539,324.45193658168046,-57.77500972282593,26102.566726659818,2
2025-09-03,24715.05078125,64552.9858809566,44116.56417478286,20.125443832124777,48.28198846989607,8.096600745327605,154.60213296269802,344.6190434048747,25040.38696892702,2
2025-09-04,24734.30078125,64470.65311178413,44102.69705870143,17.498480830681707,48.278423443153166,8.093335600513205,-174.33841974881645,400.39176037127464,25882.99308484485,2
2025-09-05,24741.0,64553.03712487564,44213.501296227325,15.513509467795478,48.282650893239584,8.091199384614061,119.98949957950191,942.5344601157816,24905.936127852143,2
2025-09-08,24773.150390625,64631.03341747987,44260.49279851708,20.915408074785542,48.284018006764306,8.089201959146862,-230.545454221853,804.5356182533426,25345.765635424104,2
2025-09-09,24868.599609375,64466.28815193165,44053.467560737896,15.772884587592578,48.287971537954775,8.08703520907054,-91.29041889485887,89.77762070608486,25764.023602664038,2
2025-09-10,24973.099609375,65136.044238588125,44779.923952758254,21.708275567954757,48.28226250038614,8.084572279685048,167.920940058945,460.5308257995339,25699.424721718304,2
2025-09-11,25005.5,65193.8154473203,45120.74482654798,23.117055499070297,48.283032969845024,8.084120223218799,-168.120317275217,465.7930942366243,25147.17554576396,2
2025-09-12,25114.0,65701.59696763437,45265.117580005455,19.671552392129932,48.28148227341902,8.082952270515571,-5.204128187264985,330.86879417056304,25545.30004200872,2
2025-09-15,25069.19921875,65375.84390101979,45088.420440664726,22.59898589344098,48.2821907152801,8.080742978115078,234.52350772680506,349.99344253563504,25634.70532180135,2
2025-09-16,25239.099609375,65821.62524159923,45554.75880673496,19.951487160913562,48.285620346976444,8.078720323026158,134.86594429562115,293.81507701234113,25222.979694078364,2
2025-09-17,25330.25,65854.88762625496,45443.560838313024,23.19848231815574,48.28733018907503,8.07797746221348,343.3887423525478,961.8125460649917,24739.27167954951,2
2025-09-18,25423.599609375,66450.11226974762,45733.430686320076,19.08756429577358,48.28798455577729,8.075270188718246,781.3793191811643,275.1447239698167,24991.798914841613,2
2025-09-19,25327.05078125,66255.58378698402,45163.445549572825,15.270236381137757,48.288622897082384,8.072178365751697,131.17110934277736,502.28114307978046,25120.99216562456,2
2025-09-22,25202.349609375,65994.53659312245,44878.3934811605,19.840176511786996,48.28454360154926,8.070275540911737,-334.51702056190186,-358.7090401187502,25331.22720694539,2
2025-09-23,25169.5,66258.97440832906,44495.18203451832,23.41592638682148,48.282423897387815,8.068556235528401,54.72921912792029,647.0705150199568,26129.563347880732,2
2025-09-24,25056.900390625,66239.38763135456,43961.05054159519,21.069936611880834,48.28638776002144,8.066908049355455,37.52736659616693,755.2764421757308,25787.832053208505,2
2025-09-25,24890.849609375,65959.90071432093,44045.624834974085,18.969353542924313,48.285471149525875,8.065595662649315,95.40427740415262,84.39099126981336,24919.716995849747,2
2025-09-26,24654.69921875,64904.950607084356,43562.48980984314,20.657802338569464,48.28949240666018,8.06271945730077,448.0064988949488,246.43397497347416,26268.92332339959,2
2025-09-29,24634.900390625,64667.44041977715,43574.72322732591,21.942249676905107,48.29257151946662,8.059163924047395,-823.6446035936026,535.451056037914,25303.334071792277,2
2025-09-30,24611.099609375,64339.87173145765,43002.12751982932,19.828767122171058,48.29580913479773,8.056428825936498,455.5351965318937,405.8382083237341,25689.168287344797,2
2025-10-01,24836.30078125,65180.15767782981,43321.45677134569,25.25278017068476,48.29740787796712,8.054856697667175,590.1667472232451,539.9108771557669,24877.263310204016,2
2025-10-03,24894.25,65392.28412362132,43563.307222287396,18.965164086961025,48.296699853267356,8.051777401092028,77.22826530808584,313.8276806275694,25129.08460739579,2
2025-10-06,25077.650390625,65558.7127290647,44001.364759764816,22.005021444089497,48.296846397086895,8.047682744218037,86.8540324892532,958.9796161154565,25890.011562858257,2
2025-10-07,25108.30078125,65597.36865357941,43500.0955675527,21.5238744729636,48.29936755478866,8.045662778348797,-246.65792290379954,199.07796035829713,24922.63387504544,2
2025-10-08,25046.150390625,65029.19428948695,43425.012998146885,18.600345150603886,48.29359071241585,8.042928054016238,-147.470404073318,1207.4724139144646,25401.59770845829,2
2025-10-09,25181.80078125,65403.86178062002,43804.396337988226,19.151119465304653,48.29792204159373,8.039029927712102,129.1808636592608,772.5771752047408,25617.673033241357,2
2025-10-10,25285.349609375,65266.772992248036,44361.46634700873,22.03619729495873,48.29702168326413,8.036929954052948,103.4209571081297,649.6345862152967,24864.38457329907,2
2025-10-13,25227.349609375,65240.156739968785,44065.94442057318,20.289575775208483,48.297362830786525,8.034365876764824,138.28389200135496,87.85670969280994,24486.16843222212,2
2025-10-14,25145.5,65106.09068331618,43308.176958404394,20.676143453454547,48.297729843167886,8.0338606838353,100.66742864131345,672.9047151084917,25854.64518038514,2
2025-10-15,25323.55078125,66117.85296651647,43417.293176091494,16.728065292591285,48.2982103454276,8.031764989307115,209.35598965694794,581.1815292041845,26853.39083904449,2
2025-10-16,25585.30078125,67101.08037692767,43670.76589745788,21.3119973103242,48.29486942037543,8.030163181704333,164.659467994259,-235.8831208018779,25637.049408005845,2
2025-10-17,25709.849609375,67347.33077554146,44121.215302482924,20.574593688165137,48.295924595476464,8.02795471423024,-559.7394661040527,-21.380092166367206,25739.657248483272,2
2025-10-20,25843.150390625,67954.5327431812,43678.76670833322,19.872179954717694,48.298307689372464,8.025162609592089,182.907217403152,507.2883779246491,24964.656292095875,2
2025-10-21,25868.599609375,67648.92219373403,43612.92998894234,20.72178372611815,48.29277433483828,8.022477093126641,593.4346465664909,360.0100835002571,26166.21948016029,2
2025-10-23,25891.400390625,67454.35051193867,44034.178997871364,19.181564585751502,48.28947197756544,8.021356829189696,-160.65070078216092,245.05653713475073,25232.537074493044,2
2025-10-24,25795.150390625,67268.6601895094,43840.07975735671,18.81619499223305,48.29275957363433,8.019900084341176,449.791979192991,723.6847583366387,26021.014837550192,2
2025-10-27,25966.05078125,67178.23270183777,44428.302614048895,19.51622893672178,48.295488965066625,8.016203619069998,-516.9181199646364,134.8662134742026,25743.14203278458,2
2025-10-28,25936.19921875,67083.36044822744,43932.14817912527,19.071593643363403,48.296985188772496,8.012743882656775,-161.90504784417405,263.4277170951823,25760.668995384076,2
2025-10-29,26053.900390625,67144.49192444918,43749.498272244164,24.361059122086402,48.29553874448668,8.009336391281389,-406.46326072394334,205.8910635949133,25746.24789734808,2
2025-10-30,25877.849609375,66674.2771204547,43772.02823681754,21.82374145768718,48.29828558231746,8.008178798936239,401.6885009695196,553.0507773639183,25735.137490921228,2
2025-10-31,25722.099609375,65949.3983181225,43483.427471356394,18.0630621520566,48.29527688024489,8.004226464945067,506.19062176354055,-115.83745994630272,25598.696363209216,2
2025-11-03,25763.349609375,66178.04726614805,43594.1928176477,24.072592004521685,48.29546487211599,8.002788733560767,-189.67844803502487,250.69844444487862,25953.015885793982,2
2025-11-04,25597.650390625,65716.58703355952,42969.78215713598,19.134286777127375,48.2921453933053,8.000959621064922,318.4246090647403,-116.82956619880588,25094.75908793139,2
2025-11-06,25509.69921875,65836.42948723676,42818.86296128387,20.05891073492857,48.29225938747683,7.998875722417881,510.2506511613335,306.13735742743154,25347.92740336792,2
2025-11-07,25492.30078125,65788.82739047242,42490.67604923788,21.79483438986264,48.28976821485971,7.99616878340189,-163.16754318466775,616.9147029272559,26222.61234701717,2
2025-11-10,25574.349609375,65819.48284492113,42959.9452149567,16.06002291220477,48.29263564744215,7.9951202310381095,-98.09935528120657,622.2689485741332,25567.795708984806,2
2025-11-11,25694.94921875,66096.48410095609,43916.66829392345,19.52594830611806,48.294535192934504,7.9929933141777285,143.44614785079352,181.72050016975896,25318.60553714089,2
2025-11-12,25875.80078125,66253.00744137674,44417.95026388922,18.853332298065666,48.29342346619375,7.989305513449132,-487.01519260811375,559.9965858747788,26017.35895306033,2
2025-11-13,25879.150390625,66370.1762447298,44255.928241608905,20.41016015908827,48.297294363843164,7.985847400799028,-105.96096191417567,344.45097332651835,25921.842076707246,2
2025-11-14,25910.05078125,66614.39083085004,43650.73915525706,20.740099366530885,48.29502541777296,7.981952663566353,707.1148424807752,808.3254919235225,24836.985157603776,2
2025-11-17,26013.44921875,67571.55786280031,43419.22146626512,19.8454812693353,48.29551956436755,7.980899837715803,-350.0054081001187,361.0111415578154,25877.27902078659,2
2025-11-18,25910.05078125,67109.62801788218,43617.63917139532,19.752705403642025,48.294275100385114,7.980067760937384,191.5304962826056,-491.9142086849664,25580.063078711202,2
2025-11-19,26052.650390625,67444.85815046195,43636.3646547326,22.13026274527089,48.29710221568924,7.978894542645239,59.52177845480472,668.404302613292,25878.329026239102,2
2025-11-20,26192.150390625,67687.2146720112,43820.04210620313,20.602971860668077,48.29963254305602,7.976488760472845,-215.50636348118087,262.27024022827334,25525.560403558422,2
2025-11-21,26068.150390625,67392.79392073743,43743.46190729533,20.082850020103887,48.30413841267445,7.972796587504555,-61.337962836243264,317.7400143551698,25762.175238531534,2
2025-11-24,25959.5,67187.02370624308,43914.05264811061,20.295741182920278,48.30498736602018,7.969473645499786,551.0479698157717,500.7770416721504,24595.284361532675,2
2025-11-25,25884.80078125,66960.39651261391,43710.30200739402,23.671777995060438,48.29670857574539,7.966212714025204,71.43885863172036,-27.41237392242101,25078.203595160114,2
2025-11-26,26205.30078125,68174.22857812468,44257.01797630176,20.34534795396821,48.29601597033619,7.9638918440357065,133.92744930450516,422.3960724635947,25918.351258720464,2
2025-11-27,26215.55078125,68035.45400946314,44296.82721555885,18.97110299006859,48.30131174945222,7.963000999979121,490.34491850070253,560.3490984656551,26884.66513828183,2
2025-11-28,26202.94921875,68268.25621277161,44104.878448081225,16.18200182277788,48.30093676552551,7.962103130257037,-265.7641747992674,509.2192568389208,25738.086988209798,2
2025-12-01,26175.75,68337.39013964155,43898.574937357065,17.13212525193009,48.29578415690014,7.95933031439435,-568.7659639351381,220.3206246899737,25201.359113591305,2
2025-12-02,26032.19921875,67923.11557448613,43718.53712315816,19.065948209840478,48.297732152463276,7.954806193181987,557.3389566361117,697.5795890563734,25629.732641009767,2
2025-12-03,25986.0,67705.3025392335,43674.05931517576,19.783246312091705,48.29990433058031,7.951348565698686,-95.3912869526277,100.7512152262168,25108.74330386912,2
2025-12-04,26033.75,68504.02157309017,44333.87168793929,18.888757080779524,48.29832273364473,7.9502434645227575,207.4403400596055,212.3435102864998,26209.787785735163,2
2025-12-05,26186.44921875,68722.48198876914,44764.731918463614,20.70228795409162,48.29818248632946,7.948178334940654,-454.9316742477441,359.19956934185666,25600.25785614935,2
2025-12-08,25960.55078125,68154.61906355794,44610.783903765056,18.862983910983385,48.29624059851808,7.9455228831896,5.410522098465975,488.6405077815546,26119.552323928267,2
2025-12-09,25839.650390625,67603.19655448827,44077.93922563218,18.17102145972914,48.29840830761543,7.942794673784832,-588.7731139447429,302.63700449320254,25507.242360423537,2
2025-12-10,25758.0,67851.52586890245,44049.69778371896,21.225287670714827,48.29917810596534,7.939737949755819,-124.50406410876296,768.576069700478,26175.29335689806,2
2025-12-11,25898.55078125,68502.5812107978,44147.15601453501,22.738788993756025,48.296280780474724,7.936225283100547,-409.16927407131186,488.58586408034563,24764.724090080184,2
2025-12-12,26046.94921875,68748.91921911958,44557.354129268104,17.785664804506904,48.29685214899306,7.935985441981467,-501.0617339650206,422.6973891099605,25613.455640225828,2
2025-12-15,26027.30078125,68832.88526667972,44701.32250209625,20.487431727415622,48.29525307587596,7.935389018497426,-271.2490677463694,478.04084773695155,25882.307930679257,2
2025-12-16,25860.099609375,68418.68237233594,44371.32457193953,16.189990683692365,48.300236257957344,7.932249252345512,-1067.3562571872826,619.8717792885102,25473.57087373036,2
2025-12-17,25818.55078125,68156.87801135167,44930.16339381683,17.05092373854568,48.30351735115697,7.92817449670184,-613.9609751110132,472.2324679423051,25800.262053919127,2
2025-12-18,25815.55078125,68355.15079526766,45310.45514190044,18.822468344045653,48.30375051312519,7.9260196560559155,162.96566250413127,-142.85504994472456,25796.656217593176,2
2025-12-19,25966.400390625,68903.1461303347,45952.73232945037,22.269820864754386,48.30459370558897,7.923545362996225,-10.933444180909191,726.8526592086612,26163.73240113951,2
2025-12-22,26172.400390625,69567.06811642191,46605.52154560317,18.44258794058905,48.30823503427278,7.921843723522532,-579.674778785043,435.9025624228294,25949.841896826474,2
2025-12-23,26177.150390625,69569.29144159537,47111.49251944969,18.3677990504689,48.308314203104615,7.920365600886246,69.14942778602651,605.455842166524,25837.748105817016,2
2025-12-24,26142.099609375,69586.77888919778,46632.06419660324,20.0721745637889,48.311189380678,7.916859907089838,-501.28522886075405,278.21694219005224,26092.34783059466,2
2025-12-26,26042.30078125,69358.78632400952,46802.143986648494,20.0741672222997,48.31622153906661,7.915801527404839,138.78554816536746,-148.01496382607252,24952.369208216125,2
2025-12-29,25942.099609375,69082.18017982782,46310.29960897553,18.429737054490662,48.31534889286906,7.9131068472970325,-196.2556293847303,-283.67288596230094,25265.430675350406,2
2025-12-30,25938.849609375,68895.78099820059,46146.81851302585,23.972443134526475,48.32088732817182,7.911370327898691,-280.0492601569308,116.68966319266906,24945.67251387859,2
2025-12-31,26129.599609375,69927.51636412807,46712.92889428351,19.469273253769252,48.32555267884334,7.908761531045837,-186.42544949098186,555.1882710572652,25943.101244213278,2
2026-01-01,26146.55078125,69684.02905955476,47096.504258210676,20.22716996483616,48.32689835525048,7.907333797013662,873.8113826662833,789.3672864892832,25879.017326591784,2
2026-01-02,26328.55078125,70339.85318044267,47163.969220634244,19.196440924579115,48.3261666192448,7.9026183943849295,-453.52060780894027,490.5913675827752,26382.901136434197,2
2026-01-05,26250.30078125,70020.51791376599,46851.7563760897,20.879943124302358,48.32747495385906,7.901000745413453,-59.37653349344852,84.33177718775073,25857.2891004339,2
2026-01-06,26178.69921875,70303.81671635176,46725.98869489344,22.469915119408235,48.32734145117143,7.897809978194746,162.54748379694837,164.7627569069058,25357.28434224404,2
2026-01-07,26140.75,69938.59024626118,46592.64847033383,23.327327393909144,48.325563135603616,7.895521738690885,-534.9651396355738,808.2349295953529,25755.6409529557,2
2026-01-08,25876.849609375,68963.10291391017,46268.090152510755,18.47546864947224,48.3277599611896,7.894401890988888,-787.7031349623729,6.765738837535082,24728.19056410294,2
2026-01-09,25683.30078125,68133.21101135264,46809.79873417844,22.201590352602423,48.32528938829162,7.891231352733991,-390.4392571848691,1030.531864454309,25487.100119535153,2
2026-01-12,25790.25,68534.63266763937,47162.8008687955,21.099361639102035,48.32487372452166,7.887901123448479,153.78528044354715,962.8112577473887,24495.452173646172,2
2026-01-13,25732.30078125,67991.00140086116,46828.77922292719,21.949073218920155,48.32449751944024,7.885156109186077,-286.80138069131317,1040.4166209609657,25875.9120126838,2
2026-01-14,25665.599609375,67667.7648663555,46321.59941947428,19.816241454614406,48.32100174106993,7.882345193179676,-242.44237254440998,514.2104462453333,25568.43122855828,2
2026-01-16,25694.349609375,67170.39840712668,46293.47630831571,19.625918453435638,48.323577157139276,7.8789163844214345,214.30786051683197,297.5425547204516,25649.074638770402,2
2026-01-19,25585.5,66922.44280201217,45799.627672761686,21.871429291427987,48.32349214301798,7.876641218843995,-472.5372317979438,506.9038798454609,25242.91403514371,2
2026-01-20,25232.5,65782.70451628492,45174.14942510102,21.909385012112573,48.327988672948266,7.874415170013379,-185.5021244584465,672.5754853155828,25383.0565359088,2
2026-01-21,25157.5,65178.856838310705,45135.55563458445,23.13144112772377,48.327854713939644,7.8724911665055215,-755.5364165267275,204.76722826290427,26088.71620355878,2
2026-01-22,25289.900390625,65842.57844591512,45295.45659225258,20.397095110900977,48.32723492841307,7.869281840609532,-21.71237570968171,69.63902865215164,24998.10434570691,2
2026-01-23,25048.650390625,64815.367693448294,45316.4093471525,19.786170744730487,48.32512100026853,7.865945328979845,-58.197170172635936,314.81905179080104,26002.71963838487,2
2026-01-27,25175.400390625,65385.24843442755,45391.674340581994,15.080292840011591,48.325838087886616,7.863431478360299,168.21451926688707,168.30766674029,25329.681810780934,2
2026-01-28,25342.75,65680.66511918651,45722.427527309046,16.77747892400933,48.32657212258324,7.860788443716838,-608.1024526685544,772.2659435951081,24886.67149856603,2
2026-01-29,25418.900390625,66321.63599820604,46063.90596616742,19.211496789633213,48.32939742278894,7.858161889707463,-226.75503230896672,215.0711458812055,26389.27411669576,2
2026-01-30,25320.650390625,66238.55024511766,46096.80957371978,17.79788213750757,48.330198479759936,7.855051228538239,-661.3881441832748,428.6924399792028,26447.4364822182,2
2026-02-02,25088.400390625,65309.7176845434,45943.04025166882,21.62826113086649,48.337080232846596,7.852975129805583,-248.44267446231953,694.9121561823529,25489.609601512962,2
2026-02-03,25727.55078125,66919.87689690728,47491.20193620603,17.379958076842094,48.33904888463896,7.849623813715975,442.71523017648985,783.9526931037518,25489.551662347094,2
2026-02-04,25776.0,67221.26350560974,47899.724148094516,18.997391343299423,48.33668837368529,7.847090114173911,-278.3011023895931,462.56778455641637,25648.38940451433,2
2026-02-05,25642.80078125,66770.1271367782,47414.02236837785,19.075947013723024,48.334073944656396,7.844369542169343,-696.3679296979614,515.2888709839756,25365.065865666907,2
2026-02-06,25693.69921875,66870.76016147145,47789.6165659535,22.409486166798892,48.336278337062936,7.841919210959961,-421.9517059899265,94.90281174895733,25460.921214906433,2
2026-02-09,25867.30078125,67713.32592307401,48440.90790883034,18.78352250196071,48.333823352719236,7.840684947745518,-794.3807333668846,706.9169940771712,26025.051211304453,2
2026-02-10,25935.150390625,67705.91381018554,49036.72791590341,20.904824236095976,48.33620788587285,7.836948264155878,-668.3091515228878,779.0569726891802,26867.978986882365,2
2026-02-11,25953.849609375,67784.3812472579,48590.3110318928,20.391412255045434,48.339494803007874,7.832132113716884,118.39477899816,-161.10592172573615,25619.935594805498,2
2026-02-12,25807.19921875,67622.0992994478,47999.97719341356,21.80657697089456,48.342854029536404,7.829110465979754,-728.5132949448414,928.8837461606865,26336.124906463865,2
2026-02-13,25471.099609375,66876.35598739672,47489.62197796409,21.70043010423296,48.34084646778573,7.825529081520643,-25.068563858048904,189.80215993890548,25995.27487964447,2
2026-02-16,25682.75,67447.35764520966,47208.51764915428,19.933119774260913,48.34421088131057,7.820083907960023,-139.7029296469707,578.3892664405821,24954.661749827224,2
2026-02-17,25725.400390625,67492.63714261772,47442.533972676654,16.60741097478564,48.34577864902562,7.819394964453001,-362.6112996373337,423.2685174447663,25810.573146512255,2
2026-02-18,25819.349609375,67294.63078305258,47954.871746112054,19.53651822670874,48.34455503584348,7.817516786901297,-59.06000797688931,381.88724616682714,25750.733452828983,2
2026-02-19,25454.349609375,65976.92899155685,46985.45678878723,19.960088710935693,48.34467683240598,7.815743472089226,-525.0646037389022,338.0446065169408,26589.97361658784,2
2026-02-20,25571.25,66395.57168961123,47123.3223256175,20.572018466305558,48.34669067168452,7.813014957842039,186.33776033081858,102.23100039293325,26616.16189071672,2
2026-02-23,25713.0,66764.8338371445,47133.08623743613,18.52488970955838,48.34527211839105,7.810990163818294,-429.3361194289325,557.1484031943933,26038.155659332497,2
2026-02-24,25424.650390625,65966.07788011839,46357.771674384385,22.281802236817228,48.34677769674832,7.80811935654741,-304.5467554427548,314.1865993732948,26476.185966403227,2
2026-02-25,25482.5,66406.87045668384,46347.34195872593,20.027238836629984,48.351714502593936,7.806482964735684,-352.14040215884285,7.173303602682552,25777.8247757116,2
2026-02-26,25496.55078125,66132.33152814038,46188.39439099099,18.15900530437575,48.355206670985005,7.804218781204328,125.78942576310635,89.49859346528928,26437.453390040788,2
2026-02-27,25178.650390625,65169.908169048154,45301.51391127933,19.08354432251664,48.356052629565546,7.801726480045085,67.77756540355972,12.266120892584865,25915.50818781728,2
2026-03-02,24865.69921875,64333.50218911491,44558.340365691445,23.85708530793366,48.357355057391594,7.799307115233974,-1198.6804663695202,242.62283490939456,26436.565418251063,2
2026-03-04,24480.5,63068.63504271238,43663.44698391377,21.328755785892998,48.35634086857757,7.798311764336543,-48.302825488728374,545.5297925297078,26494.37354701882,2
2026-03-05,24765.900390625,64249.47734169452,44779.30181068658,22.096913111128806,48.35541117935587,7.796015796953463,-847.8371327302324,186.664584820336,26249.578430493937,2
2026-03-06,24450.44921875,63586.22668684114,43995.88584089159,17.91682606057317,48.351399590469356,7.792520401143228,-286.52868487566525,692.6324670209867,25499.910439821408,2
2026-03-09,24028.05078125,62461.73674193448,43182.27872792914,18.6223406156324,48.35275291962972,7.790388326814782,-193.26960869868006,364.2356561747911,25671.11639256225,2
2026-03-10,24261.599609375,63587.88146090819,43537.9385082789,18.63715538823751,48.35540041492452,7.788406633223601,-290.8232918127348,313.17852344758893,26283.492818163948,2
2026-03-11,23866.849609375,62086.57012580701,42545.345141776685,20.368787475177243,48.35578788446747,7.7857887297756445,50.327688839566605,405.02962908882074,26361.76175658424,2
2026-03-12,23639.150390625,61435.56544159295,41420.778062895406,23.65199633782888,48.35375591188206,7.78326098353722,-211.9693735681871,1118.5464795268967,24167.052682400237,4
2026-03-13,23151.099609375,60188.20940468685,39839.75577456213,23.02101117748596,48.354554297308646,7.779716684137749,-809.3863171277162,288.5983924173077,23944.940158164492,4
2026-03-16,23408.80078125,60596.282376737036,39939.26174229269,23.27186081499309,48.35917959101207,7.777333246178027,-823.9188009989284,1196.9100914257433,24192.383882455648,4
2026-03-17,23581.150390625,61199.35744784924,40360.36478655103,22.41192962664986,48.362473535974786,7.77363583059306,-514.3878214610068,988.0480326773904,23970.57979426386,4
2026-03-18,23777.80078125,61490.55557186728,41030.36658381696,19.64032142619718,48.362985112883,7.7708997098796635,-767.4928322264624,393.5030514887804,25782.725410041356,2
2026-03-19,23002.150390625,59569.52285593601,38825.899044206155,26.226431167667496,48.369727404088245,7.767742640716914,-690.7911900750714,1054.9077054310342,25059.52185869514,4
2026-03-20,23114.5,60271.769720704964,38861.61508180945,20.973721296900493,48.378423555057914,7.766235409044237,39.23113335494304,603.2581443777062,23889.56126159939,4
2026-03-23,22512.650390625,58665.763063250495,37205.61483559266,24.69295886727046,48.3775831272143,7.765292832590671,-1102.5202260842862,785.7035125980925,24368.617948018215,4
2026-03-24,22912.400390625,59161.551826178045,37916.607634545726,26.760185389759247,48.37744547290979,7.761653616581839,-636.0469437253632,537.5756477374802,24202.118104945817,4
2026-03-25,23306.44921875,59942.692030399485,39083.8293277671,23.633625802868867,48.38012546680751,7.759151742199198,-736.9203251720467,989.9425491655879,23541.014244962524,4
2026-03-27,22819.599609375,58779.85985404545,37963.30389957518,22.942247941708207,48.3779865377061,7.75634177634476,302.1071525551033,487.8233184292998,23528.955931026023,4
2026-03-30,22331.400390625,57420.03173933863,36985.27005787513,29.848462971901178,48.38113394040648,7.754304265514277,-1115.1444826678614,884.5896632994778,24103.248576612394,3
2026-04-01,22679.400390625,57476.202574536845,38180.19433888126,26.031556246262312,48.38203834348686,7.751896224951799,-1091.9243541433984,1103.7416454975587,23204.07512603168,3
2026-04-02,22713.099609375,58001.12814941131,38406.28397229426,27.954616940122538,48.38375325895532,7.749002244091855,-1312.3059711206922,1214.4568924464547,25035.96431588102,3
2026-04-06,22968.25,58770.46220180758,38662.13169523153,25.920311799228546,48.382626945422125,7.746587075798125,-896.2712785730996,653.6534874693353,23981.803006121223,3
2026-04-07,23123.650390625,58919.22297036444,39033.09607951122,24.25979805995144,48.38086383535129,7.743861202127677,-791.933177990525,1125.9414705361096,23947.04712018254,3
2026-04-08,23997.349609375,61787.39068786854,40540.542149169814,27.69603147041041,48.37550743895354,7.7429368205328615,-1254.3279390478376,605.4044756621463,24757.03485502019,3
2026-04-09,23775.099609375,60912.99204364446,40244.49099946669,25.473209873466033,48.38056178164292,7.739627375010815,-504.5108797112139,254.90075231732123,24102.578521216747,3
2026-04-10,24050.599609375,61440.07456419956,40997.72145216958,27.976658973341664,48.383986120972054,7.737366787425463,-791.5745662845965,675.5809058307639,24490.08530542028,3
2026-04-13,23842.650390625,60989.484532572795,40078.35718768864,30.230059248761414,48.38660619799083,7.735356082312241,-559.2402924939274,1150.3979928228953,23903.098080883923,3
