date,state,regime,prob_Risk-On,prob_Late-Cycle,prob_Transitional,prob_Post-Shock,prob_Risk-Off
2008-09-19,3,Post-Shock,0.0,0.0,0.0,1.0,0.0
2008-09-22,3,Post-Shock,8.122340860667713e-30,1.4459595725099066e-26,7.852551325284599e-23,0.999999999996362,3.908142464044327e-12
2008-09-23,3,Post-Shock,5.345818123614105e-31,8.94878226233595e-28,6.4220293719803934e-24,1.0,6.815078396378706e-13
2008-09-24,3,Post-Shock,3.664488457874693e-32,6.074745977807231e-29,4.484877226712648e-25,0.999999999998181,2.630136344426948e-12
2008-09-25,3,Post-Shock,8.278278638184886e-35,1.3421386376069462e-31,1.0602108530290095e-27,1.0,2.58742188577196e-13
2008-09-26,3,Post-Shock,2.4992446311615407e-37,3.6282885072416643e-34,3.942404915357471e-30,1.0,1.5759038792272529e-15
2008-09-29,3,Post-Shock,2.6476870686318195e-39,3.3108099550244245e-36,5.60322582595142e-32,1.0,6.995257515852738e-16
2008-09-30,3,Post-Shock,6.687929877634977e-39,9.756987781866064e-36,1.3705861244933583e-31,1.0,1.862191706473207e-15
2008-10-01,3,Post-Shock,2.5278014855197256e-41,3.700258636411099e-38,4.890873809990064e-34,1.0,2.7114751056820816e-15
2008-10-03,3,Post-Shock,2.0709596112177142e-51,1.6868751248835292e-49,1.2070170953747772e-44,1.0,4.350076561256431e-18
2008-10-06,3,Post-Shock,1.4028588245765469e-58,1.2239834189128604e-55,8.932905236666283e-51,1.0,7.860465971070756e-26
2008-10-07,3,Post-Shock,2.4235215010429012e-57,8.59340391202031e-57,1.9092960233691042e-50,1.0,2.025060036423874e-23
2008-10-08,3,Post-Shock,7.840143110314872e-61,1.1038919124214487e-62,8.840224109646175e-54,1.0,4.718612880370437e-27
2008-10-10,3,Post-Shock,3.9105029043051314e-73,2.8523884992957163e-75,1.467900736148228e-65,1.0,3.5629154621188706e-39
2008-10-13,3,Post-Shock,3.1118045617265944e-74,1.157847489509004e-76,1.2347393731390952e-66,1.0,6.786790490024716e-39
2008-10-14,3,Post-Shock,5.126147109317721e-71,2.093104723027689e-73,1.4500928197540827e-63,1.0,9.580591877780604e-36
2008-10-15,3,Post-Shock,6.223598111910486e-78,1.7079842991813568e-80,3.4926963747751806e-70,1.0,2.6629636307316197e-42
2008-10-16,3,Post-Shock,6.006576134044282e-75,1.8885206096495958e-77,2.549449778540608e-67,1.0,1.898498332392325e-39
2008-10-17,3,Post-Shock,6.606000189433693e-86,1.1887813187802256e-88,8.109199904019577e-78,1.0,3.633857957207269e-50
2008-10-20,3,Post-Shock,6.993609862977584e-84,1.2781948140048004e-86,6.699359113778271e-76,1.0,5.034441240460571e-48
2008-10-21,3,Post-Shock,6.702794771743362e-84,9.542324245150657e-87,6.490191738639244e-76,1.0,1.3999446336107595e-47
2008-10-22,3,Post-Shock,1.0270061020259608e-91,1.5569118032519044e-94,2.1929743062110857e-83,1.0,2.647027664725215e-56
2008-10-23,3,Post-Shock,4.2272292707260424e-97,5.13288606279717e-100,1.524790586860585e-88,1.0,5.383931286436223e-62
2008-10-24,3,Post-Shock,1.5122826832247998e-131,1.9067745108031052e-135,1.3807875940377232e-121,1.0,1.6725514776760428e-96
2008-10-27,3,Post-Shock,2.291818812274048e-134,2.926220352306743e-138,2.751985605581272e-124,1.0,4.130073603880326e-100
2008-10-29,3,Post-Shock,2.5469605689891376e-138,1.1825983514432474e-142,4.1855683010078815e-128,1.0,2.223148607631213e-101
2008-10-31,3,Post-Shock,3.2033493790310503e-139,6.162166479040604e-144,5.3513161474810345e-129,1.0,7.055013158565047e-100
2008-11-03,3,Post-Shock,1.520151692939882e-136,1.944198945208868e-141,1.846859234544119e-126,1.0,3.773299121183325e-96
2008-11-04,3,Post-Shock,7.279611256026743e-137,8.09550471220194e-142,9.054744131324172e-127,1.0,2.19773815600644e-96
2008-11-05,3,Post-Shock,3.5413478026258405e-145,2.7894899096443135e-150,9.809737058952516e-135,1.0,1.2604509033563109e-104
2008-11-06,3,Post-Shock,3.026628998393162e-145,2.3545232336302518e-150,8.485227360226358e-135,1.0,1.0514480658599118e-104
2008-11-07,3,Post-Shock,2.1543552066956776e-134,2.4968201055238214e-139,2.066635428470429e-124,1.0,6.293037885443904e-94
2008-11-10,3,Post-Shock,3.917247004937812e-138,2.557980106581101e-143,4.677072367264229e-128,1.0,9.941879931969312e-98
2008-11-11,3,Post-Shock,9.294411852252384e-148,2.902821929891244e-153,2.9629752990448464e-137,1.0,1.8684527406631377e-106
2008-11-12,3,Post-Shock,1.0151173163745527e-138,6.091569357649474e-144,1.3340613601362415e-128,1.0,5.231003882976766e-98
2008-11-14,3,Post-Shock,1.232054965898374e-135,1.4770627887112792e-140,1.3659209550190609e-125,1.0,3.022787155630234e-95
2008-11-17,3,Post-Shock,1.7524397675072758e-136,2.145171117399247e-141,2.1097020328107472e-126,1.0,4.818862746371456e-96
2008-11-18,3,Post-Shock,2.192771743771802e-134,3.263922915685332e-139,2.070097827118397e-124,1.0,3.1284659576782225e-94
2008-11-19,3,Post-Shock,1.836293015824057e-133,2.6548937393951188e-138,1.6702496138573273e-123,1.0,3.02879215034651e-93
2008-11-20,3,Post-Shock,2.4113127296335868e-126,5.518867933753424e-131,1.109540465677006e-116,1.0,1.654403776256348e-86
2008-11-21,3,Post-Shock,1.8987775562436014e-129,2.6663196618167494e-134,1.1003211373031668e-119,1.0,2.250105094514422e-89
2008-11-24,3,Post-Shock,9.005235856780392e-129,1.5710447352671266e-133,5.120807128135046e-119,1.0,9.181729126110344e-89
2008-11-25,3,Post-Shock,3.198975301286548e-122,8.645837826872861e-127,9.470893297467605e-113,1.0,1.0719331330887012e-82
2008-11-26,3,Post-Shock,2.085247273925321e-117,5.875331500986954e-122,3.623989913115824e-108,1.0,3.146103171325599e-79
2008-11-28,3,Post-Shock,1.429301536587699e-85,5.606685156531958e-89,1.0594140936710982e-77,1.0,1.5327593397604415e-54
2008-12-01,3,Post-Shock,1.2940642018939342e-85,4.8718869905012736e-89,9.827059737826095e-78,1.0,1.41483270710007e-54
2008-12-02,3,Post-Shock,3.6130199652597197e-78,2.996237973108353e-81,1.6004768026079275e-70,1.0,1.2328309416640217e-44
2008-12-03,3,Post-Shock,5.257184250708689e-72,9.975161136987462e-75,1.4603566631202524e-64,1.0,3.7112250329604e-37
2008-12-04,3,Post-Shock,4.328847221936969e-71,8.949076750278228e-74,1.1175108270757432e-63,1.0,1.9766401470686496e-36
2008-12-05,3,Post-Shock,4.068262737872777e-74,9.124131110881703e-77,1.4566436426471878e-66,1.0,1.700115007379807e-38
2008-12-08,3,Post-Shock,5.8875891836913634e-67,1.6720696178158876e-69,1.0145898560099213e-59,1.0,6.62374863057988e-33
2008-12-10,3,Post-Shock,7.418492345764487e-67,1.6488946011393395e-69,1.1016851215765277e-59,1.0,4.0571880945621097e-35
2008-12-11,3,Post-Shock,2.0790684543809198e-66,5.953906305022243e-68,3.097117598463638e-59,1.0,1.563963845149863e-33
2008-12-12,3,Post-Shock,1.4006351582177106e-59,4.518622274441443e-57,1.0658515224700832e-51,1.0,1.859424999227776e-28
2008-12-15,3,Post-Shock,5.587598738461617e-51,3.218030638879935e-48,1.3422205217091649e-43,1.0,6.055005552958629e-22
2008-12-16,3,Post-Shock,5.5119435042712845e-50,3.619621501945657e-47,1.0894815020613585e-42,1.0,1.6633105232560225e-23
2008-12-17,3,Post-Shock,5.667498084580226e-52,2.670598000806357e-52,1.95691435301723e-45,1.0,2.538033497635113e-23
2008-12-18,3,Post-Shock,1.6617682158028594e-54,1.6086371426785788e-56,6.62270169236017e-48,1.0,1.0041889278011346e-27
2008-12-19,3,Post-Shock,5.324717045803002e-53,5.088860162484268e-55,1.6298755683983247e-46,1.0,7.984445170075705e-30
2008-12-22,3,Post-Shock,4.30735863308445e-53,3.9391655892378406e-55,1.2976700486971504e-46,1.0,2.4655461031286827e-30
2008-12-23,3,Post-Shock,1.320653205326291e-47,8.692600355176732e-45,2.588733008378491e-40,1.0,1.0316797633502453e-30
2008-12-24,3,Post-Shock,1.103821666173365e-39,1.1843467096480548e-36,1.3632650035722896e-32,1.0,1.8162215171881248e-19
2008-12-26,3,Post-Shock,2.8662804353085197e-43,2.9446460498969707e-40,3.9434053269388055e-36,1.0,1.9136471161806933e-18
2008-12-29,3,Post-Shock,3.3397067788933133e-41,3.285304618386472e-38,4.416274211484239e-34,1.0,1.7819069923200206e-21
2008-12-30,3,Post-Shock,5.98281300064208e-39,7.00711465781913e-36,6.897705956414201e-32,1.0,8.345771431877294e-19
2008-12-31,3,Post-Shock,4.2512495043013313e-44,4.2942587068952686e-41,4.4211759517811096e-37,1.0,2.6124912755073253e-18
2009-01-02,3,Post-Shock,5.062994011846265e-47,7.904375848876915e-48,8.752627992538735e-41,1.0,9.350745348658725e-24
2009-01-05,3,Post-Shock,4.017687437261732e-49,1.072031875248538e-49,7.974715598492961e-43,1.0,1.6823565897929454e-28
2009-01-06,3,Post-Shock,1.7040583426025858e-44,1.6073340577273763e-41,2.314920235157501e-37,1.0,3.562935586155209e-28
2009-01-07,3,Post-Shock,1.0871829049490088e-43,9.168963698902439e-41,1.843301188993736e-36,1.0,5.1264656327490814e-20
2009-01-09,3,Post-Shock,8.497661933982946e-42,7.637647826129902e-39,1.3109957759253374e-34,1.0,6.808992007424151e-20
2009-01-12,3,Post-Shock,4.860112180373991e-40,4.0649018035903125e-37,9.946546289532374e-33,1.0,9.15904417228089e-19
2009-01-13,3,Post-Shock,5.5767981367931307e-39,6.961506949862893e-36,1.016407352488413e-31,1.0,2.9674084739934448e-15
2009-01-14,3,Post-Shock,1.0355323520294485e-41,1.0999813388129991e-38,1.8731451023484041e-34,1.0,2.2447930884843123e-16
2009-01-15,3,Post-Shock,6.342098496926711e-46,5.5389401829660784e-43,1.665139355150775e-38,1.0,1.1999181918102533e-18
2009-01-16,3,Post-Shock,1.9060646476265902e-46,1.5103897362659174e-43,5.279783929742493e-39,1.0,1.6760942755422746e-19
2009-01-19,3,Post-Shock,3.239654496611773e-45,2.686214578586485e-42,9.041247959510204e-38,1.0,3.7194634331408403e-19
2009-01-20,3,Post-Shock,1.4879724057002266e-45,1.3409744899460856e-42,3.581365557458639e-38,1.0,3.6424437189183185e-18
2009-01-21,3,Post-Shock,8.542864773494339e-49,7.959115552412159e-46,2.9838992014375673e-41,1.0,6.763291414344696e-20
2009-01-22,3,Post-Shock,4.5120933990753965e-49,4.277674783725947e-46,1.6060414913945808e-41,1.0,4.452873582399186e-20
2009-01-23,3,Post-Shock,5.699277001357583e-48,5.3390125551149336e-45,2.0377437077079588e-40,1.0,4.868645482739091e-20
2009-01-27,3,Post-Shock,2.131705524439881e-46,1.8075463217748372e-43,5.939223024481415e-39,1.0,5.320445138588814e-19
2009-01-28,3,Post-Shock,8.519145968916315e-45,6.67337729716533e-42,2.006633636485017e-37,1.0,2.2679262084556574e-19
2009-01-29,3,Post-Shock,1.2846176866725445e-43,1.0617743979184532e-40,2.7313528413509298e-36,1.0,7.442188965147748e-19
2009-01-30,3,Post-Shock,1.2076076479315162e-45,1.0287431139773564e-42,2.534476771549517e-38,1.0,1.4442106996070626e-18
2009-02-02,3,Post-Shock,1.4798379601310403e-49,1.090593021956627e-46,5.001033425812763e-42,1.0,8.355438589112576e-21
2009-02-03,3,Post-Shock,4.0641194216206435e-48,2.967573568055945e-45,1.274575968575585e-40,1.0,2.2780087941446863e-20
2009-02-04,3,Post-Shock,7.176147827783277e-48,5.898621108692802e-45,2.2127741806746113e-40,1.0,1.1400871934889412e-19
2009-02-05,3,Post-Shock,1.4473087972310743e-48,1.2904137415214201e-45,5.02318519262224e-41,1.0,5.305106614678045e-20
2009-02-06,3,Post-Shock,1.5253429187359885e-42,1.2581502415864355e-39,4.892372507697823e-35,1.0,7.579740234035658e-20
2009-02-09,3,Post-Shock,4.8186024804506645e-34,6.4727920540528275e-31,5.9822524700146486e-27,1.0,2.3573984321055262e-14
2009-02-10,3,Post-Shock,5.132067839706232e-33,7.199168932525563e-30,5.741493075565404e-26,1.0,1.9637350834128886e-14
2009-02-11,3,Post-Shock,3.969208776493319e-31,6.5512105021554095e-28,3.365338488213347e-24,1.0,5.224274951001975e-14
2009-02-12,3,Post-Shock,3.256456624739841e-30,5.557590857975676e-27,2.7791853945879825e-23,1.0,2.149622647764124e-14
2009-02-13,3,Post-Shock,2.081789697764873e-28,3.851395441720357e-25,1.5809973581248052e-21,1.0,5.011744350294007e-13
2009-02-16,3,Post-Shock,7.714067047351183e-27,1.4371361326742026e-23,5.79229514739663e-20,1.0,6.005876991388908e-13
2009-02-17,3,Post-Shock,4.860893700170358e-28,9.74625981989345e-25,4.227948277675944e-21,0.99999999998181,1.7720447171492423e-11
2009-02-18,3,Post-Shock,3.5669980009236305e-27,7.335902346318479e-24,3.047530523272771e-20,0.999999999996362,3.9391452730433236e-12
2009-02-19,3,Post-Shock,4.426084758594111e-26,9.299306485559892e-23,3.40046713657295e-19,0.9999999999672582,3.281297422905493e-11
2009-02-20,3,Post-Shock,1.5424658095967048e-23,3.618042600695456e-20,9.84866809840216e-17,0.9999999999618012,3.762275053618737e-11
2009-02-24,3,Post-Shock,8.147379755107662e-25,1.7384845586068102e-21,5.186076853312008e-18,0.9999999994142854,5.864678672530614e-10
2009-02-25,3,Post-Shock,2.747762166996821e-22,6.051012771387745e-19,1.5798621482609165e-15,0.9999999999599822,4.015063251979314e-11
2009-02-26,3,Post-Shock,6.131119496081775e-20,1.4522532568932843e-16,2.957379819677583e-13,0.9999999957453838,4.254037690099239e-09
2009-02-27,3,Post-Shock,5.608635439858221e-20,4.6347312017931416e-17,8.890931069589648e-14,0.999999951443898,4.855517278211028e-08
2009-03-02,3,Post-Shock,4.5907324575127e-23,2.8975615576030407e-20,8.707830296036908e-17,0.9999999874289645,1.2570456851732906e-08
2009-03-03,3,Post-Shock,3.8452089442677314e-23,9.695878581534841e-20,3.766241302178978e-16,0.9999999980027496,1.996436147867491e-09
2009-03-04,3,Post-Shock,1.1764078809789395e-20,3.8146114447323616e-17,7.590750215881034e-14,0.9999994129886448,5.87011291334397e-07
2009-03-05,3,Post-Shock,1.7718127671214557e-22,2.69931591723145e-19,7.916747074146586e-16,0.9999999454048536,5.459573665805117e-08
2009-03-06,3,Post-Shock,6.498494973277066e-23,1.743639019412936e-19,5.1124727263217845e-16,0.9999999617193688,3.828115524514904e-08
2009-03-09,3,Post-Shock,7.276124157766068e-24,1.8826638458028766e-20,6.32804384929682e-17,0.9999999867213776,1.3278861587062217e-08
2009-03-12,3,Post-Shock,2.9759306497969873e-24,8.121162458291534e-21,2.62637795810135e-17,0.9999999881474652,1.1851998535726614e-08
2009-03-13,3,Post-Shock,2.503044499857433e-25,6.224693799021823e-22,2.3559973828868533e-18,0.999999996411134,3.5888111369489078e-09
2009-03-16,3,Post-Shock,4.394145125107973e-25,1.022354191022768e-21,4.0090118354537274e-18,0.999999997757186,2.2430722823826834e-09
2009-03-17,3,Post-Shock,2.1270314823123905e-25,4.957161310864493e-22,2.0166639200549042e-18,0.999999998131898,1.868415423081931e-09
2009-03-18,3,Post-Shock,3.0467670778673373e-24,7.159927601926615e-21,2.5704670668221748e-17,0.9999999977135304,2.2861385848824696e-09
2009-03-19,3,Post-Shock,1.997690154300077e-22,4.8204671249524445e-19,1.708646539018677e-15,0.9999999937590474,6.24090515664729e-09
2009-03-20,3,Post-Shock,8.167077423794083e-24,2.316702217509789e-20,5.023046902463245e-17,0.9999997687027912,2.3129725144532574e-07
2009-03-23,3,Post-Shock,3.298962122713295e-24,2.920616045777548e-21,7.775027824244968e-18,0.9999999999836292,1.553541424176893e-11
2009-03-24,3,Post-Shock,3.313809498915139e-26,6.657350004590021e-23,1.7876109795408512e-19,0.9999999999727152,2.700478092644849e-11
2009-03-25,3,Post-Shock,8.37451044996399e-32,1.7411046764301818e-28,4.662230898660842e-25,1.0,7.71009262492457e-13
2009-03-26,3,Post-Shock,1.078026154153619e-34,2.018870960346001e-31,7.1488585130258305e-28,1.0,1.616383813766062e-17
2009-03-27,3,Post-Shock,2.1671119209366583e-32,3.968865581679013e-29,1.4776707878957456e-25,1.0,1.3767373406900761e-18
2009-03-30,3,Post-Shock,4.0100100114286305e-34,6.072126966838845e-31,3.516000360243905e-27,1.0,5.731696284457778e-16
2009-03-31,3,Post-Shock,2.4391839237580417e-36,3.6186831838317456e-33,2.1777302769914918e-29,1.0,1.474822914087618e-16
2009-04-01,3,Post-Shock,3.9899720712944044e-43,7.936597994610616e-45,5.215450213470424e-37,1.0,2.0678944591546562e-18
2009-04-02,3,Post-Shock,4.336304953239019e-49,6.965793741577332e-51,6.545536844976633e-43,1.0,2.742553569737934e-35
2009-04-06,3,Post-Shock,8.81718929551715e-52,1.1909709457440103e-53,1.813273557323295e-45,1.0,8.852450538433181e-38
2009-04-08,3,Post-Shock,1.0893019517672608e-54,1.3029353999242813e-56,2.6601773927929e-48,1.0,1.8716251622448017e-43
2009-04-09,3,Post-Shock,4.2797325215729856e-57,5.127359295471773e-59,1.181855094885578e-50,1.0,4.692951909745251e-49
2009-04-13,3,Post-Shock,2.827719341801968e-56,3.7030193507982004e-58,6.823742057826465e-50,1.0,2.918479006205258e-49
2009-04-15,3,Post-Shock,4.329264605817553e-65,4.400234034113065e-67,1.8185699627860108e-58,1.0,9.019610953045423e-66
2009-04-16,3,Post-Shock,6.094721020712677e-58,6.487013791423413e-60,1.8010855391729585e-51,1.0,9.249840900682e-50
2009-04-17,3,Post-Shock,1.4405505812595615e-51,2.1820843042419933e-53,2.5613319501731225e-45,1.0,2.170384606438979e-40
2009-04-20,3,Post-Shock,9.941243501699652e-49,1.816826238356174e-50,1.3457447576623453e-42,1.0,7.038027410752689e-37
2009-04-21,3,Post-Shock,7.315128392324722e-49,1.2430600355306552e-50,1.0962914742909078e-42,1.0,2.1342281720035737e-35
2009-04-22,3,Post-Shock,6.757527441687544e-47,1.2930692180614404e-48,8.425253568096931e-41,1.0,1.0925302568863383e-32
2009-04-23,3,Post-Shock,7.575500708261956e-50,1.1396334581981822e-51,1.2921589106946694e-43,1.0,1.5337428703249223e-35
2009-04-24,3,Post-Shock,6.759197819896346e-52,9.703098029890733e-51,1.3869422000371062e-45,1.0,6.754015870403608e-40
2009-04-27,3,Post-Shock,1.4750178151626497e-43,1.8279720460234294e-40,9.88055898352366e-37,1.0,1.87614309299156e-26
2009-04-28,3,Post-Shock,4.658715000454642e-44,3.843822686954277e-45,5.688475602350286e-38,1.0,5.85246564094077e-24
2009-04-29,3,Post-Shock,2.505752614310808e-46,4.3969772168098647e-48,3.359801335680733e-40,1.0,5.87821908768607e-29
2009-05-04,3,Post-Shock,4.561263482982947e-50,6.227553303644897e-52,7.988976312014604e-44,1.0,1.2038633752856164e-34
2009-05-05,3,Post-Shock,1.79524527985537e-49,2.4065649974210218e-51,3.210828726136593e-43,1.0,2.284430234639305e-32
2009-05-06,3,Post-Shock,2.5289029413574224e-49,4.0938810555161484e-51,3.940595075128455e-43,1.0,7.995898046612978e-36
2009-05-07,3,Post-Shock,1.5622168838208406e-49,2.775283439607652e-51,2.7186837757153497e-43,1.0,3.8380449161191423e-34
2009-05-08,3,Post-Shock,2.1517157325495558e-41,2.524215934057786e-38,2.2003750874737184e-34,1.0,3.3678541213970855e-30
2009-05-11,3,Post-Shock,2.1752183976907868e-39,3.688845826614415e-36,1.489196039540619e-32,1.0,1.2285660505302669e-18
2009-05-12,3,Post-Shock,2.7865017097338786e-37,4.108169377854525e-34,2.2187204094489766e-30,1.0,6.714793441465475e-23
2009-05-13,3,Post-Shock,1.129608805785472e-34,1.8721074425537561e-31,8.356356152060809e-28,1.0,1.7770797534838345e-18
2009-05-14,3,Post-Shock,3.730958888690583e-35,6.084956388226792e-32,2.872425482311706e-28,1.0,1.0183313395277287e-17
2009-05-15,3,Post-Shock,2.981746361813994e-42,6.241333819833969e-44,3.587827989191252e-36,1.0,3.953738584256501e-18
2009-05-18,3,Post-Shock,1.0227397964499872e-103,1.1639279326645365e-107,2.5411330664623666e-95,1.0,7.260783052593086e-86
2009-05-19,3,Post-Shock,3.409437236771908e-105,4.418014593563225e-109,8.408896244979396e-97,1.0,6.1209649590763974e-92
2009-05-20,3,Post-Shock,1.392606453029139e-103,1.7642007560625808e-107,3.3521048048354505e-95,1.0,6.226929361087115e-87
2009-05-21,3,Post-Shock,1.0504432292195649e-102,1.3642211532465454e-106,2.3169381030847848e-94,1.0,9.748505076570054e-86
2009-05-22,3,Post-Shock,8.567428426350763e-104,1.0825794853490595e-107,2.0169049037503605e-95,1.0,5.650594528121773e-88
2009-05-25,3,Post-Shock,9.012825370585649e-105,1.1717297752581073e-108,2.126099756157889e-96,1.0,3.021265831725681e-91
2009-05-26,3,Post-Shock,1.5007034705706231e-99,2.0695018783698461e-103,2.8468742289306575e-91,1.0,2.5867361867132827e-78
2009-05-27,3,Post-Shock,1.542153209059623e-103,1.6704305032640656e-107,3.911170185583463e-95,1.0,1.8542856027788213e-84
2009-05-28,3,Post-Shock,1.6272426706567346e-105,1.6423922032328786e-109,4.690866776483618e-97,1.0,3.3282433351166075e-88
2009-05-29,3,Post-Shock,4.291336495897936e-112,3.8824634544210606e-116,1.842673934336617e-103,1.0,6.227500807057623e-102
2009-06-01,3,Post-Shock,1.574739446851027e-108,1.7138862121755692e-112,5.121728523387533e-100,1.0,1.16000485521229e-96
2009-06-02,3,Post-Shock,1.4797611583508758e-97,2.9198747535967475e-101,2.101476480088671e-89,1.0,5.188738432397371e-80
2009-06-03,3,Post-Shock,1.835221752863401e-97,3.5831285013621247e-101,2.6451420357482386e-89,1.0,2.312929136765159e-79
2009-06-04,3,Post-Shock,2.2254531421877388e-99,4.151114813354633e-103,3.6119670367358116e-91,1.0,2.8712190938348438e-83
2009-06-05,3,Post-Shock,1.4698720389287162e-97,2.990659026561156e-101,2.0655880592793808e-89,1.0,1.717851956544641e-80
2009-06-08,3,Post-Shock,1.2631770776518964e-97,2.2574138833483326e-101,1.934211199141549e-89,1.0,5.065912461883711e-78
2009-06-09,3,Post-Shock,5.028432825629255e-103,7.611848795845648e-107,1.0708334687954698e-94,1.0,8.915849006873058e-89
2009-06-10,3,Post-Shock,3.2967926585611383e-100,5.89221953456825e-104,5.5999192224123424e-92,1.0,7.670953248131296e-85
2009-06-11,3,Post-Shock,5.984663853082941e-101,1.0584178334243997e-104,1.0749503180628674e-92,1.0,3.1139343164124444e-86
2009-06-12,3,Post-Shock,6.137804920662983e-101,1.1112987658625366e-104,1.0628416031141834e-92,1.0,5.412820307680453e-87
2009-06-15,3,Post-Shock,1.1868940511296053e-83,1.675866008915645e-82,1.1273560799151877e-74,1.0,4.0413060340189756e-77
2009-06-16,3,Post-Shock,2.081668157436179e-23,5.807656151803089e-20,9.932835257419015e-17,0.999999999989086,1.131686786969916e-11
2009-06-17,3,Post-Shock,8.332697134978918e-26,3.096646963746688e-23,8.625960876638056e-20,0.999999999990905,8.376589476338844e-12
2009-06-18,3,Post-Shock,3.441506176567283e-27,7.367380502091007e-24,2.3700013811890932e-20,0.999999999998181,1.0341415727198566e-12
2009-06-19,3,Post-Shock,8.759954116227416e-26,1.8634877129768545e-22,5.896493818971742e-19,0.999999999998181,2.511855039075956e-12
2009-06-22,3,Post-Shock,1.990450544253321e-27,3.9657032342498005e-24,1.5665564333973455e-20,0.9999999999799912,1.9695631213204283e-11
2009-06-23,3,Post-Shock,2.988298872203145e-27,6.0567633726252234e-24,2.240877076840951e-20,0.999999999996362,3.742471746547124e-12
2009-06-24,3,Post-Shock,4.54412915290708e-22,1.0093806928407598e-18,2.794431544053704e-15,0.999999999994543,4.562662721977293e-12
2009-06-25,3,Post-Shock,8.498534531708755e-23,2.1406360737993712e-19,4.891919630387539e-16,0.9999999822157408,1.7783522459867272e-08
2009-06-26,3,Post-Shock,1.2577090926802686e-22,1.5485622063364792e-19,3.963897922956047e-16,0.9999999997780832,2.225602799382797e-10
2009-06-29,3,Post-Shock,9.337077145883346e-23,2.1346385398914602e-19,4.753485203814401e-16,0.9999999990850484,9.153926060243583e-10
2009-06-30,3,Post-Shock,4.5455744040776424e-24,7.928313739228854e-21,2.2890083005587118e-17,0.9999999995907274,4.0985878343124885e-10
2009-07-01,3,Post-Shock,3.366837264249096e-24,8.565672588054e-21,2.4569015807696666e-17,0.9999999992014637,7.982407039128814e-10
2009-07-02,3,Post-Shock,2.456377265937473e-24,6.219621366919325e-21,1.7453600609118545e-17,0.9999999995579856,4.4255089138362876e-10
2009-07-03,3,Post-Shock,1.2559126500042063e-29,3.078965971011157e-26,8.863288871940393e-23,0.9999999996980478,3.0110029955265986e-10
2009-07-06,3,Post-Shock,4.7746413374272085e-35,6.918985435762004e-32,8.234326640205037e-28,1.0,1.634161843045381e-15
2009-07-07,3,Post-Shock,3.5360656777909796e-34,6.225588386880011e-31,4.1163593506735645e-27,1.0,7.326974494977803e-13
2009-07-08,3,Post-Shock,5.61903422587519e-37,9.949453668627257e-34,8.818606236773908e-30,1.0,9.246063333741345e-16
2009-07-09,3,Post-Shock,1.5169906603600895e-38,2.855180892495622e-35,2.59285839034406e-31,1.0,1.2286265774011325e-15
2009-07-10,3,Post-Shock,2.976067145103498e-39,5.284444654260894e-36,5.993264833657068e-32,1.0,1.0024971407517366e-16
2009-07-13,3,Post-Shock,2.928213721750749e-37,5.2056327602806645e-34,5.7691880309322726e-30,1.0,5.942622212632015e-16
2009-07-14,3,Post-Shock,2.1627925756267812e-35,3.468216627931485e-32,3.347283965777598e-28,1.0,2.4309139891947642e-14
2009-07-15,3,Post-Shock,1.6733300038886814e-34,2.353729824125734e-31,2.65128624583377e-27,1.0,1.6581203093867312e-14
2009-07-16,3,Post-Shock,1.3996672803018815e-32,2.4546482453903966e-29,1.4414716026348544e-25,1.0,2.839709716810898e-13
2009-07-17,3,Post-Shock,3.3706374965213585e-33,5.3827822040501795e-30,3.0272814055754367e-26,1.0,6.984916131457641e-15
2009-07-20,3,Post-Shock,1.0846038740562621e-34,1.5505450725475868e-31,1.0508666024706668e-27,1.0,6.375278956590664e-16
2009-07-21,3,Post-Shock,1.7660340144980007e-33,2.6529444313139223e-30,1.5637871280186947e-26,1.0,1.6434120558759276e-16
2009-07-22,3,Post-Shock,8.894278126248272e-36,1.28980680347946e-32,8.653068557557799e-29,1.0,8.60420458589057e-16
2009-07-23,3,Post-Shock,8.880289376257718e-39,1.154631303516098e-35,9.163030945797828e-32,1.0,1.3015486252484569e-17
2009-07-24,3,Post-Shock,1.0492256003154722e-34,1.388018165757843e-31,9.977190133039417e-28,1.0,1.3497767677698345e-19
2009-07-27,3,Post-Shock,6.283473359912282e-33,9.53591347448242e-30,5.699588376925421e-26,1.0,1.6318512320197632e-15
2009-07-28,3,Post-Shock,1.9029323334206902e-32,2.904882949969261e-29,1.7399201052775766e-25,1.0,2.262913760104989e-15
2009-07-29,3,Post-Shock,2.7317577837690683e-32,4.35283773342341e-29,2.3360667986663505e-25,1.0,7.063908175375789e-15
2009-07-30,3,Post-Shock,1.0438051033258289e-33,1.6702764517197883e-30,8.776211972701249e-27,1.0,2.309705821803676e-15
2009-07-31,3,Post-Shock,1.669564580827237e-33,2.609196864004197e-30,1.3819096633268785e-26,1.0,9.103943195104416e-17
2009-08-03,3,Post-Shock,4.035313138231902e-34,6.278080447128975e-31,3.3889299804755956e-27,1.0,3.0302557214313005e-16
2009-08-04,3,Post-Shock,5.572185337648599e-29,1.3714355492770958e-25,2.660934498519758e-22,1.0,6.456284759056637e-17
2009-08-05,3,Post-Shock,2.953390812367572e-28,6.334014497474164e-25,1.2288057965087205e-21,1.0,7.724718857429252e-16
2009-08-06,3,Post-Shock,1.2116489932262431e-26,2.353706389953141e-23,4.4312778959795764e-20,1.0,1.8326136104995053e-15
2009-08-07,3,Post-Shock,3.5599379346176036e-26,5.891014041712961e-23,1.2173517267299585e-19,1.0,4.1974277032017665e-14
2009-08-10,3,Post-Shock,8.741377896475383e-28,8.818908124293754e-25,1.1238969048061852e-21,1.0,1.168253493873996e-13
2009-08-11,3,Post-Shock,1.7352139820604633e-23,2.9496884002684114e-20,6.054840242540112e-17,1.0,1.1679971190546989e-15
2009-08-12,3,Post-Shock,2.0332362896678028e-22,4.911502276099986e-19,7.163575549018788e-16,0.9999999998599378,1.399439303109382e-10
2009-08-13,3,Post-Shock,1.6337689348117462e-19,4.1539953430526026e-18,2.662435400023972e-15,0.999999999994543,6.12989094963664e-12
2009-08-14,3,Post-Shock,2.855334950956059e-17,2.585356396321037e-15,3.901867380222443e-12,0.9999999999581632,3.7545721894005136e-11
2009-08-17,3,Post-Shock,2.313445744346309e-18,1.9180782450062642e-16,4.151271656117794e-13,0.999999945830497,5.4169778362921374e-08
2009-08-18,3,Post-Shock,3.4659575708377e-18,3.468661162866924e-15,6.452294362568916e-12,0.9999999057545256,9.423908783479639e-08
2009-08-19,3,Post-Shock,8.11394637418563e-19,2.4298667353161583e-16,5.082976054013264e-13,0.9999996655679402,3.3443160637536065e-07
2009-08-20,3,Post-Shock,2.181964261528215e-17,1.9109281898220642e-14,3.483643085745892e-11,0.9999998956791442,1.0428577591265065e-07
2009-08-21,3,Post-Shock,1.5185331384458478e-17,2.952566618983373e-15,4.897634044577128e-12,0.9999989735157024,1.026480280362972e-06
2009-08-24,3,Post-Shock,1.402835212531319e-17,1.1058831762487528e-15,1.969405332685981e-12,0.999999938158,6.18408904308206e-08
2009-08-25,3,Post-Shock,8.407627358166414e-18,1.3102260465316333e-15,2.330700403460871e-12,0.9999999503324956,4.966481606555497e-08
2009-08-26,3,Post-Shock,1.756683741799729e-18,2.5674100217788563e-16,4.569726070239308e-13,0.999999944317098,5.568294836937928e-08
2009-08-27,3,Post-Shock,1.474119214625371e-17,2.3935539210254944e-15,3.891311838502005e-12,0.9999999879219104,1.2073722575183976e-08
2009-08-28,3,Post-Shock,1.7725523232634178e-16,1.2783348368944032e-14,2.0973474546199816e-11,0.9999999568462964,4.313186836304642e-08
2009-08-31,3,Post-Shock,2.47565049478041e-16,1.9021745712315613e-14,3.414274478578943e-11,0.9999997537525208,2.4621302528348064e-07
2009-09-01,3,Post-Shock,3.5613200760071036e-17,6.3805432378092555e-15,1.2057232348072928e-11,0.9999990491000944,9.50888314023896e-07
2009-09-02,3,Post-Shock,2.9726964237962106e-17,1.089835510482808e-14,2.0066812399323748e-11,0.9999992205724392,7.794066852144882e-07
2009-09-03,3,Post-Shock,1.1683615568381892e-17,2.976242933401936e-15,5.6355705495627824e-12,0.9999991601347464,8.398601073651998e-07
2009-09-04,3,Post-Shock,9.402266256343284e-19,3.4801073776091463e-16,5.376208199713775e-13,0.9999996418556024,3.581433822613118e-07
2009-09-07,3,Post-Shock,2.452330205943572e-18,8.433884005017231e-17,1.1465302130227966e-13,0.9999999972733348,2.7260451566925544e-09
2009-09-08,3,Post-Shock,4.4966348019418627e-17,1.8705369182040896e-16,1.309319552444383e-13,0.999999999663487,3.363704312008652e-10
2009-09-09,3,Post-Shock,3.21639671497151e-14,1.0173738633318153e-13,3.591505763000703e-11,0.9999999996307452,3.337182870046793e-10
2009-09-10,3,Post-Shock,3.3525125986363815e-11,5.542362450321551e-11,1.809662580843373e-08,0.9999999816900528,1.2395919496356555e-10
2009-09-11,3,Post-Shock,1.6525813271333368e-08,3.913166208973234e-08,1.0084236957431802e-05,0.9999897665634968,9.354240054331233e-08
2009-09-14,3,Post-Shock,9.328978585015536e-06,1.2527150329849672e-06,0.0001600187333637,0.9998292604798708,1.3909373768672006e-07
2009-09-15,3,Post-Shock,0.0001479848154023,2.8646340441188417e-05,0.0019970729846705,0.9978262955516584,3.071223706142277e-10
2009-09-16,3,Post-Shock,0.0018458571064321,0.000325825825821,0.0093479907331106,0.9884803259729524,3.62189217675241e-10
2009-09-17,3,Post-Shock,0.0087601799405861,0.0023964737817333,0.026363905811965,0.9624794404123704,5.324663322553877e-11
2009-09-18,3,Post-Shock,0.0249696163664219,0.0107153254808068,0.2216996974749865,0.7426153598471994,8.312140514053733e-10
2009-09-22,3,Post-Shock,0.2071054994635123,0.0410916167418832,0.4302986192501114,0.3215042435644138,2.0979775194622563e-08
2009-09-23,2,Transitional,0.4102799536153264,0.2183675472976946,0.3550271374775863,0.0163224876954969,2.8739140256561525e-06
2009-09-24,0,Risk-On,0.3709098096591086,0.4100909594401498,0.2181887436471244,0.0008096875698392,7.996833440177544e-07
2009-09-25,1,Late-Cycle,0.2597703769804688,0.4024355272272605,0.3377610072529084,3.182293006858057e-05,1.265608409691152e-06
2009-09-29,2,Transitional,0.3596047984351783,0.3185070363988436,0.3218850672004467,1.899239541222378e-06,1.1987253064472547e-06
2009-09-30,0,Risk-On,0.3445729887124722,0.3797199458882211,0.2757064235103957,1.619041760206577e-07,4.799841099896595e-07
2009-10-01,1,Late-Cycle,0.3098318046899666,0.3737890235782519,0.3163790880948199,2.0607562609196552e-08,6.302861649808163e-08
2009-10-05,2,Transitional,0.3422618379668407,0.3529880188837459,0.3047499023439738,2.539866543165935e-09,2.3826558078522517e-07
2009-10-06,0,Risk-On,0.3286739701163834,0.3703255287874891,0.3010003990453234,7.711842635782571e-10,1.0128031819421393e-07
2009-10-07,1,Late-Cycle,0.3327906732090762,0.3532720333904399,0.3139372321119759,1.7394554699691932e-10,6.111456079432085e-08
2009-10-08,2,Transitional,0.3422444221427645,0.3728924502986031,0.2848629584127847,2.6760742383904327e-11,1.691188928190747e-07
2009-10-09,0,Risk-On,0.3111078469639672,0.3818122772648553,0.3070524244867371,2.792167196311352e-11,2.7451256343240256e-05
2009-10-12,1,Late-Cycle,0.3346823576283245,0.351279734406735,0.3140314322511908,8.246917692912996e-09,6.467466443038997e-06
2009-10-14,2,Transitional,0.3381266127944997,0.3717693422700258,0.2901006864599054,3.970581450450964e-09,3.354504254689944e-06
2009-10-15,0,Risk-On,0.3153576575162725,0.368392461470489,0.3162460493958945,1.7010923078304146e-09,3.829916897602576e-06
2009-10-16,1,Late-Cycle,0.3466365743265821,0.3458128291832801,0.3075474518419069,2.188315009180998e-09,3.142459839661529e-06
2009-10-20,2,Transitional,0.3302774618536693,0.3883076357123438,0.2814113528804991,1.998672568782562e-09,3.5475544002561143e-06
2009-10-21,0,Risk-On,0.3052872001388655,0.3573320287369061,0.336600289853745,8.742379808495999e-10,0.0007804803960138
2009-10-22,1,Late-Cycle,0.3503356538581837,0.3393710898201714,0.2847625115798072,5.73113710351576e-08,0.0255306874306719
2009-10-23,2,Transitional,0.1576926516057782,0.4184002845618336,0.2316826726810742,5.768647035812511e-07,0.192223814286637
2009-10-26,4,Risk-Off,0.0127743258573256,0.1443509688236836,0.3547228683186624,4.712872518648307e-06,0.4881471241283217
2009-10-27,4,Risk-Off,0.0001262616453636,0.0012658985360847,0.0043457164329198,1.4113084197999632e-05,0.9942480103013556
2009-10-28,4,Risk-Off,2.14145089306725e-06,1.8999788472421243e-05,9.868340647554706e-05,0.0004127990913624,0.999467376263558
2009-10-29,4,Risk-Off,1.5481277931034628e-08,7.302643684733629e-08,8.781097361872858e-06,0.0090546850598571,0.9909364453355338
2009-10-30,4,Risk-Off,1.0197075321673943e-09,7.966131074612622e-10,1.1826134844437143e-06,0.1024070561038958,0.8975917594665405
2009-11-03,3,Post-Shock,2.0884072865306635e-12,1.3977421950425789e-12,3.439037843500582e-09,0.8790747527051607,0.1209252438516055
2009-11-04,3,Post-Shock,2.565583992429324e-12,1.6229766524667581e-12,4.7731377149679846e-09,0.9953671508229812,0.0046328443988392
2009-11-05,3,Post-Shock,4.4335501709022014e-13,1.1716059613536642e-12,2.21315909444936e-09,0.9990587766690084,0.0009412211167489
2009-11-06,3,Post-Shock,2.1866408709778849e-13,3.279753445805164e-12,4.599009241611984e-09,0.999542404354156,0.0004575910425015
2009-11-09,3,Post-Shock,2.647578294425382e-13,3.2291904844036765e-12,4.4424826995353406e-09,0.99991466701194,8.532854162413025e-05
2009-11-10,3,Post-Shock,9.130794731377133e-14,1.4237833950187749e-12,1.7926621987377323e-09,0.9999818495444862,1.8148661751959528e-05
2009-11-11,3,Post-Shock,4.009304793981887e-14,3.671228925428902e-13,4.765223926066412e-10,0.9999973545035096,2.645020340016328e-06
2009-11-12,3,Post-Shock,9.769978671441045e-14,1.6519030934482764e-12,2.1565666964180423e-09,0.9999988968835796,1.100958323478661e-06
2009-11-13,3,Post-Shock,2.892825527950167e-13,4.158529074778115e-12,5.10369660219469e-09,0.9999961960056272,3.7988867122288342e-06
2009-11-16,3,Post-Shock,3.194280865134639e-13,2.8951712367103495e-12,3.4602439292984726e-09,0.9999943102282464,5.686309190260635e-06
2009-11-17,3,Post-Shock,2.846871512233352e-13,2.6617426296528875e-12,3.123324073690813e-09,0.9999959451061288,4.051767344769152e-06
2009-11-18,3,Post-Shock,2.140031121869259e-13,1.7256662939964299e-12,2.017686476651833e-09,0.9999970431734312,2.954806802460238e-06
2009-11-19,3,Post-Shock,2.4572598383252242e-14,2.533650765209205e-13,3.2477357390954606e-10,0.9999973858682614,2.6138066914679354e-06
2009-11-20,3,Post-Shock,4.5300311066920605e-14,1.0323065173308976e-12,1.227940685227089e-09,0.9999989499125206,1.0488585502811226e-06
2009-11-23,3,Post-Shock,4.910236469191439e-13,3.794013341974459e-12,3.992676831794614e-09,0.9999988307852178,1.1652183512673647e-06
2009-11-24,3,Post-Shock,1.2302548256200905e-12,2.3719856626096202e-12,1.677318976167453e-09,0.9999988521401286,1.1461794895852036e-06
2009-11-25,3,Post-Shock,5.349794437811927e-12,1.3562361515956538e-11,1.0245806675840264e-08,0.9999994628452974,5.268898978060041e-07
2009-11-26,3,Post-Shock,1.2830712377001069e-11,3.237150466109445e-11,2.4517596252311483e-08,0.9999975886468716,2.3867906133634147e-06
2009-11-27,3,Post-Shock,6.295058155228172e-11,1.548132089095253e-11,2.983718097239216e-09,0.9999960806821444,3.9162557633805006e-06
2009-11-30,3,Post-Shock,2.4495497397132514e-09,1.0894862968050442e-09,2.320481676434933e-07,0.999999658128276,1.062840671808381e-07
2009-12-01,3,Post-Shock,2.1462648880267002e-07,8.177949377013577e-08,2.171373990947545e-05,0.9999779896700928,1.833246159791216e-10
2009-12-02,3,Post-Shock,2.020259281395073e-05,1.3694328131848634e-05,0.0034673399164053,0.9964987631204854,4.2612287156220216e-11
2009-12-03,2,Transitional,0.0031816340299045,0.0016224999133724,0.3078857636365131,0.6873090493189976,1.0531005594700213e-06
2009-12-04,0,Risk-On,0.2838175716089231,0.0282658363028019,0.3873642437763727,0.3005502072650104,2.1410476135297557e-06
2009-12-07,1,Late-Cycle,0.3777538930579976,0.2716869802633433,0.198988596894946,0.1514759867541152,9.454303043548447e-05
2009-12-08,2,Transitional,0.2171058551144216,0.3827916153300165,0.3128295545529579,0.0845309674607961,0.0027420075412089
2009-12-09,0,Risk-On,0.3198264173066288,0.2437074624893846,0.367631549843762,0.0428420788996177,0.0259924914597593
2009-12-10,1,Late-Cycle,0.2883984718344586,0.3480564364686971,0.1967108553024749,0.0085517954233619,0.1582824409712242
2009-12-11,2,Transitional,0.1149171266198567,0.3087061349326081,0.291472777792461,0.0017639639406151,0.2831399967150502
2009-12-14,4,Risk-Off,0.0313716571773435,0.1175986060037951,0.1999918094910484,0.0002075771182009,0.6508303502100825
2009-12-15,4,Risk-Off,0.00460191751245,0.0250365386511003,0.0518491305937692,1.8554207051744777e-05,0.9184938590362108
2009-12-16,4,Risk-Off,0.000489444477588,0.0028613024613639,0.0066016768677156,3.984771972823001e-06,0.9900435914205196
2009-12-17,4,Risk-Off,6.110474492292353e-05,0.0003007194486796,0.0008049379659281,3.42956659685335e-06,0.9988298082746012
2009-12-18,4,Risk-Off,7.2195421013173775e-06,4.070938292084137e-05,0.0004522403600217,3.692496581540255e-06,0.9994961382190825
2009-12-21,4,Risk-Off,5.92635192016545e-06,3.53445519674384e-06,8.476461587231197e-05,2.7374995215755376e-06,0.9999030370773044
2009-12-22,4,Risk-Off,5.62703004455079e-05,9.900714593183116e-06,0.0010535379980026,2.26748517103896e-05,0.9988576161346768
2009-12-23,4,Risk-Off,0.0021616883163949,0.0002234248341673,0.0392312152254051,0.0006240192295793,0.957759652393578
2009-12-24,4,Risk-Off,0.0417959190073094,0.0054441360383789,0.1895778258374304,0.0017609845675572,0.7614211345490332
2009-12-29,2,Transitional,0.1963853586343271,0.0526868624374807,0.5841335289862307,0.0013063115069343,0.165487938434569
2009-12-30,0,Risk-On,0.5569652059193264,0.2196123601442792,0.20288277784039,0.0003364786952999,0.020203177400291
2009-12-31,1,Late-Cycle,0.2374023435259554,0.5201415829241585,0.2335595717278047,4.287722240137494e-05,0.0088536245998484
2010-01-04,2,Transitional,0.2686291262192295,0.3068159938528415,0.4187968992316974,5.043140579922508e-06,0.0057529375548679
2010-01-05,0,Risk-On,0.42428607640225,0.3120910255045176,0.2600850787129972,2.6432557256484837e-06,0.0035351761237506
2010-01-06,1,Late-Cycle,0.2873978045363859,0.4347657105428286,0.2755991511827873,1.5990122516116365e-06,0.0022357347253101
2010-01-07,2,Transitional,0.302450292616111,0.336554612492928,0.3595531166652289,1.0624317330325805e-06,0.0014409157935741
2010-01-08,0,Risk-On,0.3774533673494649,0.3384550008681674,0.283351859596462,4.508118978042929e-07,0.0007393213732161
2010-01-11,1,Late-Cycle,0.3082818752151068,0.4058324915538724,0.2841301764458133,1.253183757568024e-07,0.0017553314669587
2010-01-12,2,Transitional,0.3062163014190063,0.353859939909641,0.3363475777336781,2.499769899570577e-07,0.0035759309602375
2010-01-13,0,Risk-On,0.3569616356451694,0.3408395583251971,0.2981328350538095,1.1289797238578683e-06,0.0040648419961576
2010-01-14,1,Late-Cycle,0.3209993491730729,0.3991388087436799,0.2773410200451841,1.4017331141770895e-06,0.0025194203056687
2010-01-15,2,Transitional,0.2963527344079128,0.3615560370709857,0.3409579829252052,6.164260011746478e-07,0.0011326291695875
2010-01-18,0,Risk-On,0.3722851756374126,0.3198151154396369,0.3071801462057711,2.2801028409261997e-07,0.0007193347068336
2010-01-19,1,Late-Cycle,0.3275596218262996,0.4274575147411775,0.2370669272886333,6.965828086106333e-08,0.0079158664848968
2010-01-20,2,Transitional,0.2149684815498735,0.3752183733184491,0.3620023113156668,2.5989967611575614e-07,0.0478105739154488
2010-01-21,4,Risk-Off,0.0847380453885565,0.2304065135591538,0.2436726359982012,5.76807352243446e-07,0.4411822282475777
2010-01-22,4,Risk-Off,0.0164054091434962,0.0812521221815469,0.1453327433256666,3.4307040120406747e-06,0.7570062946459346
2010-01-25,4,Risk-Off,0.000949574821163,0.011069406428968,0.0295790246695848,3.0776839934432477e-06,0.9583989163968633
2010-01-27,4,Risk-Off,2.1248833777026866e-06,2.4506678911206525e-05,9.411200154361748e-05,5.7054090267904376e-06,0.9998735510280086
2010-01-28,4,Risk-Off,8.092513305793183e-09,4.2080634931020076e-08,4.646296443081765e-06,1.3097505727987948e-05,0.9999822060254416
2010-01-29,4,Risk-Off,6.617954423613433e-09,4.899550175818827e-09,7.407848469290607e-06,8.544762912742746e-05,0.9999071330053456
2010-02-01,4,Risk-Off,1.4543491537155492e-08,1.1331526922656531e-08,1.6052775975781306e-05,0.0010805013933165,0.9989034199555448
2010-02-02,4,Risk-Off,2.071043523567928e-09,1.6713178635525382e-09,2.3885555525975568e-06,0.0161223216849796,0.9838752860162844
2010-02-03,4,Risk-Off,3.805253028676282e-09,2.727367380033292e-09,4.879841063058116e-06,0.0994476017642547,0.9005475118614231
2010-02-04,4,Risk-Off,1.0493730959612631e-11,7.71668151380548e-12,1.5041920917115343e-08,0.5379380335221995,0.4620619514177119
2010-02-05,3,Post-Shock,1.502342734096452e-13,9.683826661721077e-14,3.1134598521282506e-10,0.989012389645568,0.0109876100436795
2010-02-08,3,Post-Shock,3.807611294535426e-14,5.803530678365958e-14,1.2876109493115135e-10,0.9990341741517288,0.000965825718643
2010-02-09,3,Post-Shock,5.659331867161465e-15,6.742327302510303e-14,1.068709965247554e-10,0.9998228713196924,0.0001771285733417
2010-02-10,3,Post-Shock,1.557278055722465e-15,8.358509890925568e-14,1.3708211259646514e-10,0.99997118396505,2.8815897777837943e-05
2010-02-11,3,Post-Shock,3.7396265625428476e-15,1.3580402166245417e-12,1.9421609548049567e-09,0.9999516593095203,4.8338747167622434e-05
2010-02-15,3,Post-Shock,2.1763105888962504e-14,4.642915128149226e-12,7.22567432903237e-09,0.9998674501710092,0.0001325425986543
2010-02-16,3,Post-Shock,9.376202121212489e-14,2.4374118917576472e-11,3.729549754529688e-08,0.9993608547271474,0.0006391079521938
2010-02-17,3,Post-Shock,1.0808709264977048e-12,2.1813098171050567e-10,3.185913331813532e-07,0.9972298233776138,0.0027698578118259
2010-02-18,3,Post-Shock,3.032076789706354e-12,2.474417409649361e-10,3.812783485389766e-07,0.9921481802250977,0.0078514382454277
2010-02-19,3,Post-Shock,7.218178637693726e-12,1.4586771952280107e-09,2.25287108782832e-06,0.9669505240363252,0.0330472216258614
2010-02-22,3,Post-Shock,3.550428386379329e-11,6.208830194013722e-09,9.215731018722003e-06,0.8623282090198002,0.1376625690056567
2010-02-23,4,Risk-Off,1.3356280779945238e-09,2.8414186045372e-07,0.0003151912069412,0.342009339449768,0.6576751838662178
2010-02-24,4,Risk-Off,2.884338908922595e-07,3.039390138056936e-07,0.0001675718621308,0.1879154637305425,0.8119163720351144
2010-02-25,4,Risk-Off,4.736549295906266e-05,1.2245785581307964e-05,0.0031637188283667,0.1483902693160246,0.8483864005763921
2010-02-26,4,Risk-Off,0.0063490804999762,0.0008692519575829,0.1740882433219768,0.0722322616858014,0.7464611625345601
2010-03-02,2,Transitional,0.1701236894067148,0.0209029765598081,0.340611774668737,0.049651921643022,0.4187096377208437
2010-03-03,0,Risk-On,0.3309029639279283,0.1747787859176415,0.3285219617624939,0.0351451515805312,0.1306511368112304
2010-03-04,1,Late-Cycle,0.3367103881553191,0.3231626769503,0.2759878679906193,0.0194283530932063,0.0447107138105963
2010-03-05,2,Transitional,0.3020386542655529,0.352327426036036,0.3354554843947244,0.0067162767347498,0.0034621585693016
2010-03-08,0,Risk-On,0.3511855010169642,0.3376344106412454,0.3092644320149922,0.0010410555874063,0.0008746007389085
2010-03-09,1,Late-Cycle,0.333573730767623,0.3684890365445445,0.2977656473997742,9.901196351610396e-05,7.257332394438322e-05
2010-03-10,2,Transitional,0.3279240375103843,0.3689568034885662,0.3031107876728252,8.042004018507293e-06,3.29325004620042e-07
2010-03-11,0,Risk-On,0.329742874132916,0.3678648702925458,0.3023900857749451,8.203920459780026e-07,1.349407786421395e-06
2010-03-12,1,Late-Cycle,0.3298828646423257,0.3663150350279288,0.3038003996990286,3.879424474273293e-08,1.6618365495299843e-06
2010-03-15,2,Transitional,0.3327906298828854,0.3676311124129117,0.2995771897681956,3.9362655206489195e-09,1.0639995480639755e-06
2010-03-16,0,Risk-On,0.3261081024286685,0.3737239165772136,0.3001665411997561,1.2165638405619995e-09,1.4385775860196343e-06
2010-03-17,1,Late-Cycle,0.3281288253687459,0.3629007046047454,0.3089701826742174,2.1487173254211474e-09,2.852030505913735e-07
2010-03-18,2,Transitional,0.3379262888046012,0.3652349057460742,0.2968384338022041,2.370299447177463e-10,3.714101615306226e-07
2010-03-19,0,Risk-On,0.3250863921566215,0.3780745680408304,0.2968368912766985,1.6992905439257662e-10,2.1483553266502837e-06
2010-03-22,1,Late-Cycle,0.3245444636788228,0.3666532470474681,0.308797078346707,8.860047298672484e-10,5.21004163200473e-06
2010-03-23,2,Transitional,0.3367816531127285,0.3652699516784845,0.2979474836026026,3.594519217172652e-09,9.080112687036908e-07
2010-03-25,0,Risk-On,0.3252313389674618,0.376703698526811,0.2980644179215078,1.658992934698357e-09,5.429254176117947e-07
2010-03-26,1,Late-Cycle,0.3268975753393219,0.3644504251119919,0.3086516579251444,5.183684843727053e-10,3.41104972115016e-07
2010-03-29,2,Transitional,0.337118856308951,0.3648322755150769,0.2980487915360597,3.3881881821208084e-10,7.63017248467197e-08
2010-03-30,0,Risk-On,0.326652511638318,0.3737433417378391,0.2996035358491658,1.1584417308282585e-10,6.106580179411504e-07
2010-03-31,1,Late-Cycle,0.3280863755762854,0.3679749115500283,0.3039353213800096,1.9399843968806712e-10,3.3912988594434546e-06
2010-04-01,2,Transitional,0.3314668736147684,0.3698937329522208,0.2986334518123852,6.262921633565537e-10,5.940994733546388e-06
2010-04-05,0,Risk-On,0.3275266054590474,0.3739821018011695,0.2984804970109206,1.7585523119629296e-09,1.0793970679860671e-05
2010-04-06,1,Late-Cycle,0.3250064482702939,0.3739678321033832,0.3010158828104253,5.325853007032703e-09,9.83149055072941e-06
2010-04-07,2,Transitional,0.3290328791374063,0.368032394869807,0.3029275304765301,2.3500092435830703e-09,7.193166146213832e-06
2010-04-08,0,Risk-On,0.3309265395473401,0.3717563998715502,0.2972458296940377,4.256645316145778e-09,7.122662959718339e-05
2010-04-09,1,Late-Cycle,0.32284822388762,0.3853916243727375,0.2917308589088352,1.7087400823065264e-08,2.927574265096093e-05
2010-04-12,2,Transitional,0.3143556350361292,0.3613726617134266,0.3239166702390353,6.083427888492921e-09,0.0003550269276344
2010-04-13,0,Risk-On,0.3547960368149572,0.3492097878220901,0.2907819036067932,1.6152439081281873e-08,0.0052122556031874
2010-04-15,1,Late-Cycle,0.2631411003161256,0.4211913641412386,0.2525154455910564,8.17738753064768e-08,0.0631520081776679
2010-04-16,2,Transitional,0.1468134457158566,0.289733520936837,0.3453332920438604,6.186866914256166e-07,0.2181191226175359
2010-04-19,4,Risk-Off,0.0773718325144899,0.1563090331719913,0.1549187010004671,6.821384605117831e-07,0.6113997511742629
2010-04-20,4,Risk-Off,0.0360261630079916,0.0831303600335451,0.1012598212664266,1.6267592415241346e-05,0.7795673881003061
2010-04-21,4,Risk-Off,0.0227426631795784,0.037455929265444,0.0448841381151969,2.1854878881501325e-06,0.8949150839526117
2010-04-22,4,Risk-Off,0.0245368057172844,0.0245101665698585,0.0271321996643812,2.972347726953882e-06,0.923817855700566
2010-04-23,4,Risk-Off,0.0217766764376144,0.0282054256907584,0.0226126663574029,1.3973381096090493e-05,0.9273912581338056
2010-04-26,4,Risk-Off,0.0105929802600842,0.0251428807673317,0.0250957187369804,2.1764590694128373e-05,0.939146655645308
2010-04-27,4,Risk-Off,0.0026254110116544,0.0104841391798164,0.0176740170202039,6.836614397957048e-06,0.9692095961732308
2010-04-28,4,Risk-Off,0.0033073433063338,0.0021250936106739,0.0045450570693709,1.7081041506748676e-06,0.9900207979094888
2010-04-29,4,Risk-Off,0.0027385314433949,0.0041498611481401,0.0015436220306445,1.1558505715617586e-05,0.9915564268721608
2010-04-30,4,Risk-Off,0.0010468972743521,0.0031206960808528,0.0599654890989917,9.618596898126698e-05,0.9357707315769266
2010-05-03,4,Risk-Off,0.0003167000938122,0.0008273066539401,0.0011298911533841,5.064270922475436e-06,0.9977210378282771
2010-05-04,4,Risk-Off,2.0896729364717734e-06,8.235220652295954e-05,0.0001872946745572,1.6780852083977576e-06,0.9997265853606214
2010-05-05,4,Risk-Off,6.813303527733951e-08,3.211661958606713e-07,2.2110100729221103e-05,2.1434844271941783e-06,0.9999753571154149
2010-05-06,4,Risk-Off,1.3005265171536257e-08,1.3807914116249996e-08,1.1571304419658548e-05,3.343209525371368e-06,0.9999850586725464
2010-05-07,4,Risk-Off,1.2471406796264458e-08,5.045726285301443e-09,4.583791908090909e-06,1.1765733818467849e-05,0.9999836329564188
2010-05-10,4,Risk-Off,4.161426927416815e-07,2.967807780898058e-07,0.0003957635713959,2.3875702318046656e-05,0.9995796478022996
2010-05-11,4,Risk-Off,6.349751150701656e-08,6.58197033458729e-08,1.0704154249442784e-05,1.6894921615528415e-05,0.999972271606289
2010-05-12,4,Risk-Off,6.233198395847773e-08,5.187924547413588e-08,5.691042566376821e-05,1.260745230733871e-05,0.9999303679102788
2010-05-13,4,Risk-Off,3.7474957568619424e-08,3.3810814721185654e-08,2.333779993387634e-05,2.49983535640847e-05,0.9999515925612954
2010-05-14,4,Risk-Off,2.289225727417074e-08,1.8692411386532588e-08,2.0282157620231967e-05,0.0003039765449791,0.9996756997122196
2010-05-17,4,Risk-Off,1.3308315460670696e-08,1.0474785881457718e-08,1.2142145730958894e-05,0.0042831956627232,0.995704638408112
2010-05-18,4,Risk-Off,1.829110178150928e-08,1.4179303800193714e-08,1.817394810296153e-05,0.0232676157297856,0.9767141778515936
2010-05-19,3,Post-Shock,9.169720523311423e-10,7.378251284608625e-10,1.012498919466036e-06,0.3868344355841604,0.613164550262031
2010-05-20,3,Post-Shock,5.856550752005727e-10,4.06692683845744e-10,8.49529615841837e-07,0.6216944345173188,0.378304714959957
2010-05-21,3,Post-Shock,1.1205430031083208e-10,7.883845794025873e-11,1.738762523865244e-07,0.7529556916329552,0.2470441343006299
2010-05-24,3,Post-Shock,5.417137576028388e-13,3.83343286264314e-13,8.763854879413523e-10,0.896332208995413,0.1036677901273955
2010-05-25,3,Post-Shock,4.1066440456798786e-14,2.694727047064437e-14,8.731884745916588e-11,0.9994095140781096,0.0005904858342708
2010-05-26,3,Post-Shock,1.9160758936964584e-15,2.7779549268098795e-14,5.2613669290591e-11,0.9999607297884976,3.927015932177501e-05
2010-05-27,3,Post-Shock,2.6634059657270094e-15,5.718333990700556e-13,8.459692257838038e-10,0.9999777271102428,2.227204378641869e-05
2010-05-28,3,Post-Shock,7.192818419236896e-15,7.916874547105126e-13,1.1707399744388961e-09,0.9999807417115308,1.925711707779203e-05
2010-05-31,3,Post-Shock,4.9450678715510805e-15,4.717376455671342e-13,7.062263594724467e-10,0.99997904816822,2.09511253480832e-05
2010-06-01,3,Post-Shock,5.289816808750185e-16,2.608920131558713e-14,4.62319852033338e-11,0.9999935166843972,6.483269031630997e-06
2010-06-02,3,Post-Shock,8.98467495883554e-16,3.5396473205458415e-13,5.32375612463894e-10,0.9999955511910964,4.448276684952452e-06
2010-06-03,3,Post-Shock,3.16213364281336e-15,1.2867880155098352e-13,1.9049796695911798e-10,0.9999968612859592,3.138523270862255e-06
2010-06-04,3,Post-Shock,1.1659353211063352e-14,6.139714480586663e-13,8.475584041170405e-10,0.9999984742946978,1.5248570222747283e-06
2010-06-07,3,Post-Shock,1.7211803834573e-13,2.846190414733234e-12,4.16401623403654e-09,0.9999981316777112,1.864154587966188e-06
2010-06-08,3,Post-Shock,7.731903886693803e-14,8.02407664840717e-12,1.091045356785974e-08,0.9999467836359632,5.320544498168804e-05
2010-06-09,3,Post-Shock,4.981720895263145e-13,2.9478512724803394e-11,3.68983813845816e-08,0.9998782526430408,0.0001217104278585
2010-06-10,3,Post-Shock,2.122204599298398e-12,2.0154510354065774e-11,2.3714362366634392e-08,0.9999168134222828,8.316284070616544e-05
2010-06-11,3,Post-Shock,7.051772523675246e-13,7.565296840542206e-12,8.864868273095626e-09,0.999943575034527,5.641609183827742e-05
2010-06-14,3,Post-Shock,3.30003490395646e-12,1.584281038574499e-11,1.4164626852436989e-08,0.9999862547045888,1.3731112105645745e-05
2010-06-15,3,Post-Shock,2.6629319854995327e-10,1.2352518754248824e-10,4.3710446571330025e-08,0.9999959247808238,4.031118748947542e-06
2010-06-16,3,Post-Shock,1.6558803033613083e-08,3.3039778335434396e-09,5.641903874214007e-07,0.9999962263153328,3.189631292881095e-06
2010-06-17,3,Post-Shock,5.201471630836435e-07,1.5515923058040424e-07,2.5146562592752044e-05,0.999974021930952,1.5620032978470306e-07
2010-06-18,3,Post-Shock,2.3065236741194272e-05,2.856695403190888e-06,8.821108122540439e-05,0.9998853735450364,4.934414622547068e-07
2010-06-21,3,Post-Shock,8.239537661815844e-05,2.736064574290297e-05,0.0002520727784115,0.9996381441598746,2.703984447088135e-08
2010-06-22,3,Post-Shock,0.0002389252667519,0.0001044470326852,0.0042396983683193,0.995416357850198,5.714824076417906e-07
2010-06-23,3,Post-Shock,0.0039256536875791,0.0007300823601446,0.0499060924222219,0.945438105305317,6.62241868939315e-08
2010-06-24,2,Transitional,0.0462502276712224,0.0091820251746189,0.4583543208910343,0.4862035117016759,9.914562080581284e-06
2010-06-25,0,Risk-On,0.4232172579998366,0.0793356081742977,0.2777619674074666,0.2194391485909823,0.0002460178275742
2010-06-28,1,Late-Cycle,0.2834597312659428,0.3944412325180483,0.2554156146242303,0.0663808870108043,0.000302534581232
2010-06-29,2,Transitional,0.2809300596912865,0.3133735942720903,0.3821229274693188,0.0226679625714902,0.0009054559957349
2010-06-30,0,Risk-On,0.3939515580342798,0.3161163907158143,0.2848011570688578,0.0051031858448305,2.770833659959528e-05
2010-07-01,1,Late-Cycle,0.3116357230088829,0.4057559984700682,0.2810208008109336,0.0011812293320499,0.0004062483785073
2010-07-02,2,Transitional,0.3041793405799349,0.3565052695725842,0.3365960840207618,0.0001736425528821,0.0025456632730987
2010-07-05,0,Risk-On,0.3533814525540244,0.338895202695569,0.3046380126307035,2.410893829027258e-05,0.0030612231814756
2010-07-06,1,Late-Cycle,0.3282831011876581,0.3821785066168829,0.289337805418019,3.4852201113067177e-06,0.0001971015572628
2010-07-07,2,Transitional,0.3179245662572499,0.3661024718469152,0.3159578167014866,1.7354788146568837e-07,1.4971645980885782e-05
2010-07-08,0,Risk-On,0.3410432053503669,0.3575403386343584,0.3014106378536777,1.3373701732190973e-08,5.804787684247565e-06
2010-07-09,1,Late-Cycle,0.3268178193947557,0.3738550653467241,0.2992994368491121,3.144622568781047e-09,2.7675265544003743e-05
2010-07-12,2,Transitional,0.3266572495652915,0.3642836480815299,0.3090189653436152,1.0300120624237715e-08,4.012670873296005e-05
2010-07-13,0,Risk-On,0.3332635632210449,0.3667176949047283,0.2998153277439491,1.3038959191209749e-08,0.0002034010920833
2010-07-14,1,Late-Cycle,0.3245184231214537,0.3732094021891263,0.3017270145873588,4.490499287722449e-08,0.0005451151962549
2010-07-15,2,Transitional,0.3247708553447543,0.3658154535235366,0.3083331689544631,1.2142824068008356e-07,0.0010804007482304
2010-07-16,0,Risk-On,0.3318625703912454,0.3640851530080529,0.3025582077797644,1.339784783512599e-07,0.0014939348422117
2010-07-19,1,Late-Cycle,0.3249215085983187,0.3725908199187089,0.2993339643686849,1.6658097945773846e-07,0.0031535405335081
2010-07-20,2,Transitional,0.3199988794300473,0.3659161569905262,0.3088859417703243,2.935093827035756e-07,0.0051987283004593
2010-07-21,0,Risk-On,0.3307765547829959,0.3613265404702102,0.3038462361763057,8.5308999063418e-07,0.0040498154812873
2010-07-22,1,Late-Cycle,0.3277045550206201,0.3727886848541114,0.2985643149306954,5.932241292622233e-07,0.0009418519705423
2010-07-23,2,Transitional,0.3235484274960187,0.3688037467196495,0.3068009187327948,2.031086646062039e-07,0.0008467039421493
2010-07-26,0,Risk-On,0.3308149072869054,0.3679173918885025,0.3009547116541409,1.1704843858995725e-07,0.0003128721226985
2010-07-27,1,Late-Cycle,0.3263273275797425,0.3706237640929466,0.3022206159073473,4.6789678364755066e-08,0.0008282456306794
2010-07-28,2,Transitional,0.325895531175802,0.373365362561658,0.3000839531348512,1.963697954613643e-07,0.0006549567581049
2010-07-29,0,Risk-On,0.3248627586966138,0.3690448210322197,0.3053364067570012,1.337442982297731e-07,0.0007558797706122
2010-07-30,1,Late-Cycle,0.3299271977380597,0.3709750002682861,0.2989302935148299,1.2163618948449325e-07,0.000167386843065
2010-08-02,2,Transitional,0.324944269784433,0.3728568506748987,0.3021405031106831,2.9195837332130893e-08,5.83472347935822e-05
2010-08-03,0,Risk-On,0.3300396514972495,0.3678089123917633,0.3021300156277771,8.019339467327894e-09,2.141246321604347e-05
2010-08-04,1,Late-Cycle,0.329571648332806,0.3757000949170362,0.2947003269253188,3.1234470810633632e-09,2.7926701813719945e-05
2010-08-05,2,Transitional,0.3203760096429887,0.3758188923232799,0.3037442602250143,6.831297544171073e-09,6.083097659647604e-05
2010-08-06,0,Risk-On,0.3309627070759998,0.3622652011654813,0.3065921627277119,1.755158164713359e-08,0.0001799114800705
2010-08-09,1,Late-Cycle,0.3319445210732359,0.3802636029724193,0.2877696182946196,3.2402834608145445e-08,2.2225257374271328e-05
2010-08-10,2,Transitional,0.3140903326254819,0.3764514377506068,0.3088801825822248,9.01435493688934e-09,0.0005780380275334
2010-08-11,0,Risk-On,0.331756463165018,0.3634334570646589,0.3047508716605822,1.55824696981836e-07,5.90522850023848e-05
2010-08-12,1,Late-Cycle,0.3316699156041766,0.3744893468288774,0.2938235856845882,1.968771508252092e-08,1.7132195093520357e-05
2010-08-13,2,Transitional,0.3205409685237326,0.3845100993433835,0.2949473758285149,3.783520632962463e-09,1.552520977638254e-06
2010-08-16,0,Risk-On,0.3239229665403141,0.3700526290941857,0.3060102950670173,5.009218452782713e-10,1.4108797894336129e-05
2010-08-17,1,Late-Cycle,0.3295965662326904,0.3782084495428034,0.2921928336976096,3.5770370323472157e-09,2.1469501468492023e-06
2010-08-18,2,Transitional,0.3212955960360349,0.375848811580243,0.3028538864545896,3.2423023207441483e-10,1.7056045289368838e-06
2010-08-19,0,Risk-On,0.333261065144679,0.3735309312581006,0.293200563848469,2.1111620022746238e-10,7.439536811237882e-06
2010-08-20,1,Late-Cycle,0.3153268045395803,0.3862194276827247,0.2984334866280011,1.1501619619788147e-09,2.027999923665734e-05
2010-08-23,2,Transitional,0.3275450252052553,0.3533097132137862,0.3187355605602602,3.307392570740745e-09,0.0004096977135831
2010-08-24,0,Risk-On,0.3425242911906592,0.3808727291988395,0.2766009875690818,6.430803063144834e-08,1.9277338502799736e-06
2010-08-25,1,Late-Cycle,0.3055433049790556,0.3894333086791961,0.3048984700050025,2.2575535572602062e-09,0.0001249140794386
2010-08-26,2,Transitional,0.3264824666997109,0.3588071403004663,0.3124798930407632,8.372509573914997e-09,0.002230491585927
2010-08-27,0,Risk-On,0.3303351476663186,0.3653828744399604,0.2956170143331897,1.3130327036017796e-07,0.0086648322566449
2010-08-30,1,Late-Cycle,0.3158936083378036,0.3757919782573134,0.3010915646136024,1.0855978211219258e-06,0.0072217631929503
2010-08-31,2,Transitional,0.3243798471498429,0.3552593760612382,0.3175687345864095,1.873415093665094e-06,0.0027901687877627
2010-09-01,0,Risk-On,0.3422707605958305,0.3699660015694958,0.2876476905034718,6.148466385584754e-07,0.0001149324838657
2010-09-02,1,Late-Cycle,0.3122130973463218,0.3914004712086323,0.2962286210405964,4.648100341049243e-08,0.0001577639235678
2010-09-03,2,Transitional,0.3191258194600171,0.3583241033240864,0.3208142372701465,2.2001144139445978e-08,0.0017358179447646
2010-09-06,0,Risk-On,0.3429744447958048,0.3620234790337922,0.294458923647245,2.417089354997057e-07,0.0005429108148174
2010-09-07,1,Late-Cycle,0.3200883746160279,0.381203119760645,0.298089959130103,8.751251933922355e-08,0.0006184589804248
2010-09-08,2,Transitional,0.3223730486760626,0.3661590442734349,0.3110770299908125,1.053053814610934e-07,0.0003907717549264
2010-09-09,0,Risk-On,0.3358268993319411,0.3623093752377578,0.3017689787997281,7.90346078437518e-08,9.46675963153331e-05
2010-09-13,1,Late-Cycle,0.330021051199569,0.376894954810185,0.2930832691423176,2.1929511695088347e-08,7.029185633030526e-07
2010-09-14,2,Transitional,0.3206102481963596,0.3700816799457916,0.3093078896657519,6.55821857533195e-10,1.8153665079530506e-07
2010-09-15,0,Risk-On,0.3425923366337735,0.3578173410201087,0.2995903029155295,1.0116630636747859e-10,1.9329007915725992e-08
2010-09-16,1,Late-Cycle,0.3268309780399653,0.3891632783049545,0.2840057414292904,1.1587212662551646e-11,2.214588102748515e-09
2010-09-17,2,Transitional,0.3174285276872017,0.3643680113568537,0.3182032702569649,1.0981077099668346e-12,1.906969781836309e-07
2010-09-20,0,Risk-On,0.3451878669791117,0.3624284804811278,0.2923836366119984,8.247360886335507e-11,1.5844871365295064e-08
2010-09-21,1,Late-Cycle,0.321599522197258,0.3795939896298419,0.2988064228291026,1.7604413035627784e-11,6.532612292994828e-08
2010-09-22,2,Transitional,0.327302403220377,0.3581075154536028,0.3145898131942864,3.592906011108908e-11,2.680957832415092e-07
2010-09-23,0,Risk-On,0.3428451571180715,0.3618397122902565,0.2953151059926048,1.5029884509122495e-10,2.4448541503853385e-08
2010-09-24,1,Late-Cycle,0.3266388237425688,0.379929235654706,0.2934319400688489,8.321556753079484e-11,4.501395936901793e-10
2010-09-27,2,Transitional,0.323135674394062,0.3658528491734392,0.3110114735047247,2.582034884002257e-11,2.902566280977033e-09
2010-09-28,0,Risk-On,0.3394779065677127,0.3560287473439232,0.3044933453256759,3.609001836182855e-11,7.266833065257823e-10
2010-09-29,1,Late-Cycle,0.3344109156256769,0.3703186779043971,0.2952704056560851,2.5337107773781455e-11,7.892060010173236e-10
2010-09-30,2,Transitional,0.3269515182180985,0.3710014668281486,0.3020470147760888,4.1414964765173614e-11,1.3627123826845975e-10
2010-10-01,0,Risk-On,0.3298614078955662,0.3632034196104637,0.3069351720366142,4.0199047895805183e-11,4.1727550510389716e-10
2010-10-04,1,Late-Cycle,0.3329016999489534,0.3558969042886649,0.3112013953644129,3.86613439143226e-11,3.5945589766982265e-10
2010-10-05,2,Transitional,0.3439759463160988,0.3565763721657372,0.2994476813922639,2.6037773491651943e-11,9.975466000606066e-11
2010-10-06,0,Risk-On,0.3279443582768501,0.3834240890404899,0.288631552636569,7.067259953263985e-12,3.8184674801457397e-11
2010-10-07,1,Late-Cycle,0.3226708323330549,0.3621983616116576,0.3151307866317117,7.170321852313605e-13,1.9422805966947632e-08
2010-10-08,2,Transitional,0.3417049280054094,0.3660945944613906,0.2922004727481898,1.2452868126436958e-11,4.772528275551531e-09
2010-10-11,0,Risk-On,0.3229383779941896,0.3739794644791627,0.3030821323924653,3.70354844755838e-12,2.5130249440273946e-08
2010-10-12,1,Late-Cycle,0.3332471049831749,0.3624683056038686,0.304283914639272,3.5201138303324536e-12,6.747702562537452e-07
2010-10-13,2,Transitional,0.3338084518415312,0.3783585789212884,0.2878329662738755,2.7380403316203467e-10,2.6895165313676907e-09
2010-10-14,0,Risk-On,0.3184084534486793,0.3750158166680684,0.3065743299590243,8.91203783799677e-12,1.3999156309963535e-06
2010-10-15,1,Late-Cycle,0.3314402541898348,0.3616798133154351,0.306863003835861,5.27289299520866e-10,1.6928130970290587e-05
2010-10-18,2,Transitional,0.3292579626542476,0.3646684054735817,0.3060275025200372,5.505755783531168e-09,4.61238470843956e-05
2010-10-19,0,Risk-On,0.3342540481117854,0.3611083774701091,0.3044702536375432,1.9300949735600623e-08,0.0001673014798679
2010-10-20,1,Late-Cycle,0.3244543552463331,0.3849207747245463,0.2906045534899027,1.7694945246813772e-07,2.0139589019578946e-05
2010-10-21,2,Transitional,0.3127653830442198,0.3617253164320466,0.32502084943464,2.86731157234121e-08,0.0004884224154229
2010-10-22,0,Risk-On,0.3465496821402315,0.3431405195646054,0.310093766356499,2.894319587340274e-07,0.0002157425058863
2010-10-25,1,Late-Cycle,0.3347929249278876,0.3791404737457126,0.2860457251039457,1.8364631995392509e-07,2.069257576043026e-05
2010-10-26,2,Transitional,0.3095547958122712,0.3774268663051211,0.312798223580052,4.5364534210587776e-08,0.0002200689371125
2010-10-27,0,Risk-On,0.3309647428326612,0.3456946615686964,0.3204314680236275,1.5022256027184638e-07,0.0029089773519384
2010-10-28,1,Late-Cycle,0.3371394046367654,0.3621244958802208,0.2964838040209681,1.954998933192287e-06,0.004250340462896
2010-10-29,2,Transitional,0.3159318930419887,0.3673260961445667,0.3141517893886753,5.209685395578015e-06,0.002585011738793
2010-11-01,0,Risk-On,0.3363197934109108,0.3478787054131182,0.3121306560785352,3.002106556865204e-06,0.0036678429901358
2010-11-02,1,Late-Cycle,0.3273785701830307,0.3768575577072749,0.2955873385716345,8.138927605838243e-06,0.0001683946096324
2010-11-03,2,Transitional,0.3212612750907275,0.3541017825575048,0.3245602751250769,1.3513876804739737e-06,7.531583898404767e-05
2010-11-04,0,Risk-On,0.3486826262918698,0.364020899478208,0.2872908294918701,3.858159536141878e-07,5.258921948413811e-06
2010-11-08,1,Late-Cycle,0.3052401795771131,0.3871603383399266,0.3074298802784254,5.7457277137973927e-08,0.0001695443474019
2010-11-09,2,Transitional,0.3282273535045326,0.3262340468959542,0.3360533418042338,4.060675383825957e-08,0.0094852171893444
2010-11-10,0,Risk-On,0.3165382533615424,0.3693679593600099,0.2534715079876613,8.435310402072263e-07,0.060621435760552
2010-11-11,1,Late-Cycle,0.2105138101233434,0.3447905826924658,0.3179990185266069,1.191485685243097e-05,0.1266846738015719
2010-11-12,2,Transitional,0.1054858548858431,0.2208604221772056,0.2473029947998875,2.273649439181828e-05,0.4263279916427289
2010-11-15,4,Risk-Off,0.1416797367767543,0.1009943084776181,0.17430216548766,4.37811652059911e-05,0.5829800080920169
2010-11-16,4,Risk-Off,0.0688789029225258,0.1669266020663086,0.0391167445025981,9.12778638997118e-05,0.724986472645256
2010-11-18,4,Risk-Off,0.0070303754819804,0.064418555539239,0.1747265022996836,0.0003763682123297,0.7534481984672879
2010-11-19,4,Risk-Off,0.0007020233362708,0.001667449139249,0.0033038527131227,0.0001072350214935,0.9942194397895628
2010-11-22,4,Risk-Off,0.0003258001912876,0.000672591732529,0.0014639235961547,0.0003982584662986,0.9971394260130858
2010-11-23,4,Risk-Off,0.0001045773833122,0.0003100255635882,0.0020441990844121,0.0011580011274753,0.9963831968406116
2010-11-24,4,Risk-Off,1.425199293807996e-05,7.116229149689046e-05,0.0007771947307245,0.0010265804299897,0.9981108105543176
2010-11-25,4,Risk-Off,3.7178008716804655e-08,2.188769543871784e-07,5.465553520754644e-06,0.0002097849994221,0.999784493391446
2010-11-26,4,Risk-Off,2.7959720925506877e-09,2.1898337504051423e-09,3.439283021229401e-06,7.017792783412702e-05,0.9999263778026471
2010-11-29,4,Risk-Off,1.9161320660833964e-08,1.1529304890212676e-08,1.94606819805325e-05,2.4824712863235928e-05,0.9999556839154192
2010-11-30,4,Risk-Off,9.261137927869601e-08,3.391078784760795e-08,2.893723756734092e-05,3.032301015389272e-05,0.9999406132310006
2010-12-01,4,Risk-Off,6.221665045189711e-07,4.278975362266668e-07,0.0004352605300529,0.000124010710295,0.99943967869496
2010-12-02,4,Risk-Off,2.42316078242124e-07,2.693416035611092e-07,4.101397311147972e-05,7.332585268529349e-05,0.9998851485163952
2010-12-03,4,Risk-Off,4.059228709083407e-08,4.80431007781359e-08,3.0208472707799136e-05,2.6306148770652154e-05,0.9999433967436242
2010-12-06,4,Risk-Off,2.118681077430443e-08,1.7304036897684848e-08,1.8737873858556185e-05,2.8994370660925856e-05,0.9999522292642782
2010-12-07,4,Risk-Off,5.240181476416982e-09,4.246336157949377e-09,5.5648567165977e-06,0.0001091609992996,0.9998852646582675
2010-12-08,4,Risk-Off,2.917743102485529e-09,2.055093449457825e-09,3.853893773259855e-06,0.0004737075726486,0.9995224335603592
2010-12-09,4,Risk-Off,9.064536443531465e-10,5.858142686351271e-10,1.5171806609481115e-06,0.0019714583904477,0.9980270229367266
2010-12-10,4,Risk-Off,8.691434821637732e-10,5.904269396964659e-10,1.4390988747247602e-06,0.0016016597305934,0.9983968997112376
2010-12-13,4,Risk-Off,3.193341594240035e-09,2.1976396223703496e-09,4.360829800545476e-06,0.0007113260934917,0.9992843076851128
2010-12-14,4,Risk-Off,2.3587454862748876e-08,1.6963202996029384e-08,2.715704704045445e-05,0.0001270388799225,0.9998457635223768
2010-12-15,4,Risk-Off,2.5088267364939373e-08,9.850504031063781e-09,9.724405174110314e-06,3.9319424023924805e-05,0.9999509212323155
2010-12-16,4,Risk-Off,1.292209112710754e-06,2.6442224876891897e-07,0.0002545563274837,2.073756731193953e-05,0.9997231494730664
2010-12-20,4,Risk-Off,3.446029699341371e-05,4.079959629620496e-06,0.0003728593318712,2.4006105156866532e-05,0.9995645943071708
2010-12-21,4,Risk-Off,0.000516234909983,7.319974302780292e-05,0.0080218657045167,9.050633331579869e-05,0.9912981933094838
2010-12-22,4,Risk-Off,0.0071302243420659,0.0011078930051824,0.0183000108824103,7.788269900441255e-05,0.9733839890716834
2010-12-23,4,Risk-Off,0.0211521262002188,0.0079404747673955,0.1192357303789998,0.0001998935926337,0.8514717750615933
2010-12-24,4,Risk-Off,0.1267727738865255,0.0306330953641144,0.4522902652291635,0.0003364107006675,0.3899674548197515
2010-12-27,2,Transitional,0.4346975301336962,0.1498083978009517,0.3410162636125946,0.0001505461460318,0.0743272623067332
2010-12-28,0,Risk-On,0.3551256382538456,0.4189004017400852,0.214851662285192,4.297262161274319e-05,0.0110793250990594
2010-12-29,1,Late-Cycle,0.2509715770883206,0.396211432327975,0.3492229577283126,7.312480957778744e-06,0.0035867203743168
2010-12-30,2,Transitional,0.3653172390870961,0.3040829267875977,0.3270168969502385,1.230784006487704e-06,0.003581706391299
2010-12-31,0,Risk-On,0.3452571409770379,0.3865409534860754,0.2568489337013942,1.8212263396476117e-07,0.0113527897128009
2011-01-03,1,Late-Cycle,0.2569405993328265,0.3951322965284881,0.3029706251158411,2.1509433038896818e-07,0.0449562639288868
2011-01-04,2,Transitional,0.1751714669572524,0.2977466473847546,0.2987254527001205,4.495254399997624e-07,0.2283559834328512
2011-01-05,4,Risk-Off,0.0610232287501689,0.1839760813371418,0.194564723230998,1.1031207855742066e-06,0.5604348635610721
2011-01-06,4,Risk-Off,0.0104797651549551,0.0578611198421193,0.1064741568827988,5.079569574441826e-06,0.8251798785512201
2011-01-07,4,Risk-Off,0.0013743327158643,0.0076046091033159,0.0162195399133066,6.55839844706543e-06,0.9747949598696332
2011-01-10,4,Risk-Off,0.0001211845837692,0.0008957623362941,0.0023315544334315,7.952049708960417e-06,0.996643546597046
2011-01-11,4,Risk-Off,7.258347731064493e-06,5.25075665188539e-05,0.0002490520039143,2.036894673838621e-06,0.999689145186775
2011-01-12,4,Risk-Off,6.017238695259361e-07,3.188795669355413e-06,0.0001384723029134,2.7732923580324767e-06,0.999854963885348
2011-01-13,4,Risk-Off,4.2989935960520975e-08,7.473647474546921e-08,1.788376851006367e-05,4.279002574501556e-06,0.9999777195033984
2011-01-14,4,Risk-Off,9.749818177421089e-09,8.498376954267608e-09,9.539855235557162e-06,6.656152426782316e-06,0.9999837857435828
2011-01-17,4,Risk-Off,6.985195637975857e-09,5.160666669171863e-09,7.5665677170211455e-06,7.176545962163765e-06,0.9999852447396668
2011-01-18,4,Risk-Off,1.0486158984762309e-08,7.84086679083031e-09,1.142421735329071e-05,9.39139242874235e-06,0.9999791660635552
2011-01-19,4,Risk-Off,5.0138766120547775e-09,3.763772763894894e-09,5.569492153120875e-06,1.100789703252554e-05,0.999983413833652
2011-01-20,4,Risk-Off,6.882096174633106e-09,4.800188099918036e-09,7.5524435719107955e-06,2.9534330853732824e-05,0.9999629015425354
2011-01-21,4,Risk-Off,1.5475476231405792e-08,1.1234811996786429e-08,1.724648751244464e-05,0.0003100484168179,0.9996726783860008
2011-01-24,4,Risk-Off,6.733560525870193e-09,5.329102882260916e-09,6.9479976786417245e-06,0.0025559321920736,0.9974371077468572
2011-01-25,4,Risk-Off,3.3563724434322683e-09,2.4695463191257844e-09,4.097427450534161e-06,0.0292053141703069,0.9707905825755846
2011-01-27,4,Risk-Off,8.796100844505617e-11,6.249834943198435e-11,1.2190230339122945e-07,0.2663710124407104,0.7336288655066316
2011-01-28,3,Post-Shock,1.3460439345313082e-12,9.38513244443004e-13,2.327096369828389e-09,0.9400770939571542,0.0599229037137044
2011-01-31,3,Post-Shock,3.339319545986008e-15,2.831142288983836e-15,6.883604481570303e-12,0.997420423232466,0.0025795767605464
2011-02-01,3,Post-Shock,1.7646904457657118e-18,7.652652409513658e-18,1.529550003259092e-14,0.9999909971689326,9.002831692418993e-06
2011-02-02,3,Post-Shock,6.715962428898853e-20,5.799821412767689e-17,9.987726216862321e-14,0.9999998788152952,1.2118452133364786e-07
2011-02-03,3,Post-Shock,4.009905183153876e-20,1.5610210100476755e-16,2.5818947083668934e-13,0.9999983035591704,1.6964399561759805e-06
2011-02-04,3,Post-Shock,3.655207473458124e-21,6.770551114417249e-18,1.3991142951431568e-14,0.9999996504685142,3.495310289114583e-07
2011-02-07,3,Post-Shock,3.177411994406411e-20,1.0830263273619099e-16,2.0383359035309866e-13,0.99999982646115,1.7353953740823064e-07
2011-02-08,3,Post-Shock,3.275873047775723e-18,1.2166020712656553e-14,2.0784210691983087e-11,0.9999970098605584,2.990118242104753e-06
2011-02-09,3,Post-Shock,1.665526781677637e-17,2.9281841706565546e-14,4.152468774904852e-11,0.9999761411026628,2.385885549058093e-05
2011-02-10,3,Post-Shock,5.4380941858184845e-18,1.319076859702e-15,1.810057759471964e-12,0.9999967162202013,3.283778771713291e-06
2011-02-11,3,Post-Shock,4.352019958483876e-17,5.2149498653052404e-14,6.63233076278806e-11,0.9999993956209444,6.043119735657115e-07
2011-02-14,3,Post-Shock,1.7378797830733456e-14,4.5560416897025685e-11,4.8655149339251795e-08,0.999945559458329,5.43918413755559e-05
2011-02-15,3,Post-Shock,2.5454524583512244e-12,2.05534846581211e-10,1.9845388530575369e-07,0.9995231553345444,0.0004766460039283
2011-02-16,3,Post-Shock,5.950431422272778e-12,1.6654420987866477e-11,1.0566422724860294e-08,0.9997803424314944,0.0002196469796475
2011-02-17,3,Post-Shock,5.843021584336332e-12,3.937707152838505e-11,2.8241730268478053e-08,0.9999791042483088,2.08674645723505e-05
2011-02-18,3,Post-Shock,7.926327660612242e-13,1.2587390628903996e-11,1.2092275029036948e-08,0.9999503631029666,4.962479178593327e-05
2011-02-21,3,Post-Shock,1.065684307961045e-13,2.0579119486683495e-12,1.9679998949814313e-09,0.9999649940397792,3.500399039469753e-05
2011-02-22,3,Post-Shock,3.586691050102688e-14,6.02925237084332e-13,5.658214591591276e-10,0.9999955520969492,4.447336964395885e-06
2011-02-23,3,Post-Shock,1.2530902658369515e-16,8.144743185324832e-15,8.69718756816484e-12,0.9999961310570408,3.8689350356593614e-06
2011-02-24,3,Post-Shock,5.2571339710297947e-17,7.364391567487858e-15,1.1380819853289132e-11,0.9999998476323642,1.5235642573253177e-07
2011-02-25,3,Post-Shock,6.79292260640567e-18,2.038339414444984e-14,3.036581012019446e-11,0.9999763797374932,2.362023246014193e-05
2011-02-28,3,Post-Shock,5.72543259844869e-17,7.804847866714188e-15,8.245484332624507e-12,0.99999917804632,8.219460338904954e-07
2011-03-01,3,Post-Shock,2.2966120059413626e-18,1.9323580461968962e-16,2.133717892315203e-13,0.9999998651401348,1.3485962719605626e-07
2011-03-03,3,Post-Shock,4.623528155619009e-16,9.919564955562537e-14,1.0177926729048932e-10,0.9999999938554538,6.042223559902109e-09
2011-03-04,3,Post-Shock,3.869150191744805e-14,5.3769167915242775e-12,6.967171573574557e-09,0.9999980348530908,1.95817428442169e-06
2011-03-07,3,Post-Shock,4.870365388323608e-13,3.073911694198933e-12,3.664261735514866e-09,0.9999940588799334,5.937452478356688e-06
2011-03-08,3,Post-Shock,2.14616688810072e-12,3.152654707785358e-11,3.201701636717704e-08,0.9999922368725782,7.731077368336605e-06
2011-03-09,3,Post-Shock,1.801319487589178e-11,3.818686491164708e-11,2.7217350940582883e-08,0.9999934602233338,6.512503951064765e-06
2011-03-10,3,Post-Shock,1.059033376166049e-11,2.0635556615386163e-11,1.2639798267703758e-08,0.9999950751346968,4.912194632194244e-06
2011-03-11,3,Post-Shock,4.3494071804146826e-11,1.882245524930504e-11,1.5873807177361056e-09,0.9999985682271716,1.4301230584711124e-06
2011-03-14,3,Post-Shock,2.4886881543085324e-10,3.2218093895627464e-10,1.329273962995628e-07,0.99999957694681,2.895547502976715e-07
2011-03-15,3,Post-Shock,1.308384414964834e-09,1.7688142570000452e-09,8.665098234965027e-07,0.9999818880772592,1.7242335537745167e-05
2011-03-16,3,Post-Shock,1.7745912795198672e-09,5.470503820273416e-09,3.5314672099294767e-06,0.9997620735212596,0.000234387766909
2011-03-17,3,Post-Shock,1.1239129861962623e-09,1.6008896704622986e-09,5.572131047208281e-07,0.999646528518342,0.0003529115437373
2011-03-18,3,Post-Shock,4.426876588278592e-11,1.4220435446678384e-10,1.000432390141082e-07,0.9996621038825156,0.0003377958885162
2011-03-21,3,Post-Shock,5.823548581276678e-12,3.6237196328420087e-11,3.644745737680506e-08,0.9997592771743046,0.0002406863354037
2011-03-22,3,Post-Shock,8.672870667156677e-11,4.3540216336945154e-10,3.228926670144236e-07,0.9997882105223288,0.0002114660629402
2011-03-23,3,Post-Shock,3.4070211186690453e-08,1.4598699709220715e-08,3.0535424844794546e-06,0.9997905958227588,0.0002063019662527
2011-03-24,3,Post-Shock,2.559823133789042e-06,1.1397215268451634e-06,0.000229552854917,0.9995693918434486,0.0001973557566038
2011-03-25,3,Post-Shock,0.0002142609074,2.6003553406095568e-05,0.002557877003476,0.997189281784466,1.257675100395368e-05
2011-03-28,3,Post-Shock,0.0023631356765865,0.0005188204716387,0.0298953432149705,0.9672213871923176,1.3134442745656315e-06
2011-03-29,3,Post-Shock,0.0274073064197576,0.0049529014070812,0.083670272546562,0.883967287267608,2.232359422015772e-06
2011-03-30,3,Post-Shock,0.0798536692083018,0.0291576458570667,0.2075410061853042,0.6834436238653827,4.054884690654256e-06
2011-03-31,2,Transitional,0.1975991692137194,0.0917205016940706,0.629090428499289,0.0814201324022391,0.0001697681910892
2011-04-01,0,Risk-On,0.5919692247041614,0.2362109280635225,0.1606330968512142,0.0110721198208805,0.0001146305594312
2011-04-04,1,Late-Cycle,0.2044069869586656,0.5382911142722978,0.2553538556849484,0.0019436252816209,4.417802305565592e-06
2011-04-05,2,Transitional,0.2944372008379614,0.280946906643505,0.424232841788215,0.0003823650234639,6.857073908544378e-07
2011-04-06,0,Risk-On,0.4286173433058837,0.3295147193881839,0.2417870271311162,6.878853340880616e-05,1.2121642060807026e-05
2011-04-07,1,Late-Cycle,0.2763116445559772,0.4298594875360898,0.2938164072417435,7.057640978825109e-06,5.403025447403662e-06
2011-04-08,2,Transitional,0.3240934936504177,0.3281498635106782,0.3477434663486016,9.922829708258432e-07,1.2184206638966831e-05
2011-04-11,0,Risk-On,0.3626117185687572,0.3582438215057292,0.2791249867496399,2.1433235910683425e-07,1.925884435880141e-05
2011-04-13,1,Late-Cycle,0.3086843105369544,0.3784123153456773,0.3128944693669114,1.140468933920863e-07,8.790702980086173e-06
2011-04-15,2,Transitional,0.3389004003181866,0.3477908671895761,0.3132965537616344,6.143751195757347e-08,1.2117293183119473e-05
2011-04-18,0,Risk-On,0.3316882488887525,0.3689127653644182,0.2991268296291471,5.250951576619345e-08,0.0002721036079213
2011-04-19,1,Late-Cycle,0.3227467731307769,0.3528237644721103,0.3243665762731469,1.536954069805631e-06,6.134916995208767e-05
2011-04-20,2,Transitional,0.3529684400879529,0.3512943901064492,0.2957336222678941,2.5555370531769185e-06,9.920002969412082e-07
2011-04-21,0,Risk-On,0.3129298692946322,0.3877057258417063,0.299362363693393,1.7077603163681538e-06,3.3340928014155165e-07
2011-04-25,1,Late-Cycle,0.3263901982986928,0.3193944814308896,0.3542145401560405,4.680276046358326e-07,3.12087672965146e-07
2011-04-26,2,Transitional,0.391586996725061,0.3528759911514449,0.2554777277829926,1.6420229221092092e-07,5.912013808723767e-05
2011-04-27,0,Risk-On,0.252406126781281,0.4523873360183226,0.2834097042945026,1.1811817291782345e-07,0.0117967147874204
2011-04-28,1,Late-Cycle,0.0669736950897234,0.2602708868562354,0.3674778879696733,1.5479346354628404e-07,0.305277375290288
2011-04-29,4,Risk-Off,0.0078672537255455,0.0553183911794392,0.1168236411831778,1.6917049227890956e-06,0.8199890222070213
2011-05-02,4,Risk-Off,0.0003810323812072,0.0041786094983744,0.0118777280438933,2.0105996394811943e-06,0.983560619476761
2011-05-03,4,Risk-Off,2.165829887019656e-06,2.310153672316213e-05,9.372905072157638e-05,4.339806805933093e-06,0.9998766637759005
2011-05-04,4,Risk-Off,1.0374499804901822e-08,5.301579466751833e-08,5.9941471627040586e-06,7.705146016660926e-06,0.999986237317108
2011-05-05,4,Risk-Off,3.137945331469435e-09,2.3351127341399006e-09,4.004672740244819e-06,1.9108737251886253e-05,0.9999768811174722
2011-05-06,4,Risk-Off,2.882913220364588e-09,2.046398390294841e-09,3.764895862553303e-06,1.9820651707056732e-05,0.9999764095227416
2011-05-09,4,Risk-Off,2.395373433511298e-09,1.668946443009221e-09,3.0631743154287307e-06,2.20987264351658e-05,0.9999748340343836
2011-05-10,4,Risk-Off,7.805444876352748e-09,5.434340507996169e-09,9.912763822997576e-06,3.1267464405568266e-05,0.9999588065319652
2011-05-11,4,Risk-Off,5.239440700338622e-09,3.886552836613869e-09,6.188609102847827e-06,1.776200095897542e-05,0.9999760402639392
2011-05-12,4,Risk-Off,2.243937016388525e-09,1.5651395724243719e-09,2.8347787694916987e-06,2.3583320574597495e-05,0.9999735780909766
2011-05-13,4,Risk-Off,8.465058720474297e-09,5.892253292849325e-09,1.0300034140476177e-05,1.3415875394369694e-05,0.9999762697330756
2011-05-16,4,Risk-Off,1.705747553912339e-09,1.2804516627045715e-09,2.104096384220676e-06,3.173182750707618e-05,0.9999661610904914
2011-05-17,4,Risk-Off,7.66463289707674e-09,5.15701109748126e-09,9.201640871271493e-06,3.478020406458546e-05,0.9999560053330246
2011-05-18,4,Risk-Off,2.0339066017374084e-08,1.5708669154479816e-08,2.1916045453580625e-05,1.3697020162324976e-05,0.999964350886038
2011-05-19,4,Risk-Off,6.159239979631621e-09,5.221471813860021e-09,6.045860909773438e-06,6.47629065595959e-06,0.9999874664684844
2011-05-20,4,Risk-Off,3.839896048248083e-09,3.0316034815891893e-09,4.598696833105504e-06,1.4837133675556829e-05,0.9999805572986776
2011-05-23,4,Risk-Off,1.4037585955476006e-09,1.042545817641263e-09,2.023538250587448e-06,0.0001104310769311,0.9998875429383208
2011-05-24,4,Risk-Off,1.243783596156049e-09,9.169424813683103e-10,1.8289974145666349e-06,0.0001353734810604,0.9998627953611158
2011-05-25,4,Risk-Off,8.09239059337505e-10,5.853833882916784e-10,1.2465599123604296e-06,0.0001779453797484,0.9998208066653264
2011-05-26,4,Risk-Off,3.128684323027559e-09,2.22187244610424e-09,4.247360503522581e-06,6.992323681770703e-05,0.9999258240522478
2011-05-27,4,Risk-Off,8.214380186825649e-09,5.917505874502481e-09,9.627236691605136e-06,1.4342285407547643e-05,0.9999760163466208
2011-05-30,4,Risk-Off,9.94430349243231e-09,6.376552570091618e-09,8.77414763752868e-06,5.8914283844836944e-06,0.9999853181038866
2011-06-01,4,Risk-Off,1.579101970218699e-07,4.425349567469674e-08,3.977832994618296e-05,6.139076889481944e-06,0.9999538804289612
2011-06-02,4,Risk-Off,2.468069566572825e-06,8.126938756653735e-07,0.0004590413560763,5.640401394291364e-06,0.9995320374782796
2011-06-03,4,Risk-Off,1.5003531326847637e-05,5.010886588690322e-06,0.0002538514374942,4.334355287875034e-06,0.9997217997901684
2011-06-06,4,Risk-Off,1.7462475489809815e-05,1.7221208944063975e-05,0.0011610675407919,6.411595524038694e-06,0.9987978371790848
2011-06-07,4,Risk-Off,1.6950250026287053e-05,1.776101050841199e-05,0.0003672304444164,2.6399660080548967e-06,0.9995954183284902
2011-06-08,4,Risk-Off,4.99580013194492e-06,1.1312040269957192e-05,0.0002728748830126,2.2956308473316264e-06,0.9997085216456336
2011-06-09,4,Risk-Off,2.816619951857894e-06,4.550583275222193e-06,0.0003646588541548,2.555656147637265e-06,0.999625418286368
2011-06-10,4,Risk-Off,2.340278594123729e-06,1.7642997940273508e-06,9.170004279595208e-05,2.0638448991593205e-06,0.9999021315343588
2011-06-13,4,Risk-Off,3.964918629402746e-06,2.918780729246197e-06,0.000525131589199,2.480918021846264e-06,0.9994655037932112
2011-06-14,4,Risk-Off,1.0635012757663916e-05,5.799605059193171e-06,0.0002768199503951,1.8467806394517265e-06,0.999704898650452
2011-06-15,4,Risk-Off,8.192863135522745e-06,1.0322536086988324e-05,0.0005455858097102,3.071292717591339e-06,0.9994328274978236
2011-06-16,4,Risk-Off,5.492291590955657e-06,7.938227522040304e-06,0.0003451288855163,2.0045371496363517e-06,0.999639436057746
2011-06-17,4,Risk-Off,1.0446412608258015e-06,3.0595045411139293e-06,0.0001691089658425,1.5405285274072229e-06,0.9998252463600312
2011-06-20,4,Risk-Off,9.262423091457309e-08,1.847654232359148e-07,2.977211624629562e-05,2.016000712948173e-06,0.9999679344939696
2011-06-21,4,Risk-Off,1.1402414363911526e-07,3.4443668074230216e-08,2.054437595647328e-05,2.199827843859683e-06,0.999977107329066
2011-06-22,4,Risk-Off,9.847759939182607e-06,9.094832848898232e-07,0.0002995672045703,2.5839517604652867e-06,0.9996870916008804
2011-06-23,4,Risk-Off,0.0004120184290672,4.489556895754546e-05,0.0063966251308562,3.0254810555237145e-05,0.993116206059694
2011-06-24,4,Risk-Off,0.0103050586331917,0.001186853798471,0.1240372919279058,0.0001665764855162,0.8643042191556295
2011-06-27,4,Risk-Off,0.1144206692263561,0.0196505678046323,0.0843301588176849,0.0001211595023396,0.7814774446498269
2011-06-28,4,Risk-Off,0.0826160614690667,0.1057170567458967,0.0618743146272246,5.9746802892627214e-05,0.7497328203546518
2011-06-29,4,Risk-Off,0.0694575882953093,0.0910861954003032,0.1331682564321849,6.283369560157363e-05,0.7062251261759391
2011-06-30,4,Risk-Off,0.127280502012458,0.0844588899667345,0.1030651883063363,2.8559585383052147e-05,0.6851668601287166
2011-07-01,4,Risk-Off,0.10661137233131,0.1292545508767066,0.1164700900655245,3.546589864416947e-05,0.6476285208282908
2011-07-04,4,Risk-Off,0.1235915645887999,0.1218577599152672,0.1740486100532479,6.226210442801869e-05,0.5804398033376592
2011-07-05,4,Risk-Off,0.1748306321464489,0.1397509451656631,0.1576119442940836,6.674907076951124e-05,0.5277397293226492
2011-07-06,4,Risk-Off,0.1662916283673708,0.1854038021700677,0.2038751497997941,8.665462749068653e-05,0.4443427650351692
2011-07-07,2,Transitional,0.2161131660986655,0.1886622423035427,0.3399142420252877,0.0002858981939077,0.2550244513788607
2011-07-08,0,Risk-On,0.3405724199466165,0.2390647188945497,0.2149230735131095,9.347451948914134e-05,0.2053463131265286
2011-07-11,1,Late-Cycle,0.2311790961910889,0.3498504990050384,0.2433298636312861,6.296324994348678e-05,0.1755775779222643
2011-07-12,2,Transitional,0.254366040064882,0.2622857706677089,0.3076008271311909,8.013121798045062e-05,0.1756672309174369
2011-07-13,0,Risk-On,0.3200342965360976,0.2806553227422249,0.2907444581722467,0.000186445330572,0.108379477219261
2011-07-15,1,Late-Cycle,0.3029046436325841,0.3414178118448797,0.2996563388305673,0.0001343961091031,0.0558868095835244
2011-07-18,2,Transitional,0.3225300342311447,0.3193312188860353,0.3389880795808296,7.702856181014271e-05,0.0190736387409115
2011-07-19,0,Risk-On,0.3619307378894263,0.3571208329294006,0.2788721485126933,3.895520880153862e-05,0.0020373254598356
2011-07-20,1,Late-Cycle,0.2928757424711803,0.3957631367268117,0.3112983446406108,5.212631709507407e-06,5.75635288578191e-05
2011-07-21,2,Transitional,0.3482171024334424,0.3007048194404617,0.3510585425426488,4.1190662336143893e-07,1.912367761451881e-05
2011-07-22,0,Risk-On,0.3782368845746407,0.4049403027053089,0.2167682195335051,2.9402239582813325e-07,5.429916465104499e-05
2011-07-25,1,Late-Cycle,0.2136530975617706,0.4182747908814231,0.3630862581255548,2.793815112755967e-07,0.0049855740506437
2011-07-26,2,Transitional,0.0579077897060297,0.215420079436342,0.2894149173606068,6.035428837593482e-08,0.4372571531434537
2011-07-27,4,Risk-Off,0.0090135362635444,0.0508551289970674,0.1047780973028199,1.7198919444850105e-06,0.8353515175454603
2011-07-28,4,Risk-Off,0.0007029851639984,0.005649701584242,0.0141676875660152,2.881556859438359e-06,0.9794767441284552
2011-07-29,4,Risk-Off,2.6400110712183417e-05,0.0002514734539744,0.0007671695355868,2.274087472225367e-06,0.9989526828120058
2011-08-01,4,Risk-Off,6.897229725367237e-07,5.8984823052768045e-06,7.01397842621543e-05,2.688947502154494e-06,0.9999205830622676
2011-08-02,4,Risk-Off,5.947623057880624e-08,1.2964414185571104e-07,3.162869124916452e-05,5.1015488281397925e-05,0.9999171667007234
2011-08-03,4,Risk-Off,2.7832114916279337e-08,2.5060884940791184e-08,2.1054529606686975e-05,0.0021537356335539,0.9978251569442644
2011-08-04,4,Risk-Off,2.3827627702893037e-08,2.073905293180109e-08,2.3095181820816515e-05,0.0510330185895015,0.9489438416615767
2011-08-05,4,Risk-Off,7.867618961687851e-11,6.761426666258555e-11,8.502778824136389e-08,0.3181868828206603,0.6818130320060124
2011-08-08,3,Post-Shock,5.8217629666407096e-12,3.990412107115397e-12,1.0768415660765928e-08,0.9534114538121374,0.0465885354092594
2011-08-09,3,Post-Shock,2.687541690033243e-12,2.5905965012161755e-12,5.884874065456582e-09,0.9899906960149466,0.0100092980943174
2011-08-10,3,Post-Shock,8.320612519837348e-12,4.4358645070898176e-11,6.126605875642988e-08,0.9917306735508996,0.0082692651301529
2011-08-11,3,Post-Shock,7.693158269349219e-12,4.585476346019849e-11,5.403998203286999e-08,0.9931402603755336,0.0068596855300427
2011-08-12,3,Post-Shock,2.818743013760518e-13,7.058823096332334e-13,1.0246642140588646e-09,0.9975569211124862,0.0024430778618998
2011-08-16,3,Post-Shock,4.272090960590723e-14,2.3353620647565533e-13,3.5031920473850387e-10,0.9996004055756552,0.0003995940737973
2011-08-17,3,Post-Shock,2.8592666916576865e-16,9.959605291967472e-15,1.3363964437869592e-11,0.9998448305433596,0.0001551694437864
2011-08-18,3,Post-Shock,1.1698417063159144e-20,5.970092240172434e-19,1.074229616058342e-15,0.9999988507304134,1.1492701531972437e-06
2011-08-19,3,Post-Shock,2.514749399554761e-22,6.890682303318561e-19,1.3612381334225026e-15,0.9999999915671652,8.431985386441629e-09
2011-08-22,3,Post-Shock,1.4903285403457168e-21,6.098613045057636e-18,1.1615961070389218e-14,0.9999996745864866,3.254143768015228e-07
2011-08-23,3,Post-Shock,7.429080777130257e-23,2.6458885914840187e-19,5.027660325166782e-16,0.9999998668881832,1.3311125708017912e-07
2011-08-24,3,Post-Shock,4.226118118908982e-25,1.583152055244808e-21,3.693569093806163e-18,0.9999999872088666,1.2792006117234366e-08
2011-08-25,3,Post-Shock,4.618002086753237e-26,2.10194124233141e-22,3.8099727959091874e-19,0.9999999985229806,1.477718238972075e-09
2011-08-26,3,Post-Shock,4.823013343523946e-25,2.0894463380274453e-21,4.633728948135663e-18,0.999999999827196,1.7209135827202038e-10
2011-08-29,3,Post-Shock,1.9468715528246905e-22,7.302018248268373e-19,1.585985081564844e-15,0.9999999682731872,3.1726621611970986e-08
2011-08-30,3,Post-Shock,3.817290892584434e-21,1.3542374328666053e-17,2.8344672609145243e-14,0.9999998816238146,1.1837545794960385e-07
2011-09-02,3,Post-Shock,8.213879202810892e-21,2.6515084486809738e-17,5.775454573004297e-14,0.999999556015708,4.439842671514568e-07
2011-09-05,3,Post-Shock,6.650819522637998e-21,1.9076594149996412e-17,3.768101818544055e-14,0.9999996081515604,3.918483340506073e-07
2011-09-06,3,Post-Shock,5.51496054766038e-19,1.6457457850003944e-15,2.6846216137616367e-12,0.9999998420517056,1.5794471434086482e-07
2011-09-07,3,Post-Shock,1.1597401509936162e-16,3.035167816453529e-13,4.5104719467372887e-10,0.999996088220007,3.911327833018388e-06
2011-09-08,3,Post-Shock,5.294870405874559e-14,1.9432608337526704e-11,2.301677090364972e-08,0.9999746492206332,2.53277425664028e-05
2011-09-09,3,Post-Shock,9.857830594515073e-14,1.2389325197501517e-12,1.4151364961118066e-09,0.9999598525265636,4.014605610155925e-05
2011-09-12,3,Post-Shock,3.6681762386624023e-14,3.223322261381125e-13,3.8911476729061526e-10,0.9999979921851412,2.0074249327068586e-06
2011-09-13,3,Post-Shock,2.78811734557562e-15,5.881122085224183e-13,8.289835555177227e-10,0.999989226223818,1.0772946304257402e-05
2011-09-14,3,Post-Shock,8.452100397141801e-15,1.316128574176019e-12,1.8258926123954355e-09,0.9999776360282002,2.23621453151438e-05
2011-09-15,3,Post-Shock,1.2267947748103014e-13,4.56822754818036e-12,5.523740702600744e-09,0.9999885624692232,1.143200278523227e-05
2011-09-16,3,Post-Shock,5.127595686690673e-13,6.630925589182634e-12,7.459426367158765e-09,0.9999906814953085,9.311038178739046e-06
2011-09-19,3,Post-Shock,4.666839462560336e-14,3.1967940106241774e-13,3.5325439177658885e-10,0.9999936724089016,6.327237796174879e-06
2011-09-20,3,Post-Shock,1.1108206036216675e-13,1.4362953247190774e-12,1.140117519081736e-09,0.9999988854912616,1.1133677060541726e-06
2011-09-21,3,Post-Shock,4.3261288248182295e-12,1.0865466727834935e-11,7.336198244405621e-09,0.999999752912148,2.3973584863387983e-07
2011-09-22,3,Post-Shock,1.5120802989386287e-14,1.8801976101526863e-14,1.1222368516308376e-11,0.9999995319013764,4.680880117360137e-07
2011-09-23,3,Post-Shock,2.786196140903494e-18,5.704102048853774e-16,1.0167736080723409e-12,0.9999996538372816,3.4616213020800664e-07
2011-09-26,3,Post-Shock,8.000776011742371e-20,7.129114644881697e-17,1.175836093830688e-13,0.999999823949126,1.7605042887152317e-07
2011-09-27,3,Post-Shock,4.4998269035995916e-21,1.9568963412792963e-18,2.6935848170268927e-15,0.9999999836691132,1.6331014366334964e-08
2011-09-28,3,Post-Shock,9.665715097109096e-18,6.509347629009284e-15,8.982116892787723e-12,0.999999999656211,3.355896593859986e-10
2011-09-29,3,Post-Shock,3.2323441359705107e-15,3.218850284999947e-12,4.0788818230737905e-09,0.999998418961126,1.5769564773298629e-06
2011-09-30,3,Post-Shock,3.3077680593663987e-14,5.078337163645594e-13,6.771953807461746e-10,0.9999923651612752,7.634161130088972e-06
2011-10-03,3,Post-Shock,1.8631518247167782e-16,7.350356511297942e-15,1.2451841019822016e-11,0.9999960881708944,3.9118172982889e-06
2011-10-04,3,Post-Shock,2.9864781504692737e-18,1.1806131542027846e-15,2.266110340373401e-12,0.9999989891135208,1.0108844668932787e-06
2011-10-05,3,Post-Shock,5.201454797983192e-20,7.578019636974171e-17,1.5809665814820665e-13,0.9999987461732092,1.2538259854153364e-06
2011-10-07,3,Post-Shock,2.1290288668968804e-20,3.254276163475232e-17,7.205503238986004e-14,0.9999998480634646,1.5193634250807438e-07
2011-10-10,3,Post-Shock,3.1211893900066805e-20,7.46387747995554e-17,1.754499790244758e-13,0.9999997642353542,2.357646718039815e-07
2011-10-11,3,Post-Shock,3.434297328296285e-20,7.434303426155793e-17,1.4230582372008281e-13,0.999999761306782,2.386930514980823e-07
2011-10-12,3,Post-Shock,4.911016888035277e-19,5.618818220152647e-16,9.736559199290749e-13,0.9999999567953646,4.3203696348935855e-08
2011-10-13,3,Post-Shock,1.4186144076920387e-18,3.1244848275390307e-16,5.387040990775546e-13,0.9999999655246944,3.4474487299586535e-08
2011-10-14,3,Post-Shock,5.167169904733226e-19,1.7730916513135335e-16,2.938790294058012e-13,0.9999999699011828,3.009801793771651e-08
2011-10-17,3,Post-Shock,2.7245656612462105e-18,1.183055289757577e-15,1.862179562743061e-12,0.999999980123903,1.9874157571036758e-08
2011-10-18,3,Post-Shock,8.079460098262896e-20,6.236282169212961e-17,1.2357629329725813e-13,0.9999997079940356,2.920065992913923e-07
2011-10-19,3,Post-Shock,1.2049715868181077e-18,9.681523811210736e-16,1.8477748614427787e-12,0.9999999774718163,2.2526857899025098e-08
2011-10-20,3,Post-Shock,1.2232515820693525e-18,1.030004583188956e-15,1.992145694577571e-12,0.9999996806000636,3.193971418155601e-07
2011-10-21,3,Post-Shock,3.007384976302783e-18,2.310285308710584e-15,4.697356827007133e-12,0.9999996755287228,3.244669905467161e-07
2011-10-24,3,Post-Shock,1.7008533538967302e-17,2.282206786542737e-14,2.5534318624002138e-11,0.9999986650354727,1.334939406508e-06
2011-10-25,3,Post-Shock,1.6369324392632177e-18,3.1708187739314747e-18,1.4822453326852788e-15,0.9999999897845556,1.0214553753550377e-08
2011-10-28,3,Post-Shock,1.1514957092503284e-17,1.044896575239056e-16,1.4106753792481976e-13,0.999999999998181,1.951503465751805e-12
2011-10-31,3,Post-Shock,3.029226367346198e-17,1.202261076229127e-14,1.3967288613344349e-11,0.9999999903448042,9.64154962544505e-09
2011-11-01,3,Post-Shock,6.159821762125779e-15,5.5612855167186775e-14,6.444919943482309e-11,0.9999999834344636,1.6500297068090157e-08
2011-11-02,3,Post-Shock,8.076870986008902e-15,5.1599740198778924e-14,5.4139326137900364e-11,0.9999999379342644,6.201101290400796e-08
2011-11-03,3,Post-Shock,5.893075908618868e-13,2.0299232512436278e-13,6.374797991230987e-11,0.9999999783231036,2.161178151126558e-08
2011-11-04,3,Post-Shock,5.5254002606403076e-11,2.1524398023288507e-11,3.072421773303444e-09,0.9999999959818524,8.694985561975858e-10
2011-11-08,3,Post-Shock,2.768393242090541e-09,9.86895102418803e-10,2.2638904032408334e-07,0.9999997697432528,1.124403374690558e-10
2011-11-09,3,Post-Shock,2.166147714205115e-07,5.055588376653385e-08,1.59483836467587e-05,0.9999837843357078,1.0939508368338107e-10
2011-11-11,3,Post-Shock,1.4216885628086392e-05,5.835899776399748e-06,0.00042487406954,0.9995473503971748,7.722747663708224e-06
2011-11-14,3,Post-Shock,0.0001816975868271,7.504714043600477e-05,0.0022143278046279,0.9954894946754144,0.0020394327918112
2011-11-15,3,Post-Shock,3.4946648269760566e-05,0.0001288369438283,0.0011658677486334,0.983528262054881,0.0151420866044224
2011-11-16,3,Post-Shock,9.291922498288052e-07,6.949050741569044e-06,0.0001141128083667,0.9668376973102794,0.0330403116389584
2011-11-17,3,Post-Shock,1.7886107847693e-08,6.040785968779275e-08,3.482564747214947e-06,0.9661424930753716,0.0338539460655403
2011-11-18,3,Post-Shock,1.8763409663896131e-10,4.280360454382747e-10,2.1620848243700659e-07,0.9721244452928722,0.0278753378822329
2011-11-21,3,Post-Shock,1.5972083457327838e-11,1.6632971918212515e-11,2.8212767901408652e-08,0.9912740454905888,0.0087259262645126
2011-11-22,3,Post-Shock,7.083591740205689e-13,2.0214937816921386e-12,2.884126918385657e-09,0.9949044643376282,0.0050955327755791
2011-11-23,3,Post-Shock,1.6542378301896512e-14,3.3782830223860074e-14,5.796983033203178e-11,0.9998715511858352,0.0001284487563046
2011-11-25,3,Post-Shock,1.1372897182854462e-14,7.002443072779763e-13,9.703761298881952e-10,0.999993427983777,6.571044711271019e-06
2011-11-28,3,Post-Shock,2.933837153048988e-15,3.845930561745797e-13,5.577377775880308e-10,0.9999811725346046,1.8826907537773107e-05
2011-11-29,3,Post-Shock,5.236114841822581e-15,2.15182524666184e-13,3.3020758152059156e-10,0.9999962924917388,3.707176928212143e-06
2011-11-30,3,Post-Shock,1.731288793894297e-15,3.1085061084572817e-13,4.939135374180175e-10,0.9999917292385422,8.27026759562555e-06
2011-12-01,3,Post-Shock,4.9985082047654626e-15,1.3898123766457904e-12,2.04807591461961e-09,0.999977184847166,2.281310261252495e-05
2011-12-02,3,Post-Shock,9.60861377728585e-14,1.7659213943744034e-11,2.4657409762177162e-08,0.9999245321971384,7.544312702115221e-05
2011-12-05,3,Post-Shock,9.004820341072115e-13,3.763386049063439e-11,4.763034206448287e-08,0.9998181362198624,0.0001818161110135
2011-12-07,3,Post-Shock,3.4531294675728085e-13,4.452749295726653e-12,5.331365577865803e-09,0.9998373165739022,0.0001626780907939
2011-12-08,3,Post-Shock,1.1812979748392012e-15,1.0050813415533873e-14,1.5368347276367886e-11,0.9999832529157984,1.6747068377109202e-05
2011-12-09,3,Post-Shock,2.8626463236947762e-19,5.196400581026914e-17,1.0016064342413179e-13,0.9999992540199908,7.459799015362912e-07
2011-12-12,3,Post-Shock,2.0679740866352298e-21,3.133855194442614e-18,7.956303786285096e-15,0.9999999464052975,5.3595245555290726e-08
2011-12-13,3,Post-Shock,3.7561445219464095e-20,1.2199010853997021e-16,2.580187309303193e-13,0.999999783107365,2.1689208119388797e-07
2011-12-14,3,Post-Shock,1.616109572379766e-19,3.966937549056259e-16,8.280624576627715e-13,0.9999995937142472,4.0628512414123005e-07
2011-12-15,3,Post-Shock,2.536850829114353e-20,5.5418897139414285e-17,1.1793462297185926e-13,0.9999990404162474,9.595833133959631e-07
2011-12-16,3,Post-Shock,3.2125914215472734e-20,6.559448541627464e-17,1.4774845334816066e-13,0.9999997222730984,2.777272226015527e-07
2011-12-19,3,Post-Shock,1.6029118334800274e-20,4.2040973973490585e-17,9.693550539897633e-14,0.999999551855681,4.481450210576355e-07
2011-12-20,3,Post-Shock,2.9466426977823138e-21,7.987664900645725e-18,1.7090599480048735e-14,0.9999993765343004,6.234651161462524e-07
2011-12-21,3,Post-Shock,2.2834920077714942e-20,5.129175526571946e-17,1.1070922320940073e-13,0.9999999349056472,6.509338410938995e-08
2011-12-22,3,Post-Shock,2.6482796844198828e-18,7.928641581883753e-15,1.2476938745712444e-11,0.9999995037779948,4.962094051642138e-07
2011-12-23,3,Post-Shock,2.817564817904288e-17,9.840120096234515e-15,1.6077942607966188e-11,0.999999341002184,6.589819527750168e-07
2011-12-27,3,Post-Shock,2.8971365887795083e-16,1.667162409104657e-13,2.1944509321331758e-10,0.9999984850012532,1.5147785861837197e-06
2011-12-28,3,Post-Shock,1.0135834634931396e-14,3.334316996233531e-13,4.4599156149667976e-10,0.9999990859982602,9.13555613590322e-07
2011-12-29,3,Post-Shock,4.05675750856562e-15,4.320675833507261e-13,5.820395777426065e-10,0.9999944085950006,5.590821823089185e-06
2011-12-30,3,Post-Shock,1.0478484724576716e-15,2.244352489953844e-13,3.0141424881159743e-10,0.9999817971949228,1.820250264736506e-05
2012-01-03,3,Post-Shock,2.7280905702639253e-15,1.7248176518967474e-13,2.6264013079978987e-10,0.9999964424450424,3.5572925114668493e-06
2012-01-04,3,Post-Shock,2.8476972981075525e-15,3.8434217775252043e-13,5.680634713077166e-10,0.9999951588187148,4.840612480862165e-06
2012-01-05,3,Post-Shock,1.6380422811498045e-15,4.885681954305498e-13,7.475661703500035e-10,0.9999739245848108,2.6074666523665123e-05
2012-01-06,3,Post-Shock,3.142987988633117e-15,5.333578207161938e-13,7.992933301268519e-10,0.9999675306240516,3.2468576792999364e-05
2012-01-09,3,Post-Shock,6.108868868762097e-15,8.150205284536706e-13,1.2450338836937846e-09,0.9999712380638754,2.8760689827554185e-05
2012-01-10,3,Post-Shock,1.417718696117563e-13,3.400135877962405e-11,4.054446714410142e-08,0.99989964075712,0.0001003186651307
2012-01-11,3,Post-Shock,8.49919828985323e-11,1.5024790749315372e-10,5.5911973671621655e-08,0.9999473958081018,5.254804501361114e-05
2012-01-12,3,Post-Shock,2.873510256899539e-09,5.353884686186864e-09,2.32441145573248e-06,0.9999690456886764,2.8621673171799e-05
2012-01-13,3,Post-Shock,2.0042370396504597e-08,1.5973349014390308e-08,1.4154532283084748e-06,0.9999584872615964,4.006127035127703e-05
2012-01-16,3,Post-Shock,4.561207866190364e-09,6.886252625161873e-09,1.715933839173859e-07,0.9999713841772832,2.8432782641826115e-05
2012-01-17,3,Post-Shock,8.232206264277755e-09,3.389584964055875e-09,3.286407293020988e-08,0.9999978132988224,2.1422148395565194e-06
2012-01-18,3,Post-Shock,1.6926726048148074e-08,8.825668431749502e-09,6.271169746355871e-08,0.9999996476272538,2.639086960340425e-07
2012-01-19,3,Post-Shock,5.81110797730774e-08,2.01695155441385e-08,1.0516742840752357e-07,0.9999998067542224,9.798227823526351e-09
2012-01-20,3,Post-Shock,1.0304543069552609e-07,5.8769123931762174e-08,3.6613882863745545e-07,0.999999471883851,1.6248179604361519e-10
2012-01-23,3,Post-Shock,3.363352743879166e-07,1.4002210942199158e-07,2.9447662608361225e-06,0.9999962331383364,3.457374257482128e-07
2012-01-24,3,Post-Shock,2.6954568208093475e-06,5.08400670030698e-07,5.574120636471464e-07,0.9999961131728063,1.255576935902417e-07
2012-01-25,3,Post-Shock,6.820800106343188e-07,2.434344564863375e-06,6.965139105395286e-07,0.9999961140641076,7.299687013226387e-08
2012-01-27,3,Post-Shock,8.279067998876725e-07,9.607807493732814e-07,2.098785592938833e-06,0.9999961073156832,5.211986428259571e-09
2012-01-30,3,Post-Shock,1.3931784604357011e-06,9.427260380393963e-07,7.209702333075984e-07,0.9999960166757982,9.264493208909816e-07
2012-01-31,3,Post-Shock,8.077271111509183e-07,1.337504272278517e-06,9.315584184673282e-07,0.9999969229167668,2.9304555138553297e-10
2012-02-01,3,Post-Shock,1.0328379487316392e-06,8.793235461561979e-07,1.4052223253822858e-06,0.9999966826108448,4.6477264075623735e-12
2012-02-02,3,Post-Shock,1.4223122430481377e-06,1.174716557158637e-06,1.0209536777198125e-05,0.9999871930214532,4.1206834425387096e-10
2012-02-03,3,Post-Shock,9.591218297932663e-06,2.1714312127328307e-06,8.522845572493185e-06,0.9999797144575764,4.7270862745929416e-11
2012-02-06,3,Post-Shock,8.639614898453905e-06,9.070592193481005e-06,2.5868384207542707e-05,0.9999564213995368,9.522278491008112e-12
2012-02-07,3,Post-Shock,2.4869278188536892e-05,1.1456936301125384e-05,0.0001881404262797,0.9997755332640428,9.582328792881718e-11
2012-02-08,3,Post-Shock,0.0001767133632399,3.924665892422571e-05,0.000956361391424,0.9988276785744008,1.2791112979388783e-11
2012-02-09,3,Post-Shock,0.0008920591682276,0.0002788213963217,0.0098892185282572,0.9889399007076632,1.9994080929906367e-10
2012-02-10,3,Post-Shock,0.0091589537471346,0.0016302703264648,0.0118127077206955,0.9773980656347586,2.5703908318405828e-09
2012-02-13,3,Post-Shock,0.0116185063787401,0.0088098933312972,0.0093531231573313,0.9702184755623476,1.570298035977463e-09
2012-02-14,3,Post-Shock,0.0099624880659049,0.0120156452330229,0.0187642823257143,0.9592575839472732,4.280274799993659e-10
2012-02-15,3,Post-Shock,0.0190886511440051,0.011374146189256,0.0197068344024218,0.9498303682631566,4.827615616382685e-13
2012-02-16,3,Post-Shock,0.0204151648508281,0.0200786284302321,0.1120778021202931,0.8474284044701147,1.2799789524469528e-10
2012-02-17,3,Post-Shock,0.105514961858789,0.0304107131848373,0.1047091374473622,0.7593651874942323,1.5000169493470867e-11
2012-02-21,3,Post-Shock,0.1064106990813934,0.1005793331216407,0.2443329512935083,0.5486769965438917,1.995930805003519e-08
2012-02-22,3,Post-Shock,0.2379544073794893,0.1292625924340036,0.4564606225456141,0.1763223053204017,7.231994341969468e-08
2012-02-23,2,Transitional,0.4467548803956149,0.2512310422644527,0.2569273243649108,0.0450865701923149,1.827818869932617e-07
2012-02-24,0,Risk-On,0.289068747133879,0.4365037942965204,0.265219987460819,0.0092069569215008,5.141863839924841e-07
2012-02-27,1,Late-Cycle,0.2950111332605268,0.3489182712193568,0.3499828164091867,0.0059006276447058,0.0001871514659932
2012-02-28,2,Transitional,0.3507720079590747,0.326890981451085,0.3187324353477583,0.0034475147428348,0.0001570604985045
2012-02-29,0,Risk-On,0.3547147963442058,0.3287791312645052,0.3151198484916758,0.0013835243215298,2.699578389354269e-06
2012-03-01,1,Late-Cycle,0.3516902539047207,0.4117146879787637,0.2330340229637337,0.0010986373119312,0.0024623978408383
2012-03-02,2,Transitional,0.1631847824580488,0.4198297749691331,0.338650867405578,0.0010153241850695,0.077319250982886
2012-03-05,4,Risk-Off,0.0138256243721351,0.1373633784490721,0.3293384923794767,0.001183209564469,0.5182892952356976
2012-03-06,4,Risk-Off,0.000744936094671,0.0030635542613662,0.0099195293029581,0.0046015487326459,0.9816704316087248
2012-03-07,4,Risk-Off,0.0004147198336973,0.0006090900886179,0.0001868842747909,0.1196819846302901,0.8791073211717226
2012-03-09,3,Post-Shock,0.0001828736533916,0.0004194996066559,0.0033418370292705,0.99448328561495,0.0015725040964681
2012-03-12,3,Post-Shock,0.001149868774423,0.0001659075109145,0.0002149117101819,0.9950962589385904,0.0033730530660908
2012-03-13,3,Post-Shock,0.0002307538650668,0.0012078170380822,8.208015420790041e-05,0.9984059072942336,7.34416488214037e-05
2012-03-14,3,Post-Shock,3.6647961047929744e-05,0.0002683182235643,0.0011800294095437,0.9984549751519493,6.0029253399661325e-05
2012-03-15,3,Post-Shock,3.3569257214760368e-06,1.2992495674187336e-05,2.8959036743964864e-05,0.9984367326739316,0.0015179588671939
2012-03-16,3,Post-Shock,1.1738754095793889e-07,1.6020470871524751e-06,4.074550528337927e-06,0.9998619733910812,0.0001322326245615
2012-03-19,3,Post-Shock,4.571535177412092e-10,4.151746604564315e-09,2.1149741964217432e-08,0.9999811566460316,1.8817595611392183e-05
2012-03-20,3,Post-Shock,1.1158159484045743e-11,6.090264292094087e-11,2.654211638552741e-09,0.99999881389774,1.1833768329057948e-06
2012-03-21,3,Post-Shock,3.804927196036722e-12,1.2472671585051396e-11,4.617776123053516e-09,0.9999995968047092,3.985612493676193e-07
2012-03-22,3,Post-Shock,4.653077441136061e-13,1.031730358570221e-12,6.719048455254802e-10,0.9999994060310146,5.932955745148082e-07
2012-03-23,3,Post-Shock,5.445096589518607e-14,5.268493726878812e-12,5.510524577399803e-09,0.9999928870364008,7.107446940885047e-06
2012-03-26,3,Post-Shock,1.931060151557457e-13,5.633796524119105e-13,4.659266691664282e-10,0.9999975592502552,2.4402823416372546e-06
2012-03-27,3,Post-Shock,3.382295975098601e-12,2.7673388585979093e-11,2.374750795527797e-08,0.9999985339138052,1.442306930789466e-06
2012-03-28,3,Post-Shock,1.7849558804274107e-09,1.3757438361150763e-09,2.2728509682940205e-07,0.9999879387996544,1.1830755280983916e-05
2012-03-29,3,Post-Shock,1.6810179756092257e-07,2.7637673262845736e-08,1.845824535010578e-06,0.9999966959967436,1.2624401344808872e-06
2012-03-30,3,Post-Shock,1.4247613211572534e-06,3.026515124178972e-07,1.9715022778671947e-05,0.9999547081731864,2.3849391208507637e-05
2012-04-02,3,Post-Shock,1.6748008707897633e-05,4.776274826920544e-06,0.000174020852365,0.9997667058194204,3.774904549297841e-05
2012-04-03,3,Post-Shock,0.0001519650261303,3.0305929327044764e-05,0.0013109287754735,0.9983224409222252,0.0001843593461472
2012-04-04,3,Post-Shock,0.001268355576325,0.000191745231589,0.0031932894911449,0.995178823808086,0.0001677858933717
2012-04-09,3,Post-Shock,0.002584270016469,0.001826464667465,0.003822955415065,0.9906286025871244,0.0011377073145348
2012-04-10,3,Post-Shock,0.0006467770470895,0.0022259352902208,0.0421253103427664,0.9093047122068112,0.0456972651135977
2012-04-11,4,Risk-Off,0.0002927944443647,0.0003615087225329,0.0046031711153484,0.3665640444288212,0.6281784812889023
2012-04-12,4,Risk-Off,7.192868230982823e-05,0.0002589337425865,0.0129112313340199,0.2575695106602172,0.7291883955804235
2012-04-13,4,Risk-Off,2.343589339072028e-06,5.405520544844472e-06,0.000292326484684,0.0715551506750184,0.9281447737305664
2012-04-16,4,Risk-Off,3.81595642824703e-07,6.374015667850604e-07,0.000174686465764,0.0310194007521125,0.9688048937855916
2012-04-17,4,Risk-Off,2.566694336646708e-06,2.092101579979906e-06,0.0009378297024173,0.0104564405729656,0.9886010709295754
2012-04-18,4,Risk-Off,1.5445516612772914e-05,6.118712046472336e-06,0.0004277459139306,0.0015649321396164,0.9979857577177678
2012-04-19,4,Risk-Off,1.369411090416781e-05,1.572058591957872e-05,0.0007595420334593,0.0003128167937261,0.9988982264766126
2012-04-20,4,Risk-Off,4.982860226280128e-06,1.1036990003642911e-05,0.0004665091911668,6.309799362462711e-05,0.999454372965134
2012-04-23,4,Risk-Off,3.724826732484769e-07,6.024610655539655e-07,2.4715894257581003e-05,1.2813478873194466e-05,0.9999614956824
2012-04-24,4,Risk-Off,1.0026874014992635e-06,5.33482088917636e-07,0.0002834375038182,4.48561137779151e-06,0.9997105407156628
2012-04-25,4,Risk-Off,6.716544040816406e-06,2.056644587433712e-06,0.0001589145594212,3.816970708937539e-06,0.9998284952819578
2012-04-26,4,Risk-Off,1.583471830196622e-05,9.722877255054096e-06,0.0013110057543257,6.199733633166952e-06,0.9986572369170243
2012-04-27,4,Risk-Off,6.121209538416497e-05,2.0852038216466354e-05,0.000321918492305,2.6416055348140446e-06,0.9995933757682636
2012-04-30,4,Risk-Off,4.6286264679921606e-05,6.140716059097553e-05,0.0009624994210701,4.322136667621495e-06,0.998925485016545
2012-05-02,4,Risk-Off,3.242182324589603e-05,5.602550652949919e-05,0.0014135867880993,4.696634605071711e-06,0.9984932692472224
2012-05-03,4,Risk-Off,2.8444973887586115e-06,1.3226567494013484e-05,0.0001338331916459,1.4989404050621691e-06,0.9998485968037902
2012-05-04,4,Risk-Off,1.2068633092499254e-07,5.082476674574877e-07,4.385649235906307e-05,4.146358119318988e-06,0.999951368216209
2012-05-07,4,Risk-Off,4.510713125387929e-08,5.060858768791006e-08,3.20952568913474e-05,4.249509073677729e-06,0.999963559517749
2012-05-08,4,Risk-Off,1.1839758155049293e-08,1.0223270412325994e-08,1.0060302262205937e-05,1.1722477093383357e-05,0.9999781951568236
2012-05-09,4,Risk-Off,1.9939434174462265e-08,1.5876975850232438e-08,2.039434365616489e-05,5.511213267570471e-06,0.9999740586262916
2012-05-10,4,Risk-Off,7.48368761474652e-09,6.252225564187129e-09,6.868824552634802e-06,6.096933848038636e-06,0.9999870205052654
2012-05-11,4,Risk-Off,1.4434118241350382e-08,1.1269922485167437e-08,1.6266540119307434e-05,9.705191057195246e-06,0.9999740025646752
2012-05-14,4,Risk-Off,2.914484400798577e-09,2.3742708382278552e-09,3.1786435838244377e-06,1.2627054422082104e-05,0.999984189012533
2012-05-15,4,Risk-Off,8.150503926215635e-09,6.287775704874664e-09,9.21017619094986e-06,4.343753314340689e-06,0.9999864316316336
2012-05-16,4,Risk-Off,3.6786728998500278e-09,2.880679277305929e-09,4.509427040770624e-06,2.2995748320809475e-05,0.9999724882655896
2012-05-17,4,Risk-Off,1.447027904987762e-09,1.1127676910857311e-09,1.9741554724307018e-06,5.431997133491376e-05,0.9999437033133434
2012-05-18,4,Risk-Off,2.024818560642439e-09,1.51673036648533e-09,2.808546504959224e-06,7.417800440759655e-05,0.9999230099081894
2012-05-22,4,Risk-Off,1.0893570434819315e-09,8.148972859625901e-10,1.6241697363422773e-06,0.0001814668291189,0.9998169070965744
2012-05-23,4,Risk-Off,1.1837770883788216e-09,8.958637622511964e-10,1.721259887741628e-06,0.0001954383598639,0.9998028383009312
2012-05-24,4,Risk-Off,5.5638595402510885e-09,4.3233384709892204e-09,6.663920555239548e-06,1.6554191244855473e-05,0.9999767720006456
2012-05-25,4,Risk-Off,5.171301826000969e-09,3.7628537531822e-09,5.3737150867059424e-06,6.488401661599754e-06,0.9999881289490744
2012-05-28,4,Risk-Off,2.7361256835856895e-08,1.8220651308216082e-08,2.432977725976844e-05,3.727856772623962e-06,0.9999718967848824
2012-05-29,4,Risk-Off,5.0155087075001e-08,4.2332487351171546e-08,4.162686870021336e-05,4.292916388081019e-06,0.999953987728022
2012-05-30,4,Risk-Off,1.2840065009411192e-08,1.2449060425161998e-08,1.0027964095701646e-05,7.837946851611932e-06,0.999982108800374
2012-05-31,4,Risk-Off,5.767043974167481e-09,4.650219874498789e-09,6.609665206274025e-06,1.0693277564580538e-05,0.9999826866394802
2012-06-01,4,Risk-Off,1.837160393123781e-09,1.358218842191169e-09,2.423445871182435e-06,3.221003502951989e-05,0.9999653633236056
2012-06-04,4,Risk-Off,1.3681953780545524e-08,3.791033347468211e-09,5.764549553796647e-06,1.896066155622883e-05,0.9999752573153876
2012-06-05,4,Risk-Off,4.492470921481869e-06,3.972401557761237e-07,0.0001671318228594,1.801567336472153e-05,0.999809962792346
2012-06-06,4,Risk-Off,0.0006387967294107,4.858173859039518e-05,0.0168624164401088,0.000253627520036,0.9821965775719684
2012-06-07,2,Transitional,0.0309988897505241,0.0030272712830358,0.4177548662620666,0.0004406854994956,0.5477782872054383
2012-06-08,0,Risk-On,0.3885096178798375,0.0637510322982383,0.2114922328897177,0.0002459734747241,0.3360011434566273
2012-06-11,1,Late-Cycle,0.227539543311333,0.3521506671524398,0.2803499470478391,0.0001764847722305,0.1397833577154978
2012-06-12,2,Transitional,0.3048037808427987,0.2719662524513654,0.4031691133143602,0.0001059219563289,0.0199549314348554
2012-06-13,0,Risk-On,0.4081088503734989,0.3378196733268364,0.2519740706451853,2.300396786630884e-05,0.0020744016857973
2012-06-14,1,Late-Cycle,0.2830079672284966,0.4129847589476361,0.3031960372424256,4.087148257804094e-06,0.0008071494328391
2012-06-15,2,Transitional,0.3284106221798278,0.3339563315571096,0.3375942121499023,1.3196720228725598e-06,3.7514441978543344e-05
2012-06-18,0,Risk-On,0.3556070962056661,0.3542658454618665,0.2900451006476398,2.125830612089627e-07,8.174510165974655e-05
2012-06-19,1,Late-Cycle,0.3173415595048928,0.3773854026519324,0.3052173252309275,1.278429807494701e-07,5.558477012636101e-05
2012-06-20,2,Transitional,0.3275576223700324,0.3540608372378607,0.3183636086768897,9.085438435080529e-08,1.7840861229933555e-05
2012-06-21,0,Risk-On,0.3420336916224614,0.3501165319122991,0.3078411911369864,5.460863151504834e-08,8.530718877446574e-06
2012-06-22,1,Late-Cycle,0.3343969502530716,0.3686488346060114,0.2969038308701649,1.07401326184494e-08,5.037353055475618e-05
2012-06-25,2,Transitional,0.319659507539474,0.3721904714827505,0.30780793713916,4.558235377299007e-08,0.0003420382567704
2012-06-26,0,Risk-On,0.3276671879841325,0.3491372510322899,0.3223314871831789,1.864611025128133e-07,0.0008638873394924
2012-06-27,1,Late-Cycle,0.349132054943668,0.3559911176811395,0.2946654262531135,4.378360342693253e-07,0.0002109632858585
2012-06-28,2,Transitional,0.3149059316924512,0.3918973788873495,0.293190859128786,1.545909504527842e-07,5.675700724147262e-06
2012-06-29,0,Risk-On,0.3216200847956693,0.3399741910567647,0.3384006374676366,7.148541467049909e-08,5.015193964843595e-06
2012-07-02,1,Late-Cycle,0.3610710401776001,0.3524306491654645,0.2864980597097732,4.07584678839316e-08,2.1018883439801497e-07
2012-07-03,2,Transitional,0.3117084583454191,0.3836862059616091,0.3046051998254202,1.2403188296687118e-08,1.2346443503386873e-07
2012-07-04,0,Risk-On,0.3348243104559003,0.3363578842212362,0.3288176521643344,3.0688972959686654e-09,1.5008955622960725e-07
2012-07-05,1,Late-Cycle,0.3542069984638585,0.3681684338608343,0.2776223479310749,1.8172095831282703e-10,2.2195620443450603e-06
2012-07-06,2,Transitional,0.3047449327563586,0.3912886003648247,0.3039420423079062,7.213387321519174e-10,2.4423849689960583e-05
2012-07-09,0,Risk-On,0.3303451555385017,0.3437999648937402,0.3258020675137353,5.437757977861588e-09,5.280661570003101e-05
2012-07-10,1,Late-Cycle,0.3516485878014315,0.3679624533686091,0.2803680623215514,2.4965381242586475e-08,2.087154266971815e-05
2012-07-11,2,Transitional,0.3020902396108504,0.390699299060717,0.3070366093000171,6.735605349614453e-09,0.0001738452930667
2012-07-12,0,Risk-On,0.3346155611943265,0.3317805146837569,0.3328925383864964,3.9050984721378824e-08,0.0007113466853373
2012-07-13,1,Late-Cycle,0.3547780828951509,0.3785434696352985,0.2651312623154392,1.0964724509971769e-07,0.0015470755063457
2012-07-16,2,Transitional,0.2745820459724502,0.393438953266449,0.3187945292379842,5.645023463716399e-08,0.0131844150735325
2012-07-17,0,Risk-On,0.3413006125857007,0.2997335442082636,0.3376432722217818,2.967119428803443e-07,0.0213222742714222
2012-07-18,1,Late-Cycle,0.3414293380518312,0.3921563761306667,0.2157209801420739,3.164420650576022e-07,0.0506929892327791
2012-07-19,2,Transitional,0.1692305524570432,0.3962251113115768,0.318043861895469,7.157217964370658e-07,0.1164997586143921
2012-07-20,4,Risk-Off,0.0611229287026886,0.172285418580225,0.2803850768397621,4.435387030364818e-07,0.4862061323378513
2012-07-23,4,Risk-Off,0.0385935728794738,0.0594354265672055,0.0668212684513945,1.1039115103444298e-06,0.8351486281906378
2012-07-24,4,Risk-Off,0.0175373817478972,0.0429242443784676,0.0378252030270176,3.857367690462921e-06,0.9017093134791486
2012-07-25,4,Risk-Off,0.0034116015140124,0.0169941196438283,0.0315494181684531,5.270960388829742e-06,0.9480395897137304
2012-07-26,4,Risk-Off,0.0005498672318183,0.0025737274023196,0.0052266229875658,3.5300398547088938e-06,0.9916462523377154
2012-07-27,4,Risk-Off,7.676407251412423e-05,0.0004091246843936,0.0012846031381041,3.0285830736621773e-06,0.9982264795211048
2012-07-30,4,Risk-Off,2.037886331910448e-05,4.7898512780675615e-05,0.0002843418395809,1.6831335938295782e-06,0.9996456976507372
2012-07-31,4,Risk-Off,3.240628882556932e-05,2.0890688741856656e-05,0.0003918740330595,2.025999792531072e-06,0.9995528029901796
2012-08-01,4,Risk-Off,0.0002147282679338,5.213460426860201e-05,0.0026427588566541,7.348397668641984e-06,0.9970830298733174
2012-08-02,4,Risk-Off,0.0013758555660886,0.0003302182026965,0.0027636240657296,7.655446916930838e-06,0.9955226467177758
2012-08-03,4,Risk-Off,0.0026175544841431,0.0014407807469582,0.0132487213188464,3.253203064237171e-05,0.9826604114187156
2012-08-06,4,Risk-Off,0.0167363542327974,0.0037498089502656,0.1197515637376542,0.000149040260598,0.8596132328189325
2012-08-07,2,Transitional,0.1400278929843196,0.0287033406221482,0.7874679149382826,0.0003327798345215,0.0434680716200432
2012-08-08,0,Risk-On,0.7301131331664117,0.1852083585277174,0.0533418612478321,3.205132621341444e-05,0.0313045957322169
2012-08-09,1,Late-Cycle,0.1089827646366817,0.661462929134546,0.2292541301172778,1.3451242356933446e-05,0.0002867248689861
2012-08-10,2,Transitional,0.2711322790643558,0.2338504325162492,0.4949726890509488,3.752221134196154e-07,4.422414663811478e-05
2012-08-13,0,Risk-On,0.4902959247408913,0.3107645910523891,0.1989299122307965,1.3138788864262692e-08,9.558837066123007e-06
2012-08-14,1,Late-Cycle,0.2419744651443724,0.4937105446630925,0.2643141411148902,1.4590219797988083e-09,8.476193640738759e-07
2012-08-16,2,Transitional,0.2976142515456031,0.3246922181169129,0.3776905230031099,1.4145443304575235e-10,3.0071933979643435e-06
2012-08-17,0,Risk-On,0.3933491865840268,0.337179416372183,0.2694475031151625,3.952137706346919e-10,2.389353342809575e-05
2012-08-21,1,Late-Cycle,0.301747302630477,0.4222535410802992,0.2759982890773328,3.316295666532344e-09,8.638957284386602e-07
2012-08-22,2,Transitional,0.3069020959508879,0.3604464509849212,0.3326507915961835,1.6237790804155083e-10,6.61306252472339e-07
2012-08-23,0,Risk-On,0.3584242910519737,0.3500857065152268,0.2914890794503796,8.722693173513862e-11,9.2289465991036e-07
2012-08-24,1,Late-Cycle,0.3217345338868748,0.3973369773315293,0.2809278907279107,1.07220914903852e-10,5.979459564198425e-07
2012-08-27,2,Transitional,0.3107440352543712,0.3718873789290709,0.3173667056305375,6.914737598632589e-11,1.8801177556181104e-06
2012-08-29,0,Risk-On,0.3448452786444381,0.3536824647544239,0.3014711157035806,1.9202094365531614e-10,1.140705801333133e-06
2012-08-30,1,Late-Cycle,0.3323179187430422,0.3875467603972696,0.2801336093848203,1.2446502564284975e-10,1.711350912119215e-06
2012-08-31,2,Transitional,0.3066289444316044,0.3856114507396082,0.3074723202127535,2.76573252329319e-10,0.0002872843396166
2012-09-03,0,Risk-On,0.3207900665270212,0.3539823725462505,0.3099472724949902,6.977401965569827e-09,0.0152802814547914
2012-09-04,1,Late-Cycle,0.3224206049374702,0.3644638747015067,0.2889546141894061,5.358109116350139e-07,0.024160370359831
2012-09-05,2,Transitional,0.3077559643192147,0.3608812735522992,0.3038106399328558,1.5126180571408657e-06,0.0275506095774903
2012-09-06,0,Risk-On,0.3246768070756125,0.3526333596948401,0.3030028233323817,2.7243843509413457e-06,0.0196842855129591
2012-09-07,1,Late-Cycle,0.3232010855839983,0.3659989194980995,0.2932523142093492,1.8182887698978584e-06,0.0175458624201922
2012-09-10,2,Transitional,0.314697582831967,0.3650684528130684,0.3084702186726209,2.18691988216436e-06,0.0117615587621995
2012-09-11,0,Risk-On,0.3316895036392673,0.3556106629570275,0.3075857079554042,1.6666155827043353e-06,0.0051124588322967
2012-09-12,1,Late-Cycle,0.3312349423405445,0.3750857361865693,0.2918790437209734,7.597237824900774e-07,0.0017995180282452
2012-09-13,2,Transitional,0.3151350691033306,0.374162394261431,0.3098336301864338,3.065905090782033e-07,0.0008685998574694
2012-09-14,0,Risk-On,0.336366439999013,0.3547934919330693,0.3088311897507745,1.549453138733148e-07,8.723371671367852e-06
2012-09-17,1,Late-Cycle,0.3368604154627933,0.3753405279168852,0.287797223494999,5.1847092896932714e-09,1.82794055437586e-06
2012-09-18,2,Transitional,0.3145443322999759,0.381635003181247,0.3038139286468492,4.989447915300788e-10,6.7353733470077545e-06
2012-09-20,0,Risk-On,0.3294164958880878,0.3523818230494887,0.3180787585115511,1.792289422965638e-09,0.0001229207588398
2012-09-21,1,Late-Cycle,0.3424681994123481,0.3675114155168513,0.2900192874143774,5.5610195846404686e-08,1.042046971440728e-06
2012-09-24,2,Transitional,0.3166912537586419,0.3756262407165447,0.3076815019057106,3.5566383697832743e-09,1.0000615878752684e-06
2012-09-25,0,Risk-On,0.336789928411104,0.3525064503473005,0.3106995437514229,6.582556575525182e-10,4.076832700595908e-06
2012-09-26,1,Late-Cycle,0.3329835939746318,0.3768382669394987,0.2901764323329398,1.9896365735144112e-09,1.7047641469355355e-06
2012-09-27,2,Transitional,0.3172859567977408,0.3607311122201894,0.3219761677846383,9.545408074329291e-10,6.76224360106845e-06
2012-09-28,0,Risk-On,0.3504571133005339,0.3515144100753277,0.2980282924754423,5.2037249429279646e-09,1.7894474674355053e-07
2012-10-01,1,Late-Cycle,0.3230042460224904,0.3861932321081328,0.2908024667839521,5.864402929016068e-10,5.449831942905726e-08
2012-10-03,2,Transitional,0.3217693904706545,0.352498018931189,0.325732512949831,1.5804886437660737e-10,7.748978862751014e-08
2012-10-04,0,Risk-On,0.3538266610362686,0.3579777038696121,0.2881956343107554,2.301024972655104e-10,5.539315794748976e-10
2012-10-05,1,Late-Cycle,0.3170192632799576,0.3869949079571968,0.2959858131794698,3.788365131150251e-11,1.554505329650658e-08
2012-10-08,2,Transitional,0.3241506286615601,0.3507528579058249,0.3250961766793031,3.225705057001839e-11,3.367216791206749e-07
2012-10-09,0,Risk-On,0.3505429006929645,0.3543582789433444,0.29509861309049,5.588674083030673e-10,2.067143138958657e-07
2012-10-10,1,Late-Cycle,0.321266280391733,0.3790700419272073,0.2996542517773542,1.1129713677787043e-10,9.425792778025688e-06
2012-10-11,2,Transitional,0.3282145106857406,0.3574029693658813,0.3143800592558934,3.996722264082725e-09,2.456694931147455e-06
2012-10-12,0,Risk-On,0.3394165181705219,0.3647399131343399,0.2958417499718647,9.180404809625501e-10,1.817805604453665e-06
2012-10-15,1,Late-Cycle,0.3237516295362163,0.3735744691961896,0.3026729608780712,4.943580482822548e-10,9.398949976829064e-07
2012-10-16,2,Transitional,0.3322761499710593,0.3644783533100735,0.3032449797701113,2.8246403168349617e-10,5.166663469848338e-07
2012-10-17,0,Risk-On,0.3292645467406229,0.3777219277072611,0.2930088791475185,1.0403035089081547e-10,4.646300016015624e-06
2012-10-18,1,Late-Cycle,0.3200518521792346,0.3767039134714898,0.3032250061822211,8.429084387121287e-10,1.9227323861099015e-05
2012-10-19,2,Transitional,0.3268448893941173,0.3651694727198966,0.3079582809190431,3.829194980027766e-09,2.7353138502952617e-05
2012-10-22,0,Risk-On,0.3347682978332125,0.366278850739638,0.2989417536731091,3.865657184413178e-09,1.1093888208034242e-05
2012-10-23,1,Late-Cycle,0.3266310477898342,0.3795952390791441,0.2937662781613464,3.0982145210316593e-09,7.431872332684019e-06
2012-10-25,2,Transitional,0.3199863058331663,0.3827558803888107,0.2969912434332919,1.4924467177131161e-09,0.0002665688531422
2012-10-29,0,Risk-On,0.3144539971640226,0.3678085105863212,0.3153647759005771,2.9332226225397463e-08,0.0023726870174632
2012-10-30,1,Late-Cycle,0.3398119994940823,0.3481862806246702,0.3075039362210536,3.7968427537700417e-07,0.0044974039759002
2012-10-31,2,Transitional,0.3256096682460737,0.3941783447486919,0.2789731209819692,1.7454042063024476e-06,0.0012371206199376
2012-11-01,0,Risk-On,0.2970908316479586,0.364529904479992,0.3292496909417056,2.2657279462113659e-07,0.0091293463572969
2012-11-02,1,Late-Cycle,0.3504005014839454,0.3406366873306515,0.3026049944230179,1.492360146943014e-06,0.0063563244026943
2012-11-05,2,Transitional,0.3183998900615042,0.3952346824359528,0.2700739112279433,4.130994089327e-07,0.0162911031743076
2012-11-06,0,Risk-On,0.2671234625553986,0.3672773621733169,0.3236299205921538,1.153104779098415e-06,0.0419681015751228
2012-11-07,1,Late-Cycle,0.1542754585527976,0.3073909901494689,0.2508338825442899,2.570463681590485e-07,0.2874994117071897
2012-11-08,2,Transitional,0.0593448982814801,0.1623496922018616,0.2194372289300841,1.178092788799277e-06,0.5588670024941749
2012-11-09,4,Risk-Off,0.0187498690982206,0.0594074391943627,0.0708047969347178,1.2725867457798046e-06,0.8510366221856586
2012-11-12,4,Risk-Off,0.0032937205241114,0.0180504126266615,0.033119794029405,3.1673858026139027e-06,0.9455329054332824
2012-11-15,4,Risk-Off,0.0003306645425286,0.0022892947814755,0.005039486700623,1.7703055558240146e-06,0.992338783669416
2012-11-16,4,Risk-Off,4.240905159936431e-05,0.0001960522970063,0.0005697573666306,1.599299507845264e-06,0.999190181984426
2012-11-19,4,Risk-Off,1.606534491530902e-05,3.339435866648437e-05,0.0002956119506663,2.066409716283916e-06,0.9996528619354372
2012-11-20,4,Risk-Off,2.534615929463973e-05,1.910190252427017e-05,0.0006881703870515,2.995940833576843e-06,0.9992643856099018
2012-11-21,4,Risk-Off,8.40461731172199e-05,3.263482127317472e-05,0.0007720460026323,2.3703498917479917e-06,0.9991089026530716
2012-11-22,4,Risk-Off,0.0002476244981815,9.500258910675968e-05,0.0010650751879249,5.813238585296722e-06,0.998586484486316
2012-11-23,4,Risk-Off,0.0011603888835572,0.0003312000738965,0.0095721164901459,1.4853086991110758e-05,0.9889214414645096
2012-11-26,4,Risk-Off,0.0107247121413477,0.0020197239914814,0.0594554064984958,8.395848634476411e-05,0.9277161988830392
2012-11-27,4,Risk-Off,0.0715899363501279,0.0160109508101592,0.4383048897874158,0.00013746800491,0.4739567550476363
2012-11-29,2,Transitional,0.4220683007346164,0.1017105023691882,0.4333455486040491,6.73776116530706e-05,0.0428082706807329
2012-11-30,0,Risk-On,0.4338621350135456,0.4118381279283751,0.1542431129038665,5.371073530938775e-06,5.125308083912735e-05
2012-12-03,1,Late-Cycle,0.2076204538132635,0.4617612538100231,0.330618045591153,8.202539364952371e-08,1.6476069500694629e-07
2012-12-04,2,Transitional,0.3569454071007465,0.2944840371425472,0.3485693354384969,1.2465073175354312e-09,1.2190713458673e-06
2012-12-05,0,Risk-On,0.366551778978723,0.3851506798877404,0.2482792725087297,1.9326506923535306e-10,1.8268430892893257e-05
2012-12-06,1,Late-Cycle,0.2837954871288197,0.4013270506967381,0.314854824921287,2.4135356789459532e-09,2.263483880630303e-05
2012-12-07,2,Transitional,0.3405946324051037,0.3413762354261725,0.3180243872027024,2.310039740077978e-09,4.742656852102813e-06
2012-12-10,0,Risk-On,0.3445084484440754,0.3784836120799492,0.2770032309144744,5.190686413560357e-10,4.708041646875969e-06
2012-12-11,1,Late-Cycle,0.3070254802725684,0.3931851842012733,0.2997865019817163,5.738891717925077e-10,2.832969879741041e-06
2012-12-12,2,Transitional,0.3269773061088138,0.3587612966679738,0.3142377895032057,3.393804149967173e-10,2.360738020358832e-05
2012-12-13,0,Risk-On,0.3390745192031563,0.3705962045740972,0.2903102125937986,2.66472986903411e-09,1.906096437894933e-05
2012-12-14,1,Late-Cycle,0.318715737274662,0.3822401695098711,0.2990224454159898,2.316530888962642e-09,2.164548280228986e-05
2012-12-17,2,Transitional,0.3256348411868889,0.3656992085580189,0.3086030132542007,5.082301937052386e-09,6.293191816355433e-05
2012-12-18,0,Risk-On,0.3343601228395518,0.3692132281928207,0.2964199646283318,1.5435684521698576e-08,6.668903069777991e-06
2012-12-19,1,Late-Cycle,0.3254570994770414,0.3734620750448642,0.3010771719778647,2.9646164352541558e-09,3.6505349645438017e-06
2012-12-20,2,Transitional,0.3298238297095466,0.3701612024884609,0.3000115860631185,9.573580237379135e-10,3.380782261339117e-06
2012-12-21,0,Risk-On,0.326734903351603,0.3725452192173535,0.3006645998552171,7.240647262284216e-10,5.527685137707649e-05
2012-12-24,1,Late-Cycle,0.32728210841819,0.3713297469178048,0.3013432108227672,8.973341721590073e-09,4.492486770164143e-05
2012-12-26,2,Transitional,0.3276241651492091,0.3703914371815954,0.3019583705736401,1.024172726782988e-08,2.601685386776485e-05
2012-12-27,0,Risk-On,0.3296758774383067,0.3691937378418421,0.3010601319303174,5.3406324748868545e-09,7.024744843090082e-05
2012-12-28,1,Late-Cycle,0.3264737612158995,0.3760445337651071,0.2972482111384457,1.2566392037212524e-08,0.0002334813143798
2012-12-31,2,Transitional,0.3214987697981773,0.3703381141396766,0.3073318511709604,5.8825536717069973e-08,0.0008312060657604
2013-01-02,0,Risk-On,0.3315539170625622,0.3675661904182654,0.3005474717265581,1.343676737239659e-07,0.000332286425434
2013-01-03,1,Late-Cycle,0.3257139473196224,0.3745281994567983,0.2994719835407027,5.5318621789907803e-08,0.000285814364349
2013-01-04,2,Transitional,0.325429717163682,0.3702354949818835,0.3036985016513042,4.5669895978436564e-08,0.0006362405335377
2013-01-07,0,Risk-On,0.3269697755337036,0.3722866029708191,0.2993996646097521,7.165559313777153e-08,0.0013438852300462
2013-01-08,1,Late-Cycle,0.3214880669489745,0.3701094967987667,0.3048863750746372,1.1670698823756129e-07,0.0035159444704154
2013-01-09,2,Transitional,0.3274162369419791,0.3654240297228376,0.3016387398097598,2.9940232877059285e-07,0.0055206941226696
2013-01-10,0,Risk-On,0.3221297451938533,0.373465404150009,0.2974354050237319,8.379957222494165e-07,0.0069686076373512
2013-01-11,1,Late-Cycle,0.3194375996268037,0.3664690496065558,0.3083006581880412,1.1454286084701254e-06,0.005791547149943
2013-01-14,2,Transitional,0.3319158947862398,0.3624656959844438,0.3034183246782266,1.3869349469273915e-06,0.0021986976156519
2013-01-15,0,Risk-On,0.3289628136211345,0.3764289911548482,0.2941604165599862,5.04249988695692e-07,0.0004472744140765
2013-01-16,1,Late-Cycle,0.3191729622568899,0.3737950500749672,0.3065026965132236,8.411365713252194e-08,0.000529207041159
2013-01-17,2,Transitional,0.3309194575143144,0.3631832368631283,0.3055919431998975,9.94207666008074e-08,0.000305263001908
2013-01-18,0,Risk-On,0.3321658524831613,0.3729604424095693,0.2944922062262879,7.172361671199154e-08,0.0003814271572664
2013-01-21,1,Late-Cycle,0.3182260623968033,0.3817893489909734,0.2994782035113315,1.0761155435339997e-07,0.0005062774899333
2013-01-22,2,Transitional,0.3234643002152482,0.3614900975570628,0.3145665007720465,8.862296007853415e-08,0.0004790128325147
2013-01-23,0,Risk-On,0.3414978678533283,0.365178804917835,0.2932688674090591,6.7817027514497e-08,5.439200262247546e-05
2013-01-24,1,Late-Cycle,0.3199102527592721,0.3879849434990447,0.2920135918439512,9.617512374996897e-09,9.120228077502598e-05
2013-01-25,2,Transitional,0.3161845961055888,0.3658148649143721,0.317779145028455,1.5805374152643303e-08,0.0002213781462708
2013-01-28,0,Risk-On,0.3457723398542424,0.3555870301005102,0.298309523076011,2.3976681601071607e-08,0.000331082992301
2013-01-29,1,Late-Cycle,0.3169103279138012,0.3952555658372584,0.2758227040838327,1.0158789344472956e-08,0.0120113920064958
2013-01-30,2,Transitional,0.2273445162134009,0.3699907331642031,0.3061060337435309,1.957530599496817e-07,0.0965585211257832
2013-01-31,4,Risk-Off,0.1018590506063839,0.2530000551316786,0.2545606651290075,6.2153942039114e-07,0.3905796075938693
2013-02-01,4,Risk-Off,0.036158799114521,0.1036932316893996,0.1550158237211726,1.7778895701158153e-06,0.7051303675850592
2013-02-04,4,Risk-Off,0.0143489047922476,0.0357632747152477,0.0431514468059838,3.3915707972901097e-06,0.9067329821160544
2013-02-05,4,Risk-Off,0.0054760666935969,0.0146571161009514,0.0202029070337466,3.78831477344632e-06,0.9596601218563996
2013-02-06,4,Risk-Off,0.0017075206555975,0.0054747019461404,0.0078862905433905,3.747681697162169e-06,0.9849277391726976
2013-02-07,4,Risk-Off,0.0003618856831116,0.0015842751136113,0.0034368234410501,3.65823652026004e-06,0.9946133575263316
2013-02-08,4,Risk-Off,7.0742562836462e-05,0.0002916196403769,0.0008273488860065,2.9162767490942733e-06,0.9988073726335394
2013-02-11,4,Risk-Off,1.3695377858892542e-05,5.65983837678899e-05,0.0004697074362957,3.458137851342487e-06,0.9994565406633767
2013-02-12,4,Risk-Off,4.396410539832756e-06,1.027086674170159e-05,0.0002568788496031,5.968603592705933e-06,0.9997224852695245
2013-02-13,4,Risk-Off,2.466162785931371e-06,3.4009297299892765e-06,0.0001944694018895,6.280506195825827e-06,0.9997933829987512
2013-02-14,4,Risk-Off,2.088376352154993e-06,2.5320588731803067e-06,0.0002812425059536,5.723338358669891e-06,0.9997084137200856
2013-02-15,4,Risk-Off,1.8747900632207504e-06,1.7764212314905048e-06,0.0001550543770683,9.401501429465258e-06,0.9998318929100034
2013-02-18,4,Risk-Off,3.0412701822133964e-06,1.922803356822857e-06,0.0002016595843985,9.247035846575262e-06,0.9997841293064942
2013-02-19,4,Risk-Off,6.692818839875345e-06,4.7935337269163385e-06,0.0005304477515073,1.1058158659567175e-05,0.9994470077377394
2013-02-20,4,Risk-Off,5.0264412582205e-06,7.361024850345036e-06,0.0003833134940662,7.038607805705296e-06,0.9995972604318738
2013-02-21,4,Risk-Off,1.1244091467958562e-06,2.323016855145552e-06,0.0001056044507549,3.975031309416728e-06,0.9998869730913656
2013-02-22,4,Risk-Off,5.338637228117808e-07,7.875993533611691e-07,0.0001398261247785,3.656374336959055e-06,0.9998551960384208
2013-02-25,4,Risk-Off,3.252528106571084e-07,4.509185609545638e-07,0.0001085550842261,6.568070541683863e-06,0.9998841006738532
2013-02-26,4,Risk-Off,6.4135707319122e-08,8.479400237682163e-08,2.6202631434351187e-05,6.159189853507894e-06,0.9999674892488442
2013-02-27,4,Risk-Off,4.426656875164187e-08,4.5485281033686295e-08,3.388643694088127e-05,4.157847035256165e-06,0.9999618659635214
2013-02-28,4,Risk-Off,1.5225522710974932e-08,1.3438543239461381e-08,1.051833016687112e-05,1.2085605345550637e-05,0.999977367400432
2013-03-01,4,Risk-Off,5.0446561803838546e-08,3.8409708398148655e-08,4.197749784548915e-05,6.509997078494112e-06,0.9999514236490356
2013-03-04,4,Risk-Off,6.100269672855975e-08,4.9659230012188886e-08,3.389793200542709e-05,4.22515761033088e-06,0.9999617662485112
2013-03-05,4,Risk-Off,1.103004830764137e-07,8.230698727240597e-08,5.476109415125132e-05,1.6499714146430646e-06,0.9999433963270992
2013-03-06,4,Risk-Off,2.793150459485159e-07,1.5781842985514293e-07,7.190793541123128e-05,1.4972310165976862e-06,0.9999261576993314
2013-03-07,4,Risk-Off,1.893962292450472e-06,5.782878281067461e-07,0.0001472999276406,1.3551671525064287e-06,0.999848872655456
2013-03-08,4,Risk-Off,1.1918813692031733e-05,4.423301287713081e-06,0.0006257346180228,2.260412037271884e-06,0.999355662854585
2013-03-11,4,Risk-Off,2.4716880964678786e-05,1.7903473738035113e-05,0.0006494482543487,2.9471218666932897e-06,0.999304984269594
2013-03-12,4,Risk-Off,9.492451329133224e-06,2.0364000531386787e-05,0.0004618729355788,2.660661810539091e-06,0.9995056099509898
2013-03-13,4,Risk-Off,3.787372596437882e-06,5.807498545967911e-06,0.000154179450425,1.5054590624805448e-06,0.9998347202195488
2013-03-14,4,Risk-Off,3.0363868910564025e-06,3.6643727036511314e-06,0.0003748041555512,2.0509768242869546e-06,0.9996164441073058
2013-03-15,4,Risk-Off,2.9916232326275374e-06,3.252041810348144e-06,0.0002420814937695,1.877175831561741e-06,0.999749797664772
2013-03-18,4,Risk-Off,9.52721971288446e-07,2.0004126503880545e-06,0.0001872497472461,1.65546473865786e-06,0.9998081416532788
2013-03-19,4,Risk-Off,1.5599783037759922e-07,2.825662627884026e-07,4.649346187071373e-05,1.7567348773691482e-06,0.9999513112391386
2013-03-20,4,Risk-Off,2.6663927961995425e-08,3.1796594730489174e-08,1.8772794477689832e-05,2.5361672246517703e-06,0.999978632577953
2013-03-21,4,Risk-Off,1.02537250559974e-08,8.316513286826723e-09,8.823196413144707e-06,3.860594202017403e-06,0.9999872976392944
2013-03-22,4,Risk-Off,2.8314184257512207e-08,2.170345814058605e-08,2.5192380591335383e-05,1.8025503542863416e-06,0.9999729550510116
2013-03-25,4,Risk-Off,2.5719032704194546e-08,2.175780320843905e-08,1.9500728613339906e-05,2.3606415364144835e-06,0.9999780911529208
2013-03-26,4,Risk-Off,4.164921590398232e-08,2.411868498367209e-08,2.076187269823573e-05,2.6963436467212715e-06,0.999976476016152
2013-03-28,4,Risk-Off,3.835951336392081e-07,1.6483080402446414e-07,0.0001192619855247,1.5096861091673752e-06,0.9998786799026418
2013-04-01,4,Risk-Off,2.838988648986574e-06,8.997951572398314e-07,0.000146671364871,1.5836500611632057e-06,0.9998480062020544
2013-04-02,4,Risk-Off,6.567376257275313e-06,5.494637941742012e-06,0.0009280637199813,3.4898795607086386e-06,0.9990563843861904
2013-04-03,4,Risk-Off,3.836888886741881e-06,5.847218817760244e-06,0.0001994492791999,1.6489223995949998e-06,0.9997892176912808
2013-04-04,4,Risk-Off,3.269607662824344e-07,1.2877201177238e-06,8.713988009214293e-05,5.971667087999634e-06,0.9999052737724036
2013-04-05,4,Risk-Off,4.2218918558287154e-08,6.337527038237833e-08,2.126521808038433e-05,1.8786783845624524e-06,0.9999767505097852
2013-04-08,4,Risk-Off,1.4681830712447378e-08,1.4086345024041848e-08,1.299285276678853e-05,2.620143669468325e-06,0.9999843582359128
2013-04-09,4,Risk-Off,5.8743659294448515e-09,4.9587493348653736e-09,6.177220994833664e-06,6.006930056531256e-06,0.9999878050164251
2013-04-10,4,Risk-Off,5.9331504223730775e-09,4.6604338853083585e-09,6.658142804577721e-06,7.194806428685312e-06,0.999986136457358
2013-04-11,4,Risk-Off,8.747133935242101e-09,7.007688800711497e-09,9.598043758485071e-06,4.874638181344107e-06,0.9999855115633208
2013-04-12,4,Risk-Off,4.815966383046162e-09,3.8002424750743595e-09,5.197384560405274e-06,7.03972820643928e-06,0.999987754270879
2013-04-15,4,Risk-Off,1.3007574432271791e-08,9.515281302809932e-09,1.238875030861786e-05,2.692399814611032e-06,0.9999848963265432
2013-04-16,4,Risk-Off,1.2923859489786042e-07,2.4686808729845906e-08,2.0708002165226737e-05,2.8489706486778237e-06,0.9999762891012154
2013-04-17,4,Risk-Off,1.5284828580562518e-05,1.3215960711575134e-06,0.0004265490259198,8.2923527526626e-06,0.999548552196558
2013-04-18,4,Risk-Off,0.0013821857496208,0.0001182797994869,0.030620835885831,8.759373512846246e-05,0.9677911048302992
2013-04-22,4,Risk-Off,0.0406315193757943,0.0046359293691571,0.3462193303192271,0.0002463258357406,0.6082668951005693
2013-04-23,2,Transitional,0.3366878740247138,0.0656777463565075,0.4649943212167741,0.0001983292431395,0.1324417291592118
2013-04-25,0,Risk-On,0.453562601077605,0.3353586835729797,0.1974675007866604,0.0001503684210725,0.013460846141757
2013-04-26,1,Late-Cycle,0.2370653635086385,0.4532716757112495,0.3079127882461795,1.6115418034081947e-05,0.0017340571157984
2013-04-29,2,Transitional,0.333048923331267,0.3035674384017788,0.3631534356520166,3.173434681315676e-06,0.0002270291800636
2013-04-30,0,Risk-On,0.3776785829340109,0.360258511797188,0.2619982791111052,4.325980291861839e-07,6.419355940662351e-05
2013-05-02,1,Late-Cycle,0.2938604667538901,0.3992004329710832,0.3069053834237616,1.0007566164710341e-07,3.3616775178832404e-05
2013-05-03,2,Transitional,0.3308303569412126,0.3407863282454714,0.328234671530264,3.3660038186740984e-08,0.0001486096228366
2013-05-06,0,Risk-On,0.3469810730729102,0.3600828723028554,0.292803636934573,8.565733264325675e-08,0.0001323320317365
2013-05-07,1,Late-Cycle,0.3212133127056935,0.3724719483000754,0.3063092265809097,1.3466383307910988e-07,5.377749274080682e-06
2013-05-08,2,Transitional,0.3329403287644649,0.3588442601501386,0.3082148668807443,6.856645856905592e-08,4.7563747629225e-07
2013-05-09,0,Risk-On,0.3341294760091129,0.367272710217696,0.2985974011367881,2.3173672049947562e-08,3.894620631441418e-07
2013-05-10,1,Late-Cycle,0.3253139006877483,0.3652981816209721,0.3093877746217768,1.6584835969180994e-08,1.264843815742199e-07
2013-05-13,2,Transitional,0.3371862787136171,0.3567965886954526,0.3060164487741534,1.0525766892724177e-08,6.732916785341412e-07
2013-05-14,0,Risk-On,0.3297155367454526,0.3725775095638923,0.2977053815182329,1.496076629203881e-08,1.5572119080689202e-06
2013-05-15,1,Late-Cycle,0.3245515388106428,0.3565001718827146,0.3189479180741813,1.3299813702072537e-07,2.3823486420558202e-07
2013-05-16,2,Transitional,0.3418452321405354,0.3506931569288736,0.3074614625332213,1.3033041558373776e-07,1.8067170651346363e-08
2013-05-17,0,Risk-On,0.3333672472176739,0.3594176103847244,0.3072150489867197,7.874813934586195e-08,1.4662677332568442e-08
2013-05-20,1,Late-Cycle,0.3362081878189394,0.3574786856750494,0.3063122123113306,1.1917909914338697e-08,9.022769004180372e-07
2013-05-21,2,Transitional,0.3336257659373114,0.374152109153853,0.2922183642655367,3.2958093811501923e-09,3.75734818974017e-06
2013-05-22,0,Risk-On,0.3128456516474423,0.3696425960964409,0.317422108732088,1.599632364435922e-09,8.96419245933452e-05
2013-05-23,1,Late-Cycle,0.3475302369760814,0.3368740436720032,0.3125936340467964,2.0903294969845382e-08,0.0030020644023409
2013-05-24,2,Transitional,0.324948623777249,0.4022696021138242,0.2676290164817332,1.156100998813253e-06,0.0051516015261709
2013-05-27,0,Risk-On,0.2817986582835285,0.3431270121024257,0.3688327640549469,3.945864671667735e-06,0.006237619694354
2013-05-28,1,Late-Cycle,0.4078645380827706,0.298896197125113,0.2850146240525296,2.2451662872191472e-06,0.008222395573728
2013-05-29,2,Transitional,0.2251860355455429,0.4874961902244262,0.1964311868443264,1.0985124863650298e-06,0.0908854888739327
2013-05-30,4,Risk-Off,0.0382444106922325,0.2224305167714385,0.4398723358710066,2.810191936008747e-06,0.2994499264725153
2013-05-31,4,Risk-Off,0.0036987552145595,0.02306681850621,0.0551913705188512,2.1875236117916883e-06,0.9180408682374246
2013-06-03,4,Risk-Off,0.0002648090959227,0.0020160176194056,0.0055684969612754,5.539203094079814e-06,0.9921451371201434
2013-06-04,4,Risk-Off,8.341833738906265e-06,7.988616001320608e-05,0.0003045557122858,5.02976076398648e-06,0.9996021865326764
2013-06-05,4,Risk-Off,2.331552559146457e-07,1.4773920551906048e-06,4.675448146977286e-05,3.622525561715793e-06,0.9999479124449878
2013-06-06,4,Risk-Off,5.51986303500489e-08,6.939375337697562e-08,3.48538842739842e-05,3.1799869374176605e-06,0.9999618415372444
2013-06-07,4,Risk-Off,3.1678001856080435e-08,2.8558237997144586e-08,2.3561967241132406e-05,4.449296971609886e-06,0.9999719284998908
2013-06-10,4,Risk-Off,1.797739493332487e-08,1.4847696251398698e-08,1.4883519105170736e-05,5.064770643179566e-06,0.9999800188847896
2013-06-11,4,Risk-Off,2.248877629288013e-08,1.7549100530306982e-08,1.973665634421777e-05,3.3644780310771865e-06,0.9999768588280916
2013-06-12,4,Risk-Off,2.0945806673431644e-08,1.7538112987950123e-08,1.9546827456009936e-05,4.1299764603041865e-06,0.999976284712098
2013-06-13,4,Risk-Off,2.734875457479944e-09,2.3685616615269062e-09,2.978748632909482e-06,1.4897217224293755e-05,0.9999821189301448
2013-06-14,4,Risk-Off,3.9374558742953555e-09,2.884586858883348e-09,4.684921192813728e-06,7.760323254344597e-06,0.9999875479327262
2013-06-17,4,Risk-Off,9.566500550414321e-09,6.784655633365199e-09,1.0367557229326564e-05,7.400049817798153e-06,0.999982216042438
2013-06-18,4,Risk-Off,2.1400191920506515e-08,1.4285949766046896e-08,1.8893253829181815e-05,1.356959010848066e-05,0.9999675014702368
2013-06-19,4,Risk-Off,5.3632343168612576e-08,4.5250703192638963e-08,5.100330381977072e-05,1.860081001477909e-05,0.999930297003736
2013-06-20,4,Risk-Off,1.8766031495375912e-09,1.654426422374592e-09,1.7381004908156455e-06,5.125369967184372e-05,0.9999470046696356
2013-06-21,4,Risk-Off,5.049770634832408e-09,3.6239084436812174e-09,6.1918114567276926e-06,1.5599936584736542e-05,0.9999781995786904
2013-06-24,4,Risk-Off,4.462719609553161e-09,3.2333223927719756e-09,5.807357988136802e-06,6.254201875120141e-05,0.9999316429265994
2013-06-25,4,Risk-Off,1.0984912912454143e-09,8.278463992219409e-10,1.5455096086609796e-06,0.000129594032945,0.9998688585306572
2013-06-26,4,Risk-Off,8.40529774638222e-10,6.030356466412588e-10,1.3022066040870653e-06,0.0001757895708488,0.9998229067782474
2013-06-27,4,Risk-Off,1.4316052185299607e-09,1.0261614054299115e-09,2.0401122118244757e-06,0.0001128118249111,0.9998851456045276
2013-06-28,4,Risk-Off,5.316817271452599e-09,2.58734322310852e-09,4.776130247633763e-06,5.909653806459877e-05,0.9999361194272745
2013-07-01,4,Risk-Off,1.226986312726795e-07,7.29852807926988e-08,0.0001043768643657,2.3415270185494e-05,0.9998720121823256
2013-07-02,4,Risk-Off,1.0847445089649095e-07,1.0079627905619065e-07,5.030864468684735e-05,3.0016234474771845e-05,0.9999194658501164
2013-07-03,4,Risk-Off,3.314102076500436e-08,2.66620523260055e-08,1.9265393523300347e-05,0.0001801818915067,0.9998004929119676
2013-07-04,4,Risk-Off,1.2031802614127646e-07,5.866777299215425e-08,6.009766513756816e-05,0.0011838557072763,0.99875586764248
2013-07-05,4,Risk-Off,3.736664928437552e-07,2.6305862873814186e-07,0.0001849943429802,0.0063643439108306,0.993450025021763
2013-07-08,4,Risk-Off,8.593179761575524e-07,2.49372391934829e-07,5.49620243926327e-05,0.0205719728129051,0.9793719564731744
2013-07-09,4,Risk-Off,1.6817387505908538e-05,2.0054172016851645e-06,0.000462194258375,0.0878704702286283,0.9116485127087488
2013-07-10,4,Risk-Off,0.0004252887316292,5.293275515475587e-05,0.0045648513479994,0.2612524710910645,0.7337044560734195
2013-07-11,3,Post-Shock,0.006048973992871,0.000826728901018,0.0591283004022832,0.7101584368121968,0.2238375598917607
2013-07-12,3,Post-Shock,0.0563211300534489,0.0102458042861671,0.0616115246681635,0.8559880103675711,0.0158335306240851
2013-07-15,3,Post-Shock,0.0604219111812303,0.0525917704682674,0.0421912637736403,0.8370730796669833,0.007721974910183
2013-07-16,3,Post-Shock,0.0458434779837247,0.0601165260115366,0.0635306555199018,0.8189849225345647,0.0115244179508785
2013-07-17,3,Post-Shock,0.0630851642239475,0.0551129172454761,0.1033608246165164,0.768515622767779,0.0099254711464818
2013-07-18,2,Transitional,0.1029648969788809,0.0645374898523364,0.2955996502656151,0.5340173764536863,0.0028805864502857
2013-07-19,0,Risk-On,0.2883892203196185,0.1167988200906376,0.3690596302637312,0.2256570287622528,9.5300563352024e-05
2013-07-22,1,Late-Cycle,0.3531373232334249,0.3111337876405896,0.2241535648550575,0.1115275575351467,4.776673553426129e-05
2013-07-23,2,Transitional,0.2475326723356831,0.3299983601642776,0.3646573037512637,0.0578108532438162,8.10505460787128e-07
2013-07-24,0,Risk-On,0.409437786995701,0.2741239522616339,0.2751187883008154,0.0412230644739535,9.640796701271876e-05
2013-07-25,1,Late-Cycle,0.2597810874170935,0.4857718006406576,0.2159925449451816,0.032061985880801,0.0063925811171244
2013-07-26,2,Transitional,0.0334689098104658,0.2345725436376782,0.4587863370763549,0.0117417696406505,0.2614304398353156
2013-07-29,4,Risk-Off,0.0017845629609465,0.0181245993919084,0.0496398166027111,0.0003909328923926,0.9300600881528396
2013-07-30,4,Risk-Off,4.895869861110404e-05,0.0003601386675851,0.0010312552108327,1.2055244784275808e-05,0.9985475921782286
2013-07-31,4,Risk-Off,2.9844209823050045e-06,1.8833027856910105e-05,0.0001533327329532,3.1079500375397324e-06,0.9998217418679778
2013-08-01,4,Risk-Off,5.278440260155862e-07,1.6358446755501325e-06,0.0001502316682455,2.6931273595605227e-06,0.9998449115158426
2013-08-02,4,Risk-Off,1.2504573962780732e-07,1.6450527570401005e-07,3.551027171213413e-05,1.9407758686440464e-06,0.99996225940146
2013-08-05,4,Risk-Off,9.066415414507889e-08,9.422835884141417e-08,6.124185781588727e-05,2.4447792037911757e-06,0.999936128470712
2013-08-06,4,Risk-Off,3.126458394422844e-08,3.16790746359118e-08,2.1447740299801912e-05,8.222439934364834e-06,0.9999702668756308
2013-08-07,4,Risk-Off,4.355714952919481e-09,3.647894120868624e-09,4.19848692202257e-06,1.9897998908446057e-05,0.9999758955104224
2013-08-08,4,Risk-Off,1.5380860325476892e-08,1.1834690200701362e-08,1.6746709474527998e-05,9.6178686908867e-05,0.999887047388687
2013-08-12,4,Risk-Off,9.00465556644129e-09,7.779485609326561e-09,9.004557223159442e-06,0.0003651580342302,0.9996258206252878
2013-08-13,4,Risk-Off,6.039622774977611e-09,4.840548781493051e-09,6.633893766906055e-06,0.0018727989487651,0.9981205562779164
2013-08-14,4,Risk-Off,2.8111681064580904e-09,2.19828188603744e-09,3.132186718093553e-06,0.0307663734068666,0.969230489397442
2013-08-16,3,Post-Shock,1.2384121759218205e-12,8.626174689260742e-13,1.845046719764486e-09,0.7246785655898494,0.2753214325622192
2013-08-19,3,Post-Shock,1.0185450006029195e-14,6.821884242329241e-15,2.004739511451308e-11,0.9980194634340198,0.0019805365462587
2013-08-20,3,Post-Shock,1.4378247862094158e-18,7.477084266830382e-18,1.4837489415436803e-14,0.9999765831211912,2.3416878933305004e-05
2013-08-21,3,Post-Shock,5.8659487343527735e-21,1.9933703863431397e-18,4.290722796286461e-15,0.9999999526153271,4.7384559494289126e-08
2013-08-22,3,Post-Shock,5.771949998483863e-21,2.0786604212896556e-17,4.445259473029329e-14,0.9999995436283956,4.563716558764751e-07
2013-08-23,3,Post-Shock,7.513709457010236e-21,2.2278000275658588e-17,4.6503924169277046e-14,0.9999996154893608,3.8451027785347653e-07
2013-08-26,3,Post-Shock,3.2379017522754616e-21,1.0668687209375535e-17,1.800312464338203e-14,0.9999995440122024,4.559874492493544e-07
2013-08-27,3,Post-Shock,1.2635106987237151e-23,2.9988105615851105e-20,8.021646912343113e-17,0.999999961002687,3.899816647140908e-08
2013-08-28,3,Post-Shock,1.5763534315010286e-22,5.399292239239506e-19,1.3383425196265614e-15,0.9999999871288312,1.2870682032087209e-08
2013-08-29,3,Post-Shock,3.2129501025384965e-20,9.971574727963507e-17,2.4132193697310073e-13,0.999999676634668,3.23365540707669e-07
2013-08-30,3,Post-Shock,5.932770865008019e-19,1.5089222346145796e-15,3.1279682685614768e-12,0.9999988889691654,1.1110275068800427e-06
2013-09-02,3,Post-Shock,6.382968769057966e-22,7.015678006870166e-19,1.4148162294593493e-15,0.9999989236790832,1.07632058794685e-06
2013-09-03,3,Post-Shock,6.880415317083431e-25,4.762507190564966e-22,1.5483187364096422e-18,0.9999999997471604,2.534756658427354e-10
2013-09-04,3,Post-Shock,2.3049870300507194e-24,5.562882172353774e-21,1.8738075501293078e-17,0.9999999955052772,4.494551335598772e-09
2013-09-05,3,Post-Shock,4.1224012240603967e-25,8.988512767488303e-22,3.3458572693725392e-18,0.999999998959538,1.039573841971464e-09
2013-09-06,3,Post-Shock,1.4695971280585433e-27,3.411127277105323e-24,9.719357157105702e-21,0.9999999994397512,5.597992291784574e-10
2013-09-10,3,Post-Shock,8.811606357951148e-29,1.530226238572566e-25,6.120042073190225e-22,1.0,8.343368262925484e-14
2013-09-11,3,Post-Shock,8.669367201881554e-28,1.6034067838448151e-24,6.362583082286233e-21,1.0,2.5312789294673997e-13
2013-09-12,3,Post-Shock,1.9674165660687617e-27,3.660201931708274e-24,1.5240455050379312e-20,0.999999999998181,2.18118680667289e-12
2013-09-13,3,Post-Shock,2.37953949951318e-26,4.607666682566602e-23,1.8099488923003773e-19,0.999999999992724,7.2074808587039846e-12
2013-09-16,3,Post-Shock,3.36684793168162e-26,6.561254471663996e-23,2.6651871311374497e-19,0.9999999999672582,3.2158827455582347e-11
2013-09-17,3,Post-Shock,4.502632751096041e-25,1.1178901387512009e-21,2.518523194617745e-18,0.9999999999326974,6.679383332447017e-11
2013-09-18,3,Post-Shock,1.3106574429700221e-30,2.3801832824291957e-27,5.026029563789528e-24,0.999999999996362,3.04654746983596e-12
2013-09-19,3,Post-Shock,8.708487218457812e-33,1.1149811655317949e-29,3.470644848320741e-26,1.0,4.162788023025776e-18
2013-09-20,3,Post-Shock,2.119229217273579e-29,4.1741298246121596e-26,1.3379793218097493e-22,1.0,1.2424500473622056e-17
2013-09-23,3,Post-Shock,2.071258789428733e-27,4.281331016649955e-24,1.3116023127575271e-20,1.0,7.725229839642786e-14
2013-09-24,3,Post-Shock,6.859805097035578e-27,1.4520257959135044e-23,4.281148199019918e-20,1.0,7.161400366229865e-13
2013-09-25,3,Post-Shock,3.3708396654426397e-28,7.009119222562117e-25,2.0741650413488816e-21,0.999999999998181,1.1313866944708485e-12
2013-09-26,3,Post-Shock,8.642164254020026e-27,2.0459691752713348e-23,4.259138037650272e-20,1.0,3.184677237967525e-14
2013-09-27,3,Post-Shock,2.902169520798339e-23,6.412178428594763e-20,1.369564294261413e-16,1.0,1.64889004717097e-13
2013-09-30,3,Post-Shock,4.862258719970178e-22,1.0873812317255065e-18,2.1937940026530037e-15,0.9999999996416592,3.583626791338384e-10
2013-10-01,3,Post-Shock,3.742687772584576e-22,3.3302022798524973e-19,6.556246238390299e-16,0.999999999499778,5.00039649521749e-10
2013-10-03,3,Post-Shock,8.243218679552761e-22,6.497520156748903e-20,4.912511783217026e-17,0.9999999999308784,6.899374422594229e-11
2013-10-04,3,Post-Shock,3.934696069684997e-17,5.495840836616992e-15,2.185640148350178e-12,0.999999999990905,6.206830794633986e-12
2013-10-07,3,Post-Shock,2.059058655400533e-12,2.935408404126727e-11,9.641643529218096e-09,0.9999999894589564,8.67253096060379e-10
2013-10-08,3,Post-Shock,8.836845389659288e-09,2.1764259761810837e-08,6.158830861569794e-06,0.9999937709429388,3.962574890312467e-08
2013-10-09,3,Post-Shock,5.696543536016693e-06,1.0332825918602797e-06,0.000191419122101,0.9997993610958604,2.48995623198257e-06
2013-10-10,3,Post-Shock,0.0001713429131178,5.518971573161317e-05,0.0080109883870197,0.9909917733400934,0.0007707056443447
2013-10-11,3,Post-Shock,0.0073056164634692,0.0009041508896,0.0183607265455901,0.972697018956704,0.0007324871450261
2013-10-14,3,Post-Shock,0.0173534723764334,0.0077192224661474,0.0344808249276525,0.9402842952202898,0.0001621850092787
2013-10-15,3,Post-Shock,0.0333848304512674,0.018270360844683,0.0314686518811695,0.916721195561272,0.0001549612619105
2013-10-17,3,Post-Shock,0.0317641179776621,0.0335666508984948,0.0364462877923653,0.8978873204863771,0.0003356228446109
2013-10-18,3,Post-Shock,0.0376025184343361,0.0333033614471008,0.0588975037668401,0.8701259903137997,7.062603858931243e-05
2013-10-21,3,Post-Shock,0.0593022612723831,0.0396725072765023,0.1484996949938897,0.7511729505990953,0.001352585857921
2013-10-22,2,Transitional,0.1395337318136952,0.07092852735743,0.5377238689683619,0.2182923944835188,0.0335214773761865
2013-10-23,0,Risk-On,0.5068486358662446,0.1705972972028256,0.2742792679010729,0.031835632671877,0.0164391663576163
2013-10-24,1,Late-Cycle,0.2987642676541577,0.4797775275319688,0.2198642211117369,0.0012047853825035,0.0003891983188269
2013-10-25,2,Transitional,0.2573472641529043,0.3572514391961677,0.3852015181740678,6.883180810795466e-05,0.0001309466679434
2013-10-28,0,Risk-On,0.3977145212457325,0.3044960389660731,0.2976709096556762,3.146038524295342e-06,0.0001153840933385
2013-10-29,1,Late-Cycle,0.3259990974508785,0.4120192300489301,0.2619813238113379,2.641017842052492e-07,8.458734126774426e-08
2013-10-30,2,Transitional,0.2969430769303264,0.3723605754545606,0.3306961897582408,2.535140428698017e-08,1.3250631227648098e-07
2013-10-31,0,Risk-On,0.3506746557567212,0.3387387473903559,0.3105865871590015,4.654761315185112e-09,5.039704734648967e-09
2013-11-01,1,Late-Cycle,0.3450409514709592,0.3651706834775575,0.2897883436513087,4.77697668481037e-10,2.0921668778892982e-08
2013-11-05,2,Transitional,0.3198377913456514,0.3952152434160018,0.2849468525528477,1.5521199399619755e-11,1.1267070168102177e-07
2013-11-06,0,Risk-On,0.3109211296075839,0.3644824098307251,0.3245964087127289,1.6261451959644138e-11,5.1832055408321515e-08
2013-11-07,1,Late-Cycle,0.363357873958727,0.3457804799304168,0.290861593931685,7.362566149292164e-12,5.21724241471341e-08
2013-11-08,2,Transitional,0.3161139158533078,0.4315410538784123,0.2523449998327448,1.8122138311455057e-11,3.0416520516597116e-08
2013-11-11,0,Risk-On,0.2731696227016134,0.3630939273994941,0.3546623706040528,2.573505480950173e-12,0.0090740792930478
2013-11-12,1,Late-Cycle,0.3094939972710351,0.3156980219248367,0.2815501731823833,1.216739232875128e-07,0.093257685948093
2013-11-13,2,Transitional,0.2812386620286998,0.3362954649858929,0.2712181271932138,9.808453460265233e-06,0.1112379373389151
2013-11-14,0,Risk-On,0.2933053931529168,0.3136587990760403,0.3781151221963598,7.45341625372168e-05,0.0148461514127857
2013-11-18,1,Late-Cycle,0.3943144125532748,0.3352075314725005,0.2704618223000463,1.507783496932852e-05,1.1558386027653466e-06
2013-11-19,2,Transitional,0.3032679287760755,0.4292271684462226,0.2675030497486309,1.525958956836463e-06,3.2707057301499136e-07
2013-11-20,0,Risk-On,0.2920635714711906,0.3640647830737198,0.3416573643766674,6.759457214073532e-07,0.0022136051328781
2013-11-21,1,Late-Cycle,0.3512007571265744,0.3328258412150691,0.3142512880271356,4.27197884723169e-05,0.001679393842528
2013-11-22,2,Transitional,0.3357631029030699,0.372829514782084,0.2911195704505258,6.461064570904357e-05,0.0002232012181028
2013-11-25,0,Risk-On,0.3118909831485847,0.38639051654116,0.301276673959425,4.011386858514364e-05,0.0004017124819238
2013-11-26,1,Late-Cycle,0.3112073837226627,0.3461587477258523,0.3379533603769531,2.527452258613686e-05,0.0046552336515105
2013-11-27,2,Transitional,0.359610399330202,0.327613958001773,0.3093249792408074,2.8197422759478237e-05,0.0034224660045257
2013-11-28,0,Risk-On,0.3274201594663987,0.4019850740640281,0.2705467478868642,2.7480730934977544e-05,2.053785181749925e-05
2013-11-29,1,Late-Cycle,0.2922183801878811,0.3624404792264852,0.3417172968801571,8.848376351112352e-06,0.0036149953283008
2013-12-02,2,Transitional,0.3569752898902355,0.328579157903787,0.3122409738335903,1.1475447791810348e-05,0.002193102924316
2013-12-03,0,Risk-On,0.3333743462165606,0.3822261088821114,0.284004779462115,2.082311595258627e-05,0.0003739423226467
2013-12-04,1,Late-Cycle,0.3045219041587066,0.3764277665036888,0.318996733043672,1.5235529897296968e-05,3.836076360982646e-05
2013-12-05,2,Transitional,0.338244037123102,0.3421982899051995,0.3187507898704186,3.795113458229805e-06,0.0008030879887195
2013-12-06,0,Risk-On,0.3363212428021205,0.3683375191104027,0.2951066660522652,1.691537515766573e-06,0.0002328804984661
2013-12-09,1,Late-Cycle,0.3211165857852136,0.3637926870875633,0.3147027196549728,6.658840179868582e-07,0.0003873415881803
2013-12-10,2,Transitional,0.3330628226457622,0.3569073118479307,0.308488908139277,8.946363423945147e-07,0.0015400627305929
2013-12-11,0,Risk-On,0.3273667101976632,0.3556879625493903,0.3138136879904862,6.184846367228177e-06,0.0031254544169746
2013-12-12,1,Late-Cycle,0.3308694949619429,0.3626219256247044,0.286082137116771,2.386993411081137e-06,0.0204240553039061
2013-12-13,2,Transitional,0.2398337404765919,0.3782063238732833,0.2947597166556265,2.6558369919098003e-06,0.0871975631572685
2013-12-16,4,Risk-Off,0.14513482534261,0.2385657143934045,0.3160258663124815,3.0250765275750512e-06,0.3002705688756748
2013-12-17,4,Risk-Off,0.1210175259096503,0.1519862605093478,0.1386124975060145,5.260143549255942e-06,0.5883784559318029
2013-12-18,4,Risk-Off,0.1323948445045652,0.1346606618462592,0.1376002456542294,4.568371071149164e-05,0.5952985642835036
2013-12-19,4,Risk-Off,0.1456654899506675,0.1453157161632794,0.2071970109851215,0.0002597429571719,0.5015620399440649
2013-12-20,2,Transitional,0.2242474387949254,0.166682436624129,0.5698401298832118,0.0002726908408941,0.0389573038576923
2013-12-23,0,Risk-On,0.5554062391261791,0.25541546803747,0.1859981182417039,5.1806470454637735e-05,0.0031283681247671
2013-12-24,1,Late-Cycle,0.2269030162564835,0.5400988827851687,0.2322636463088812,2.691266196584254e-06,0.0007317633839212
2013-12-26,2,Transitional,0.2599414569510574,0.3096826467122623,0.4301463137388135,2.6186814941425137e-07,0.0002293207304407
2013-12-27,0,Risk-On,0.4474932000270535,0.2843958504068661,0.2681104474163763,2.5318614368549484e-08,4.768313041935209e-07
2013-12-30,1,Late-Cycle,0.3120571766507721,0.4802065092660629,0.2077034827903758,1.0475676931998632e-09,3.283024539125531e-05
2013-12-31,2,Transitional,0.211531572415505,0.3993917558325239,0.3875427172321184,9.66868442417749e-09,0.0015339448518038
2014-01-02,4,Risk-Off,0.1608256000400633,0.2183676618359025,0.2957120390635592,5.9625691365779905e-09,0.3250946930983954
2014-01-03,4,Risk-Off,0.2166932293721192,0.1671516398415947,0.1474812818813866,1.2514660593616528e-06,0.4686725974392912
2014-01-06,4,Risk-Off,0.1160342388600769,0.2665150049274503,0.1111659252366307,9.348752241356888e-06,0.5062754822227483
2014-01-07,4,Risk-Off,0.0148940036938961,0.1153385086196329,0.2382801653380703,1.2119701043571888e-05,0.6314752026479886
2014-01-08,4,Risk-Off,0.0010626268840381,0.0073676341428892,0.0172782123302798,1.0773385263357715e-06,0.97429044930476
2014-01-09,4,Risk-Off,0.0003210755253763,0.000610496817878,0.0011740096739777,1.974050574854761e-06,0.997892443932586
2014-01-10,4,Risk-Off,0.0003382064228516,0.0003353673171313,0.0011084997253855,3.674595325717122e-06,0.9982142519384724
2014-01-13,4,Risk-Off,0.0012846364897953,0.0004603030874911,0.0121928390337055,1.5921170018021646e-05,0.9860463002181424
2014-01-14,4,Risk-Off,0.0144416332670197,0.0023167700434878,0.0895293035895162,7.858593658837437e-05,0.8936337071626347
2014-01-15,4,Risk-Off,0.0964207928982557,0.0219150037931835,0.3090874456037558,0.0001176381658253,0.5724591195387454
2014-01-16,4,Risk-Off,0.287154075913606,0.1171246935219513,0.1855298752259325,0.0001037842395716,0.4100875710987895
2014-01-17,4,Risk-Off,0.2053618294671213,0.2637016362428324,0.1706075949678914,1.7859723971495935e-05,0.3603110795978013
2014-01-20,4,Risk-Off,0.1884715918609353,0.2635327676217632,0.2102789281975939,1.683574493180934e-05,0.3376998765744232
2014-01-21,4,Risk-Off,0.2035324831041424,0.2216293745938307,0.2786081435399602,1.1249219073054477e-05,0.2962187495428133
2014-01-22,4,Risk-Off,0.3063689930650575,0.1898679918221583,0.2098240003273319,4.684354089301449e-06,0.2939343304311725
2014-01-23,4,Risk-Off,0.1780650805518044,0.3948292991265813,0.0749535545269256,4.598836393861086e-06,0.3521474669580521
2014-01-24,4,Risk-Off,0.0281357787323903,0.1930919955653229,0.3882377972609244,1.5046805219726526e-05,0.3905193816363244
2014-01-27,4,Risk-Off,0.0012756601092759,0.0135616696815291,0.0330647439190431,1.0258316595488203e-06,0.9520969004587352
2014-01-28,4,Risk-Off,5.34416300316426e-05,0.0003711271844911,0.0010092662796249,1.3721360307118285e-06,0.998564792770192
2014-01-29,4,Risk-Off,3.0464546267440976e-06,2.534461014099042e-05,0.0002147812283421,2.238193398959708e-06,0.9997545895141048
2014-01-30,4,Risk-Off,3.125612589028119e-07,8.841780439954228e-07,5.824799880391013e-05,2.1090401870328037e-06,0.9999384462217108
2014-01-31,4,Risk-Off,1.9194611557189575e-07,2.504680096415483e-07,9.327796033896466e-05,2.6117363647137867e-06,0.9999036678891507
2014-02-03,4,Risk-Off,1.019563589378325e-07,8.776259519360688e-08,3.036889808238117e-05,1.755144932330345e-06,0.9999676862371925
2014-02-04,4,Risk-Off,3.077093873327454e-07,1.7493080921423193e-07,0.0001061352153778,2.257986200897394e-06,0.9998911241575574
2014-02-05,4,Risk-Off,1.234033200502545e-06,6.113052362532177e-07,0.0001494173188488,1.8655596610809864e-06,0.9998468717823276
2014-02-06,4,Risk-Off,1.965858001544851e-06,1.9544685673299715e-06,0.0004037670837727,3.861475665885482e-06,0.9995884511145628
2014-02-07,4,Risk-Off,1.5252868350494591e-06,1.3936870465625054e-06,0.0001044729359357,1.3797629173882523e-06,0.9998912283270192
2014-02-10,4,Risk-Off,2.004042999230483e-06,1.3868698519067738e-06,0.0001569436886559,1.827165244094585e-06,0.9998378382335276
2014-02-11,4,Risk-Off,3.212135167811766e-06,3.580982087778798e-06,0.0007137340938368,1.2668215835785235e-05,0.9992668045723004
2014-02-12,4,Risk-Off,9.64174802924663e-07,1.8359557090173545e-06,9.312103869897716e-05,1.5471678298849905e-06,0.9999025316638488
2014-02-13,4,Risk-Off,3.298381881284904e-08,8.338600960123842e-08,1.5748271974795894e-05,2.781862594102628e-06,0.9999813534951938
2014-02-14,4,Risk-Off,3.9268420033502025e-08,2.3777927528535926e-08,2.009876276858046e-05,2.135955514713976e-06,0.999977702236117
2014-02-18,4,Risk-Off,2.7814089994932933e-07,1.6349763198374574e-07,0.000121259626676,1.417929461863977e-06,0.9998768808055204
2014-02-19,4,Risk-Off,4.006367059771404e-07,4.262172250295245e-07,0.0001329351796013,1.664620249177716e-06,0.9998645733463856
2014-02-20,4,Risk-Off,1.9457238580393705e-07,1.495161352166739e-07,3.4542921905963044e-05,3.5934266333851447e-06,0.9999615195629926
2014-02-21,4,Risk-Off,3.2424251397512173e-06,4.206688053056816e-07,0.0001245294256323,2.063315127894477e-06,0.9998697441645048
2014-02-24,4,Risk-Off,0.0001397373203483,1.4792726626772035e-05,0.0024864121078046,1.4754923521379116e-05,0.9973443029211404
2014-02-25,4,Risk-Off,0.0056967485643419,0.0005724251034972,0.0993769392997525,8.889619207171023e-05,0.8942649908408628
2014-02-26,4,Risk-Off,0.1103975372582081,0.0145800160469388,0.4754589585579582,0.0001535354431437,0.3994099526939059
2014-02-28,2,Transitional,0.4549352596765235,0.1405512526752498,0.3767804547740746,5.51055383801575e-05,0.0276779273364176
2014-03-03,0,Risk-On,0.3829630639558175,0.4407787718289044,0.1677577115800703,5.442831743810436e-06,0.0084950098028545
2014-03-04,1,Late-Cycle,0.2158757534892454,0.4182733287910924,0.3656275682548213,1.1262464502455138e-06,0.0002222232181911
2014-03-05,2,Transitional,0.3849450656044362,0.2898954667456905,0.3251093727135884,5.63289218733777e-08,5.003860664766158e-05
2014-03-06,0,Risk-On,0.3445683983535719,0.4078377689821539,0.2475894264263523,2.9467360961062065e-08,4.376769740977119e-06
2014-03-07,1,Late-Cycle,0.2854183398367023,0.3806752087655544,0.3339063065833756,5.673116157187214e-09,1.3914174416899346e-07
2014-03-10,2,Transitional,0.3581963908653941,0.334502239114029,0.3073008287863213,8.619240864680434e-10,5.403715528019083e-07
2014-03-11,0,Risk-On,0.3324056886479459,0.3871589664620414,0.2804341234146937,6.948292624395013e-10,1.2207811146533084e-06
2014-03-12,1,Late-Cycle,0.3121754783052665,0.3712360261762636,0.3165872482008564,5.754770959788028e-10,1.2467427300481054e-06
2014-03-13,2,Transitional,0.3421299575453403,0.3550895637602935,0.3027777306885226,8.279668295211955e-10,2.747178250749023e-06
2014-03-14,0,Risk-On,0.3293832850716423,0.3774171726702808,0.2931972315991703,1.4507968321274816e-09,2.3092090030799625e-06
2014-03-18,1,Late-Cycle,0.3216893956107373,0.3673634491741492,0.3109449472738144,1.0404478882634823e-09,2.206899953688988e-06
2014-03-19,2,Transitional,0.338757724856053,0.3603669782385176,0.3008749474275994,2.399357777451587e-09,3.470777752834102e-07
2014-03-20,0,Risk-On,0.32846148162027,0.3763714795839423,0.2951648890236918,5.226490727330365e-10,2.149248919492136e-06
2014-03-21,1,Late-Cycle,0.3241161930862991,0.3721138608898803,0.3037668295658957,3.9538338590070654e-10,3.116062123610825e-06
2014-03-24,2,Transitional,0.3309570456070951,0.3662808416745784,0.3027613649996961,7.498828085948953e-10,7.469685639077463e-07
2014-03-25,0,Risk-On,0.3321074903430751,0.3676002376735237,0.300292129865583,3.220500113882489e-10,1.417952010868973e-07
2014-03-26,1,Late-Cycle,0.3306106858780762,0.3719608608856751,0.2974266190386384,9.919474475181357e-11,1.834099297170452e-06
2014-03-27,2,Transitional,0.3234106924284083,0.3769980609338289,0.2995894977637213,1.151936040108043e-09,1.7477217870670051e-06
2014-03-28,0,Risk-On,0.3273483734745133,0.3599050478707298,0.31274627113058,6.850176361026321e-10,3.068393206102947e-07
2014-03-31,1,Late-Cycle,0.3452498757594762,0.3633503366360797,0.2913997404311148,8.19377289985513e-11,4.7090680230020444e-08
2014-04-01,2,Transitional,0.3217430616352486,0.3947163215212999,0.2835406158592145,1.2104497699249011e-11,9.714167030457823e-10
2014-04-02,0,Risk-On,0.3194073288648275,0.3688068666802617,0.3117858005540823,9.79362803764632e-13,3.899481158877556e-09
2014-04-03,1,Late-Cycle,0.339746122094244,0.368154599181776,0.2920992724058279,7.377437781247265e-13,6.317196820551273e-09
2014-04-04,2,Transitional,0.3274147345302438,0.3808730901288283,0.2917121281360008,7.663449053481073e-13,4.7203688651075386e-08
2014-04-07,0,Risk-On,0.3219697327563545,0.3856700548593835,0.2923601800067958,5.634273765984952e-12,3.2372539353369655e-08
2014-04-09,1,Late-Cycle,0.3230229163249635,0.371098247448035,0.305877196576956,4.1486755171583895e-12,1.6396454497555288e-06
2014-04-10,2,Transitional,0.3334759620570053,0.3716612594423915,0.2948622559557605,1.9483100458568554e-10,5.223494638556954e-07
2014-04-11,0,Risk-On,0.3264711327648844,0.379149790824144,0.2943781791666742,6.864017842969574e-11,8.971747539964197e-07
2014-04-15,1,Late-Cycle,0.3226681337970296,0.3795889776017783,0.2976434667355492,1.9772619084078767e-10,9.942166783996204e-05
2014-04-16,2,Transitional,0.3180306734115638,0.3700607483852731,0.3117040121081058,2.0744267737206645e-08,0.0002045453499841
2014-04-17,0,Risk-On,0.342288542028362,0.3511728443819428,0.3064873277056876,3.5744105992625784e-08,5.125014078984578e-05
2014-04-21,1,Late-Cycle,0.3337024605890485,0.3955813650497404,0.2707161489498921,6.518773455354408e-09,1.8891823973140395e-08
2014-04-22,2,Transitional,0.3039469978449098,0.3817706731173023,0.3142817906194898,8.872231596762442e-11,5.383300426494686e-07
2014-04-23,0,Risk-On,0.3431531762145136,0.3554271978954423,0.3014191763698736,6.639655797762196e-11,4.4945326994614003e-07
2014-04-25,1,Late-Cycle,0.3293176990031374,0.3861183845650844,0.2845057511406552,1.3660423977859616e-10,5.8165154305265874e-05
2014-04-28,2,Transitional,0.308084729790945,0.3786589428816322,0.3129909445800674,1.0867213906129049e-08,0.000265371879437
2014-04-29,0,Risk-On,0.3393955106371813,0.3465750857415645,0.3138340537364048,3.427268991251371e-08,0.0001953156118671
2014-04-30,1,Late-Cycle,0.3407384118139591,0.3862587037159282,0.2730019037334523,3.1599502344801694e-08,9.491367494835362e-07
2014-05-02,2,Transitional,0.3020086988286544,0.395829898167948,0.3021572551567063,1.063082044086778e-09,4.146784462109561e-06
2014-05-05,0,Risk-On,0.3268108578830507,0.3546140692332745,0.3185420103796773,1.0689779502944283e-09,3.3061434196594485e-05
2014-05-06,1,Late-Cycle,0.3435158202322164,0.3715276385401919,0.2849401743405398,8.486614898602548e-09,1.6358399723030373e-05
2014-05-07,2,Transitional,0.3106087302898295,0.3951064562108937,0.2942801070396585,9.815279655694506e-09,4.6966450421636906e-06
2014-05-08,0,Risk-On,0.3191429732908289,0.3638293662027805,0.3170208989052064,3.644899852533161e-09,6.757955660618724e-06
2014-05-09,1,Late-Cycle,0.3421871376722251,0.3688680381785633,0.2889447460506537,2.2734743161711028e-09,7.582517460692028e-08
2014-05-12,2,Transitional,0.3199831793315438,0.3891110084674104,0.2909058075399602,1.8278682161690408e-10,4.477914035178998e-09
2014-05-13,0,Risk-On,0.3201506273566351,0.3686032565585466,0.3112458744068973,1.8657014950681607e-11,2.41659203654011e-07
2014-05-14,1,Late-Cycle,0.3322930536560861,0.3549233563248126,0.3127425090905864,1.1208352717737743e-10,4.108081599389707e-05
2014-05-15,2,Transitional,0.3409585559064172,0.357702961659926,0.301320713163668,1.6935775786872185e-08,1.7752333771674438e-05
2014-05-16,0,Risk-On,0.3264369442704959,0.3826560397923938,0.2909069693969407,1.1816662420756937e-08,3.472282997737324e-08
2014-05-19,1,Late-Cycle,0.3210931097780012,0.3583891733444299,0.3205176653909524,1.315051732271975e-09,5.0171403892653823e-08
2014-05-20,2,Transitional,0.3490908983402674,0.3567004533243881,0.294208647661375,2.5058299931600627e-10,4.2266846574464596e-10
2014-05-21,0,Risk-On,0.3269870113541078,0.3852885351982658,0.2877244464725733,1.3247674893504288e-11,6.961707261026334e-09
2014-05-22,1,Late-Cycle,0.3172375652390158,0.3757886770444334,0.306973742924996,3.3947078437338816e-12,1.4787381688128092e-08
2014-05-23,2,Transitional,0.3357081972841809,0.3553632556189209,0.308928523341052,1.075345229512106e-11,2.3744236787914584e-08
2014-05-26,0,Risk-On,0.3372881180543073,0.370008341915205,0.2927034891808834,1.492059342476429e-11,5.0835208582862745e-08
2014-05-27,1,Late-Cycle,0.3211402491606263,0.3741870241595719,0.3046726525792513,3.5809831705339606e-11,7.406561577652786e-08
2014-05-28,2,Transitional,0.3326486933648483,0.355215346648168,0.3121358872718078,7.232993335114868e-11,7.264326867337898e-08
2014-05-29,0,Risk-On,0.3409973325265462,0.3649464441021377,0.2940561866062712,1.6557837305265322e-10,3.659994500559746e-08
2014-05-30,1,Late-Cycle,0.3225924672684093,0.3785331047572301,0.2988743612324916,7.203950126172186e-10,6.602204176242207e-08
2014-06-02,2,Transitional,0.3253402698908916,0.3567365177243031,0.3179232016885885,9.729669357100698e-09,9.656672369920331e-10
2014-06-03,0,Risk-On,0.3499125911689038,0.3499559301695907,0.3001314686257932,9.788559657152421e-09,2.4657300217385235e-10
2014-06-04,1,Late-Cycle,0.3283696817302472,0.3880402738082338,0.2835900342419787,9.721945136046637e-09,4.980994705753324e-10
2014-06-05,2,Transitional,0.3092475532900012,0.3588377337509587,0.3319147023465755,9.829949506111265e-09,7.830636935391486e-10
2014-06-06,0,Risk-On,0.3590951112038219,0.3258224551602408,0.3150824239876673,9.632188941039245e-09,1.6916289585264067e-11
2014-06-09,1,Late-Cycle,0.3422576289780385,0.3807106979390523,0.2770316690039039,4.064667989566127e-09,1.3566445200783315e-11
2014-06-10,2,Transitional,0.3159273783992078,0.3760944289540743,0.3079781849982229,2.9665773368203646e-10,7.352598273085963e-09
2014-06-11,0,Risk-On,0.3335057442780939,0.3704502903755249,0.2960439543777489,1.034189611173476e-11,1.0957665953035356e-08
2014-06-12,1,Late-Cycle,0.3285902361946646,0.3664887660086108,0.3049205789052799,3.611758789946407e-12,4.1888862454417573e-07
2014-06-13,2,Transitional,0.3330332399719476,0.3755050456504804,0.2914614738821577,7.037150748490885e-11,2.404246373724122e-07
2014-06-16,0,Risk-On,0.3193188685962139,0.3738965801422464,0.3067787606338712,3.3544203949497526e-11,5.790594223429256e-06
2014-06-17,1,Late-Cycle,0.3353474626905889,0.3609204055576977,0.3037260587851695,9.3179808945626e-10,6.072034115421372e-06
2014-06-18,2,Transitional,0.3292496283552862,0.3778076385066144,0.2929414186259269,9.225695058999681e-10,1.3135903986209843e-06
2014-06-19,0,Risk-On,0.3232974455754251,0.3695302879298059,0.3071659521946362,2.1774559097824468e-10,6.3140822621435954e-06
2014-06-20,1,Late-Cycle,0.3322873676936697,0.370486854733527,0.297195556190916,1.1514668491501842e-09,3.022022986764086e-05
2014-06-23,2,Transitional,0.3202576907012184,0.3711107188035997,0.3085672758395867,5.3521385004077595e-09,6.430930274204008e-05
2014-06-24,0,Risk-On,0.3377619554491813,0.3585141270079034,0.3036964365071524,1.045129042581427e-08,2.747058376321907e-05
2014-06-25,1,Late-Cycle,0.3272031222737531,0.3860047935908985,0.2867906198451115,4.550970719062614e-09,1.4597384195293705e-06
2014-06-26,2,Transitional,0.3163983270682472,0.3647820853776933,0.318740854196553,4.200510598336407e-10,7.87329368189901e-05
2014-06-27,0,Risk-On,0.3413261544919174,0.3643096152902719,0.2943599378420861,1.0880829774078845e-08,4.281495384375e-06
2014-06-30,1,Late-Cycle,0.3234468757913981,0.3756432879890964,0.300907073523951,1.0301538804712716e-09,2.761666233779195e-06
2014-07-01,2,Transitional,0.3293910556830802,0.3667106624724452,0.3038749962167208,3.9393175073115486e-10,2.3285234492012696e-05
2014-07-02,0,Risk-On,0.3281845011584944,0.3746497076679915,0.2971532298500727,3.419201081814491e-09,1.2557904960251104e-05
2014-07-03,1,Late-Cycle,0.3245792845122859,0.364398552552196,0.3110144190431027,1.6197213440964615e-09,7.742273116735878e-06
2014-07-04,2,Transitional,0.3417688453216268,0.3664755018375255,0.2917043906661974,1.0632217505325886e-09,5.126111170511557e-05
2014-07-07,0,Risk-On,0.3118143273435884,0.3935673930276671,0.2929106596518691,3.751290237880655e-09,0.0017076162256533
2014-07-08,1,Late-Cycle,0.295115013717475,0.3470270801307855,0.3259759693558465,3.861897871541824e-08,0.0318818981772598
2014-07-09,2,Transitional,0.3384646196083209,0.334445277536565,0.2866282649283109,2.270465362363641e-06,0.0404595674611828
2014-07-10,0,Risk-On,0.2936835017388585,0.3798519888299985,0.2758993365671516,3.2839606662573244e-06,0.0505618889032448
2014-07-11,1,Late-Cycle,0.2866822498793205,0.3242197745690245,0.3290005677105936,1.1599640131991007e-05,0.0600858082009085
2014-07-14,2,Transitional,0.3470073164677876,0.3227390305778607,0.3082143650279995,3.249101709534705e-05,0.0220067969097518
2014-07-15,0,Risk-On,0.3261268213380139,0.3866561663253077,0.2845120763142297,1.3128940199032676e-05,0.0026918070814339
2014-07-16,1,Late-Cycle,0.3079149840558772,0.3626243655807162,0.3272640800755784,1.58953435045856e-06,0.0021949807527603
2014-07-17,2,Transitional,0.3497842042702695,0.3487029134127467,0.301163328232399,5.565438866680691e-07,0.0003489975415381
2014-07-18,0,Risk-On,0.3253014725654999,0.3899899883102956,0.2846848610889387,9.280881866295022e-08,2.358522574514436e-05
2014-07-21,1,Late-Cycle,0.311490097829062,0.3687834751371444,0.3196309442674278,6.762653514530087e-09,9.54760028556546e-05
2014-07-22,2,Transitional,0.3434499578959666,0.353109076377838,0.3033723054334687,1.928458927871661e-08,6.864100869904493e-05
2014-07-23,0,Risk-On,0.3283435457764582,0.3795442822006518,0.2921095197612143,1.0444170756364144e-08,2.6418180414493675e-06
2014-07-24,1,Late-Cycle,0.3252051792753898,0.3713148865045853,0.3034319776048238,7.375565712391406e-10,4.795587713505594e-05
2014-07-25,2,Transitional,0.3209475147540962,0.3789188805408014,0.3001332908574678,6.4627475418334264e-09,3.073840958102126e-07
2014-07-28,0,Risk-On,0.3385821837462072,0.3443215702113059,0.3170390367553136,1.4341487748442454e-10,5.720914291823779e-05
2014-07-30,1,Late-Cycle,0.3387912835583567,0.4065441508243543,0.2511469260117495,3.613929726042743e-09,0.0035176359924967
2014-07-31,2,Transitional,0.2506347899332908,0.3816019808193457,0.3535241376360819,1.428454911426254e-07,0.0142389487666225
2014-08-01,0,Risk-On,0.3275784505784008,0.2562710537996896,0.3108086191068566,1.9958677252359846e-07,0.1053416769280008
2014-08-04,1,Late-Cycle,0.2846067175732091,0.404319752616768,0.1604422961060483,2.9005610602066176e-06,0.1506283331422368
2014-08-05,2,Transitional,0.141593559501503,0.3017511602391281,0.390668941765929,1.771000761382032e-05,0.1659686284850382
2014-08-06,4,Risk-Off,0.1183948085498549,0.1437562633845804,0.1512950176227397,1.441972738584875e-06,0.5865524684694384
2014-08-07,4,Risk-Off,0.1422010481313231,0.1369276200068173,0.1233581653629574,9.593775580164664e-06,0.5975035727233287
2014-08-08,4,Risk-Off,0.1277613259666539,0.1559136322998201,0.1513443011630075,7.746148850931523e-05,0.5649032790817886
2014-08-11,4,Risk-Off,0.1652338403250112,0.1469133618228732,0.3254054271839463,8.433341561595744e-05,0.3623630372528484
2014-08-12,2,Transitional,0.3314947486746436,0.1948674444570615,0.4205692369310298,8.266972713058367e-05,0.0529859002108223
2014-08-13,0,Risk-On,0.4219405285029027,0.3508329174989331,0.2219947656661769,1.2572377800236724e-05,0.0052192159548107
2014-08-14,1,Late-Cycle,0.2598036333693393,0.4356956350727172,0.3038188973778589,1.2472635302217642e-06,0.000680586917067
2014-08-18,2,Transitional,0.3310888993496576,0.326579213227882,0.3421907775936854,1.2802103968580545e-07,0.0001409818078268
2014-08-19,0,Risk-On,0.359363572390125,0.3674873712026598,0.2728443227293607,3.4604257566742495e-08,0.0003046990744555
2014-08-20,1,Late-Cycle,0.3033221171216181,0.3918727067332034,0.30431128088588,5.223093145188125e-08,0.0004938430289064
2014-08-21,2,Transitional,0.327585233638252,0.3570673651306803,0.314639477103896,8.579058810748453e-08,0.00070783833732
2014-08-22,0,Risk-On,0.3353677353033077,0.3644139398868292,0.2992990431594924,1.143373834913634e-07,0.0009191673137854
2014-08-25,1,Late-Cycle,0.3273977160887771,0.3739198361026555,0.2985649462224341,1.4707855507862442e-07,0.0001173545080468
2014-08-26,2,Transitional,0.3230826030284038,0.3789664075201379,0.2978867833033891,2.7348634143849225e-08,6.417879907771599e-05
2014-08-27,0,Risk-On,0.320916422835357,0.3669799580641483,0.3112247181777038,1.1123636992863805e-08,0.0008788897985829
2014-08-28,1,Late-Cycle,0.3355280872486865,0.361895230955395,0.3020831374919107,1.567555992725172e-07,0.0004933875489688
2014-09-01,2,Transitional,0.327487847064269,0.3787200771392996,0.2937786425214772,5.910157905282801e-08,1.3374174132537246e-05
2014-09-02,0,Risk-On,0.3230424022492023,0.3702008772612939,0.30675199167912,2.570887577780046e-09,4.726239192823068e-06
2014-09-03,1,Late-Cycle,0.3348266406082721,0.367940291820533,0.2972299984186707,2.325633797935798e-09,3.0668276570528526e-06
2014-09-04,2,Transitional,0.3235174710956178,0.3776523482414368,0.2988183768081032,8.318180744023381e-10,1.1803023382061802e-05
2014-09-05,0,Risk-On,0.3278706601913442,0.3644214920772635,0.3076742549787378,3.1889392205795597e-09,3.358956449572072e-05
2014-09-08,1,Late-Cycle,0.3346373335326226,0.3764226511476959,0.2889378021386493,4.5260987476619963e-08,2.167919312195393e-06
2014-09-09,2,Transitional,0.3159517130878057,0.3807701203391483,0.3032761650678972,8.715255007655518e-09,1.992790752554417e-06
2014-09-10,0,Risk-On,0.3335460986986575,0.3598104228387497,0.306642205438576,1.262729158673819e-09,1.2717616891238029e-06
2014-09-11,1,Late-Cycle,0.3330436066563053,0.3772337125485883,0.2897186386489158,4.821631791282868e-10,4.041663303913607e-06
2014-09-12,2,Transitional,0.3178086450725497,0.3734734026210803,0.3087054824912553,1.2796936211644384e-09,1.2468535106092918e-05
2014-09-15,0,Risk-On,0.3381645245759425,0.3612339586282744,0.3004571758001512,5.635660322107163e-09,0.0001443353601209
2014-09-16,1,Late-Cycle,0.3233245231812125,0.3919422355778798,0.2828860441603596,1.825324325713252e-08,0.0018471788270093
2014-09-17,2,Transitional,0.3000901784255507,0.3681476797881558,0.3278540385565033,2.4232802918597145e-07,0.0039078609010217
2014-09-18,0,Risk-On,0.3581477148476948,0.332192452076321,0.3047960028980931,2.174975232600338e-07,0.0048636126800427
2014-09-19,1,Late-Cycle,0.3188674221005768,0.41778277487485,0.2474555380758554,2.108289476198021e-07,0.0158940541196031
2014-09-22,2,Transitional,0.2147331545281829,0.3635661264429438,0.3452144300216884,4.563198393780069e-07,0.076485832688147
2014-09-23,4,Risk-Off,0.0978360672683205,0.2403124267306248,0.2234363445307935,4.00978295617803e-07,0.4384147604918054
2014-09-24,4,Risk-Off,0.031081566879975,0.1003343324852137,0.1578592800545766,1.4830523097360032e-06,0.7107233375276006
2014-09-25,4,Risk-Off,0.0089386091778754,0.0288670077922472,0.0381452294254863,2.4390188154072903e-06,0.924046714585056
2014-09-26,4,Risk-Off,0.0021145245036378,0.0085112812731383,0.0146141107343485,2.1566089414418386e-06,0.974757926879126
2014-09-29,4,Risk-Off,0.0003104341412231,0.001770484461685,0.0036751665042271,3.854488470412249e-06,0.9942400604046976
2014-09-30,4,Risk-Off,2.819967033549621e-05,0.0002076382702635,0.0007194392272932,1.4882830029579036e-06,0.9990432345491768
2014-10-01,4,Risk-Off,1.9567623062781075e-06,1.3352546093298374e-05,0.0001646296974405,1.2847573948685683e-06,0.9998187762369442
2014-10-07,4,Risk-Off,2.1390633931014002e-07,5.684457483064707e-07,5.5268480478125365e-05,1.482678359142648e-06,0.9999424664891368
2014-10-08,4,Risk-Off,1.503961475888441e-07,1.3254790350765358e-07,5.388865708307962e-05,1.419084108182781e-06,0.9999444093145818
2014-10-09,4,Risk-Off,2.813066475055334e-07,2.387816665954038e-07,0.0001144807424023,1.3789162736717082e-06,0.9998836202526996
2014-10-10,4,Risk-Off,2.1070973263435882e-07,2.399876571973905e-07,8.056294750892265e-05,3.473018717314016e-06,0.9999155133358508
2014-10-13,4,Risk-Off,7.322234741157633e-08,8.035779356481765e-08,3.13016836682833e-05,1.558626068443368e-06,0.9999669861110316
2014-10-14,4,Risk-Off,6.717262942772222e-08,6.598222882587807e-08,4.664061402136305e-05,1.3867148801989515e-06,0.9999518395153812
2014-10-16,4,Risk-Off,2.3187614036986337e-08,2.2954662669411482e-08,1.5425376656251496e-05,3.074545890203685e-06,0.9999814539342828
2014-10-17,4,Risk-Off,2.6580963491781423e-08,1.6918423528390877e-08,1.6452706878476476e-05,2.471187597693395e-06,0.9999810326060322
2014-10-20,4,Risk-Off,3.296622147458145e-07,1.0445382495057441e-07,7.368870449603581e-05,1.6642556830834814e-06,0.999924212923162
2014-10-21,4,Risk-Off,3.1606025488456245e-06,1.1418387100112846e-06,0.0003451965403835,2.155458996477117e-06,0.999648345559045
2014-10-22,4,Risk-Off,1.645510655265487e-05,5.56266707031737e-06,0.0004627391431656,2.6454567121552595e-06,0.9995125976265932
2014-10-27,4,Risk-Off,7.405097863029195e-05,2.037870039621977e-05,0.0004835514678057,5.223293954228395e-06,0.9994167955590088
2014-10-28,4,Risk-Off,0.0005224509360587,0.0001114000210149,0.0058314612148562,1.080679950236618e-05,0.9935238810293904
2014-10-29,4,Risk-Off,0.0075492999839729,0.0011104276663114,0.0642910581263538,7.662108796671036e-05,0.9269725931357088
2014-10-30,2,Transitional,0.0788509454339785,0.013784342999918,0.5254630928517464,0.0001607133584216,0.381740905355911
2014-10-31,0,Risk-On,0.5002028846028604,0.1129719826030142,0.3577052219088054,9.934229677196056e-05,0.0290205685890098
2014-11-03,1,Late-Cycle,0.3690117767653322,0.4724828373098233,0.1573561771468938,1.855166928357938e-05,0.0011306571087347
2014-11-05,2,Transitional,0.205488076956298,0.4116096786212064,0.3827825582739059,1.3509448007269215e-06,0.0001183352041887
2014-11-07,0,Risk-On,0.3980990061607579,0.2754390816415213,0.3264357758122895,5.461015967798202e-08,2.6081774547585723e-05
2014-11-10,1,Late-Cycle,0.3498893158674274,0.4115166927803405,0.2385781669645185,6.906678778443795e-09,1.5817481680891738e-05
2014-11-11,2,Transitional,0.2725111207050917,0.3956964838317413,0.3317792090793831,1.9285292435934844e-08,1.3167097931203888e-05
2014-11-12,0,Risk-On,0.3556722598568231,0.3268411801272664,0.3174860922778079,2.981920647135765e-09,4.647558161591799e-07
2014-11-13,1,Late-Cycle,0.3460640923115101,0.3833873538674909,0.2705481432197586,1.5305900886673715e-10,4.1044821479125605e-07
2014-11-14,2,Transitional,0.3022754747442839,0.3926736223718568,0.3050506064421992,5.294110194690796e-11,2.9638851618792706e-07
2014-11-17,0,Risk-On,0.3345053619056548,0.3495475843517572,0.3159466188244549,7.325257261208162e-11,4.348449337645417e-07
2014-11-18,1,Late-Cycle,0.3435024286917119,0.3733340176545578,0.2831631848102146,8.673239927269616e-11,3.687566314826198e-07
2014-11-19,2,Transitional,0.3136605335326064,0.3850042548684382,0.301334278553859,8.212127825743724e-11,9.329633918283648e-07
2014-11-20,0,Risk-On,0.3296454421448567,0.3576484328216233,0.3127058873718465,8.654876039926988e-10,2.367966393874392e-07
2014-11-21,1,Late-Cycle,0.3411458295259339,0.3656142657784021,0.2932397272417679,5.833455884341124e-10,1.768709893613801e-07
2014-11-24,2,Transitional,0.3220469304858548,0.3824135862118565,0.29553942656004,1.3298775586488268e-10,5.660976807604197e-08
2014-11-25,0,Risk-On,0.3262107523321267,0.3601872043684841,0.3135995764072873,3.4574382900147836e-11,2.466857775925388e-06
2014-11-26,1,Late-Cycle,0.3426564735119605,0.3730700968305409,0.2842682931187293,8.693332500515345e-10,5.135669815160689e-06
2014-11-27,2,Transitional,0.3073344070816458,0.3892272058077224,0.3034343295244071,3.871703359232091e-09,4.053714643642233e-06
2014-11-28,0,Risk-On,0.3364656247351071,0.341661347282167,0.3218718279116854,1.283282148339234e-09,1.198787038481717e-06
2014-12-01,1,Late-Cycle,0.3510762149720111,0.3854321618634652,0.2634914273963402,2.1384050535345509e-10,1.955548681478045e-07
2014-12-02,2,Transitional,0.289153307619492,0.4000734086056057,0.3107291558925829,8.850281431022569e-11,4.4127794077372894e-05
2014-12-03,0,Risk-On,0.3395926167391665,0.3296037147287833,0.3306494403514712,8.978127165084616e-09,0.0001542192023621
2014-12-04,1,Late-Cycle,0.3561028636168251,0.3870817449434668,0.2527818820294178,2.9518272100077307e-08,0.0040334798928922
2014-12-05,2,Transitional,0.2470106901457277,0.4159910402441283,0.3065330284133776,1.805782075569077e-07,0.0304650606179242
2014-12-08,4,Risk-Off,0.1126855390025644,0.2763371225311402,0.3002233024653334,2.394064338641539e-07,0.310753796595056
2014-12-09,4,Risk-Off,0.0324999621420267,0.1158531849550134,0.1573849502485282,1.0572962453957957e-06,0.6942608453578974
2014-12-10,4,Risk-Off,0.0059740172460565,0.0295113685034832,0.0538847897916148,2.081919987269978e-06,0.9106277425382754
2014-12-11,4,Risk-Off,0.0009523132766856,0.0046667238069321,0.0079490902651994,2.918413058337542e-06,0.9864289542382902
2014-12-12,4,Risk-Off,9.995697491069645e-05,0.0007454828784809,0.0020621834191119,2.5661250311335006e-06,0.997089810602299
2014-12-15,4,Risk-Off,5.067993431229709e-06,4.821861256500382e-05,0.000260188253909,1.809077735282362e-06,0.999684716063161
2014-12-16,4,Risk-Off,1.1884902983226029e-07,6.660015231422085e-07,2.7850652901909382e-05,2.1968894841564623e-06,0.9999691676063128
2014-12-17,4,Risk-Off,3.487637790310137e-08,3.5564987041293015e-08,2.157513098714888e-05,6.2314547146283056e-06,0.9999721229735212
2014-12-18,4,Risk-Off,1.1662090627551388e-07,7.14654646877001e-08,5.284084780205368e-05,1.6381258937540891e-06,0.9999453329392038
2014-12-19,4,Risk-Off,3.280125929878763e-07,2.416489952523464e-07,0.0001205016838593,1.403423711675494e-06,0.9998775252307028
2014-12-22,4,Risk-Off,3.2440638489137696e-07,3.58571925479095e-07,0.0001039118321583,1.3136797924398945e-06,0.9998940915091508
2014-12-23,4,Risk-Off,1.0791732118088603e-07,1.436666066109597e-07,4.320419696410189e-05,3.3060762390714543e-06,0.9999532381427096
2014-12-24,4,Risk-Off,4.9824071126924495e-08,4.850484717095328e-08,2.7913428199680658e-05,2.040237905619294e-06,0.9999699480054066
2014-12-26,4,Risk-Off,6.99839701692038e-08,5.788577946353005e-08,4.4404888908603263e-05,1.5368633598517969e-06,0.9999539303779268
2014-12-29,4,Risk-Off,6.984517044800354e-08,6.617099319250243e-08,4.204988008886452e-05,1.4066598400952254e-06,0.9999564074430396
2014-12-30,4,Risk-Off,4.075667089499207e-08,3.5555776693239834e-08,2.3108478765905498e-05,1.712417153244962e-06,0.9999751027924352
2014-12-31,4,Risk-Off,1.2563343568616698e-07,6.143996902769572e-08,4.144524001251853e-05,1.4421033830473913e-06,0.999956925583364
2015-01-02,4,Risk-Off,5.614527340879092e-07,4.046969175355633e-07,0.0002317458343171,1.9767118078658115e-06,0.999765311304709
2015-01-05,4,Risk-Off,3.7663645192223196e-07,5.183225815101109e-07,9.685148982114504e-05,1.5811801398358456e-06,0.9999006723703476
2015-01-06,4,Risk-Off,1.099836322423329e-08,1.6920714054704853e-08,6.3435054253583415e-06,1.372415558383752e-05,0.999979904419899
2015-01-07,4,Risk-Off,6.223767018288699e-09,4.242228275201869e-09,6.305445609258206e-06,7.20183728846569e-06,0.9999864822516042
2015-01-08,4,Risk-Off,7.515618205180526e-08,2.610486841157973e-08,3.0848002323603515e-05,4.7279395285910845e-06,0.9999643227963864
2015-01-09,4,Risk-Off,3.1648099452960394e-06,3.978225054322087e-07,0.0001740395253693,9.497497463325196e-06,0.999812900344575
2015-01-12,4,Risk-Off,0.0001003124677728,1.1650614927417704e-05,0.0015079883191238,8.356082088720999e-05,0.9982964877764616
2015-01-13,4,Risk-Off,0.0016034369220362,0.0002283034563504,0.0123757647708242,0.0001609815774429,0.9856315132736916
2015-01-14,4,Risk-Off,0.015531574578076,0.0028072254896802,0.1349352180974649,0.0010620262193565,0.8456639556148121
2015-01-15,2,Transitional,0.1535532347901972,0.0259681093545854,0.7960482805963461,0.0029092039928932,0.0215211712665333
2015-01-16,0,Risk-On,0.7394493769912471,0.1995005080994528,0.0604409228246127,0.0005270438629145,8.214822211727603e-05
2015-01-19,1,Late-Cycle,0.1198628955527393,0.6461805405637752,0.2338573404321261,9.856049345145668e-05,6.62958457204589e-07
2015-01-20,2,Transitional,0.2778190995831502,0.2281836225050339,0.4939775028149265,1.927510695793512e-05,4.999898961123661e-07
2015-01-21,0,Risk-On,0.4866984379917985,0.3109991833654493,0.2022965887346803,3.2274011440636326e-06,2.562507823162507e-06
2015-01-22,1,Late-Cycle,0.2432217868065679,0.4658620807696866,0.290903986087646,4.498958983504206e-07,1.169644066512652e-05
2015-01-23,2,Transitional,0.3212839058799794,0.3090138926791203,0.3697017673645302,1.064150920397228e-07,3.276618727255815e-07
2015-01-27,0,Risk-On,0.3834576596583266,0.3473720272975145,0.2691702036451623,3.499748197398726e-08,7.440166251323469e-08
2015-01-28,1,Late-Cycle,0.3044060353500231,0.3906260219903059,0.3049677406463895,1.1292071952016087e-08,1.9072162504773234e-07
2015-01-29,2,Transitional,0.3313074429883831,0.3508595058389398,0.3178330055513712,5.045242268895131e-09,4.0575199490116926e-08
2015-01-30,0,Risk-On,0.3401709322109204,0.3551143578111871,0.3047019633024478,3.2619145240494877e-09,1.2743413802814164e-05
2015-02-02,1,Late-Cycle,0.3299574432646064,0.3665849931898689,0.3034258756747286,5.970184715749033e-08,3.162816867236769e-05
2015-02-03,2,Transitional,0.3237885223459844,0.3605970800119574,0.3153982380970927,7.547925821150588e-08,0.0002160840652232
2015-02-04,0,Risk-On,0.33931304261306,0.3472915132958281,0.3132935171581804,2.529342154257171e-07,0.0001016739984857
2015-02-05,1,Late-Cycle,0.3371434966106684,0.3698467784881766,0.2930058710576888,9.135912312342121e-08,3.762484370087417e-06
2015-02-06,2,Transitional,0.3237060705355413,0.3699165958236303,0.3063709634687953,1.3258531480538284e-08,6.356913392631389e-06
2015-02-09,0,Risk-On,0.3306823014861457,0.3693664362925765,0.2997248866856322,7.875855575485661e-09,0.0002263676596308
2015-02-10,1,Late-Cycle,0.3207018307520036,0.3731437707541554,0.3057700266033822,1.1315166187439929e-07,0.0003842587385495
2015-02-11,2,Transitional,0.3310538273741543,0.3535870473619994,0.3151167235882498,2.448662244553369e-07,0.0002421568090034
2015-02-12,0,Risk-On,0.3416645915694113,0.3736634603856212,0.2846262736596056,1.1608612806816386e-07,4.555829929866855e-05
2015-02-13,1,Late-Cycle,0.3037874945967952,0.3816014378698894,0.3145923377822844,4.6863129850538346e-08,1.8682888712749024e-05
2015-02-16,2,Transitional,0.3460119079801935,0.3231405723544366,0.3303717873981203,6.521340797590004e-09,0.0004757257451346
2015-02-18,0,Risk-On,0.3602996284807059,0.4047366741572676,0.2316871207139094,4.87788631786338e-08,0.0032765278693947
2015-02-19,1,Late-Cycle,0.2022117042919944,0.4216593635864483,0.3310367267760751,1.9405006749500322e-07,0.0450920112962244
2015-02-20,2,Transitional,0.057659335735994,0.2106857341078611,0.2922609595087214,2.818395655637606e-07,0.4393936888070992
2015-02-23,4,Risk-Off,0.0137082444519447,0.0538804713374838,0.0877510286064302,1.0772322748367146e-06,0.8446591783714307
2015-02-24,4,Risk-Off,0.0023574774503705,0.0119337261740193,0.0211781725677292,1.6167056366270793e-06,0.9645290071014092
2015-02-25,4,Risk-Off,0.0002000767998423,0.0016900935021212,0.0040819568966582,1.5767619423857313e-06,0.9940262960398168
2015-02-26,4,Risk-Off,1.854800299720652e-05,8.673454392857945e-05,0.0002730179369316,4.206685180677263e-06,0.9996174928312428
2015-02-27,4,Risk-Off,1.3565540641418805e-05,1.4974684383441756e-05,0.0002781850473368,2.2129013262871623e-06,0.9996910618256524
2015-03-02,4,Risk-Off,8.33912334861485e-05,2.193700884945989e-05,0.0008691721127237,3.400066590306026e-06,0.999022099579229
2015-03-03,4,Risk-Off,0.0005804942270262,0.0001354883978757,0.0045251390654699,6.688296882920154e-06,0.994752190012892
2015-03-04,4,Risk-Off,0.0013917338530126,0.0007686645823855,0.001752532533091,5.094312435167512e-06,0.9960819747185644
2015-03-05,4,Risk-Off,0.0002911095009912,0.0012319601342077,0.0032558227118737,6.500576619833917e-06,0.995214607075759
2015-03-09,4,Risk-Off,0.0001344845733629,0.0002637541553421,0.0009228315780059,3.453888029700078e-06,0.9986754758051468
2015-03-10,4,Risk-Off,0.0001582101331165,0.0001176858852296,0.0007316103954742,3.827512383279519e-06,0.9989886660729228
2015-03-11,4,Risk-Off,0.0004406750389548,0.0002095214229463,0.0017815047248203,5.795823934241716e-06,0.9975625029893254
2015-03-12,4,Risk-Off,0.0011678432757011,0.0006175163392971,0.0114393972026294,1.542605609203538e-05,0.9867598171254476
2015-03-13,4,Risk-Off,0.0025581615326374,0.001188203760324,0.0017826948681131,4.861393168024824e-06,0.994466078445369
2015-03-16,4,Risk-Off,0.0010729361766267,0.0023834702213302,0.002353861679257,5.173257508873873e-06,0.9941845586658548
2015-03-17,4,Risk-Off,0.0012054817233815,0.0016261102629941,0.0070086195455385,2.0794021419465185e-05,0.990138994446862
2015-03-18,4,Risk-Off,0.0002543602314235,0.0011236247882497,0.003383514912333,1.472734230342962e-05,0.9952237727258032
2015-03-19,4,Risk-Off,3.915506202161869e-06,6.041811736188235e-05,0.0001615267702469,2.20624729294459e-06,0.9997719333583186
2015-03-20,4,Risk-Off,1.429454831197175e-07,7.978110271690654e-07,4.072227334360884e-05,6.4397127837633485e-06,0.9999518972582394
2015-03-23,4,Risk-Off,8.34275837565008e-08,8.285880701436241e-08,4.751428577054917e-05,3.0897206682039645e-06,0.9999492297075548
2015-03-24,4,Risk-Off,9.105184416063573e-08,8.314689846087168e-08,4.7716038015471313e-05,8.177163024108796e-06,0.999943932600446
2015-03-25,4,Risk-Off,8.131032291678674e-08,8.544303660583963e-08,5.104894876990389e-05,1.5335385602833778e-06,0.999947250758614
2015-03-26,4,Risk-Off,1.2107348405100893e-08,1.2195154111074002e-08,8.467964998053911e-06,4.006376887734683e-06,0.9999875013562646
2015-03-27,4,Risk-Off,1.6247087146337152e-08,1.1236482314631882e-08,1.443453584366477e-05,4.185094391540004e-06,0.9999813528858436
2015-03-30,4,Risk-Off,4.816609547435596e-08,3.804038586080356e-08,4.115679686938344e-05,4.356982490488714e-06,0.999954400014007
2015-03-31,4,Risk-Off,2.0804141973395123e-08,1.927088104134613e-08,1.4844604676202647e-05,2.549722237603036e-06,0.9999825655987524
2015-04-01,4,Risk-Off,1.7836301343332224e-08,1.3251612144948128e-08,1.4135731373646923e-05,2.501719859475612e-06,0.9999833314602674
2015-04-06,4,Risk-Off,5.2515474470364784e-08,3.9057947112602175e-08,4.258406181367739e-05,3.2218559601134693e-06,0.9999541025082544
2015-04-07,4,Risk-Off,5.59755957779704e-08,4.370124119568643e-08,3.012363016168837e-05,1.985039193348191e-06,0.9999677916533224
2015-04-08,4,Risk-Off,3.104478209117401e-07,8.273759440792317e-08,4.3417308046089845e-05,2.8264070296259397e-06,0.9999533630996268
2015-04-09,4,Risk-Off,8.241204545305885e-06,1.476938497396274e-06,0.0004915997462364,2.5094146812003896e-06,0.9994961726951992
2015-04-10,4,Risk-Off,5.728915438686094e-05,2.0718690568771177e-05,0.0007712548795028,6.211318709375448e-06,0.9991445259571354
2015-04-13,4,Risk-Off,3.662720723282624e-05,6.157393831703455e-05,0.0013955683564816,8.066937432407992e-06,0.9984981635608292
2015-04-16,4,Risk-Off,9.852126925326249e-06,2.2292965984532587e-05,0.0002085950631758,1.9311574881630502e-06,0.999757328685528
2015-04-17,4,Risk-Off,1.31516070758605e-06,6.116377271497965e-06,0.0002744132318913,4.694502918825271e-06,0.999713460727608
2015-04-20,4,Risk-Off,2.227439093777724e-07,4.303745502510957e-07,5.054211396359751e-05,2.02593349734232e-06,0.9999467788340868
2015-04-21,4,Risk-Off,2.4982162843557585e-08,3.1352493192386094e-08,1.5288965159293673e-05,2.4315727383599138e-06,0.999982223127276
2015-04-22,4,Risk-Off,3.795176617277768e-08,2.8853162577827972e-08,2.8872333695369203e-05,2.046031865428659e-06,0.999969014828658
2015-04-23,4,Risk-Off,7.138849462886862e-08,4.551396459001909e-08,3.400434697947538e-05,2.014095318069917e-06,0.9999638646548812
2015-04-24,4,Risk-Off,1.7418211258529617e-07,1.576889967600553e-07,0.000122449589094,4.983101799551235e-06,0.99987223543836
2015-04-27,4,Risk-Off,3.752476468237184e-08,3.8278060458031696e-08,1.450896219942604e-05,2.8428411975577263e-06,0.9999825723943784
2015-04-28,4,Risk-Off,5.0680582849081306e-08,3.99693459091139e-08,4.142668511899295e-05,3.0608643322764224e-06,0.9999554217997828
2015-04-29,4,Risk-Off,9.457021539446153e-08,3.9260091961714864e-08,2.251776020131344e-05,1.0667893359119577e-05,0.999966680516396
2015-04-30,4,Risk-Off,9.022444697798546e-07,4.911185289623067e-07,0.0003014310061572,5.044208568285569e-05,0.9996467335460162
2015-05-04,4,Risk-Off,1.4248997328624862e-06,1.4800176579358903e-06,0.0002190462876447,6.452926553817775e-06,0.9997715958691288
2015-05-05,4,Risk-Off,2.56211720732274e-07,5.357072819538339e-07,6.885385216469422e-05,1.7416602309420916e-06,0.9999286125692196
2015-05-06,4,Risk-Off,1.549014435934766e-08,2.0797560540279285e-08,1.0413704912094564e-05,6.901114419325529e-06,0.9999826488924662
2015-05-07,4,Risk-Off,3.4965486820189086e-09,2.730287170483111e-09,4.096540762645409e-06,1.8633308318539915e-05,0.99997726392411
2015-05-08,4,Risk-Off,4.913386817769577e-09,3.5758454287188204e-09,5.86467192288323e-06,7.302196689652445e-05,0.999921104872649
2015-05-11,4,Risk-Off,1.0417861796490355e-08,7.384815330771887e-09,1.1908983189200427e-05,0.0001589119356726,0.9998291612782202
2015-05-12,4,Risk-Off,4.432363166149647e-09,3.0990868247686315e-09,5.901154827736753e-06,0.0014048939696784,0.9985891973433288
2015-05-13,4,Risk-Off,1.2909108999764635e-09,8.90836937085325e-10,1.8734052569531896e-06,0.0019130271603341,0.9980850972521408
2015-05-14,4,Risk-Off,1.259265577758423e-09,8.648423706445104e-10,1.944875215618674e-06,0.0021889585442041,0.997809094456421
2015-05-15,4,Risk-Off,1.2660369876962643e-09,9.003615496902645e-10,1.9708727191134498e-06,0.0018761729788088,0.9981218539815312
2015-05-18,4,Risk-Off,5.903144086576034e-09,4.470172683626205e-09,8.016507154445358e-06,0.0006777458212825,0.9993142272976312
2015-05-19,4,Risk-Off,2.6300003067654733e-08,1.1779739969082608e-08,1.63576227356227e-05,0.0001985043068339,0.9997850999902482
2015-05-20,4,Risk-Off,7.131815478353815e-07,1.8743972481984173e-07,0.0001213402462212,4.8317164727123216e-05,0.9998294419676664
2015-05-21,4,Risk-Off,3.823072240368245e-06,2.253946211275208e-06,0.0007558182033301,4.077207119885655e-05,0.999197332706404
2015-05-22,4,Risk-Off,3.252439153872323e-06,3.521258635874356e-06,0.0002109049979939,2.0976233585036567e-05,0.9997613450713936
2015-05-25,4,Risk-Off,1.034719161353762e-06,1.323112934214745e-06,0.0001092031471635,2.002393657026947e-05,0.99986841508474
2015-05-26,4,Risk-Off,3.362046115481563e-06,1.3711371730707043e-06,0.0002493844036428,2.090296332314776e-05,0.99972497944975
2015-05-27,4,Risk-Off,1.944904298807561e-05,6.094953830180678e-06,0.0007586667013198,3.6851199896170055e-05,0.9991789381027272
2015-05-28,4,Risk-Off,0.00012797161803,2.638961476046081e-05,0.0006118799177948,8.532246998107024e-05,0.9991484363797316
2015-05-29,4,Risk-Off,0.000258379454497,0.0001607664067352,0.0023147195810484,0.0005727600271289,0.9966933745310678
2015-06-01,4,Risk-Off,0.0002140644821215,0.0003038778023262,0.003348636437161,0.0015199690990773,0.9946134521795992
2015-06-02,4,Risk-Off,1.3367487093331689e-05,0.000105509778615,0.0004044709542223,0.0017959497729097,0.9976807020063002
2015-06-03,4,Risk-Off,5.895503891912898e-07,1.8823661903938584e-06,3.623774145422691e-05,0.0006346367013361,0.99932665364091
2015-06-04,4,Risk-Off,1.743559076636486e-06,1.074223069148669e-06,0.0004060106983647,0.0001610961804165,0.9994300753390476
2015-06-05,4,Risk-Off,3.114094147245322e-06,3.084429561704244e-06,0.0003556302498387,2.6979753318178088e-05,0.9996111914727164
2015-06-08,4,Risk-Off,5.273103607123059e-07,1.2238747758586751e-06,9.04839329444339e-05,1.7503772057194673e-05,0.9998902611105104
2015-06-09,4,Risk-Off,2.2578118468436187e-07,1.3188777830254753e-07,2.012685651780683e-05,6.135118074342383e-06,0.9999733803557018
2015-06-10,4,Risk-Off,1.3465089644632837e-06,1.102975825923679e-06,0.0008163607192584,3.413727805481365e-06,0.9991777760674064
2015-06-11,4,Risk-Off,4.283687947045519e-07,5.80585471915312e-07,3.704359987858589e-05,7.198130250949961e-06,0.9999547493150452
2015-06-12,4,Risk-Off,4.935421942512068e-08,8.36197750725149e-08,3.131157825738906e-05,1.945953842035037e-06,0.9999666094945048
2015-06-15,4,Risk-Off,4.2544969041700056e-08,3.833250432203005e-08,2.997171764736319e-05,1.8644274456636224e-06,0.9999680829769624
2015-06-16,4,Risk-Off,2.8916349145824482e-08,2.5065306855875903e-08,1.988884492405224e-05,3.450174726163817e-06,0.9999766069985062
2015-06-17,4,Risk-Off,4.6028688839885823e-08,3.6728568722417796e-08,3.237680687987428e-05,4.027972887245494e-06,0.999963512462209
2015-06-18,4,Risk-Off,6.922217264452522e-08,5.407547935588033e-08,4.075012309197974e-05,1.6500743428010716e-06,0.9999574765043896
2015-06-19,4,Risk-Off,1.3041744653180913e-07,8.03885825960662e-08,4.886708174892848e-05,1.7365210489934931e-06,0.9999491855920268
2015-06-22,4,Risk-Off,8.394738806002514e-07,2.78775063908758e-07,0.0001101948592878,2.1464416557119747e-06,0.9998865404500794
2015-06-23,4,Risk-Off,6.031044645194318e-06,2.1656664043887957e-06,0.0004990866704891,3.081868717457264e-06,0.9994896347499116
2015-06-24,4,Risk-Off,2.991887347747168e-05,9.739571221408015e-06,0.0004448530293989,3.1606200188182904e-06,0.9995123279056214
2015-06-25,4,Risk-Off,9.121399337762328e-05,3.4729819871918666e-05,0.0009255185307163,4.776689226964537e-06,0.998943760965898
2015-06-26,4,Risk-Off,0.0004394636982312,0.0001215744686292,0.0021154843592717,6.2745395329969845e-06,0.997317202934664
2015-06-29,4,Risk-Off,0.0016512772857596,0.0005486382542271,0.0064742520238735,1.8789332693650423e-05,0.9913070431040518
2015-06-30,4,Risk-Off,0.0084369774160199,0.0021667486912712,0.0764594915975964,0.0001233399069275,0.912813442388495
2015-07-01,4,Risk-Off,0.0967542809582255,0.0156555411272975,0.6595687653882387,0.0001671945626026,0.227854217963882
2015-07-02,2,Transitional,0.6170935027221748,0.14242168529388,0.2247487679151053,4.128606067142018e-05,0.01569475800853
2015-07-03,0,Risk-On,0.2548520691228845,0.5653571478054635,0.1787425310765038,4.992550898027452e-06,0.0010432594448175
2015-07-06,1,Late-Cycle,0.2301545807161367,0.3304690316162805,0.439317158554726,4.530588338723511e-07,5.877605434013794e-05
2015-07-07,2,Transitional,0.4438717891056806,0.2950961238976427,0.2610145018362585,4.4789933096348814e-08,1.7540371001592442e-05
2015-07-08,0,Risk-On,0.2906418351027515,0.4487845724117982,0.2605238067252197,4.6583175440654305e-09,4.97811023080758e-05
2015-07-09,1,Late-Cycle,0.295161346552878,0.3455976670515893,0.3589620047542917,8.987335572709148e-09,0.0002789726546289
2015-07-10,2,Transitional,0.3735771682850439,0.3465964952318356,0.2797906380951375,1.087482008874157e-07,3.558963966014066e-05
2015-07-13,0,Risk-On,0.3113468949561656,0.3984731447543225,0.2901734958503638,1.1412026317180831e-08,6.453026483608155e-06
2015-07-14,1,Late-Cycle,0.3209347077290945,0.363687830908697,0.3153645260563992,1.8932469126391155e-09,1.293341332766607e-05
2015-07-15,2,Transitional,0.3366765784306783,0.365902027198451,0.2974133909581379,3.20011664017131e-09,8.000213228245608e-06
2015-07-16,0,Risk-On,0.3286075754430381,0.3660815627026679,0.3053050971217645,3.4287607686241103e-09,5.761304554252584e-06
2015-07-17,1,Late-Cycle,0.3348145303357598,0.3796444927287078,0.2855138749993939,2.416944472681605e-09,2.709951971246009e-05
2015-07-20,2,Transitional,0.3045533433393256,0.3839413656061906,0.3111707863889387,6.908958341652905e-09,0.0003344977556895
2015-07-21,0,Risk-On,0.3394252377145335,0.3318522303358987,0.3227534052083368,1.0543851037010409e-08,0.0059691161981518
2015-07-22,1,Late-Cycle,0.337693883526512,0.3996355611909072,0.2439146629858339,1.7373201307881001e-07,0.0187557185649498
2015-07-23,2,Transitional,0.1613460309851785,0.3892032361170563,0.3139700207484205,4.417328941020792e-07,0.1354802704173547
2015-07-24,4,Risk-Off,0.0424567317710876,0.1673686215779533,0.2592682229542174,5.890562016565196e-07,0.5309058346409664
2015-07-27,4,Risk-Off,0.0117790111876714,0.0375372337180165,0.0657415076779203,1.1091298718676285e-06,0.8849411382869192
2015-07-28,4,Risk-Off,0.0035934088153727,0.0108407785609425,0.0143617134569192,2.6773077557870304e-06,0.9712014218582334
2015-07-29,4,Risk-Off,0.0012040075884474,0.0033259011510466,0.0062974340966916,2.3556881800338958e-06,0.9891703014759032
2015-07-30,4,Risk-Off,0.0008678047249856,0.0011815194347373,0.0018065083884662,2.77841177696654e-06,0.9961413890400342
2015-07-31,4,Risk-Off,0.0009098437763864,0.0009581841583814,0.0030981299315231,6.157902349830034e-06,0.9950276842318304
2015-08-03,4,Risk-Off,0.0019895298103851,0.0010954705875815,0.005105069693752,5.559170095992173e-06,0.9918043707373274
2015-08-04,4,Risk-Off,0.0031228696085478,0.0021853698760002,0.0050934224078839,6.275246988038452e-06,0.9895920628607852
2015-08-05,4,Risk-Off,0.005508505487201,0.0031941639559646,0.025726140282343,1.7185139254810122e-05,0.9655540051345606
2015-08-06,4,Risk-Off,0.0264425264130029,0.0077733000991343,0.0533585088510754,8.880821309874942e-05,0.912336856423066
2015-08-07,4,Risk-Off,0.0416321243268017,0.0313096056586762,0.0239900085320039,2.239901447064386e-05,0.9030458624674584
2015-08-10,4,Risk-Off,0.0062537406361359,0.0375892226740412,0.0290917530495477,7.929999697693369e-06,0.9270573536404668
2015-08-11,4,Risk-Off,0.0016970565708436,0.0070702862434169,0.0165685602727429,2.071894386013662e-06,0.9746620250184488
2015-08-12,4,Risk-Off,0.0003008032042906,0.0014801456800145,0.0037859823501519,2.949693986999843e-06,0.994430119072298
2015-08-13,4,Risk-Off,2.1485045891166472e-05,0.0001439054451216,0.000376773813986,1.406177359511325e-06,0.9994564295180826
2015-08-14,4,Risk-Off,4.724950308122341e-06,1.5382522279850373e-05,0.000248988122632,1.59080148002977e-06,0.9997293136025271
2015-08-17,4,Risk-Off,2.88522958348107e-06,4.617491313080927e-06,0.0003755313947465,2.707303479490247e-06,0.9996142585812337
2015-08-18,4,Risk-Off,1.7926164865659102e-06,1.977027033364004e-06,0.0001212727217508,1.54471209982183e-06,0.9998734129223422
2015-08-19,4,Risk-Off,8.545621555472487e-07,1.556791246611944e-06,0.0002587956773281,9.923018914785568e-06,0.9997288699511798
2015-08-20,4,Risk-Off,1.7610766428038842e-07,3.040800173861489e-07,4.489536160548929e-05,0.0003959406587756,0.9995586837921576
2015-08-21,4,Risk-Off,1.1810480116132359e-09,1.6200202197790538e-09,8.029195717105981e-07,0.0238220943172305,0.9761770999630366
2015-08-24,3,Post-Shock,7.899848454949485e-13,6.041661803182748e-13,9.61388976076308e-10,0.9870331930215758,0.0129668060161255
2015-08-25,3,Post-Shock,1.309027462879173e-13,1.6304012279507606e-13,3.7536138016813343e-10,0.9983402740951006,0.0016597255288
2015-08-26,3,Post-Shock,3.567360844997865e-15,1.9488215321528147e-14,3.768986444912034e-11,0.9998799755415756,0.0001200244202175
2015-08-27,3,Post-Shock,3.1582194452743437e-16,1.9536653333130424e-14,3.5399452138895466e-11,0.9999895518249232,1.0448140024304704e-05
2015-08-28,3,Post-Shock,1.6734983325718692e-17,6.5527361641494336e-15,1.1842969657767783e-11,0.9999945711098944,5.42887896986077e-06
2015-08-31,3,Post-Shock,7.870358029632884e-19,3.263246499285197e-16,6.019615144443467e-13,0.9999988670376349,1.1329618638259948e-06
2015-09-01,3,Post-Shock,2.390699394402777e-21,1.9326570704641398e-18,4.9167313301709314e-15,0.9999998887524332,1.1124804539403803e-07
2015-09-02,3,Post-Shock,2.317622909444228e-22,6.797925522085598e-19,1.8472493470199816e-15,0.9999999233205046,7.667935320634787e-08
2015-09-03,3,Post-Shock,7.227007370965548e-24,2.177955780580621e-20,5.831136246113364e-17,0.9999999106476064,8.935319812318937e-08
2015-09-04,3,Post-Shock,1.2109107389182915e-26,3.400091736953849e-23,1.2062962654626835e-19,0.9999999973042576,2.695717922167541e-09
2015-09-07,3,Post-Shock,1.0589710065468151e-26,3.07761735136041e-23,1.2046536484830728e-19,0.9999999995507096,4.4970271325137436e-10
2015-09-08,3,Post-Shock,6.713047314724143e-25,1.8451374384629575e-21,6.852002954704077e-18,0.9999999966767064,3.323289614923992e-09
2015-09-09,3,Post-Shock,3.583970523854172e-24,9.642118844358858e-21,3.271909537306847e-17,0.9999999875835784,1.241703998937491e-08
2015-09-10,3,Post-Shock,1.281418016866965e-22,3.507595401524165e-19,1.0341710101455662e-15,0.9999999902956916,9.704156460343369e-09
2015-09-11,3,Post-Shock,3.456347760087559e-23,9.342244939462681e-20,2.8742618303132766e-16,0.9999999654810386,3.4518338597659175e-08
2015-09-14,3,Post-Shock,1.0348679983612812e-22,2.8773666172082374e-19,8.440658935988047e-16,0.9999999825777196,1.7421757171636497e-08
2015-09-15,3,Post-Shock,1.3534145426738642e-23,3.76699875692005e-20,1.1371984141370728e-16,0.999999965071766,3.4927838508765934e-08
2015-09-16,3,Post-Shock,5.510058146662874e-23,1.622596180926689e-19,4.3701523229662926e-16,0.9999999932060746,6.7944391447272295e-09
2015-09-18,3,Post-Shock,2.9885147525427945e-21,8.216307038826308e-18,2.3500153836123075e-14,0.9999999353676706,6.463282519726703e-08
2015-09-21,3,Post-Shock,2.243796092277896e-17,6.106869293376714e-14,1.5018464091821456e-10,0.9999995275667268,4.722826138471498e-07
2015-09-22,3,Post-Shock,1.206942101644761e-14,1.0072254570723669e-11,1.9801063229710895e-08,0.9996934702938852,0.0003065098946517
2015-09-23,4,Risk-Off,2.1951728241108653e-08,3.923282421245976e-05,0.0224714115051188,0.4351101755057011,0.5423791582140433
2015-09-24,4,Risk-Off,0.0002113313294374,0.0001357860294877,0.0102920962467681,0.1850123776803309,0.8043484087136533
2015-09-28,4,Risk-Off,4.616718745546432e-05,9.322211078475132e-05,0.0018311196920273,0.0753551548781014,0.9226743361317687
2015-09-29,4,Risk-Off,6.3830291233942e-05,3.309617518525128e-05,0.0008233439778681,0.0208084976885357,0.9782712318663144
2015-09-30,4,Risk-Off,0.0005745101086973,0.0001196253523077,0.0057691450113334,0.0147685037131264,0.978768215815244
2015-10-01,4,Risk-Off,0.0080482908206724,0.0011299595664564,0.0988565543943327,0.0112345412727183,0.8807306539450654
2015-10-05,2,Transitional,0.1190999756107161,0.0168937624429853,0.7478205603972405,0.0080993178988281,0.1080863836496537
2015-10-06,0,Risk-On,0.6905894615369387,0.1688660611957251,0.1299494694567169,0.0043200942659102,0.0062749135448492
2015-10-07,1,Late-Cycle,0.1805899272407501,0.5952194587111993,0.2226953142268345,0.0008190050645107,0.0006762947571131
2015-10-08,2,Transitional,0.2677511009872813,0.2820012657659643,0.4501627030824204,8.478298829982182e-05,1.4717592899367224e-07
2015-10-09,0,Risk-On,0.4525730252784273,0.3089572982519887,0.2384355511181773,3.303651433906304e-05,1.0888368907382486e-06
2015-10-12,1,Late-Cycle,0.2741436918751446,0.452453902658014,0.27338844152958,2.0089208324613065e-06,1.1955016223684183e-05
2015-10-13,2,Transitional,0.3040572919025574,0.3346325596155258,0.3611984884310104,8.469203052656247e-08,0.0001115753586043
2015-10-14,0,Risk-On,0.377457597678157,0.3435116150570518,0.2788940221995563,4.490489942601679e-08,0.0001367201603804
2015-10-15,1,Late-Cycle,0.307909979609335,0.4049797680952197,0.2870671715685271,5.130962125549375e-08,4.302941711996622e-05
2015-10-16,2,Transitional,0.3129792705986988,0.3546376445960609,0.3323214469923126,1.6707687708731468e-08,6.162110463724356e-05
2015-10-19,0,Risk-On,0.356947433437037,0.3479600905493586,0.295083586089301,1.4886704616699377e-08,8.875036880486045e-06
2015-10-20,1,Late-Cycle,0.3235844021936111,0.3930848939674392,0.2833186011069632,1.967716009287057e-09,1.210076424633644e-05
2015-10-21,2,Transitional,0.3084368322411296,0.3691982381754819,0.3221890516815551,2.672756248354402e-09,0.0001758752296735
2015-10-23,0,Risk-On,0.3470189087494999,0.3455683686075272,0.3072873949588313,5.876476157833807e-08,0.0001252689189111
2015-10-26,1,Late-Cycle,0.334101698924199,0.3890292717219374,0.2768645181238406,2.3448318835301453e-08,4.487781739865581e-06
2015-10-27,2,Transitional,0.3036468932042966,0.3765328558379281,0.319810636360934,1.0349781020376615e-09,9.613561327085315e-06
2015-10-28,0,Risk-On,0.3513763905316971,0.3414550705628723,0.3070444032639356,2.160171538592671e-09,0.000124133482107
2015-10-29,1,Late-Cycle,0.3289109526374332,0.4078585724359447,0.2628333218511126,1.7652155453023744e-08,0.0003971354231517
2015-10-30,2,Transitional,0.2768006458088979,0.3656112412694905,0.348207991997416,1.0713853488455474e-08,0.0093801102099469
2015-11-02,0,Risk-On,0.3303798186500994,0.3071388850660874,0.2823503062612695,6.742868660204848e-08,0.0801309225929806
2015-11-03,1,Late-Cycle,0.1841040086575261,0.3982204619802128,0.1973623655455722,5.67957247264851e-07,0.2203125958587329
2015-11-04,2,Transitional,0.0325933682208878,0.1903552990233468,0.3299816401478657,3.9997590137561655e-06,0.4470656928493475
2015-11-05,4,Risk-Off,0.0029892320089992,0.0229997069411086,0.053697323989412,2.0149133305985637e-06,0.9203117221462696
2015-11-06,4,Risk-Off,0.0002033121402894,0.0014901001225986,0.0035024120825102,2.852927283122494e-06,0.9948013227269312
2015-11-09,4,Risk-Off,8.49593912375509e-06,9.56991545249431e-05,0.000385251774481,3.187409106228555e-06,0.9995073657221524
2015-11-10,4,Risk-Off,1.3063423926566325e-07,8.862318610434388e-07,2.3065971639444623e-05,5.286365205064335e-06,0.999970630797362
2015-11-13,4,Risk-Off,5.4085813778637904e-08,4.6273802238912536e-08,2.6168373585576104e-05,1.0148908032842465e-05,0.9999635823579668
2015-11-16,4,Risk-Off,2.021018351254413e-07,1.7193448732090757e-07,0.00011848100179,4.759684645678045e-05,0.9998335481153404
2015-11-17,4,Risk-Off,1.449666726098215e-07,1.748278401163146e-07,5.666633363801993e-05,3.5060594869306465e-06,0.9999395078119098
2015-11-18,4,Risk-Off,2.7799559062177548e-08,2.9517587909616043e-08,1.469190463656574e-05,8.313393072599024e-06,0.9999769373847912
2015-11-19,4,Risk-Off,6.572933992809591e-08,5.4520598293907456e-08,5.335251449576736e-05,5.013342687398757e-06,0.9999415138923556
2015-11-20,4,Risk-Off,4.15557650921893e-08,4.107834918660145e-08,2.5748454964013903e-05,3.727111371859568e-06,0.999970441799018
2015-11-23,4,Risk-Off,2.4326929405190192e-08,2.2639655406540867e-08,1.914339600378113e-05,3.1527745224244684e-06,0.9999776568624392
2015-11-24,4,Risk-Off,1.9923541899256598e-08,1.7199971353171088e-08,1.6550212333770916e-05,3.324997194057541e-06,0.9999800876666828
2015-11-26,4,Risk-Off,2.7325253500802843e-08,1.978780791532953e-08,1.8991783094868354e-05,3.0088641996231604e-06,0.9999779522397532
2015-11-27,4,Risk-Off,8.525847357012209e-08,6.670978636035309e-08,5.867891567708615e-05,2.2439798054413617e-06,0.9999389251358928
2015-11-30,4,Risk-Off,9.145438180752349e-08,7.568484550319416e-08,3.871753518785075e-05,1.6877469774190846e-06,0.9999594275786778
2015-12-01,4,Risk-Off,1.7310931664494854e-07,1.2520366395150454e-07,6.857898942793988e-05,1.6272136273272633e-06,0.99992949548405
2015-12-02,4,Risk-Off,3.9043028391862137e-07,2.7207933025634255e-07,0.000103651833486,1.4547212195285429e-06,0.9998942309363013
2015-12-03,4,Risk-Off,7.471361130026335e-07,5.456230034277921e-07,0.0001436869794699,1.760513354173981e-06,0.9998532597482026
2015-12-04,4,Risk-Off,1.0185169054577636e-06,9.267872657989908e-07,0.0001901625396138,3.834649500456181e-06,0.999804057506286
2015-12-07,4,Risk-Off,7.547133289445682e-07,9.465116449277166e-07,0.0001583121976782,4.312272253198924e-06,0.9998356743059468
2015-12-08,4,Risk-Off,2.719508755993508e-07,4.2200863814223937e-07,8.492447052340988e-05,4.044080414592535e-06,0.999910337490248
2015-12-09,4,Risk-Off,7.40477901663435e-08,8.597100963444888e-08,3.0469284385369487e-05,2.1607232528029262e-06,0.9999672099739678
2015-12-10,4,Risk-Off,1.9535221238445287e-07,8.119098691667518e-08,4.32396770790544e-05,1.662824313062952e-06,0.9999548209545226
2015-12-11,4,Risk-Off,2.168788250808387e-06,7.36229904563915e-07,0.0003215514343094,1.0085445926315178e-05,0.9996654581022556
2015-12-14,4,Risk-Off,1.550198364496363e-05,4.8123962260550406e-06,0.0004373620118955,2.6323913477509278e-06,0.9995396912166288
2015-12-15,4,Risk-Off,4.788968760839573e-05,2.0189548666131387e-05,0.0004921113348238,1.9251905379466674e-06,0.9994378842381944
2015-12-16,4,Risk-Off,0.000126542819286,6.031832255676148e-05,0.0018765593128557,4.529286656831946e-06,0.9979320502578176
2015-12-17,4,Risk-Off,0.0004358292734074,0.0001556510638315,0.0010060658233777,2.373909471430028e-06,0.9984000799295716
2015-12-18,4,Risk-Off,0.0003923287039759,0.0004540335044515,0.0021900861187032,3.927529640258575e-06,0.996959624142448
2015-12-21,4,Risk-Off,0.0004803818606385,0.0004508857511082,0.0026541250203731,4.491884108472573e-06,0.9964101154834872
2015-12-22,4,Risk-Off,0.0004497298331791,0.0004360015241937,0.0010296050215774,2.088448777339258e-06,0.9980825751722474
2015-12-23,4,Risk-Off,0.0005667019349086,0.0004827547696738,0.0022629975945378,3.0823872351222877e-06,0.9966844633144416
2015-12-24,4,Risk-Off,0.0014489148953983,0.0007657109249526,0.0055007490809608,7.176763946650347e-06,0.992277448335597
2015-12-28,4,Risk-Off,0.0019791479123239,0.0015678669175049,0.0035412180134378,3.939202948076604e-06,0.992907827953665
2015-12-29,4,Risk-Off,0.0017290323166013,0.0017900907621117,0.0031789380678762,2.5648711914721976e-06,0.9932993739814444
2015-12-30,4,Risk-Off,0.0026173575992393,0.0021670324010411,0.005302155957583,7.8752653865524e-06,0.9899055787775404
2015-12-31,4,Risk-Off,0.003203060147376,0.0032715530298633,0.0119243678561023,2.135824452391881e-05,0.981579660721326
2016-01-04,4,Risk-Off,0.0019191432320647,0.0028717618362579,0.0040420208783031,1.2981016448069464e-05,0.9911540930364744
2016-01-05,4,Risk-Off,0.0004906291590151,0.0018786378450596,0.0015362712336953,3.48895302961531e-06,0.9960909728092948
2016-01-06,4,Risk-Off,9.34643215228315e-05,0.0005310293610386,0.0040105624308333,8.378415255909467e-06,0.9953565654720444
2016-01-07,4,Risk-Off,1.320234989476384e-05,3.517192071949751e-05,0.0001658402328029,2.9377131978209754e-06,0.9997828477840228
2016-01-08,4,Risk-Off,4.8717234483715694e-06,9.003823175941536e-06,0.0001116167746802,3.509436504217368e-06,0.9998709982424068
2016-01-11,4,Risk-Off,9.744153577121943e-06,9.521987419345386e-06,0.0021284044273287,1.0742626597268709e-05,0.9978415868053078
2016-01-12,4,Risk-Off,8.419222399417388e-06,8.003393873212179e-06,0.0001327117061809,2.483808975571184e-06,0.9998483818681926
2016-01-13,4,Risk-Off,1.0962923462411848e-06,4.606064585191967e-06,0.0002221876522971,4.266394136073953e-06,0.9997678435961947
2016-01-14,4,Risk-Off,5.493430067258126e-07,8.828284977150651e-07,0.0001316988612487,1.597638488284689e-06,0.9998652713292924
2016-01-15,4,Risk-Off,5.649282408038943e-08,9.712632865199369e-08,2.3139872124972425e-05,2.748646317965716e-06,0.9999739578623548
2016-01-18,4,Risk-Off,8.869558068192575e-09,8.654805967228929e-09,8.01478230650906e-06,8.645091936770616e-06,0.9999833226019368
2016-01-19,4,Risk-Off,1.0378412275679136e-08,8.029603005350221e-09,1.023587652917642e-05,4.22980603855754e-05,0.9999474476556686
2016-01-20,4,Risk-Off,2.129057592256967e-08,1.869434692855851e-08,2.337415625817731e-05,0.0002405876908982,0.9997359981671782
2016-01-21,4,Risk-Off,2.5480903140134046e-09,2.231729798069799e-09,2.7109962429676137e-06,5.542518508249933e-05,0.9999418590382
2016-01-22,4,Risk-Off,6.612917540857488e-09,4.86487139293056e-09,7.71118591438794e-06,8.171794272671926e-06,0.9999841055422516
2016-01-25,4,Risk-Off,5.66360514003584e-09,4.291921712625091e-09,6.422600234498473e-06,6.714301325523994e-06,0.9999868531422368
2016-01-27,4,Risk-Off,5.273611048837296e-09,4.109344314303405e-09,6.103279290094274e-06,1.274736455594309e-05,0.9999811399734888
2016-01-28,4,Risk-Off,3.969503485733415e-09,2.793586798091925e-09,4.401997951539905e-06,1.0813250363495282e-05,0.9999847779885248
2016-01-29,4,Risk-Off,2.6887331606770057e-08,1.6427420240668888e-08,2.4419928493353032e-05,1.3273801484156302e-05,0.9999622629556312
2016-02-01,4,Risk-Off,6.340888402299615e-08,5.274644452335607e-08,5.76214644496419e-05,2.0542548581487217e-05,0.9999217198319102
2016-02-02,4,Risk-Off,3.661918661280359e-09,3.456540475205337e-09,2.970548894416014e-06,1.972461746872039e-05,0.9999772977147086
2016-02-03,4,Risk-Off,3.803200182971267e-09,2.707733145252029e-09,4.519858578554977e-06,1.860584179965021e-05,0.999976867788226
2016-02-04,4,Risk-Off,3.284410439380527e-08,9.79188061069888e-09,9.585820541067103e-06,7.549878803430067e-05,0.9999148727548464
2016-02-05,4,Risk-Off,8.105417830058645e-07,4.877441678102405e-07,0.0005710613550539,0.0009671982505007,0.9984604421091334
2016-02-08,4,Risk-Off,8.671805628040703e-07,7.224324624898965e-07,6.59893718259881e-05,0.0020752454571602,0.9978571755580612
2016-02-09,4,Risk-Off,2.523755896261238e-07,4.862268545718185e-07,0.0001566046812093,0.0355890260124719,0.9642536307031372
2016-02-10,4,Risk-Off,1.7345734714261986e-10,2.1974109179166207e-10,6.591612538175752e-08,0.1440179131468956,0.8559820205443953
2016-02-11,3,Post-Shock,4.092586356164615e-12,4.279096389459972e-12,4.599839313047188e-09,0.9978530712722358,0.0021469241199902
2016-02-12,3,Post-Shock,9.369133082406792e-14,4.3865304451571474e-13,5.813601404306153e-10,0.9998124924744124,0.000187506943544
2016-02-15,3,Post-Shock,6.639914528774277e-17,2.5402228522789438e-15,2.6859165618398464e-12,0.999904426267654,9.55737301040148e-05
2016-02-16,3,Post-Shock,9.709963022424076e-15,4.851919847004378e-13,4.999754068638104e-10,0.9999999505034806,4.899533589453513e-08
2016-02-17,3,Post-Shock,3.3382408023617764e-14,5.688770334021453e-11,6.946781514816336e-08,0.9998118804285095,0.0001880500467659
2016-02-18,3,Post-Shock,1.346533523743365e-11,1.347394725095124e-10,1.3796527456702116e-07,0.9998166964307184,0.0001831654562744
2016-02-19,3,Post-Shock,1.0093468940185275e-10,3.2091194218963733e-09,2.853202768576469e-06,0.999075811497602,0.0009213319896904
2016-02-22,3,Post-Shock,4.501743243301635e-09,8.466422963653006e-09,4.746996688089826e-06,0.99892695489345,0.0010682851414777
2016-02-23,3,Post-Shock,9.617522205484995e-11,1.5693186775221878e-10,5.945998518387708e-08,0.9989182147012672,0.0010817255852886
2016-02-24,3,Post-Shock,5.640549827439036e-13,3.2827466408712057e-12,3.786108122697015e-09,0.9995609460116436,0.0004390501977943
2016-02-25,3,Post-Shock,6.886933914091286e-14,1.6735425253403961e-12,2.33673765512883e-09,0.9998108441638628,0.0001891534967895
2016-02-26,3,Post-Shock,7.374225033250628e-15,4.110190106693135e-13,5.531437224029493e-10,0.9998737075704606,0.0001262918761664
2016-02-29,3,Post-Shock,2.040767159857031e-15,8.13843751552464e-14,1.0964567048273277e-10,0.999989292687158,1.0707202789429655e-05
2016-03-01,3,Post-Shock,5.059179293331298e-16,2.1399784237220085e-13,3.371675211142109e-10,0.9999840285074588,1.5971154295081476e-05
2016-03-02,3,Post-Shock,6.065434183118179e-15,8.486070534522788e-13,1.2113526164240215e-09,0.999989786861392,1.0211926333473496e-05
2016-03-03,3,Post-Shock,1.907953239687632e-14,2.797422394787343e-13,3.0410301564319766e-10,0.9999964628995058,3.5367961350974607e-06
2016-03-04,3,Post-Shock,5.365279839911512e-13,4.174456030051505e-12,4.530015985863367e-09,0.9999996607603528,3.347041323846455e-07
2016-03-08,3,Post-Shock,1.7461961596808888e-11,1.5743715869185126e-11,8.377303869119778e-09,0.999997136501868,2.855088098405553e-06
2016-03-09,3,Post-Shock,2.9163905638548396e-09,2.4488461652454287e-09,6.422350266056006e-07,0.9999951849392764,4.167460285800755e-06
2016-03-10,3,Post-Shock,5.641954018942923e-07,2.165767931329569e-07,5.02280270974933e-05,0.9999415176065148,7.4735935306451265e-06
2016-03-11,3,Post-Shock,4.644667348721087e-05,1.2901644160302133e-05,0.0028307845684754,0.9970838038829872,2.606323048003579e-05
2016-03-14,3,Post-Shock,0.0025939312441152,0.0007561127003467,0.1165868763167437,0.880061101826239,1.977912706299245e-06
2016-03-15,3,Post-Shock,0.1077563486148803,0.0119895510163787,0.253004461420272,0.6272332162636473,1.6422685356328577e-05
2016-03-16,3,Post-Shock,0.2395612688890689,0.1136539892794971,0.467707516020402,0.1789719954906193,0.0001052303198258
2016-03-17,2,Transitional,0.4513471754208989,0.2567424395941896,0.2402849632065356,0.0515994463666472,2.597541196542669e-05
2016-03-18,0,Risk-On,0.2704180403717077,0.4311515812743049,0.2829161368588164,0.015510729018695,3.5124764720862e-06
2016-03-21,1,Late-Cycle,0.3129797591694991,0.3179932533838626,0.3636769480001211,0.0053471153642294,2.924082450028892e-06
2016-03-22,2,Transitional,0.3756772314124094,0.3417659035627858,0.2806893553760498,0.0018629298426395,4.579806644137806e-06
2016-03-23,0,Risk-On,0.3108849250369173,0.3798181527839872,0.3086025672104232,0.000684879272377,9.475696702792702e-06
2016-03-28,1,Late-Cycle,0.3349031026638037,0.350325623086493,0.314495015654454,0.0002746606721607,1.597923343663531e-06
2016-03-29,2,Transitional,0.3335187226994873,0.3613249081969517,0.3049815858698186,0.0001745399547483,2.432794108575312e-07
2016-03-30,0,Risk-On,0.3392391569615192,0.3470881747498005,0.3135203414915996,0.0001522932504304,3.3547183701269706e-08
2016-03-31,1,Late-Cycle,0.3320295075337878,0.378894459238967,0.2889779789186554,9.805425555732498e-05,5.2256734954880294e-11
2016-04-01,2,Transitional,0.3256763502530977,0.343721253655143,0.3305548250459478,4.755429003658687e-05,1.6756191081230558e-08
2016-04-04,0,Risk-On,0.3529591676904512,0.369206523138377,0.2778320253991279,2.073218001495753e-06,2.1055482931043737e-07
2016-04-05,1,Late-Cycle,0.3074020374176945,0.3816217457967696,0.3105956172081348,1.0752897562203985e-07,0.0003804920488896
2016-04-06,2,Transitional,0.3344550934547493,0.3577944553584101,0.3072210180517919,6.586536744330812e-08,0.0005293672692482
2016-04-07,0,Risk-On,0.3266502388099048,0.3734504683144806,0.2986598699850101,9.424820860517833e-08,0.0012393286416018
2016-04-08,1,Late-Cycle,0.323240174681615,0.3616754207508812,0.3134278496511151,2.1636052588563937e-07,0.001656338556648
2016-04-11,2,Transitional,0.3356765049292298,0.3673570111284071,0.2964308637717073,4.406916974132006e-07,0.0005351794795871
2016-04-12,0,Risk-On,0.3176490532387991,0.3720093252759211,0.3102053141081941,1.3138293665766953e-07,0.0001361759934783
2016-04-13,1,Late-Cycle,0.3402934888931221,0.3482854540583684,0.3113760933806716,5.71095707897876e-08,4.49065575713989e-05
2016-04-18,2,Transitional,0.3329400218207914,0.3855159187177062,0.2815289807572199,2.3563310854877627e-08,1.505514021843284e-05
2016-04-20,0,Risk-On,0.3040166667733618,0.3603992663112677,0.335580780074541,5.713487380024671e-09,3.2811279648813878e-06
2016-04-21,1,Late-Cycle,0.3737604914821857,0.3276119497845062,0.2986258009566398,9.682903581514235e-10,1.7568089625223531e-06
2016-04-22,2,Transitional,0.3187143544619531,0.436619722705903,0.2446659217500197,1.0106355351744766e-09,7.098306695923687e-11
2016-04-25,0,Risk-On,0.2821740918191525,0.3554285668210712,0.3622461654022779,3.9423124332333393e-11,0.0001511759178382
2016-04-26,1,Late-Cycle,0.3797141443227778,0.3372665423636321,0.282645359317528,4.6601759213424326e-08,0.0003739073939289
2016-04-27,2,Transitional,0.3002586885810888,0.4056805918277764,0.2931994821926231,9.61466006317634e-08,0.000861141252413
2016-04-28,0,Risk-On,0.2816672644066253,0.3301049492645352,0.3221330143248962,2.71394058812422e-08,0.0660947448650779
2016-04-29,1,Late-Cycle,0.2958066113243969,0.3320938586754916,0.2604699767182106,1.941304589905281e-06,0.1116276119778703
2016-05-02,2,Transitional,0.1907248129376519,0.30971786031267,0.2779163413322856,2.038178990350735e-06,0.2216389472382694
2016-05-03,0,Risk-On,0.1591266367884356,0.2071957610272997,0.2193946086391597,1.163611905113342e-06,0.4142818299337644
2016-05-04,1,Late-Cycle,0.1849203559869327,0.1777438922063072,0.164222834452462,6.117043629156311e-06,0.4731068003111197
2016-05-05,2,Transitional,0.1677445911434672,0.205203715777587,0.1730700309453666,7.106168824122301e-05,0.4539106004453973
2016-05-06,0,Risk-On,0.1863057170890307,0.1873060551307779,0.3148376004241123,0.000107916531741,0.3114427108236307
2016-05-09,1,Late-Cycle,0.3302238377717335,0.213374188948473,0.4514333004002699,4.9705112342499547e-05,0.0049189677663768
2016-05-10,2,Transitional,0.4518340042508543,0.3624559566407582,0.185668635430104,2.1181321474919613e-06,3.928554528186196e-05
2016-05-11,0,Risk-On,0.2231870975906925,0.4641361431581743,0.3125829059289735,1.4860591702294058e-07,9.370471557014812e-05
2016-05-12,1,Late-Cycle,0.3426705692399381,0.2869364855997289,0.3703909684757709,1.489982711681764e-08,1.961785410645832e-06
2016-05-13,2,Transitional,0.3919796855404183,0.3779957953725192,0.2300245141648335,9.74241897467477e-10,3.947789820649905e-09
2016-05-16,0,Risk-On,0.2700953073225353,0.4499440088859217,0.2799606716156451,3.9502166314176466e-11,1.213678648183994e-08
2016-05-17,1,Late-Cycle,0.3028096485985342,0.3440405828835957,0.353149495273569,4.626872862675271e-12,2.732388744044392e-07
2016-05-18,2,Transitional,0.3845480203217742,0.336999826997773,0.2783911334072886,1.229567198138673e-10,6.1019149890147406e-05
2016-05-19,0,Risk-On,0.2945900817541177,0.4536608828014107,0.2517435654059841,2.0794694885665214e-07,5.262091629272769e-06
2016-05-20,1,Late-Cycle,0.2343101927924924,0.3406070209945778,0.3673585819444245,4.5930653397156975e-08,0.0577241583380176
2016-05-23,2,Transitional,0.2547176160001368,0.2715074168827688,0.2508172711841913,1.7427647363229915e-06,0.222955953168389
2016-05-24,0,Risk-On,0.2645037447100026,0.2732778969051478,0.2600413549628049,2.6581213510011905e-05,0.2021504222089986
2016-05-25,1,Late-Cycle,0.2841931482214389,0.3038448398546015,0.4079620458345862,0.0001285282456763,0.0038714378445879
2016-05-26,2,Transitional,0.4080810148989108,0.3339782436976085,0.2579272416636502,8.788459395316846e-06,4.711279700108411e-06
2016-05-27,0,Risk-On,0.30035899585452,0.4116249268328473,0.2880156328608268,1.7550937185006377e-07,2.689432932102454e-07
2016-05-30,1,Late-Cycle,0.3223141012421089,0.3806578655938863,0.297028025393792,7.091294438425975e-09,6.793853945885321e-10
2016-05-31,2,Transitional,0.3196364601693192,0.3758961006914854,0.3044674327368212,1.8572478875170527e-10,6.215779005894237e-09
2016-06-01,0,Risk-On,0.3444163579843269,0.3525039536712116,0.3030796590447591,4.886464884622104e-12,2.9293968074470763e-08
2016-06-02,1,Late-Cycle,0.3300706002538661,0.4108597851402153,0.2590696145847168,1.2760224629573119e-11,7.712483525926216e-12
2016-06-03,2,Transitional,0.2954559061360192,0.3764115922617627,0.3281324939077205,3.310532466234566e-13,7.694878815326535e-09
2016-06-06,0,Risk-On,0.3593240810670121,0.3470402658733084,0.2936356423879339,1.478024401023739e-12,1.0669992145326753e-08
2016-06-07,1,Late-Cycle,0.3208521637373009,0.4067306198629103,0.2724171795947541,1.6075710527528017e-12,3.6803118548509645e-08
2016-06-08,2,Transitional,0.3046403364602482,0.3657429804236224,0.3296166591894431,4.2903769550812146e-12,2.3923197178137056e-08
2016-06-09,0,Risk-On,0.3662574381348731,0.3527049944397348,0.2810375544354649,3.3078616190088e-12,1.2985779650219194e-08
2016-06-10,1,Late-Cycle,0.3056553789578092,0.4316641376871964,0.2626804776092792,2.860285029976877e-12,5.741957259872218e-09
2016-06-13,2,Transitional,0.2942486836172401,0.35016623328551,0.3555134846904887,1.0221398498499861e-12,7.159840535334929e-05
2016-06-14,0,Risk-On,0.3796853554358236,0.3391273974187266,0.2811867474280544,8.085835405895234e-09,4.916309130757164e-07
2016-06-15,1,Late-Cycle,0.3124254664978217,0.4240303613782331,0.2635441569562913,2.5826741641148207e-10,1.4909651429257035e-08
2016-06-16,2,Transitional,0.2951290843024342,0.3704018985194122,0.334467806243512,7.350415147838238e-12,1.2109268598218856e-06
2016-06-17,0,Risk-On,0.3588022388198278,0.3397695641492805,0.3014107973625449,2.186366682172152e-10,1.7399449668090494e-05
2016-06-20,1,Late-Cycle,0.3272449615037484,0.3948001459057184,0.277951423255639,4.447754837595171e-09,3.4648872212015093e-06
2016-06-21,2,Transitional,0.3061335274269743,0.3657908417409263,0.3280752854753552,6.558671689189468e-10,3.447011041980145e-07
2016-06-22,0,Risk-On,0.3630825703615656,0.3423608333668385,0.2945460867590442,1.2611980396126648e-10,1.0509385864936092e-05
2016-06-23,1,Late-Cycle,0.3127019047517313,0.4211848097386237,0.2661114307384861,2.806895978981493e-09,1.851964123612704e-06
2016-06-24,2,Transitional,0.241186936085635,0.3504528729374958,0.3241676986318323,1.2064992254169074e-10,0.0841924922251622
2016-06-27,0,Risk-On,0.3068764103328303,0.2875068049135498,0.2792855665446144,1.1451168516095932e-06,0.1263300730917078
2016-06-28,1,Late-Cycle,0.2841547132005302,0.3339859692656928,0.2446174203498972,3.7076420857216966e-06,0.137238189542222
2016-06-29,2,Transitional,0.2624151925265431,0.3211840485931781,0.2946079251749182,1.1908617046956286e-05,0.1217809250889896
2016-06-30,0,Risk-On,0.3139256332919333,0.3005913006544424,0.3175252821224848,1.857250712024388e-05,0.0679392114232021
2016-07-01,1,Late-Cycle,0.3360671367260753,0.3517816786040059,0.3069725218336882,1.2527580773409442e-05,0.0051661352547359
2016-07-04,2,Transitional,0.3288539104349286,0.3738348096915502,0.2972392759200189,9.734000073896485e-07,7.10305530833506e-05
2016-07-05,0,Risk-On,0.3305749493366288,0.3682033438629529,0.3012070493108922,3.1185698604835194e-08,1.4626303581362816e-05
2016-07-07,1,Late-Cycle,0.3230545755206767,0.3915913589147006,0.2853538360417883,4.859946572649727e-09,2.246625543970326e-07
2016-07-08,2,Transitional,0.3160072687280882,0.3656790788982946,0.3183039285738833,1.7939083246258003e-10,9.723619708301012e-06
2016-07-11,0,Risk-On,0.3435847457866813,0.3718080588280607,0.2846056911654422,1.4378374125034962e-09,1.5027818566755622e-06
2016-07-12,1,Late-Cycle,0.3089625887311333,0.3852067701540365,0.3058243432667197,2.390152752344764e-10,6.297608674177119e-06
2016-07-13,2,Transitional,0.3373837626748115,0.3436362996835389,0.3189667240108743,1.003248946339536e-09,1.3212627041992926e-05
2016-07-14,0,Risk-On,0.3449764847281854,0.3860687988061861,0.2689543785496107,2.163901019456173e-09,3.3575143459437026e-07
2016-07-15,1,Late-Cycle,0.2953659328857463,0.3856574422490443,0.318911138410052,1.2373957672635476e-10,6.548633180852699e-05
2016-07-18,2,Transitional,0.347533633254238,0.3344825255194509,0.3179340112423127,1.5035654118043794e-08,4.98149485076917e-05
2016-07-19,0,Risk-On,0.3436949306102472,0.3942612442163754,0.2620432383988491,6.3694606055539514e-09,5.80405346663204e-07
2016-07-20,1,Late-Cycle,0.2900276544959057,0.3889642664479908,0.320925986714417,3.33116448211319e-10,8.209200821734603e-05
2016-07-21,2,Transitional,0.3469193246114195,0.3325109489356112,0.3205504408205522,8.66103714582752e-09,1.9276971129337224e-05
2016-07-22,0,Risk-On,0.3495879296798868,0.3869611584615742,0.2634508838246074,2.3183519895755487e-09,2.5714803995887906e-08
2016-07-25,1,Late-Cycle,0.2977846728977155,0.4058416264172355,0.2963736957658627,4.692390963277317e-11,4.872494295215446e-09
2016-07-26,2,Transitional,0.3281120864158073,0.3547901121662813,0.3170975311532696,1.7600730585321668e-12,2.702632173199048e-07
2016-07-27,0,Risk-On,0.3422969880676541,0.371549266132134,0.2861535632484418,4.4673787775619325e-11,1.825065071896317e-07
2016-07-28,1,Late-Cycle,0.3198709575662314,0.3794862508247654,0.3006426010038857,3.217573537056841e-11,1.905734170330288e-07
2016-07-29,2,Transitional,0.3308744085597845,0.3713570886718484,0.2977684407240923,2.3223375110245654e-11,6.202178316726627e-08
2016-08-01,0,Risk-On,0.3291635718784345,0.378170186415709,0.2926659972708847,7.31026253111342e-12,2.444273592096747e-07
2016-08-02,1,Late-Cycle,0.322663732960206,0.38227604047582,0.2950589132180162,2.996441054370735e-11,1.313315399645203e-06
2016-08-03,2,Transitional,0.3215190862602826,0.3724315135866929,0.3059878452288842,1.9303062910021368e-10,6.155473052458177e-05
2016-08-04,0,Risk-On,0.3305253703632773,0.3663334060969196,0.3030911818523815,8.310874040164691e-09,5.003337593335508e-05
2016-08-05,1,Late-Cycle,0.331589347279865,0.3720738743757728,0.2963328606173421,5.204192868213861e-09,3.912522394249315e-06
2016-08-08,2,Transitional,0.3258940973563379,0.3785495653238238,0.2955551713816761,4.951346985637536e-10,1.1654436198873102e-06
2016-08-09,0,Risk-On,0.3239192388950966,0.3728963399838504,0.3031501008357018,1.7669628812282218e-10,3.432010854833025e-05
2016-08-10,1,Late-Cycle,0.3279368510158444,0.3723874575905159,0.2996531867950429,6.907543532125894e-09,2.249769149654142e-05
2016-08-11,2,Transitional,0.326160131117361,0.3745564699988481,0.2992683615029713,4.283329621176673e-09,1.5033098197432256e-05
2016-08-16,0,Risk-On,0.3259934870994928,0.3760174080197558,0.2979655849993238,2.9020267224024076e-09,2.351698009487649e-05
2016-08-17,1,Late-Cycle,0.3220912540560053,0.3754908142614147,0.3024127374462743,4.172396874004796e-09,5.190064251711766e-06
2016-08-18,2,Transitional,0.3330264419067579,0.3666172382714223,0.3003476120033812,7.224172067956125e-10,8.707096832117435e-06
2016-08-19,0,Risk-On,0.3256771651999885,0.3886662781427987,0.2856497668169832,1.4168832025558495e-09,6.788424079386491e-06
2016-08-22,1,Late-Cycle,0.3113734303262706,0.3725586793501637,0.3146255879812052,6.63230019319411e-10,0.0014423016782837
2016-08-23,2,Transitional,0.3324963223681649,0.358832111120117,0.300543637590336,6.514472209386892e-08,0.0081278637769871
2016-08-24,0,Risk-On,0.3172118681546675,0.374984929022009,0.2926379686252282,4.7427215371384114e-07,0.0151647599258631
2016-08-25,1,Late-Cycle,0.311802287947822,0.3613057926127082,0.3062369764387666,9.976165334901385e-07,0.0206539453847626
2016-08-26,2,Transitional,0.3211394202594321,0.3579001220466091,0.29599653609651,3.341232597791865e-06,0.0249605803641865
2016-08-29,0,Risk-On,0.3166783688831044,0.363294219763259,0.3042326945172338,4.337796506261095e-06,0.0157903790403608
2016-08-30,1,Late-Cycle,0.3270184968633111,0.3583372147489924,0.3061316634898158,2.0884317791537085e-06,0.0085105364668655
2016-08-31,2,Transitional,0.3294479525294291,0.3704196703794734,0.2954645925486138,1.1039397520136363e-06,0.0046666806021984
2016-09-01,0,Risk-On,0.3183210968635769,0.3732520963616585,0.3049273316268096,9.696881699414049e-07,0.003498505459476
2016-09-02,1,Late-Cycle,0.3293825686073941,0.3625726918168623,0.3067204938218148,6.197683017119e-07,0.0013236259854997
2016-09-06,2,Transitional,0.3312132970452242,0.3731894068679868,0.295595318210526,1.393458381733107e-07,1.8385297585762708e-06
2016-09-07,0,Risk-On,0.3303839277350227,0.3693875297138401,0.3002281469000835,1.846677327618285e-09,3.938042094852791e-07
2016-09-08,1,Late-Cycle,0.329867014000799,0.3899907228889993,0.2801413449084746,7.930274059389683e-11,9.181216676658484e-07
2016-09-09,2,Transitional,0.3037049638636153,0.3818831680279396,0.3136518819406572,9.205069741780951e-11,0.000759986075501
2016-09-12,0,Risk-On,0.3342689595880864,0.3426038303953057,0.3159122036216155,5.2375451606393215e-08,0.007214954019607
2016-09-14,1,Late-Cycle,0.3352216816865827,0.3825613271190771,0.2763676794050558,1.304495657584564e-06,0.0058480072935665
2016-09-15,2,Transitional,0.2974376144042081,0.3759492062317182,0.3233538074217939,9.680217074886298e-07,0.0032584039204976
2016-09-16,0,Risk-On,0.3531885615960138,0.3329773111944847,0.3133963035960854,3.992278730386904e-07,0.0004374243858658
2016-09-19,1,Late-Cycle,0.3377200457889255,0.4082632547132029,0.2532015276828546,6.876990626510378e-08,0.0008151030443415
2016-09-20,2,Transitional,0.2665177770200769,0.3847915818891457,0.3459578833799235,9.198649065591688e-08,0.0027326657236882
2016-09-21,0,Risk-On,0.3815664904235796,0.285012475481619,0.3313177589351836,2.436129783960767e-07,0.0021030315471391
2016-09-22,1,Late-Cycle,0.3530671454896258,0.4523997350990927,0.1931633311351527,4.634275600235633e-07,0.0013693248476757
2016-09-23,2,Transitional,0.1958052775875128,0.3991928335631156,0.4030071920345897,4.09923522687231e-07,0.001994286890608
2016-09-26,4,Risk-Off,0.1533789338117628,0.2076726605903839,0.2374349772927272,2.0443039433792104e-08,0.4015134078628451
2016-09-27,4,Risk-Off,0.1002329072930475,0.1816555411026059,0.124931778474015,1.7329193561992152e-06,0.5931780402116094
2016-09-28,4,Risk-Off,0.0227624058922698,0.1036522076069894,0.1414964177509634,3.2995919305307846e-06,0.7320856691574155
2016-09-29,4,Risk-Off,0.0030448306863565,0.0184495436148674,0.0422862914084831,1.613425209226467e-06,0.9362177208654072
2016-09-30,4,Risk-Off,0.0007174740997285,0.0020816105878275,0.0032789976952786,1.3054932169133006e-06,0.993920612123232
2016-10-03,4,Risk-Off,0.0002954931590248,0.0006505619050423,0.0017777039833087,2.751803585436835e-06,0.99727348914916
2016-10-04,4,Risk-Off,0.0001776093008195,0.0003180659718611,0.0007471950777514,2.364050122372047e-06,0.9987547655987228
2016-10-05,4,Risk-Off,4.962349189440476e-05,0.0001746108256267,0.002208004422894,7.276828177459959e-06,0.9975604844307004
2016-10-06,4,Risk-Off,9.474875925288591e-06,3.0634306754614845e-05,0.0002470209708529,2.653081594546835e-06,0.9997102167656456
2016-10-07,4,Risk-Off,5.783134023512769e-07,3.2444222119257062e-06,9.929431674578204e-05,1.4061880808460846e-06,0.9998954767602845
2016-10-10,4,Risk-Off,3.0199478960761985e-07,3.171246633047504e-07,6.537506927235129e-05,3.1865181200975964e-06,0.99993081929391
2016-10-13,4,Risk-Off,9.252423368805244e-07,4.726182848526837e-07,0.0001486528769338,3.4830805991123058e-06,0.9998464661826062
2016-10-14,4,Risk-Off,1.8592141312692265e-06,1.781009687524011e-06,0.0003866802677977,2.1191516292909e-06,0.9996075603571
2016-10-17,4,Risk-Off,1.2123068243250012e-06,1.2177142156729124e-06,8.888493459619042e-05,1.3290269901916145e-06,0.9999073560182248
2016-10-18,4,Risk-Off,8.757290307048425e-07,1.0536583870452357e-06,0.0002025078448342,2.389063465253005e-06,0.9997931737036304
2016-10-19,4,Risk-Off,1.0408461193366864e-06,9.357150857991632e-07,0.0001451060198574,1.373588380401083e-06,0.9998515438304788
2016-10-20,4,Risk-Off,1.1794975745136202e-06,9.274649328142592e-07,0.0001410928678126,1.459745242368864e-06,0.9998553404252702
2016-10-21,4,Risk-Off,2.232694758433934e-06,1.588337737536415e-06,0.000254624595216,1.5861375900796693e-06,0.9997399682352076
2016-10-24,4,Risk-Off,2.2669887555683765e-06,2.7125328760690003e-06,0.0003173162439216,1.6896719006009477e-06,0.9996760145626882
2016-10-25,4,Risk-Off,8.45936053873457e-07,1.2729924199081951e-06,0.0001030288826989,1.2765613035547565e-06,0.9998935756275904
2016-10-26,4,Risk-Off,6.190092621259312e-07,5.297954712560586e-07,0.0001036258749884,1.5263188403775192e-06,0.9998936990019748
2016-10-27,4,Risk-Off,2.5345804567937665e-06,1.050184037885714e-06,0.000165063891832,1.508617894692596e-06,0.9998298427264304
2016-10-28,4,Risk-Off,5.4237931908275306e-06,4.692030448033833e-06,0.0008035073656595,2.8734003891152976e-06,0.9991835034102274
2016-11-01,4,Risk-Off,4.93647148672665e-06,4.596726935989137e-06,0.0001460929672431,1.4771974864478583e-06,0.9998428966375296
2016-11-02,4,Risk-Off,2.054845445886915e-06,3.714171135662066e-06,0.0002839959867105,1.4699576985546422e-06,0.9997087650391544
2016-11-03,4,Risk-Off,1.900222373230152e-06,2.1398031672301003e-06,0.0002035032363732,1.421310102247338e-06,0.9997910354278136
2016-11-04,4,Risk-Off,9.167760586733744e-07,1.3549574520437757e-06,0.0001574979829474,3.5452315767634784e-06,0.9998366850527948
2016-11-07,4,Risk-Off,5.001203026597018e-07,6.494622822994625e-07,0.0001118795219026,2.1059830052776742e-06,0.9998848649121748
2016-11-08,4,Risk-Off,2.818636201341385e-07,3.56292107323831e-07,8.622255673095406e-05,1.662775230935856e-06,0.9999114765126842
2016-11-09,4,Risk-Off,1.867997691374837e-07,1.8064336596701878e-07,5.8247447537077154e-05,1.4800351200057837e-06,0.9999399050734316
2016-11-10,4,Risk-Off,1.9217169356602985e-07,2.1900607416845527e-07,0.0001011850683016,1.2882703453594786e-06,0.9998971154834068
2016-11-11,4,Risk-Off,3.55815931711246e-08,4.27396471700653e-08,1.847904313707924e-05,4.131828517919664e-06,0.9999773108074972
2016-11-15,4,Risk-Off,6.937454955052139e-09,5.8602242532316255e-09,6.751384021744169e-06,6.318514039411999e-06,0.9999869173044276
2016-11-16,4,Risk-Off,1.3346958213411434e-08,9.986642135943231e-09,1.4974422112342614e-05,1.0599153903218548e-05,0.9999744030903522
2016-11-17,4,Risk-Off,7.225315067211596e-09,5.839080573749084e-09,7.548968009293183e-06,7.203719405119147e-06,0.9999852342478908
2016-11-18,4,Risk-Off,2.802625110024086e-09,2.22457604445045e-09,3.456983169203704e-06,3.778446105425569e-05,0.9999587535287988
2016-11-21,4,Risk-Off,1.117814036603144e-09,8.479884142948902e-10,1.6298825494138543e-06,0.0002340787333216,0.9997642894185872
2016-11-22,4,Risk-Off,2.2556069334384244e-09,1.651479600755801e-09,3.284271933127079e-06,0.0001757658793008,0.9998209459422206
2016-11-23,4,Risk-Off,1.9611152822788007e-09,1.4606022997003607e-09,2.7582870463784223e-06,0.0001132848120148,0.9998839534801132
2016-11-24,4,Risk-Off,8.649426183537018e-10,6.292013437165168e-10,1.306932346833855e-06,0.000132769914768,0.9998659216579152
2016-11-25,4,Risk-Off,2.262994286811248e-09,1.580540514244597e-09,3.1366816698468477e-06,5.006481054097255e-05,0.999946794663909
2016-11-28,4,Risk-Off,4.3207049858126065e-09,3.073106893614072e-09,5.469654687216506e-06,1.8229180068028333e-05,0.9999762937722694
2016-11-29,4,Risk-Off,3.762258631053597e-09,2.7201601661109206e-09,4.4503938133672965e-06,2.0607350582922167e-05,0.9999749357733624
2016-11-30,4,Risk-Off,1.0520316422029672e-08,7.460767285125564e-09,1.2443885835200488e-05,1.30773854163477e-05,0.999974460747204
2016-12-01,4,Risk-Off,4.6658399023167605e-09,3.4635085516025116e-09,5.047911414469342e-06,1.2496921866753644e-05,0.999982447037278
2016-12-02,4,Risk-Off,1.0748295550310948e-08,7.553985453036404e-09,1.2553560996531523e-05,1.4514154959811156e-05,0.9999729139811616
2016-12-05,4,Risk-Off,8.54897278676491e-09,6.151335573281065e-09,8.533303775085377e-06,9.16708020720924e-06,0.9999822849154304
2016-12-06,4,Risk-Off,1.8046477050185072e-08,1.38480895291958e-08,1.898400078538219e-05,2.1195806433367908e-05,0.9999597882988096
2016-12-07,4,Risk-Off,7.2007100263453895e-09,5.2826095923797505e-09,6.498745101087851e-06,1.2817801083660208e-05,0.9999806709705789
2016-12-08,4,Risk-Off,4.992699205182277e-08,2.282637342682748e-08,2.994613274691172e-05,1.501908861913941e-05,0.999954962025339
2016-12-09,4,Risk-Off,2.3011918412447179e-07,1.8275104105128965e-07,0.0001735399138726,1.6688700544628973e-05,0.9998093585154144
2016-12-12,4,Risk-Off,1.0610445628862393e-07,4.7316309729855416e-08,1.4326749211436309e-05,9.391631927434128e-06,0.9999761281972408
2016-12-13,4,Risk-Off,3.3024139892751097e-06,4.723040514147147e-07,0.0001720800131964,3.2282469218602955e-06,0.9998209170218308
2016-12-14,4,Risk-Off,7.225835910950638e-05,1.2861245118849654e-05,0.0020346069011277,4.632366740282865e-06,0.9978756411279752
2016-12-15,4,Risk-Off,0.0004015245374412,0.000126342495957,0.0010281480566307,3.355715955503538e-06,0.9984406291933696
2016-12-16,4,Risk-Off,0.0004650677960125,0.0003656588673264,0.0030832701143275,5.404238542069226e-06,0.996080598983146
2016-12-19,4,Risk-Off,0.0010635948441765,0.0005890097613838,0.0012221851419232,3.924152474586685e-06,0.99712128609933
2016-12-20,4,Risk-Off,0.0004855650269868,0.0010739764252436,0.0059831160458875,7.84239903974955e-06,0.9924495001030096
2016-12-21,4,Risk-Off,0.0002124495590828,0.0004790879113861,0.001425741610633,4.875855385292469e-06,0.9978778450627084
2016-12-22,4,Risk-Off,2.27704859260382e-05,0.0001351111818305,0.0003497489628917,2.2807662156938345e-06,0.9994900886035042
2016-12-23,4,Risk-Off,4.7917513683345045e-06,2.087978951996396e-05,0.0005669202319528,2.1684979889120973e-06,0.999405239728407
2016-12-26,4,Risk-Off,1.5978755852018626e-06,2.1394830630211247e-06,7.506717683522691e-05,1.8090142795324764e-06,0.9999193864503508
2016-12-27,4,Risk-Off,3.079541836401843e-06,1.4800345293630434e-06,0.0001917895824148,1.6721995452954017e-06,0.999801978641811
2016-12-28,4,Risk-Off,3.897422783740696e-05,7.124265423706736e-06,0.0007314179612631,2.5454719757818158e-06,0.9992199380727632
2016-12-29,4,Risk-Off,0.0003598814414488,6.824012757376074e-05,0.0019027466301677,5.519613593749242e-06,0.9976636121872952
2016-12-30,4,Risk-Off,0.002686674328986,0.0005352695207671,0.0277989449887868,1.8570083585246543e-05,0.9689605410778164
2017-01-02,4,Risk-Off,0.0288347865423982,0.0051147619745012,0.096869705732679,3.0321621323067872e-05,0.8691504241297413
2017-01-03,4,Risk-Off,0.0846863057637264,0.0336428257442161,0.0302357810786688,1.2020798739986744e-05,0.85142306661542
2017-01-04,4,Risk-Off,0.034861663726224,0.0793563420753089,0.063680099337785,2.020186198821633e-05,0.8220816929988763
2017-01-05,4,Risk-Off,0.068915981425707,0.0496053705914523,0.1359979547168109,2.414327860206676e-05,0.7454565499868402
2017-01-06,4,Risk-Off,0.1257011778585827,0.079461258413345,0.0701657259910683,3.146148330840576e-05,0.7246403762537517
2017-01-09,4,Risk-Off,0.0809837140085973,0.1258430740184199,0.1757646097447718,5.384808664448578e-05,0.617354754141823
2017-01-10,4,Risk-Off,0.1845796457158597,0.1076068266991845,0.333478392732039,8.795768639829069e-05,0.3742471771670295
2017-01-11,2,Transitional,0.3309467715050356,0.2062606478577468,0.2959045537220218,7.869402168508663e-05,0.1668093328940914
2017-01-12,0,Risk-On,0.3120411231930547,0.3435188666742643,0.3087650175286123,3.362648885032657e-05,0.0356413661159776
2017-01-13,1,Late-Cycle,0.3326266323543785,0.3530200925116509,0.3118263804808812,5.248877192425042e-06,0.0025216457766033
2017-01-16,2,Transitional,0.336280725038461,0.3744503282330828,0.2890182846194062,4.7347513572273527e-07,0.0002501886341456
2017-01-17,0,Risk-On,0.3159930733205105,0.3788403711517036,0.3050438103513629,8.188740079578803e-08,0.0001226632886974
2017-01-18,1,Late-Cycle,0.3318396214190486,0.3626208759769579,0.3055061624791008,2.0127308663073678e-08,3.3319998237808465e-05
2017-01-19,2,Transitional,0.3317351115422141,0.3742544409399919,0.2939767778213674,9.662571477619782e-09,3.366003301867428e-05
2017-01-20,0,Risk-On,0.3213610363146128,0.3763120949608332,0.3023053376121662,6.144308714252599e-09,2.1524967942280736e-05
2017-01-23,1,Late-Cycle,0.3293822443966794,0.3644112773703053,0.3061897077189531,4.7237147325197975e-09,1.6765791082076063e-05
2017-01-24,2,Transitional,0.3343530015865752,0.3716816560566647,0.2939647531950891,4.978000425741616e-09,5.841838392463642e-07
2017-01-25,0,Risk-On,0.3227048093835405,0.3744997059681796,0.3027944114035092,4.0933040160675067e-10,1.0728361372810263e-06
2017-01-27,1,Late-Cycle,0.3323719732470062,0.3636020428909873,0.304025453478591,4.193001878838698e-10,5.299633366490218e-07
2017-01-30,2,Transitional,0.3324469922525188,0.3737660531065251,0.293783863853965,2.0726015148929347e-10,3.090580505296032e-06
2017-01-31,0,Risk-On,0.3212407181930213,0.3762077757667835,0.3025254243133853,6.785574863099512e-10,2.6081047805513976e-05
2017-02-01,1,Late-Cycle,0.3297729082587726,0.3654327593137054,0.3047900065446012,9.151158763294963e-09,4.316732105629056e-06
2017-02-02,2,Transitional,0.3321482269995903,0.3694205131198111,0.2984285644279341,1.4342953952917703e-09,2.694017606446333e-06
2017-02-03,0,Risk-On,0.3274195488448043,0.3721918332045756,0.3003868240347584,7.031567215004966e-10,1.7932130248957363e-06
2017-02-06,1,Late-Cycle,0.3285163715010404,0.369514888335094,0.3019641375447224,5.626062806967243e-10,4.602056824918621e-06
2017-02-07,2,Transitional,0.3294058528643153,0.3705987490886759,0.2999929047167731,9.797747433769167e-10,2.492351315010566e-06
2017-02-08,0,Risk-On,0.3288019571159957,0.3691153017245042,0.3020820110498553,4.3371965891413624e-10,7.296754180061159e-07
2017-02-09,1,Late-Cycle,0.3329164767893126,0.3705735519728891,0.2965096952072813,9.760391763071309e-11,2.759322072892174e-07
2017-02-10,2,Transitional,0.3267647667231209,0.3806198928806871,0.2926147587322661,3.208027482828911e-11,5.816310180145296e-07
2017-02-13,0,Risk-On,0.3208699675129187,0.3749891614006077,0.304138514366131,6.680348256795415e-11,2.356653133990015e-06
2017-02-14,1,Late-Cycle,0.3329038611466933,0.3636237006047026,0.3034712731054949,2.3406108781583276e-10,1.16490862285008e-06
2017-02-15,2,Transitional,0.3349971306293947,0.3784506439213161,0.2865519987948123,1.1662956097236536e-10,2.2653732619376898e-07
2017-02-16,0,Risk-On,0.3162774443027419,0.3911680698181189,0.2925541259120892,2.702712666728835e-11,3.5993994125191573e-07
2017-02-17,1,Late-Cycle,0.3194349122070622,0.3628127634774701,0.3177469514746331,4.271378054921717e-11,5.372797688703728e-06
2017-02-20,2,Transitional,0.3478917124779275,0.3578684845722715,0.2942388394003696,5.748621294093375e-10,9.629742007365432e-07
2017-02-21,0,Risk-On,0.3240428097295389,0.3968298707779005,0.2791273096532441,1.8424114769723e-10,9.654596986376004e-09
2017-02-22,1,Late-Cycle,0.311397411959367,0.3702600975345336,0.3183421226788399,5.3485539175068294e-12,3.678214611443652e-07
2017-02-23,2,Transitional,0.3472366869858151,0.3565832350670758,0.2961798107535551,4.2344217193496975e-11,2.671512338122435e-07
2017-02-27,0,Risk-On,0.3273249173287502,0.3925278168594163,0.2801460764003542,3.4044771853338184e-11,1.1893781570391298e-06
2017-02-28,1,Late-Cycle,0.3071288269546103,0.383130746353071,0.3097387944021515,1.5754139141357256e-10,1.6321328697715974e-06
2017-03-01,2,Transitional,0.3397453121891896,0.350279264613852,0.3099612975353428,2.0370503698467259e-10,1.412545830358958e-05
2017-03-02,0,Risk-On,0.3363663069235427,0.3893198928899788,0.2743136936812136,1.8299511613455921e-09,1.046753665178756e-07
2017-03-03,1,Late-Cycle,0.3075835590813788,0.3836965227015479,0.3087159745120309,9.882792887939923e-11,3.943606680049909e-06
2017-03-06,2,Transitional,0.3329138048445858,0.3645527942610387,0.3025203221186432,1.003259511749471e-09,1.307777243572761e-05
2017-03-07,0,Risk-On,0.3277415206962083,0.3712275472380616,0.300954270826029,3.687264682784484e-09,7.665755260773814e-05
2017-03-08,1,Late-Cycle,0.3298261242711958,0.3718557132623616,0.298252396604886,2.641934006588701e-08,6.573944233612665e-05
2017-03-09,2,Transitional,0.3202291463356596,0.3822220595779789,0.2975414300352728,2.2141141962429756e-08,7.341909163646168e-06
2017-03-10,0,Risk-On,0.3275821576893755,0.3571288391911881,0.3151909146833067,3.3712914561989836e-09,9.808506493467495e-05
2017-03-14,1,Late-Cycle,0.3400112479386025,0.3805770273772286,0.2794109835214046,1.31226555279233e-08,7.280405321185931e-07
2017-03-15,2,Transitional,0.3095163418334843,0.3830765990478191,0.3073976460006016,3.4227113191485737e-10,9.412776006148572e-06
2017-03-16,0,Risk-On,0.3357026336231278,0.3590042492505443,0.3052860443478762,1.2458381125193167e-09,7.071533290598981e-06
2017-03-17,1,Late-Cycle,0.3315910274915506,0.3805177642121711,0.2878903958703562,8.724836884159393e-10,8.1155417695478e-07
2017-03-20,2,Transitional,0.3206908330771837,0.3754250400957289,0.3038800268185498,1.4643314894310707e-10,4.099861435131504e-06
2017-03-21,0,Risk-On,0.3293058127553439,0.3731413819556,0.2975507645337756,5.837080018914653e-10,2.0401709502545866e-06
2017-03-22,1,Late-Cycle,0.3272718068676957,0.3690937202572291,0.3035892133011497,3.0251955174944457e-10,4.525927072370477e-05
2017-03-23,2,Transitional,0.3294049349998981,0.3800029938275213,0.2905908313154446,6.2849554348726835e-09,1.2335720797620094e-06
2017-03-24,0,Risk-On,0.3206580681735514,0.3756363382477466,0.3036674774965183,3.2017736998844966e-10,3.811576160683044e-05
2017-03-27,1,Late-Cycle,0.3270958431208846,0.372859155395885,0.299998767447612,6.686682175434017e-09,4.622734840124479e-05
2017-03-28,2,Transitional,0.3258840482742498,0.3684647974053504,0.305494840354037,7.216203224050449e-09,0.0001563067493921
2017-03-29,0,Risk-On,0.3319756047517188,0.372090612796485,0.295914441503693,1.9806788734593792e-08,1.9321141649525765e-05
2017-03-30,1,Late-Cycle,0.3232507997621887,0.3775471982183665,0.2991619426163158,3.236766269536464e-09,4.005616658824387e-05
2017-03-31,2,Transitional,0.3250177445904999,0.3688207001100339,0.3061225015714832,5.641349723056286e-09,3.9048086430510165e-05
2017-04-03,0,Risk-On,0.3339918443852575,0.3684517126457362,0.2975513408809573,4.678848093965906e-09,5.097408718996443e-06
2017-04-05,1,Late-Cycle,0.3270044123127599,0.3803201990138244,0.2926647473908172,8.359719244080314e-10,1.0640446454473588e-05
2017-04-06,2,Transitional,0.3175420540815444,0.3754128627359128,0.3070202595718391,1.5810945951517575e-09,2.482202973284599e-05
2017-04-07,0,Risk-On,0.3359245996866387,0.3565252036938108,0.3075221365692587,3.063787884380849e-09,2.8056986662067925e-05
2017-04-10,1,Late-Cycle,0.335570855419241,0.3860626691064386,0.2783660440735305,3.542648710446289e-09,4.278582025356774e-07
2017-04-11,2,Transitional,0.3079230273809522,0.3875657002507674,0.304508764582019,1.0660655540255591e-10,2.507679727741459e-06
2017-04-12,0,Risk-On,0.3321739985824158,0.3551822298147141,0.3125800836228355,3.684481732212247e-10,6.368761224440783e-05
2017-04-13,1,Late-Cycle,0.33734060865702,0.3777505830269064,0.2848747669430051,1.7990995097831462e-08,3.402338232299325e-05
2017-04-17,2,Transitional,0.3105107008259894,0.3863312623747248,0.3025299104670191,9.34622433022786e-09,0.0006281169859858
2017-04-18,0,Risk-On,0.3226898822565959,0.3576095229284393,0.318589588786255,2.3439547060062226e-07,0.0011107716328066
2017-04-19,1,Late-Cycle,0.3426598848386039,0.3607995157887639,0.2962745772801863,5.73975754291573e-07,0.0002654481164879
2017-04-20,2,Transitional,0.3210138562968857,0.3928087490598143,0.2861628313795388,1.4627703744778178e-07,1.4416986865251106e-05
2017-04-21,0,Risk-On,0.3115071902557212,0.3701264143793539,0.3182334208782928,1.3856377575190226e-08,0.0001329606303433
2017-04-24,1,Late-Cycle,0.3418177572504514,0.3569702182464058,0.3009891910227258,3.5412226584687374e-08,0.0002227980690161
2017-04-25,2,Transitional,0.3262475714518452,0.3841471003661937,0.2895950059030536,3.72636759255154e-08,1.0285015341918083e-05
2017-04-26,0,Risk-On,0.3204722357947153,0.3714358976280907,0.3080848406913283,2.291422158653579e-09,7.023594531862605e-06
2017-04-27,1,Late-Cycle,0.3348469070652862,0.3729729689936564,0.2921762671135089,1.3427537845951672e-09,3.855485063506986e-06
2017-04-28,2,Transitional,0.3187939758622454,0.3793014275487802,0.3016641258767424,2.4348523409427384e-09,0.0002404682764727
2017-05-02,0,Risk-On,0.3260830006243721,0.3699258256266161,0.3038949083176202,5.479641087803555e-08,9.62106344163005e-05
2017-05-03,1,Late-Cycle,0.3290687033031455,0.3674899620749746,0.3022259968760762,2.5285899902153755e-08,0.0012153124602627
2017-05-04,2,Transitional,0.3246751369819262,0.3776971650557771,0.2952439960738163,4.512141484751568e-07,0.0023832506734431
2017-05-05,0,Risk-On,0.3161307681349954,0.3710279072444219,0.3065047476228032,4.667356378634139e-07,0.006336110261347
2017-05-08,1,Late-Cycle,0.3264918140823928,0.3629106492314001,0.3039544200519817,1.151574322926887e-06,0.0066419650600721
2017-05-09,2,Transitional,0.3261224548911786,0.3670752326916655,0.3021515295737216,1.673448347069794e-06,0.0046491093954978
2017-05-10,0,Risk-On,0.3264123274919912,0.3702088525769554,0.301895298917878,2.465971800542536e-06,0.0014810550405614
2017-05-11,1,Late-Cycle,0.3276831467678306,0.3736251260256912,0.2981387032039242,6.180745909336805e-07,0.0005524059272219
2017-05-12,2,Transitional,0.321293033101168,0.3744993088216978,0.3038313846376028,1.593518428540239e-07,0.0003761140874882
2017-05-15,0,Risk-On,0.3295462320521924,0.3618601504271604,0.3084798045426304,8.179863681986395e-08,0.0001137311795716
2017-05-16,1,Late-Cycle,0.3369357233131198,0.3736125616405888,0.289450288163447,1.877519268030569e-08,1.4081079002346215e-06
2017-05-17,2,Transitional,0.3193599277761682,0.3851298801324281,0.295509359855892,6.349577367116006e-10,8.316008765207406e-07
2017-05-18,0,Risk-On,0.3243295139630121,0.3675490815243589,0.3080885711668999,1.6221150960798994e-10,3.283318414341654e-05
2017-05-19,1,Late-Cycle,0.3325220792727669,0.3708361432121975,0.2965763206251416,7.293401308191648e-09,6.544959670134367e-05
2017-05-22,2,Transitional,0.3234053320697997,0.3734447935607556,0.3030482553637345,1.4839763124794772e-08,0.0001016041664785
2017-05-23,0,Risk-On,0.3304038839679561,0.3695506332256553,0.2998009467298512,2.6770171960300392e-08,0.0002445093058314
2017-05-24,1,Late-Cycle,0.3225150362347438,0.379088302235357,0.2977315428229067,1.6616822819455485e-07,0.0006649525383477
2017-05-25,2,Transitional,0.3220484921139868,0.3694641404115398,0.3078809962644236,1.5502913698399086e-07,0.0006062161803811
2017-05-26,0,Risk-On,0.3326951569109584,0.3655417429317312,0.3014051899069152,1.4108869993414202e-07,0.0003577691613
2017-05-29,1,Late-Cycle,0.3272080936352809,0.3779322865000332,0.2947987751537301,5.3206442573723713e-08,6.07915044588738e-05
2017-05-30,2,Transitional,0.3214539149443393,0.3715060206934381,0.3069420511993248,1.593307069910074e-08,9.79972289727715e-05
2017-05-31,0,Risk-On,0.3335143052900974,0.3668082281540048,0.2996538484895109,1.3003857164836958e-08,2.360506212187736e-05
2017-06-01,1,Late-Cycle,0.327052378030063,0.3778354148817631,0.2950894948622431,3.416081613579242e-09,2.2708810723383307e-05
2017-06-02,2,Transitional,0.3220411209199345,0.3734777521813717,0.304342419691724,6.398312308042691e-09,0.0001387008089023
2017-06-05,0,Risk-On,0.3289083664967408,0.3693477713769226,0.3016970074979801,3.7135385902540374e-08,4.68174925977094e-05
2017-06-06,1,Late-Cycle,0.3294086178623306,0.3685571142689076,0.3019510860718129,1.958020632216278e-08,8.316221633818581e-05
2017-06-07,2,Transitional,0.3293846735672592,0.3806761348172794,0.2899365985442058,1.1289212058096957e-08,2.5817823898505807e-06
2017-06-08,0,Risk-On,0.3176612098538806,0.3748281425548062,0.3072475457544898,1.473942849988743e-09,0.0002631003628254
2017-06-09,1,Late-Cycle,0.3307857941679391,0.367862948491435,0.3010227807333108,6.013828988182056e-08,0.0003284164691096
2017-06-12,2,Transitional,0.3252150797832763,0.3714544493342229,0.3026340243358901,8.892966170734373e-08,0.0006963576170706
2017-06-13,0,Risk-On,0.3295473710635921,0.371341968867742,0.297807882218092,1.0267059898066821e-07,0.0013026751798583
2017-06-14,1,Late-Cycle,0.3169236190128454,0.3799877535213303,0.3000492348588571,1.7914040695474768e-07,0.0030392134670488
2017-06-15,2,Transitional,0.3226017935235287,0.3537477708728063,0.3189237038822878,6.229793711271799e-07,0.0047261087419752
2017-06-16,0,Risk-On,0.3446727466535116,0.3701594394020199,0.2819350477362092,2.2351899276626747e-06,0.0032305310174768
2017-06-19,1,Late-Cycle,0.2994917969887363,0.3988007197178952,0.2990406495041905,1.1199629343962057e-06,0.002665713825644
2017-06-20,2,Transitional,0.3253001283646175,0.3299659858197321,0.3398482462001687,4.476600832768012e-07,0.0048851919554384
2017-06-21,0,Risk-On,0.3640786957994645,0.3768848088457938,0.2448999958417023,4.456611838107876e-07,0.0141360538510252
2017-06-22,1,Late-Cycle,0.2153462785720268,0.4305898130262585,0.2923005744245265,7.879491828234839e-07,0.0617625460274619
2017-06-23,2,Transitional,0.0743536055209286,0.2299774963928452,0.3188694449457249,1.5618150188324766e-06,0.3767978913247734
2017-06-27,4,Risk-Off,0.0282635543343561,0.0719443972574293,0.1064165401871808,9.740612747883296e-06,0.7933657676079144
2017-06-28,4,Risk-Off,0.0159545887365503,0.0281831258757214,0.0344768812413952,2.3869777610996425e-05,0.9213615343685542
2017-06-29,4,Risk-Off,0.0130243277841757,0.017007413388673,0.0186185515453249,2.739760661443701e-05,0.9513223096748408
2017-06-30,4,Risk-Off,0.0138148869731161,0.0144880057414901,0.0173963245471553,4.729312424220169e-05,0.95425348961421
2017-07-03,4,Risk-Off,0.0163317852773459,0.0157859539264399,0.0267392079937947,9.313562139414412e-05,0.9410499171810398
2017-07-04,4,Risk-Off,0.0254373600901374,0.0187696132802161,0.0363467596176697,8.445679435269845e-05,0.9193618102172044
2017-07-05,4,Risk-Off,0.0372213885996073,0.0280233227328979,0.0710478528222659,0.0001582719691067,0.8635491638753128
2017-07-06,4,Risk-Off,0.0732225168347174,0.0434995109735127,0.1547569671421708,0.0002894660829732,0.7282315389662548
2017-07-07,4,Risk-Off,0.1545631435953081,0.0833224013817498,0.2124964223426034,0.0003246264063405,0.5492934062735116
2017-07-10,2,Transitional,0.2202502623473991,0.1657945801206601,0.3500675263567168,0.0001780481599332,0.2637095830149988
2017-07-11,0,Risk-On,0.3507644451021946,0.2471520128099539,0.2762156510481688,0.0001283059613203,0.1257395850782716
2017-07-12,1,Late-Cycle,0.2973559538045927,0.3681811601055029,0.3041473314340336,6.479995905711591e-05,0.0302507546961428
2017-07-13,2,Transitional,0.3267989820076183,0.3456145797727113,0.3255202874481989,1.0180066178241668e-05,0.0020559707045892
2017-07-14,0,Risk-On,0.3504518272197788,0.3631015352438815,0.2863571409763658,7.060340184365381e-07,8.879052517097559e-05
2017-07-17,1,Late-Cycle,0.3158806688117686,0.3962004244700405,0.2879159051635113,3.891248980903999e-08,2.962642716520381e-06
2017-07-18,2,Transitional,0.3154162444811091,0.3656722699389176,0.3186519329764468,3.823281245287537e-09,0.0002595487795326
2017-07-19,0,Risk-On,0.3416277320143185,0.3634018689854082,0.2946422147768769,9.30309923933343e-08,0.0003280911916591
2017-07-20,1,Late-Cycle,0.3190888439601871,0.3842455342369153,0.2963271772768255,1.7998640665382597e-07,0.0003382645400427
2017-07-21,2,Transitional,0.3230794026503382,0.3667971524505605,0.309964941602535,9.589717068730029e-08,0.0001584073988385
2017-07-24,0,Risk-On,0.3344417527740168,0.3679978702723378,0.2974682588790195,5.5671422185936905e-08,9.20624024589156e-05
2017-07-25,1,Late-Cycle,0.3245910067192986,0.3771342528962283,0.2982339620691239,3.4123002624111075e-08,4.074419152495271e-05
2017-07-26,2,Transitional,0.3251679648669479,0.370305340984436,0.3045170638063657,2.220909935183664e-08,9.60813293963188e-06
2017-07-27,0,Risk-On,0.332129402930609,0.366472053037442,0.3013935766293115,4.8657216093641e-09,4.962537503362202e-06
2017-07-28,1,Late-Cycle,0.3301852415848971,0.3741910900797112,0.2956145501867475,3.351035989872219e-09,9.114798331030876e-06
2017-07-31,2,Transitional,0.3220494741746205,0.3778007783165415,0.3001490305913918,2.4904803533151633e-09,7.144271084273288e-07
2017-08-01,0,Risk-On,0.3309040993595493,0.3590417193807451,0.3100511953075214,2.80277685701153e-10,2.9856721054784207e-06
2017-08-02,1,Late-Cycle,0.3396001560309324,0.3785187005650788,0.2818800652705838,7.026310791927051e-10,1.0774306263372214e-06
2017-08-03,2,Transitional,0.3074010098374105,0.3875128770543794,0.3050370333664759,3.8234067860343305e-10,4.907935903810248e-05
2017-08-04,0,Risk-On,0.3323407150792345,0.3474661299238766,0.3199935003937636,1.909324768179076e-08,0.0001996355097456
2017-08-07,1,Late-Cycle,0.3472319001727902,0.3786857286774102,0.2707762013079561,3.24813733474984e-08,0.0033061373608017
2017-08-08,2,Transitional,0.2148732285681547,0.4064624350303994,0.2820700065474604,1.1756920214339577e-07,0.0965942122845476
2017-08-09,4,Risk-Off,0.0679104803972501,0.2392284830485875,0.2913759831279686,1.276092561073247e-06,0.4014837773332315
2017-08-10,4,Risk-Off,0.0099161171688114,0.062308643168108,0.1223940029564236,2.564610679049287e-06,0.8053786720959245
2017-08-11,4,Risk-Off,0.0017394506867113,0.006592178991617,0.0117138085548315,2.107676779652199e-06,0.9799524540903748
2017-08-14,4,Risk-Off,0.0006687573409703,0.001552238115365,0.0027965247380554,2.2685439906630613e-06,0.9949802112611884
2017-08-16,4,Risk-Off,0.0003181369415114,0.0006840368106925,0.0012720719522422,2.6141557175589567e-06,0.997723140140332
2017-08-17,4,Risk-Off,0.0001287869950563,0.000336057753301,0.0017525063922739,4.241428131158366e-06,0.9977784074313184
2017-08-18,4,Risk-Off,3.985143777773661e-05,0.0001136131815804,0.0006812822075901,2.4328936054054912e-06,0.9991628202792314
2017-08-21,4,Risk-Off,7.1365939560308135e-06,2.6331684044944565e-05,0.0002846648092089,3.176904684089274e-06,0.9996786900073968
2017-08-22,4,Risk-Off,4.0265407266009614e-06,5.562884592010269e-06,0.0002027904038582,2.175835745603715e-06,0.9997854443346595
2017-08-23,4,Risk-Off,5.386284605376754e-06,4.745654751461526e-06,0.000407909773957,2.099327268552933e-06,0.9995798589600394
2017-08-24,4,Risk-Off,6.202775915250132e-06,6.184770944242069e-06,0.0003188365151064,4.69303440724783e-06,0.999664082903568
2017-08-28,4,Risk-Off,3.5898647475214287e-06,5.28616743100441e-06,0.0002821844241493,1.8837674652749032e-06,0.9997070557758304
2017-08-29,4,Risk-Off,2.658138431464334e-06,2.9434094784839543e-06,0.000189696075464,1.8292154668748112e-06,0.9998028731604464
2017-08-30,4,Risk-Off,2.2739686429391085e-06,2.6959672132512216e-06,0.0002953374551998,1.6258647976929728e-06,0.9996980667436762
2017-08-31,4,Risk-Off,1.887233726761416e-06,2.024670445690473e-06,0.0001612156772063,2.6483794047976795e-06,0.9998322240396034
2017-09-01,4,Risk-Off,1.3565341770460384e-06,1.662969448254228e-06,0.0002034669251376,3.467050142964215e-06,0.9997900465213057
2017-09-04,4,Risk-Off,2.1785112139497826e-06,1.3356908192576744e-06,0.0001392274763924,1.925742995266276e-06,0.9998553325792852
2017-09-05,4,Risk-Off,8.68332671804385e-06,3.1146173402141456e-06,0.0003865207417272,2.792817510965023e-06,0.9995988884967238
2017-09-06,4,Risk-Off,7.837134690212486e-05,1.5105859251808482e-05,0.0005993410746227,3.4356593005750377e-06,0.9993037460596008
2017-09-07,4,Risk-Off,0.0006148724943092,0.0001223883600183,0.0057981615892572,1.1132150347840476e-05,0.9934534454069356
2017-09-08,4,Risk-Off,0.0074344581848451,0.0012212674939038,0.0603362805503298,5.597608716979948e-05,0.9309520176840737
2017-09-11,2,Transitional,0.0669317681599659,0.0126773928634683,0.3122121388952397,0.0001469110000558,0.6080317890819292
2017-09-12,0,Risk-On,0.3095433562488594,0.0862517689366509,0.4668677017051675,0.0001454324990041,0.1371917406094598
2017-09-13,1,Late-Cycle,0.4551509134128582,0.3232143246877046,0.2118195182830465,2.7837360236915352e-05,0.0097874062556672
2017-09-14,2,Transitional,0.2474738622566611,0.4574154644410052,0.2927790738578433,3.4358625584544907e-06,0.0023281635816351
2017-09-15,0,Risk-On,0.3283564284757019,0.3178476857025126,0.3524143568791076,1.0834164702775802e-06,0.001380445525401
2017-09-18,1,Late-Cycle,0.3599456441645576,0.3873635674070402,0.2520553302399073,3.623866451278038e-07,0.0006350958013122
2017-09-19,2,Transitional,0.280529076702021,0.3762953925574916,0.3429463577158737,1.0628299487303244e-07,0.0002290667414101
2017-09-20,0,Risk-On,0.3849059669637525,0.3275881348433608,0.2867216407339519,5.58045129513508e-08,0.0007842016545182
2017-09-21,1,Late-Cycle,0.2837298122996407,0.463850002676378,0.2397672691635738,6.025670043948027e-08,0.0126528556035273
2017-09-22,2,Transitional,0.0918699012610106,0.3032550568141697,0.3777903123958874,8.929785259346989e-08,0.2270846402312925
2017-09-25,4,Risk-Off,0.0260867551094056,0.0916973975758162,0.1384570772405109,8.163418344502227e-07,0.7437579537327281
2017-09-26,4,Risk-Off,0.0059180873534063,0.0239965769027561,0.0402152625680711,1.6881358452448657e-06,0.92986838504071
2017-09-27,4,Risk-Off,0.001005301798488,0.0049165208720124,0.0085611457041507,1.825611331387296e-06,0.9855152060137098
2017-09-28,4,Risk-Off,0.000146660098674,0.0007926003413716,0.0019543009005511,2.0452031654167447e-06,0.9971043934561488
2017-09-29,4,Risk-Off,3.1860643128701976e-05,0.0001040337067346,0.0004260137679343,2.8745199218452583e-06,0.999435217362452
2017-10-03,4,Risk-Off,2.7078103588347336e-05,2.9462579537620998e-05,0.0003485855865717,2.494091422529883e-06,0.9995923796388114
2017-10-04,4,Risk-Off,9.32329558967479e-05,3.691628441387311e-05,0.0012154606826339,2.909170780251734e-06,0.9986514809067456
2017-10-05,4,Risk-Off,0.0003880679796339,0.0001315869033613,0.0015713959856342,3.551377997884903e-06,0.9979053977524664
2017-10-06,4,Risk-Off,0.0007085126456394,0.0004201229595954,0.0026581428316452,3.785543097820312e-06,0.9962094360199704
2017-10-09,4,Risk-Off,0.0012214128100796,0.0007875854585701,0.0026797610196635,4.352847186499224e-06,0.995306887863896
2017-10-10,4,Risk-Off,0.0016060654136632,0.0012909875401619,0.0043578086187894,4.62198469583478e-06,0.9927405164421516
2017-10-11,4,Risk-Off,0.0028869853172207,0.0018099835536871,0.005159579301396,5.058857382383558e-06,0.9901383929694066
2017-10-12,4,Risk-Off,0.0048380618486456,0.0031712334982401,0.0145622650223385,1.0471630893693577e-05,0.9774179679992528
2017-10-13,4,Risk-Off,0.014612703582429,0.0059884963750979,0.0400899999143255,2.331993552339883e-05,0.9392854801933824
2017-10-16,4,Risk-Off,0.0391315071499483,0.0171434979195097,0.0651641965877972,2.3857762573074333e-05,0.8785369405795848
2017-10-17,4,Risk-Off,0.063008668004471,0.0419330755468138,0.0677798117468337,2.396720796181631e-05,0.8272544774937188
2017-10-18,4,Risk-Off,0.0690837496433681,0.0665070137484251,0.0836824533154796,2.2391695099384565e-05,0.7807043915976638
2017-10-19,4,Risk-Off,0.0849324735178851,0.0787569986700812,0.1042717382301362,0.0001102262243144,0.7319285633577554
2017-10-23,4,Risk-Off,0.1092386885557047,0.095962527332156,0.1759679631386189,5.643444095882255e-05,0.6187743865319256
2017-10-24,2,Transitional,0.1822806245549857,0.1247817010116637,0.2991829753638215,9.267618999466133e-05,0.3936620228790782
2017-10-25,0,Risk-On,0.3089162741751678,0.2035472284157245,0.4400569288177301,9.68065835532549e-05,0.0473827620080381
2017-10-26,1,Late-Cycle,0.4398576793254964,0.3388443439110473,0.2202889041018822,1.3087923362549771e-05,0.0009959847385244
2017-10-27,2,Transitional,0.2579585072106983,0.4508298819210234,0.2911632562529477,6.483828026072954e-07,4.770623317976768e-05
2017-10-30,0,Risk-On,0.324565370304278,0.3261940336136351,0.3492378983156678,7.296879826567333e-08,2.6247977760785545e-06
2017-10-31,1,Late-Cycle,0.3662811969903934,0.3661325359788789,0.267582736936418,4.045808907975052e-09,3.526048084668207e-06
2017-11-01,2,Transitional,0.3021744848835294,0.3924937240843136,0.305329742110998,2.116508950030452e-09,2.0468042397817634e-06
2017-11-02,0,Risk-On,0.3361192410190006,0.3581097704322258,0.305768968419065,6.105110820677643e-10,2.0195190840191816e-06
2017-11-03,1,Late-Cycle,0.3275720388155855,0.3803933571938253,0.2920257736533569,1.631465318071632e-09,8.828705017110668e-06
2017-11-06,2,Transitional,0.324894051894064,0.363887337604278,0.3112117218309592,4.413116119036272e-09,6.884256754165062e-06
2017-11-07,0,Risk-On,0.3383821480011809,0.3787280806004778,0.2828197237538739,2.696229968910725e-09,7.004494790898248e-05
2017-11-08,1,Late-Cycle,0.3023822811268026,0.3864650453678621,0.3111041899209782,1.1302749853064596e-08,4.84722822886773e-05
2017-11-09,2,Transitional,0.3455249218446304,0.3303649550263911,0.3237235615067617,7.428181373618879e-09,0.0003865541935457
2017-11-10,0,Risk-On,0.3476368052017469,0.4079818127964819,0.2408489957744335,1.505671473450735e-07,0.0035322356605512
2017-11-13,1,Late-Cycle,0.2283073764552489,0.4020736735016307,0.3361137863070537,1.69183422841245e-06,0.0335034719017578
2017-11-14,2,Transitional,0.1781611642394182,0.2579155652087699,0.2724613670935434,4.275232365531447e-07,0.2914614759344276
2017-11-15,4,Risk-Off,0.1862557201303837,0.2016104135103232,0.186706260705076,3.617588614812912e-06,0.4254239880661414
2017-11-16,4,Risk-Off,0.1841165996262893,0.2074464205754174,0.1718051424231973,9.931581763135907e-06,0.4366219057932408
2017-11-17,4,Risk-Off,0.1795802980661946,0.2107893616984808,0.1968413786039979,1.3575497846612e-05,0.4127753861336852
2017-11-20,4,Risk-Off,0.2022144935978912,0.2029947942181909,0.1988415011891701,1.5704973815074007e-05,0.3959335060209341
2017-11-21,4,Risk-Off,0.2058538172556639,0.2260866383589766,0.1765320450452077,8.576355494531045e-06,0.3915189229848522
2017-11-22,4,Risk-Off,0.159932665445525,0.2389374510684304,0.1800603998829555,5.7407452323932966e-06,0.4210637428584119
2017-11-23,4,Risk-Off,0.110976825249735,0.1771578993390746,0.1864282193026428,4.028615347887057e-06,0.5254330274933569
2017-11-24,4,Risk-Off,0.0666994753835861,0.1235477994372496,0.1091206984531414,4.069684775630182e-06,0.7006279570417948
2017-11-27,4,Risk-Off,0.0355026010701555,0.0725667289235324,0.0858798523421644,4.572142019000217e-06,0.8060462455220373
2017-11-28,4,Risk-Off,0.0136755600967406,0.0380695549847729,0.0397923207845553,4.0714093130048144e-06,0.908458492724414
2017-11-29,4,Risk-Off,0.0025581650604876,0.0135041499137455,0.0238181541629906,4.565032451142131e-06,0.960114965830928
2017-11-30,4,Risk-Off,0.0002348585699489,0.0018625932461784,0.0045052151219559,3.605664099093891e-06,0.9933937273974244
2017-12-01,4,Risk-Off,1.472709496790677e-05,0.0001098333093104,0.0003878985997039,2.6592855382316004e-06,0.9994848817096592
2017-12-04,4,Risk-Off,1.5699982465986763e-06,6.76405312006694e-06,0.0001247375115052,2.8271933221912426e-06,0.9998641012444476
2017-12-05,4,Risk-Off,1.2568155660332544e-06,1.3300500717825011e-06,0.0001918953316518,4.147829095139656e-06,0.9998013699740808
2017-12-06,4,Risk-Off,6.387318776758727e-06,1.6999761152959405e-06,0.0001613866088149,3.1425083640988545e-06,0.9998273835887116
2017-12-07,4,Risk-Off,6.590066109551107e-05,1.2283127354768205e-05,0.0011564221062701,3.294991901270451e-06,0.9987620991132016
2017-12-08,4,Risk-Off,0.0007238385215591,0.0001275532243956,0.0031636796307175,4.920659734629879e-06,0.9959800079635768
2017-12-11,4,Risk-Off,0.0030387943498407,0.000919607070286,0.0131699776500716,1.2498992598567362e-05,0.9828591219363036
2017-12-12,4,Risk-Off,0.0133483872217497,0.0040081208836849,0.0447915946950529,2.019412081623213e-05,0.9378317030778796
2017-12-13,4,Risk-Off,0.0424869172184506,0.0158391950536024,0.0542270536124935,2.923214646548642e-05,0.8874176019694766
2017-12-14,4,Risk-Off,0.0571187039242404,0.0442013102023946,0.131754362968531,9.770291967197264e-05,0.7668279199852097
2017-12-15,4,Risk-Off,0.1294259558468857,0.068519028047896,0.1395679996789915,3.450081219250106e-05,0.6624525156142322
2017-12-18,4,Risk-Off,0.1400695207742606,0.1338782350737791,0.123150084499822,3.025939531466736e-05,0.6028719002568513
2017-12-19,4,Risk-Off,0.1335096769554749,0.1537179464598976,0.1842569921021199,2.811773364683488e-05,0.5284872667479665
2017-12-20,4,Risk-Off,0.1871127318926356,0.1581887548379051,0.1762764477937501,3.391516415579712e-05,0.4783881503111539
2017-12-21,4,Risk-Off,0.1848488080557789,0.2025201041491717,0.1993235541222945,3.062526412269384e-05,0.4132769084092944
2017-12-22,4,Risk-Off,0.2120486128318487,0.2101793355217458,0.2539059996828728,2.691441394254157e-05,0.323839137550009
2017-12-26,4,Risk-Off,0.2622193242393637,0.2405959603656831,0.2328002309831082,2.291149896059527e-05,0.2643615729135305
2017-12-27,4,Risk-Off,0.2472380068541884,0.2871364667963293,0.2547382039716931,2.396909872057319e-05,0.2108633532795445
2017-12-28,4,Risk-Off,0.2727954061577859,0.2821610766334718,0.3134595154547133,2.802175751918534e-05,0.1315559799963104
2017-12-29,2,Transitional,0.330148599890225,0.3097316892601465,0.317592493368398,1.894726519801657e-05,0.0425082702162388
2018-01-02,0,Risk-On,0.3357861227068187,0.3655497952516831,0.2834431808581767,1.360105734232024e-05,0.0152073001267233
2018-01-03,1,Late-Cycle,0.3105446191084152,0.3766979406140927,0.3106237891334203,5.3963809920007015e-06,0.0021282547626722
2018-01-04,2,Transitional,0.3362713147580315,0.359542315165554,0.3040616177968162,4.541661457298064e-07,0.0001242981125799
2018-01-05,0,Risk-On,0.3296575463298107,0.3775643986826624,0.2927445509400751,3.7495117546989214e-08,3.346655309265072e-05
2018-01-08,1,Late-Cycle,0.3214352570250053,0.3723707541240764,0.3061877585329018,1.0419070829558098e-08,6.219898183208201e-06
2018-01-09,2,Transitional,0.3344375355946248,0.3649210647178674,0.3006309603341304,1.4791044596497004e-09,1.0437875141705458e-05
2018-01-10,0,Risk-On,0.3278734843647312,0.3795143554847027,0.2925960139971422,2.0469312527197873e-09,1.614410702988703e-05
2018-01-11,1,Late-Cycle,0.3192288284301792,0.3732638081306243,0.3074447029208585,4.2166038661992786e-09,6.265630145804572e-05
2018-01-12,2,Transitional,0.3338797022513242,0.3629581650481102,0.3031401508946221,2.2670814900465303e-08,2.1959134392615866e-05
2018-01-15,0,Risk-On,0.3306034825096992,0.3760835386590022,0.2933099254517945,9.031362098218221e-09,3.0443476291966816e-06
2018-01-16,1,Late-Cycle,0.3217486345146387,0.3724069138496413,0.3058211041362757,1.9991149670773887e-09,2.3345499544694656e-05
2018-01-17,2,Transitional,0.3327606770954858,0.3679317586668656,0.2992815172234271,1.6908668327382045e-08,2.6030106136638733e-05
2018-01-18,0,Risk-On,0.3249446317985721,0.3784924019153574,0.296527328764458,1.7736234232942196e-08,3.561978521472662e-05
2018-01-19,1,Late-Cycle,0.3230459815033881,0.3681059143862151,0.3088202935012204,1.51953636799877e-08,2.7795414534462563e-05
2018-01-22,2,Transitional,0.3369894453219313,0.365026255463225,0.2979812569623287,8.508213585501621e-09,3.033743799353355e-06
2018-01-23,0,Risk-On,0.3266536587117969,0.3807121145735471,0.2926302638950226,2.9008234004481782e-09,3.9599195673726525e-06
2018-01-24,1,Late-Cycle,0.3187627568321565,0.3719639784593623,0.3092668011833948,2.047262288247551e-09,6.46147842468067e-06
2018-01-25,2,Transitional,0.3388172134341701,0.3567995188406547,0.3043717199828301,3.1253496465046772e-09,1.1544617647479413e-05
2018-01-29,0,Risk-On,0.3321772384196491,0.3877731313308294,0.2800461265359387,1.6029651711726144e-08,3.4876833797555064e-06
2018-01-30,1,Late-Cycle,0.3041038053656201,0.3797253168521113,0.3161654246444971,1.5421362594542344e-09,5.451595564085604e-06
2018-01-31,2,Transitional,0.3486889127434421,0.3358163240623468,0.3154931757433211,7.727945205203071e-10,1.5866778502602243e-06
2018-02-01,0,Risk-On,0.348650072092641,0.402082012095405,0.2489189442567938,1.0243873033979467e-09,0.0003489705311754
2018-02-02,1,Late-Cycle,0.1966994745350161,0.4114026266504238,0.3111589211705565,5.750445961464182e-09,0.0807389718926674
2018-02-05,2,Transitional,0.057156744491844,0.2088275879369149,0.2925840437906432,3.381924742974314e-07,0.4414312855879895
2018-02-06,4,Risk-Off,0.0112574165600267,0.0511779643212968,0.0907124019979178,9.73649431737593e-07,0.8468512434721148
2018-02-07,4,Risk-Off,0.0018614464566923,0.009045816582278,0.0172932007264757,1.8062762650221003e-06,0.971797729958764
2018-02-08,4,Risk-Off,0.0002258432600838,0.0013730290403469,0.0030127724850187,1.5590928666263228e-06,0.9953867961211368
2018-02-09,4,Risk-Off,2.090187360960388e-05,0.000139750147089,0.0005470480973633,1.8782530724044564e-06,0.9992904216286383
2018-02-12,4,Risk-Off,2.378178937447701e-06,1.108340898005026e-05,0.0001755654013559,1.5696409945869454e-06,0.9998094033704172
2018-02-14,4,Risk-Off,7.491208952736032e-07,1.3744880628887794e-06,0.000128760894416,1.3943694261753498e-06,0.9998677211263484
2018-02-15,4,Risk-Off,5.299970384359887e-07,6.282188486441235e-07,0.0001310954748717,1.4444640341012525e-06,0.9998663018449128
2018-02-16,4,Risk-Off,2.752429463069144e-07,3.824780397465413e-07,9.590781962332888e-05,1.5398293999120498e-06,0.9999018946305668
2018-02-19,4,Risk-Off,4.967214207851922e-08,6.585010175797935e-08,2.2931317937185884e-05,1.7107866109542069e-06,0.9999752423727596
2018-02-20,4,Risk-Off,2.355276828296334e-08,2.1985238479543525e-08,1.9044080307924047e-05,1.923987943864342e-06,0.9999789863929982
2018-02-21,4,Risk-Off,1.737914795926426e-08,1.5195858574704443e-08,1.5228267721352327e-05,2.2104485783751486e-06,0.999982528708472
2018-02-22,4,Risk-Off,1.0983797990242555e-08,9.280880709709691e-09,1.0353219381347182e-05,3.144318254037177e-06,0.9999864821970352
2018-02-23,4,Risk-Off,1.2524490937712874e-08,9.433145347993525e-09,1.1275005765271208e-05,3.2100333022875957e-06,0.999985493002622
2018-02-26,4,Risk-Off,3.463419069286216e-08,2.6848602025376786e-08,3.043563364095399e-05,2.989220057104084e-06,0.9999665136642524
2018-02-27,4,Risk-Off,2.8802003862750662e-08,2.626211710801488e-08,2.2735140878454625e-05,2.7700798159356484e-06,0.9999744397147672
2018-02-28,4,Risk-Off,1.1468174564793396e-08,1.0107252293212077e-08,1.029213766959598e-05,4.568446409427456e-06,0.9999851178397516
2018-03-01,4,Risk-Off,1.189175953825041e-08,9.797435324422974e-09,1.1481319013484715e-05,1.0019396637383104e-05,0.9999784775942846
2018-03-05,4,Risk-Off,1.7328221390448594e-08,1.4296225743972081e-08,1.816907012730673e-05,1.0222794716268262e-05,0.9999715765099184
2018-03-06,4,Risk-Off,5.115979477523455e-09,4.234055813933203e-09,5.269651973136618e-06,1.1698400439002031e-05,0.9999830225974248
2018-03-07,4,Risk-Off,1.1772106361021061e-08,8.3824734965846e-09,1.0907521691669738e-05,4.189894230909548e-06,0.999984882429674
2018-03-08,4,Risk-Off,5.6454397604213564e-08,3.356521522053228e-08,3.402181015752095e-05,1.8592088107205145e-06,0.999964028961908
2018-03-09,4,Risk-Off,3.7225887740671963e-07,1.4855881804417573e-07,7.189487672483927e-05,1.8770954116779488e-06,0.9999257072108618
2018-03-12,4,Risk-Off,1.8392311106012997e-06,1.0546462334150404e-06,0.0003692708388942,1.6656048692384668e-06,0.9996261696788112
2018-03-13,4,Risk-Off,3.558078619512899e-06,2.430058345141768e-06,0.0001909011311491,1.3962223460971263e-06,0.999801714509596
2018-03-14,4,Risk-Off,2.247117454444812e-06,3.3514936905054248e-06,0.0003231470090243,1.872107804930216e-06,0.9996693822722608
2018-03-15,4,Risk-Off,9.250084725765945e-07,1.6780089756329404e-06,0.0001433822327367,2.9306510392655e-06,0.9998510840983412
2018-03-16,4,Risk-Off,1.3648943359157348e-07,2.720770908514148e-07,4.546130582556867e-05,2.1150729509404694e-06,0.9999520150539716
2018-03-19,4,Risk-Off,4.3822879563562035e-08,4.3508247034424925e-08,2.397060839042691e-05,1.964760156830344e-06,0.9999739772995696
2018-03-20,4,Risk-Off,9.941548057672435e-08,6.644947866539707e-08,4.9587183527599454e-05,1.4140177016419803e-06,0.9999488329334304
2018-03-21,4,Risk-Off,2.30504040081829e-07,1.8237328551577264e-07,9.612756839497992e-05,1.2623500910550945e-06,0.9999021972043648
2018-03-22,4,Risk-Off,2.2141789397238905e-07,2.2746167093641747e-07,7.805405148057318e-05,1.2738316462319185e-06,0.9999202232365992
2018-03-23,4,Risk-Off,1.289397191282639e-07,1.3631749856788794e-07,5.47953284123581e-05,2.369832319547524e-06,0.9999425695817108
2018-03-26,4,Risk-Off,1.026594054891363e-07,9.96866441136629e-08,5.049026374643965e-05,1.6278850323059706e-06,0.9999476795046328
2018-03-27,4,Risk-Off,7.822932571489188e-08,7.947693868739408e-08,4.530481003571485e-05,1.400453846875022e-06,0.999953137029822
2018-03-28,4,Risk-Off,4.9384819355104045e-08,3.462362756076696e-08,2.0447286657400903e-05,2.1510506998829336e-06,0.999977317654018
2018-04-02,4,Risk-Off,2.4660545613677464e-07,1.5325397213290702e-07,0.0001260226372576,3.358275975694789e-06,0.9998702192282192
2018-04-03,4,Risk-Off,1.1773237580114118e-06,3.620959829700241e-07,7.867793781234814e-05,1.5840406760756845e-06,0.9999181986012212
2018-04-04,4,Risk-Off,1.555876925106314e-05,2.7253376901433164e-06,0.0005448820756737,9.540261295396089e-06,0.9994272935553028
2018-04-05,4,Risk-Off,0.0002552536560909,3.810446469989274e-05,0.0018251732368938,5.855325051454697e-06,0.9978756133166272
2018-04-06,4,Risk-Off,0.0015650165447801,0.000366660970129,0.0078757866219591,1.0082773757637894e-05,0.9901824530897088
2018-04-09,4,Risk-Off,0.0066958266533421,0.0020235698829803,0.0134883655978099,1.6167726492946726e-05,0.97777607013994
2018-04-10,4,Risk-Off,0.0108273963699801,0.0070326729149852,0.0120848236203957,2.6931512836762386e-05,0.970028175581056
2018-04-11,4,Risk-Off,0.0111063794237294,0.011134885803957,0.0193623941661177,1.56116641805404e-05,0.9583807289426872
2018-04-12,4,Risk-Off,0.0174729247690154,0.0128459610521043,0.0238433072476839,2.2031729531268145e-05,0.9458157752008888
2018-04-13,4,Risk-Off,0.0251601693908336,0.0190512903263255,0.0663455683956442,4.278952181459005e-05,0.8894001823646037
2018-04-16,2,Transitional,0.0697706157343857,0.0309694771710339,0.19146244919751,0.0001378440909631,0.7076596138052001
2018-04-17,0,Risk-On,0.1939637089083913,0.0824999289346136,0.3869636461125509,0.0003081698449996,0.3362645461987185
2018-04-18,1,Late-Cycle,0.3847000696402506,0.2121114198605667,0.3806698528978298,5.023168808069869e-05,0.0224684259127595
2018-04-19,2,Transitional,0.391392908583294,0.3967867698865742,0.2114786569168334,3.98931989608891e-06,0.0003376752934195
2018-04-20,0,Risk-On,0.2525702871926252,0.4217829897547935,0.3255846062781148,2.018176088888469e-07,6.191495771561211e-05
2018-04-23,1,Late-Cycle,0.3490600011871715,0.3205979405368275,0.3302941471975702,1.529418795523508e-08,4.789578485400969e-05
2018-04-24,2,Transitional,0.3510264393698377,0.3795752937086603,0.2693759043881681,9.4715810590306e-09,2.2353062201333467e-05
2018-04-25,0,Risk-On,0.3039554869930794,0.3878874090142625,0.3081520908348046,4.459273727092564e-09,5.008698905355071e-06
2018-04-26,1,Late-Cycle,0.3343060800079396,0.3581045460548165,0.3075802632184189,9.216346515931739e-10,9.109796993004594e-06
2018-04-27,2,Transitional,0.3332483312545231,0.372388719490837,0.2943457711576656,4.1856983357532045e-09,1.7173911076084408e-05
2018-04-30,0,Risk-On,0.3257240288398691,0.3791647908417641,0.2951103644671288,3.52585694682699e-09,8.123251325798767e-07
2018-05-02,1,Late-Cycle,0.3211407907003354,0.372870213627518,0.305970563157416,3.904991070397227e-10,1.8432123665562907e-05
2018-05-03,2,Transitional,0.3340107941511371,0.3615187129811071,0.3044354502271424,4.196998695903285e-09,3.503844414387767e-05
2018-05-04,0,Risk-On,0.3320290082347082,0.3813076132075989,0.2866623890973382,5.808683449160572e-09,9.836521888094376e-07
2018-05-07,1,Late-Cycle,0.3158622425827877,0.3760654606278154,0.3080632714535826,6.409131835866466e-10,9.024694530095862e-06
2018-05-08,2,Transitional,0.3346388503587679,0.3612388066872914,0.3041094122367285,3.548824427440217e-09,1.2927168350350892e-05
2018-05-09,0,Risk-On,0.3308904610422521,0.3761610130923707,0.2928951123504877,9.029531574373705e-09,5.340448582448755e-05
2018-05-10,1,Late-Cycle,0.3178131747299262,0.3770353882561741,0.3051089351877649,2.34960234877786e-08,4.247833061168329e-05
2018-05-11,2,Transitional,0.3320387268354058,0.3570973480561241,0.3108366210865624,1.5615789382796322e-08,2.7288406117550546e-05
2018-05-14,0,Risk-On,0.3399115707585406,0.3754130511533248,0.284670641170096,9.731979900103044e-09,4.727186683364991e-06
2018-05-15,1,Late-Cycle,0.31036716433106,0.3904276100608538,0.2991360666142688,1.1890253608755625e-08,6.914710275505858e-05
2018-05-16,2,Transitional,0.324835909204884,0.3595908994388175,0.3150382067857111,2.2052284726614415e-08,0.0005349625177678
2018-05-17,0,Risk-On,0.3366263099623697,0.368460792473275,0.2929379198884988,1.278763409454168e-07,0.0019748497997355
2018-05-18,1,Late-Cycle,0.315186248958376,0.3804337643454001,0.3011352696100279,3.0784624258303736e-07,0.0032444092391097
2018-05-21,2,Transitional,0.3224784622614262,0.3585914660409582,0.3123279699624597,5.426634959717522e-07,0.0066015590718759
2018-05-22,0,Risk-On,0.3310271556109306,0.3684595107454956,0.2917471537517054,3.968849664765984e-06,0.0087622110428173
2018-05-23,1,Late-Cycle,0.3121963233856331,0.3799021609252144,0.3026424372616359,4.7535563585410414e-06,0.0052543248719805
2018-05-24,2,Transitional,0.3202881054543243,0.3554982523171947,0.312684621759291,1.114282917199742e-06,0.0115279061858637
2018-05-25,0,Risk-On,0.3319740653129778,0.3650336899538733,0.2974603949533713,1.9268375519817136e-06,0.0055299229417658
2018-05-28,1,Late-Cycle,0.3222340522479634,0.3703882015011325,0.3003994803782953,4.735905494240598e-07,0.0069777922829335
2018-05-29,2,Transitional,0.3200147618050928,0.3734127672921161,0.2969258764841531,7.644864615332425e-07,0.0096458299329323
2018-05-30,0,Risk-On,0.3130033697560053,0.3632222212126295,0.3142748211848811,1.8121614010672936e-06,0.0094977756852119
2018-05-31,1,Late-Cycle,0.3396382899075043,0.3475132020821513,0.3052245045294382,1.404428111581279e-06,0.0076225990525973
2018-06-01,2,Transitional,0.3265521576037173,0.3929012683646721,0.2795787068544269,2.553441429023642e-06,0.0009653137359706
2018-06-04,0,Risk-On,0.2901177383523645,0.3727981969089105,0.3157802453845578,1.443272203110581e-07,0.0213036750265277
2018-06-05,1,Late-Cycle,0.3237643716005948,0.3330527598079941,0.3062089184194693,9.690093564755571e-07,0.0369729811623811
2018-06-06,2,Transitional,0.3237603980119044,0.3634892888562321,0.2809740024029266,3.608399127115004e-06,0.0317727023299172
2018-06-07,0,Risk-On,0.2960969420841792,0.365733528142645,0.2968332988816529,2.7947062514552654e-06,0.0413334361853852
2018-06-08,1,Late-Cycle,0.3147818547122454,0.3434515684240506,0.3034515308054742,2.293113029307049e-06,0.0383127529453176
2018-06-11,2,Transitional,0.3203762773131874,0.3524394838405555,0.2873496292639098,2.238819775283867e-06,0.0398323707624011
2018-06-12,0,Risk-On,0.3069775322714838,0.3637630414181795,0.2955480930151031,3.0289739809617222e-06,0.0337083043209949
2018-06-13,1,Late-Cycle,0.3148442187304,0.3476923533615365,0.3066164646502812,2.4698755167031644e-06,0.0308444933813945
2018-06-14,2,Transitional,0.3285348349813136,0.3555076773153564,0.2906122837522577,7.793571159818666e-06,0.0253374103793146
2018-06-15,0,Risk-On,0.3106273003322961,0.3791176734360765,0.2999460625980805,3.211366213822191e-05,0.010276849970709
2018-06-18,1,Late-Cycle,0.3244755875709898,0.3569711174088347,0.3129023671388454,3.275196207929295e-06,0.0056476526858172
2018-06-19,2,Transitional,0.3355875344560667,0.3696499375547334,0.2915412989463105,1.6623495029666397e-06,0.0032195666940739
2018-06-20,0,Risk-On,0.3147715866828195,0.3813844804180138,0.3026386213663233,1.6576114919013768e-06,0.0012036539212479
2018-06-21,1,Late-Cycle,0.3295636717755352,0.3604103748996186,0.3096709860481466,2.695946916262596e-07,0.0003546976814042
2018-06-22,2,Transitional,0.3342191177360435,0.3753412074347257,0.2898574111743037,1.5400126730653338e-07,0.0005821096539105
2018-06-25,0,Risk-On,0.3136302740777735,0.3829003937110742,0.30107436729464,9.016446489787287e-08,0.0023948747528165
2018-06-26,1,Late-Cycle,0.321270472127442,0.3600343666218629,0.3150090698129106,3.086460689391391e-07,0.0036857827923404
2018-06-27,2,Transitional,0.3393210122910795,0.3599361312772809,0.2969396504609169,6.802153073957542e-07,0.0038025257547762
2018-06-28,0,Risk-On,0.3180418443455091,0.3907850402676754,0.2905042596596647,1.3158178031581928e-06,0.0006675399085699
2018-06-29,1,Late-Cycle,0.3139607057958616,0.3602712208046184,0.3228832356643507,1.9722312587794515e-07,0.0028846405119473
2018-07-02,2,Transitional,0.3444545393504869,0.3612172344398126,0.2939284352223139,9.30249849528116e-07,0.0003988607382252
2018-07-03,0,Risk-On,0.3178399048010257,0.3886743500812921,0.2934087276670747,1.1282437361885862e-07,7.690462598168129e-05
2018-07-04,1,Late-Cycle,0.3212720174786744,0.3635364573433998,0.314531090447568,1.5454494207703738e-08,0.0006604192758517
2018-07-05,2,Transitional,0.3357450719095468,0.3712840161409884,0.2921297864019102,1.1349551697566629e-07,0.0008410120518172
2018-07-06,0,Risk-On,0.3139559309232539,0.3768451379047091,0.3054080466078273,1.0369113216926143e-07,0.0037907808722776
2018-07-09,1,Late-Cycle,0.327321075570885,0.3600311699884085,0.3089737292840626,5.554171472408131e-07,0.0036734697392497
2018-07-10,2,Transitional,0.3319337333329412,0.3695032857286277,0.296381794367742,6.131125142831654e-07,0.0021805734578734
2018-07-11,0,Risk-On,0.3209977853645854,0.3760524751798073,0.3020619920618098,3.8755976715697443e-07,0.0008873598333149
2018-07-12,1,Late-Cycle,0.3265701789604378,0.3665049239052976,0.3054582646538191,1.935589560243809e-07,0.0014664389213499
2018-07-13,2,Transitional,0.3279518495917749,0.3740464375769305,0.2970284887972766,2.249143367625645e-07,0.00097299912001
2018-07-16,0,Risk-On,0.3215257515317188,0.368329213322708,0.3087932111759515,1.739419558072507e-07,0.0013516500270773
2018-07-17,1,Late-Cycle,0.333265890297182,0.3685525422295277,0.2980725000960854,1.8754363081595937e-07,0.0001088798327478
2018-07-18,2,Transitional,0.324805546466073,0.3765696869738231,0.2983900149128682,2.1104239759216123e-08,0.0002347305429924
2018-07-19,0,Risk-On,0.3227907877610871,0.3719964719108603,0.3043928452878524,6.237006172416009e-08,0.0008198326694085
2018-07-20,1,Late-Cycle,0.327404883716878,0.3696133843809044,0.3025122466051601,2.201893438524472e-07,0.0004692651075538
2018-07-23,2,Transitional,0.3287383657920543,0.3693036562608598,0.3018956813839804,6.623385891897267e-08,6.223032889396215e-05
2018-07-24,0,Risk-On,0.330133045306675,0.3744316416534939,0.2954099629674226,1.0009964881610222e-08,2.5340062869942875e-05
2018-07-25,1,Late-Cycle,0.320564373169848,0.3776911007784074,0.301733455268482,3.3467608282947112e-09,1.1067437343396298e-05
2018-07-26,2,Transitional,0.3316244577966117,0.3608260396473906,0.3075447402477033,1.6949881588885263e-09,4.7606125612232295e-06
2018-07-27,0,Risk-On,0.3368866391108513,0.3791176246316173,0.2839956231217613,1.1552150877192495e-09,1.1198093759338353e-07
2018-07-30,1,Late-Cycle,0.3126103306082388,0.381078593813782,0.3063076433727899,8.357499019382717e-11,3.432122049584274e-06
2018-07-31,2,Transitional,0.3349461362565874,0.3542923157632121,0.310759388075526,2.252415275618916e-09,2.157652712991042e-06
2018-08-01,0,Risk-On,0.3391859438913545,0.3768506817473657,0.2839626621758145,7.390618999690368e-10,7.114467204397243e-07
2018-08-02,1,Late-Cycle,0.3123705234726191,0.3829585159713257,0.3046562583141043,1.8210772703171376e-10,1.4702059894911363e-05
2018-08-03,2,Transitional,0.3323887478647374,0.3568858941532561,0.3107220523446178,3.3301839075203475e-09,3.3023065303231963e-06
2018-08-06,0,Risk-On,0.3400816894520417,0.3727033759486762,0.2872075549376846,1.82793730920412e-09,7.377833884235374e-06
2018-08-07,1,Late-Cycle,0.313177164409677,0.3905440377746058,0.2962751088102265,1.4743119894775563e-09,3.6875316543296696e-06
2018-08-08,2,Transitional,0.3248037697262809,0.3512324631114171,0.3239589543581497,6.083307838653644e-10,4.812195346890473e-06
2018-08-09,0,Risk-On,0.3572770860948384,0.3678219413656227,0.2748986388089882,8.73512541618287e-10,2.332856553045331e-06
2018-08-10,1,Late-Cycle,0.2963858198874028,0.4152775805996059,0.2883319318786496,4.6150404757557437e-10,4.667172737640708e-06
2018-08-13,2,Transitional,0.3183076102195706,0.3275507518543433,0.3540510673618373,9.204972360849201e-10,9.05696440625691e-05
2018-08-14,0,Risk-On,0.3870943487103109,0.3671578217281937,0.2457478122996257,1.700656319107799e-08,2.547946366563195e-10
2018-08-16,1,Late-Cycle,0.2794470281344559,0.4573128634832373,0.2632401045972524,5.304817878742982e-10,3.2538728154769923e-09
2018-08-17,2,Transitional,0.2905525462980556,0.3400519786196807,0.36939528941612,8.784993857219501e-12,1.856571619034246e-07
2018-08-20,0,Risk-On,0.406559636907383,0.3225891692773525,0.270851125078849,2.3473768941470977e-11,6.871384622082154e-08
2018-08-21,1,Late-Cycle,0.2972623427352022,0.4758279551382747,0.2269097020923687,3.398995990086701e-11,1.7387348334045677e-13
2018-08-23,2,Transitional,0.2743559199513584,0.3586869064318411,0.3669571452947062,6.048951462845991e-13,2.8321070375637478e-08
2018-08-24,0,Risk-On,0.3899829209387774,0.3437130091272048,0.266304051680694,4.6038260352289776e-12,1.8248893662735703e-08
2018-08-27,1,Late-Cycle,0.2941277061585388,0.4320419185688407,0.2738303749348054,3.064592973450471e-12,3.352172271283462e-10
2018-08-28,2,Transitional,0.3227423473020262,0.3458281746445697,0.3314294697510926,8.80663153247291e-14,8.301739175865368e-09
2018-08-29,0,Risk-On,0.3538067925286016,0.4016610809684089,0.244532126492129,2.432722088017318e-12,8.879397132153898e-12
2018-08-30,1,Late-Cycle,0.2843349471551335,0.4051103705649612,0.3105513611110875,4.849830865896779e-14,3.3211696444303106e-06
2018-08-31,2,Transitional,0.3303172009109028,0.3497817877772883,0.3199005894570266,4.412245601149638e-10,4.214137789449813e-07
2018-09-03,0,Risk-On,0.3555890894617242,0.358533751543207,0.2857976893311943,6.793453353783739e-11,7.946959627042329e-05
2018-09-04,1,Late-Cycle,0.306908680465318,0.4263549726179081,0.2665600255252207,1.82014209725817e-08,0.0001763031897451
2018-09-05,2,Transitional,0.2835126538989989,0.3412867043410695,0.3744298007910469,2.3572593579255453e-08,0.0007708173964987
2018-09-06,0,Risk-On,0.4108422735354838,0.3064394810222926,0.2664918214369459,1.7025542907842074e-08,0.0162264069802095
2018-09-07,1,Late-Cycle,0.2356271661519019,0.513377774847403,0.1918264908196263,3.600581651008217e-07,0.059168208123246
2018-09-10,2,Transitional,0.0386094251105203,0.2415344114422886,0.454767276447351,7.529515935415805e-07,0.2650881340474305
2018-09-11,4,Risk-Off,0.0115311964981549,0.0257447918468991,0.0463557862863008,5.01295619568632e-07,0.9163677240738656
2018-09-12,4,Risk-Off,0.0067636729921048,0.0124639444454907,0.0093496257241847,3.3104874760986728e-06,0.971419446351138
2018-09-14,4,Risk-Off,0.0018684266766968,0.007147056268223,0.0119234952513061,4.250654720828711e-06,0.9790567711482568
2018-09-17,4,Risk-Off,0.0002973143170432,0.0016296261543688,0.0037361364532571,2.051858705898722e-06,0.9943348712165104
2018-09-18,4,Risk-Off,2.695571274433464e-05,0.0001873147534882,0.0006138394806143,1.4380750159997176e-06,0.9991704519777798
2018-09-19,4,Risk-Off,3.0195764634927683e-06,1.4357495783203066e-05,0.0001708599438297,1.4574481565399422e-06,0.9998103055358204
2018-09-21,4,Risk-Off,7.40562455635122e-07,2.053553528265778e-06,0.0002093071018638,4.83308255427234e-06,0.9997830656989396
2018-09-24,4,Risk-Off,1.1393494873068756e-07,1.814414483687268e-07,3.205327293033014e-05,5.0982682039765645e-06,0.999962553082629
2018-09-25,4,Risk-Off,4.1322067947999006e-08,4.4398283962663234e-08,2.9871117923101303e-05,2.7072220493888075e-06,0.9999673359403184
2018-09-26,4,Risk-Off,2.5550345271285692e-08,2.410496310421773e-08,1.9987069056063738e-05,5.012666011216272e-06,0.9999749506104872
2018-09-27,4,Risk-Off,1.0117566071589217e-08,9.075879027753604e-09,9.703058429495988e-06,0.0001352021677847,0.9998550755805672
2018-09-28,4,Risk-Off,7.550031729274491e-09,4.636747587360278e-09,5.718677151576958e-06,0.0022316817578708,0.997762587377946
2018-10-01,4,Risk-Off,9.085788903314673e-08,7.443249161006033e-08,9.711250675030548e-05,0.0223553222682425,0.977547399935398
2018-10-03,4,Risk-Off,2.4895543391879877e-09,2.798669368309718e-09,1.4651786113280478e-06,0.0862874183453564,0.9137111111872268
2018-10-04,3,Post-Shock,1.606612049966924e-12,1.2109777271217785e-12,2.482444540928968e-09,0.6183576131542223,0.3816423843606759
2018-10-05,3,Post-Shock,1.1714652338632418e-13,8.761435719274378e-14,2.240372717136941e-10,0.9984085637867048,0.0015914359897789
2018-10-08,3,Post-Shock,1.2938658616717035e-14,9.686905446241885e-14,1.4756417185268398e-10,0.9998217465801392,0.0001782532722532
2018-10-09,3,Post-Shock,8.4096420350734e-17,4.854999332904376e-15,7.015486641556412e-12,0.999968904734104,3.1095259331505204e-05
2018-10-10,3,Post-Shock,6.222133295802332e-18,1.6469550938515825e-15,2.0446360704515497e-12,0.999998735608532,1.2643885979907094e-06
2018-10-11,3,Post-Shock,1.5553597664430054e-18,2.319227464208863e-15,4.302467814658188e-12,0.9999992313117444,7.686833679384077e-07
2018-10-12,3,Post-Shock,1.0574168885025092e-16,3.054234335794245e-13,4.745381783714996e-10,0.9999813438510918,1.86556735541724e-05
2018-10-15,3,Post-Shock,1.4135193942737156e-14,4.607427836333901e-12,6.031899384166229e-09,0.9999582504008384,4.174356298933607e-05
2018-10-16,3,Post-Shock,2.4535682541097398e-15,1.1287195459138839e-13,1.4596022545388468e-10,0.9999544758824171,4.552397102553968e-05
2018-10-17,3,Post-Shock,4.7083646958088315e-16,4.5865262534651885e-14,7.010597477838743e-11,0.999995437984982,4.561944335893709e-06
2018-10-19,3,Post-Shock,2.581889967786875e-17,1.445123760727492e-14,2.364144398918704e-11,0.9999925546003172,7.445375882382069e-06
2018-10-22,3,Post-Shock,1.4824523259442802e-17,1.0698730685487224e-14,1.6817007098379328e-11,0.9999926788600229,7.321122455554605e-06
2018-10-23,3,Post-Shock,2.086423419632308e-17,1.1027522244296811e-14,1.780448651227538e-11,0.9999978399469592,2.160035962359378e-06
2018-10-24,3,Post-Shock,2.985001705710947e-18,5.583335381291154e-15,8.401024007233744e-12,0.9999798712913114,2.0128700259264052e-05
2018-10-25,3,Post-Shock,6.067503060216443e-17,1.7013139487249696e-14,2.0393616052135798e-11,0.9999993106232624,6.893564310274567e-07
2018-10-26,3,Post-Shock,2.3778235518275225e-17,3.113190382501769e-14,4.7721851536394664e-11,0.9999953503992266,4.649553139632652e-06
2018-10-29,3,Post-Shock,2.1547188341395317e-17,2.3079042023186017e-14,3.4908510383039946e-11,0.9999777435408084,2.2256423890813484e-05
2018-10-30,3,Post-Shock,2.446359113073279e-15,5.457795080310385e-13,7.104902420051302e-10,0.9999977884132832,2.2108755262810958e-06
2018-10-31,3,Post-Shock,2.288897473051273e-14,3.1975927877580324e-11,4.44053319573068e-08,0.9997875921861936,0.0002123633770078
2018-11-01,3,Post-Shock,1.9525427681442044e-12,1.3981855168426876e-10,1.824089552359757e-07,0.9991538147129232,0.0008460027365492
2018-11-02,3,Post-Shock,2.904447622116897e-09,1.0513446324384045e-07,4.202748459746632e-05,0.9899279229907568,0.0100299414852027
2018-11-05,3,Post-Shock,3.490286577094786e-05,4.964761478715952e-05,0.014283083010266,0.9626557040967224,0.0229766624127899
2018-11-06,3,Post-Shock,0.0132645529333857,0.0024169650534573,0.2556693703412491,0.7125160976627708,0.0161330140096753
2018-11-07,3,Post-Shock,0.2198040693482439,0.0313986188942801,0.120439325499895,0.5571317236876943,0.0712262625707731
2018-11-09,3,Post-Shock,0.1201697581489789,0.1990486920548196,0.1764981818687955,0.4104550264385007,0.0938283414897781
2018-11-12,3,Post-Shock,0.1746413952957073,0.1402159664722192,0.2659799076299263,0.3028700494580704,0.1162926811436511
2018-11-13,2,Transitional,0.2687280816533087,0.1896239910436217,0.4427844023289456,0.0515269329051965,0.0473365920685683
2018-11-14,0,Risk-On,0.4334681605078674,0.2972350256321302,0.237233491048661,0.0047435781006318,0.0273197447102873
2018-11-15,1,Late-Cycle,0.2654297266973534,0.43122824047251,0.2773978872693264,0.0006384310325065,0.0253057145291495
2018-11-16,2,Transitional,0.3010536393325291,0.3235885903592121,0.3661834463558641,6.889791582657964e-05,0.0091054260368468
2018-11-19,0,Risk-On,0.3792595778626854,0.3317248868525884,0.2866724869497361,6.56620315431423e-06,0.0023364821312912
2018-11-20,1,Late-Cycle,0.3179829806109097,0.3993487724698797,0.2820180034837761,1.709849917898754e-06,0.0006485335861013
2018-11-21,2,Transitional,0.3036399097047159,0.373705156719865,0.3225460862300234,3.031100236445178e-06,0.0001058162455243
2018-11-22,0,Risk-On,0.3477268756087645,0.3405663062692766,0.3115016347988731,4.875611970056344e-07,0.0002046957617246
2018-11-26,1,Late-Cycle,0.3346894685003713,0.389043930923194,0.2762442424511115,1.478124997573562e-06,2.0880000321001824e-05
2018-11-27,2,Transitional,0.3028558555209396,0.3848165076867393,0.3123198891935979,4.826142365858679e-07,7.264984717616878e-06
2018-11-28,0,Risk-On,0.3376036633254992,0.3463703199648216,0.3160215727254076,6.388261178722827e-08,4.380101211063968e-06
2018-11-29,1,Late-Cycle,0.3425398473292631,0.3722971505575553,0.2851611849060037,2.119447940052689e-09,1.8150885501013208e-06
2018-11-30,2,Transitional,0.3156526486348776,0.3832897830594139,0.3010571433869167,4.004834064161865e-10,4.245191011859648e-07
2018-12-03,0,Risk-On,0.3296375841691093,0.3588438728552532,0.3114931494724353,8.671698818110069e-11,2.539341560036636e-05
2018-12-04,1,Late-Cycle,0.3376841847442415,0.3743922691123235,0.2878524730380498,3.5584779956237994e-09,7.10695473597773e-05
2018-12-05,2,Transitional,0.3103045427650578,0.3799867109130553,0.3043500154806943,4.522550594540056e-09,0.0053587263182115
2018-12-06,0,Risk-On,0.3204243335024409,0.3589610754588886,0.3043159298601585,1.2812826990629917e-07,0.0162985330503249
2018-12-07,1,Late-Cycle,0.310480873966125,0.3632801136498486,0.2942412270434722,3.959882006872465e-07,0.0319973893532321
2018-12-10,2,Transitional,0.2706297032348949,0.3443363535381847,0.2890183019329829,2.1758060125728664e-06,0.0960134654879605
2018-12-11,0,Risk-On,0.3011710457649723,0.3137170898893105,0.292315727012621,7.272751378918725e-06,0.0927888645816374
2018-12-12,1,Late-Cycle,0.308064225481759,0.3313959119773318,0.2921201154583367,1.1059875363930685e-05,0.0684086872076279
2018-12-13,2,Transitional,0.3138814982133775,0.3366041338287206,0.2899442379501524,8.72023360323595e-06,0.0595614097746539
2018-12-14,0,Risk-On,0.3078362023460267,0.3592704877013294,0.2846801744139673,7.098504937645293e-06,0.0482060370343847
2018-12-17,1,Late-Cycle,0.2998646053466129,0.3399937732566574,0.3194212571480264,4.337697970989545e-06,0.040716026550645
2018-12-18,2,Transitional,0.3449804344133555,0.3244282895762621,0.2881774097854694,2.2275066697592767e-06,0.0424116387190874
2018-12-19,0,Risk-On,0.2982361936608993,0.401868162157665,0.2523329407160031,3.227104910811059e-06,0.047559476361282
2018-12-20,1,Late-Cycle,0.154731411973811,0.3332581129166457,0.3223428505918517,7.954840460144396e-07,0.189666829033061
2018-12-21,2,Transitional,0.062984788897542,0.1606795604775452,0.2138754296403603,1.0725713726644648e-06,0.5624591484132504
2018-12-24,4,Risk-Off,0.0272202495573848,0.0616795824642351,0.0873141918424224,2.9147194396954968e-06,0.8237830614161913
2018-12-26,4,Risk-Off,0.0117883642005174,0.0271935507461605,0.0309802035526981,3.3612830518353222e-06,0.9300345202174612
2018-12-27,4,Risk-Off,0.0044123493189301,0.0119213778357019,0.0174568701899478,4.356994437743847e-06,0.9662050456618416
2018-12-28,4,Risk-Off,0.00119650005844,0.0042415654071868,0.0067565528284375,5.025232712709281e-06,0.9878003564730962
2018-12-31,4,Risk-Off,0.0001859383611684,0.0010103838038436,0.002659676442251,2.973657569359736e-06,0.9961410277349678
2019-01-02,4,Risk-Off,4.376403061316172e-05,0.0001213860753911,0.0004652050750406,1.894522641109859e-06,0.9993677502969962
2019-01-03,4,Risk-Off,5.150235405885278e-05,4.022506205839006e-05,0.0003916648002031,3.3324633076033228e-06,0.9995132753210144
2019-01-04,4,Risk-Off,0.0003570367978079,7.927013812727629e-05,0.0041423672825495,1.4991099801307165e-05,0.9954063346808854
2019-01-07,4,Risk-Off,0.0064629225476552,0.000817103781462,0.0730893796757507,8.00429607282364e-05,0.919550551034282
2019-01-08,2,Transitional,0.075488827393565,0.0130480142264749,0.2379013134967166,0.0002632187643781,0.6732986261196682
2019-01-09,0,Risk-On,0.2309396049773175,0.0867566201010081,0.2768050529404732,0.0003200628938752,0.4051786590881439
2019-01-10,1,Late-Cycle,0.287761784938617,0.2347804829628289,0.3615921553386531,9.662683017603612e-05,0.1157689499290718
2019-01-11,2,Transitional,0.3648885917979794,0.3254923099190758,0.2583853538612256,4.0316291900832287e-05,0.0511934281299129
2019-01-14,0,Risk-On,0.2847822571255087,0.3827811883352206,0.3168356048281305,1.0680604714252638e-05,0.0155902691065002
2019-01-15,1,Late-Cycle,0.3454650034174847,0.3389146859772596,0.3064868671274907,1.976645256232286e-06,0.0091314668330552
2019-01-16,2,Transitional,0.3157838225686888,0.3985390985015424,0.2725669415083477,5.617821566889881e-07,0.0131095756398822
2019-01-17,0,Risk-On,0.2939967494189828,0.3401595426215772,0.3504426378956849,7.93386407542857e-07,0.0154002766766761
2019-01-18,1,Late-Cycle,0.3817477273883552,0.3372458069549489,0.2692295232364725,2.464957372643309e-06,0.0117744774631602
2019-01-21,2,Transitional,0.2743726724351554,0.4510821341547572,0.2745297680188409,9.945711776727192e-06,5.479678676710255e-06
2019-01-22,0,Risk-On,0.2920611005251126,0.293495920052095,0.3739272833603011,6.494953929404225e-07,0.0405150465666114
2019-01-23,1,Late-Cycle,0.3799842899164248,0.3723941284686858,0.1997619183416004,5.912393995777752e-06,0.0478537508785914
2019-01-24,2,Transitional,0.1968877372854252,0.4195923807771884,0.3357107339867735,5.640460404168302e-06,0.0478035074908463
2019-01-25,4,Risk-Off,0.1103174502786985,0.2106522696408789,0.2659864204497213,4.818111234741511e-07,0.4130433778204036
2019-01-28,4,Risk-Off,0.1139884019053421,0.1249048250282416,0.1257340229674406,1.4983972118381138e-06,0.6353712517018956
2019-01-29,4,Risk-Off,0.1035745294861332,0.1252814638659548,0.1025004003815307,9.931442720725142e-06,0.6686336748236598
2019-01-30,4,Risk-Off,0.1016081035355356,0.1161068170497747,0.1185404696424708,3.225513364450993e-05,0.6637123546390428
2019-01-31,4,Risk-Off,0.1280452786498749,0.1172357006403398,0.2350449203731196,0.0001718482424989,0.5195022520942819
2019-02-01,4,Risk-Off,0.2427591741196109,0.152784014704743,0.3694975233993364,6.03566474156238e-05,0.2348989311287957
2019-02-04,4,Risk-Off,0.3635113745940277,0.2653201095631066,0.1993649683698488,1.547508242029765e-05,0.171788072391262
2019-02-05,4,Risk-Off,0.2259551998722035,0.3700162899056897,0.244065146252433,8.544230752969282e-06,0.1599548197386207
2019-02-06,4,Risk-Off,0.260933587216113,0.2896572325841787,0.2963443038644299,7.295368490170196e-06,0.1530575809664507
2019-02-07,4,Risk-Off,0.2922303977713755,0.2934862479492386,0.2492482314261391,3.131388536693446e-06,0.1650319914640966
2019-02-08,4,Risk-Off,0.1892121222930347,0.3185193243469018,0.2139490649405271,1.0326137116578028e-06,0.2783184558057618
2019-02-11,4,Risk-Off,0.0854582467825959,0.2267150851676671,0.2239197919801132,1.4466490625863045e-06,0.4639054294204346
2019-02-12,4,Risk-Off,0.0163242681057823,0.082546638499909,0.1541086151822809,1.4549054329583433e-06,0.7470190233070505
2019-02-14,4,Risk-Off,0.0025874535535983,0.0118300984765755,0.0164154018747655,1.4149204350999138e-06,0.9691656311746458
2019-02-15,4,Risk-Off,0.0002612443341886,0.0022145970842921,0.0060932736106076,3.168644718301836e-06,0.9914277163254236
2019-02-18,4,Risk-Off,1.3388397471808989e-05,9.273814257719496e-05,0.0002879263640003,1.6332402825043428e-06,0.9996043138549972
2019-02-19,4,Risk-Off,3.6688012120826095e-06,6.792112954697815e-06,0.0001260765999244,1.7555107380628775e-06,0.9998617069750506
2019-02-20,4,Risk-Off,2.767253347490955e-05,5.984131366000922e-06,0.0004742047230738,7.495287103696827e-06,0.9994846433248376
2019-02-21,4,Risk-Off,0.0004943891109435,6.643945753441375e-05,0.0052197807869905,7.301475497875229e-06,0.9942120891685362
2019-02-22,4,Risk-Off,0.0062004067138319,0.0010046231366329,0.0420520112718969,2.7152821395118687e-05,0.9507158060571448
2019-02-25,4,Risk-Off,0.0427860583186636,0.0095409844668589,0.1317598350541656,7.185653522917885e-05,0.8158412656243257
2019-02-26,2,Transitional,0.1386651888727139,0.0492965253800893,0.3791963845591024,0.0001160939247887,0.4327258072630736
2019-02-27,0,Risk-On,0.3723344002929208,0.1640716434802616,0.4310980231238663,7.26055201412747e-05,0.0324233275833477
2019-02-28,1,Late-Cycle,0.4286179046849498,0.3798598512468639,0.1774624854767039,6.335523641214502e-06,0.0140534230686885
2019-03-01,2,Transitional,0.2230242383962889,0.446031349499535,0.3272802688720891,2.169466837969704e-06,0.0036619737649854
2019-03-05,0,Risk-On,0.347780486901819,0.3045507400061465,0.347273137289923,6.041834453792282e-07,0.0003950316179605
2019-03-06,1,Late-Cycle,0.3652641026156195,0.3743783515055197,0.2597434386927113,7.38518299040926e-08,0.0006140333351898
2019-03-07,2,Transitional,0.2916539362665577,0.406769970758748,0.3014891370632223,9.810748577325915e-08,8.685780464690089e-05
2019-03-08,0,Risk-On,0.3253422945888577,0.3495061317466129,0.3236337978015202,1.2381939168338665e-08,0.0015177634817242
2019-03-11,1,Late-Cycle,0.3410544724717824,0.3666691512788239,0.290001359712825,1.938176327409304e-07,0.002274822719245
2019-03-12,2,Transitional,0.3169216277642394,0.3773617598172968,0.3047564229804548,3.4216426274372186e-07,0.0009598472741869
2019-03-13,0,Risk-On,0.3301778243008177,0.3655320471493449,0.3042073943058644,1.3708975221981333e-07,8.259715458810613e-05
2019-03-14,1,Late-Cycle,0.330158555198985,0.3705335379765763,0.2992762391044043,1.4980191025543315e-08,3.1652740465587074e-05
2019-03-15,2,Transitional,0.3284462463531695,0.3725760996512602,0.2989745541491,4.986948069175521e-09,3.0948603308619417e-06
2019-03-18,0,Risk-On,0.3271700254822178,0.3732033651789348,0.2996247441999461,1.1066934436769403e-09,1.864031541143836e-06
2019-03-19,1,Late-Cycle,0.3271390507431639,0.3677641762623398,0.3050960876847002,8.349305207785478e-10,6.844745211905785e-07
2019-03-20,2,Transitional,0.3355692201504828,0.3646611131861647,0.2997695864825292,3.935155966460619e-10,7.978691322734826e-08
2019-03-22,0,Risk-On,0.3297688403478636,0.3776471734475304,0.2925835741867543,8.416900668310046e-11,4.119329778037216e-07
2019-03-25,1,Late-Cycle,0.3184037624840863,0.372453630993991,0.3091365939653135,1.0216580754662336e-10,6.012453559537408e-06
2019-03-26,2,Transitional,0.3405681728820048,0.3557238106889517,0.3037060026894576,1.445715806187569e-09,2.0122934073242905e-06
2019-03-27,0,Risk-On,0.3313662219817628,0.3889873273950167,0.279642437208279,2.1727733395365296e-09,4.011242967645662e-06
2019-03-28,1,Late-Cycle,0.3048114397101692,0.3812076983653649,0.3139781105531947,1.0320126640719342e-09,2.750340020196301e-06
2019-04-01,2,Transitional,0.3442818671467647,0.3367891086106792,0.3189286129535494,8.853762939226442e-10,4.104032204147963e-07
2019-04-02,0,Risk-On,0.3515286576432787,0.3868054362039639,0.2616659058370126,2.1585167175526576e-10,1.0008533405120576e-10
2019-04-03,1,Late-Cycle,0.2959149747883005,0.4060062904995637,0.2980787346632637,9.474247035226515e-12,3.892532824009533e-11
2019-04-04,2,Transitional,0.336230367679312,0.3468571178542738,0.3169124891858219,1.989139772252413e-13,2.528041210456104e-08
2019-04-05,0,Risk-On,0.3416497251749297,0.3922664950232982,0.2660837786010795,4.252776616935645e-12,1.196655971267367e-09
2019-04-08,1,Late-Cycle,0.3031370293456645,0.3831307647563941,0.313724836175734,2.5831492852469783e-13,7.369721793541277e-06
2019-04-09,2,Transitional,0.3362351460200976,0.3617034915506688,0.3020561030644149,1.2942754017986635e-09,5.258070704705684e-06
2019-04-10,0,Risk-On,0.3287046911297302,0.3657402919958902,0.3055501411166017,5.958679728850842e-10,4.875161717289798e-06
2019-04-11,1,Late-Cycle,0.3421703889448685,0.3707662531792746,0.2870593022680504,5.231833185239778e-10,4.055084513483632e-06
2019-04-12,2,Transitional,0.3075155666376205,0.406977661690197,0.2855066767821338,5.730141665715238e-10,9.431725454436405e-08
2019-04-15,0,Risk-On,0.3212732962542173,0.3414917807424876,0.337119417336716,3.431081437755914e-11,0.0001155056330241
2019-04-16,1,Late-Cycle,0.3611916892837783,0.3838014009871707,0.255006099780756,1.5322346002506583e-08,7.946259184400389e-07
2019-04-18,2,Transitional,0.2783691045213702,0.4051247419831542,0.3151038014912451,9.97265598082901e-10,0.0014023510075864
2019-04-22,0,Risk-On,0.3408602084537446,0.3194163904535324,0.3323382842260344,6.394557230369819e-08,0.0073850529217747
2019-04-23,1,Late-Cycle,0.3481030926235775,0.3956291219275874,0.2456839397567815,7.469890929814563e-07,0.0105830987033085
2019-04-24,2,Transitional,0.2585568823270913,0.3907302531564352,0.344716835572805,3.164818154682177e-06,0.0059928641261868
2019-04-25,0,Risk-On,0.3854412248212102,0.2764780112351253,0.3362636425438614,6.654536604487872e-07,0.0018164559470126
2019-04-26,1,Late-Cycle,0.3538950676264112,0.4644648014592583,0.1816376777905901,4.027288461481157e-07,2.0503947091811893e-06
2019-04-30,2,Transitional,0.1930413775304209,0.3931812364046624,0.4137764137183255,4.9923390158637275e-09,9.673538527541163e-07
2019-05-02,0,Risk-On,0.4816613862195941,0.1920298198391449,0.3263020678389018,5.099951910140362e-11,6.726052019440115e-06
2019-05-03,1,Late-Cycle,0.3276460236242197,0.6162568838973903,0.0560803256544066,1.1469793981574851e-08,1.6755353899182882e-05
2019-05-06,2,Transitional,0.0386117801612869,0.3481167212175417,0.6103942261708204,1.7713411735899796e-08,0.0028772547375503
2019-05-07,4,Risk-Off,0.0034241182447211,0.0219205556802796,0.0519000024108213,4.556116469608006e-09,0.9227553191082504
2019-05-08,4,Risk-Off,0.0002684112445574,0.0021323101160436,0.0053457459222678,2.1819663310314694e-06,0.992251350751111
2019-05-09,4,Risk-Off,8.057646683415004e-06,8.586340192401114e-05,0.0002764016290801,1.3732482099135251e-06,0.999628304074498
2019-05-10,4,Risk-Off,3.051432267588965e-07,1.9989259023680534e-06,5.736570263785535e-05,1.5883119537164037e-06,0.9999387419166595
2019-05-13,4,Risk-Off,9.343935921728421e-08,1.261643846765087e-07,4.730876582202224e-05,2.0485294344221453e-06,0.9999504231011744
2019-05-14,4,Risk-Off,1.7319691361558928e-07,7.36162003289521e-08,3.297585159352512e-05,1.8744581601014536e-06,0.999964902877045
2019-05-15,4,Risk-Off,3.890084293536877e-06,7.008742699866344e-07,0.0003190610893167,6.783857786707577e-06,0.9996695640947132
2019-05-16,4,Risk-Off,8.836153408495269e-05,1.1426514516555684e-05,0.0007051751524438,5.277991917416509e-06,0.9991897588067304
2019-05-17,4,Risk-Off,0.0013215745331942,0.000189340450977,0.0206931824769853,6.811395987062491e-05,0.9777277885790998
2019-05-20,4,Risk-Off,0.0275866600944584,0.0036160608928217,0.2531368730854021,0.0014725328612545,0.7141878730666656
2019-05-21,2,Transitional,0.252248802302185,0.0464048068809295,0.6243712193969031,0.0049937685106127,0.0719814029086085
2019-05-22,0,Risk-On,0.5978195650619463,0.2659918640894079,0.1329850318038204,0.0023266762639362,0.0008768627817215
2019-05-23,1,Late-Cycle,0.1733821223883437,0.5770716194432968,0.2488335030866309,0.0007112790837763,1.4759970771486335e-06
2019-05-24,2,Transitional,0.2830087086036609,0.2509796712530701,0.465733903754877,0.0001595444747639,0.0001181719144166
2019-05-27,0,Risk-On,0.4659033374442256,0.3149718678965175,0.2190840068694451,3.2450622089317054e-05,8.337168065766138e-06
2019-05-28,1,Late-Cycle,0.2537498804240668,0.4689064952038894,0.2773369295012612,5.812505972173678e-06,8.823643406695032e-07
2019-05-29,2,Transitional,0.307520585654887,0.3130492936734169,0.3793522828431352,1.2749216956688578e-06,7.65629073081696e-05
2019-05-30,0,Risk-On,0.3874475634414629,0.3453939243553709,0.2670618990016504,3.812646471774775e-07,9.623193759186907e-05
2019-05-31,1,Late-Cycle,0.2941629675690168,0.3961824833068973,0.3095862735173623,2.1473483493366187e-07,6.806087099429619e-05
2019-06-03,2,Transitional,0.3375276771766007,0.3357985581649961,0.3266679320683261,1.691753842116672e-07,5.66341397419994e-06
2019-06-04,0,Risk-On,0.3431767758675819,0.3730766592226351,0.2837369615513421,5.00678456351387e-08,9.553289709026756e-06
2019-06-06,1,Late-Cycle,0.3103338026138061,0.3608258529965146,0.3280372344242527,4.4541135029402136e-08,0.0008030654242221
2019-06-07,2,Transitional,0.34651929034714,0.3468803748899129,0.3063103201718476,2.305699766695011e-06,0.0002877088918606
2019-06-10,0,Risk-On,0.3268713067713948,0.3655105547587221,0.3075519605881613,1.4130170960470508e-06,6.476486443599064e-05
2019-06-11,1,Late-Cycle,0.3361547363641306,0.3490702887796632,0.314772740828916,3.791718677280169e-07,1.8548561301252212e-06
2019-06-12,2,Transitional,0.3392872191497519,0.3710323526661434,0.2896708425465015,1.146158621788539e-07,9.471021183393992e-06
2019-06-13,0,Risk-On,0.3081412197341993,0.3673028928543917,0.3245412795841578,3.8959375995183366e-08,1.4568867722663586e-05
2019-06-14,1,Late-Cycle,0.3566750728555685,0.3211183344885875,0.3217035498670982,4.1461222000824826e-08,0.0005030013269241
2019-06-17,2,Transitional,0.3242644624161448,0.4045987752397198,0.2475826077124899,1.5972677938016205e-07,0.0235539949040164
2019-06-18,0,Risk-On,0.208752220574352,0.3523709351793568,0.3584602611353809,2.4303777636079413e-06,0.080414152733718
2019-06-19,1,Late-Cycle,0.0752522568677583,0.21719199815159,0.2301591244345064,6.335445631166629e-07,0.4773959870018006
2019-06-20,2,Transitional,0.0311822818059812,0.0735172297801566,0.1267809536674194,1.5732860310716756e-06,0.7685179614595177
2019-06-21,4,Risk-Off,0.0152873230817604,0.0328274407144669,0.024968533383097,2.5055337004192447e-06,0.9269141972872276
2019-06-24,4,Risk-Off,0.0043390333641277,0.0157297773227807,0.0268493269343837,4.584705043302897e-06,0.9530772776738567
2019-06-25,4,Risk-Off,0.0010930259526,0.0038285255190476,0.0062187491162488,1.7414324658479275e-06,0.9888579579804682
2019-06-26,4,Risk-Off,0.000261997363855,0.0009787173666992,0.002095227785397,1.9344662931514464e-06,0.9966621230177638
2019-06-27,4,Risk-Off,9.6551457351104e-05,0.0002288302098207,0.000869089221095,1.8000622163249118e-06,0.9988037290494078
2019-06-28,4,Risk-Off,9.790737009639785e-05,9.514129036981978e-05,0.0005511907433954,1.8239401778411776e-06,0.9992539366559392
2019-07-01,4,Risk-Off,0.0001339186875234,0.0001198127372897,0.0014756885200624,4.2015809879762405e-06,0.998266378474156
2019-07-02,4,Risk-Off,0.000131403851754,0.0001551867491031,0.0017463919179105,3.695462174423216e-06,0.997963322018784
2019-07-03,4,Risk-Off,7.552567728538353e-05,9.945384130038518e-05,0.0004076044488599,1.9283002414009915e-06,0.9994154877329682
2019-07-04,4,Risk-Off,4.610302223505592e-05,7.861030660657796e-05,0.0006007264553318,2.3626956603703963e-06,0.999272197520506
2019-07-05,4,Risk-Off,2.266127925468836e-05,5.57501537757392e-05,0.0018479218218507,4.390423828007853e-06,0.9980692763210892
2019-07-08,4,Risk-Off,2.109719355506652e-06,6.593060125612382e-06,6.574602143752115e-05,1.4372104509584633e-06,0.999924113988556
2019-07-09,4,Risk-Off,1.8662680354964322e-07,6.811848697633857e-07,8.102677179750603e-05,1.6476914525722718e-06,0.9999164577249128
2019-07-10,4,Risk-Off,1.2336609569401758e-07,1.2114684764520714e-07,4.721304485048428e-05,2.007945270498329e-06,0.9999505344978448
2019-07-11,4,Risk-Off,1.459415734166711e-07,1.2637711641440938e-07,6.532095648006998e-05,1.3131439297876883e-06,0.9999330935816712
2019-07-12,4,Risk-Off,3.0758157342369106e-07,1.5973019475370736e-07,6.773211575231121e-05,1.4606243238159137e-06,0.999930339948902
2019-07-15,4,Risk-Off,5.261139052580727e-06,7.037337781958684e-07,0.0001419480766074,1.59341906769636e-06,0.99985049363154
2019-07-16,4,Risk-Off,7.283140866544188e-05,1.699487098392616e-05,0.0015396749074252,3.753579964612626e-06,0.9983667452324646
2019-07-17,4,Risk-Off,0.0001666539284478,0.0001314406394098,0.0023855194759098,4.975297283452137e-06,0.9973114106597348
2019-07-18,4,Risk-Off,1.7378722919921183e-05,0.000108533114896,0.0004725438784236,1.7277799325384818e-06,0.9993998165031724
2019-07-19,4,Risk-Off,6.697542501384832e-07,3.681628511267843e-06,5.061708634182435e-05,1.5824940043644253e-06,0.9999434490366108
2019-07-22,4,Risk-Off,6.099543020226335e-07,6.251492245160046e-07,0.000168224999717,3.2000248782180264e-06,0.9998273398713928
2019-07-23,4,Risk-Off,7.137994738841366e-07,9.048637918531494e-07,0.0002083957392843,3.598564322581688e-06,0.9997863870332416
2019-07-24,4,Risk-Off,9.421551657889759e-08,1.4665527396059682e-07,2.4590994786242537e-05,2.2676949902657e-06,0.9999729004391524
2019-07-25,4,Risk-Off,6.1411306894337e-08,5.050395862235911e-08,3.509554616065508e-05,4.361130110726987e-06,0.9999604314077812
2019-07-26,4,Risk-Off,1.2640411720625104e-07,1.210834577210109e-07,8.965089674042611e-05,6.697948086145443e-06,0.9999034036682316
2019-07-29,4,Risk-Off,2.5591861617056402e-08,2.957412623584076e-08,1.3304914946733411e-05,3.7915009913243818e-06,0.9999828484176098
2019-07-30,4,Risk-Off,1.2499381565380538e-08,1.1100907182099969e-08,1.2976806764078222e-05,1.1416999719814872e-05,0.9999755825936292
2019-07-31,4,Risk-Off,5.4238668087907e-09,4.7011768527582415e-09,5.828353684149048e-06,1.4665613854075948e-05,0.9999794959068188
2019-08-01,4,Risk-Off,3.298876890871459e-09,2.628657330341177e-09,4.179509948410169e-06,3.572320725103699e-05,0.999960091355769
2019-08-02,4,Risk-Off,2.7634499693479435e-09,2.152380469445722e-09,3.5610951586181067e-06,4.803087670685176e-05,0.9999484031119495
2019-08-05,4,Risk-Off,1.285727895443616e-08,4.128464253359684e-09,4.507926525757745e-06,6.650188222923841e-05,0.9999289732054808
2019-08-06,4,Risk-Off,5.592766726647416e-07,4.188578771627488e-07,0.0004862162809083,8.825055781522832e-05,0.9994245550263382
2019-08-07,4,Risk-Off,2.1128389558330997e-07,2.527593194455336e-07,3.134783565986638e-05,2.0688721731532397e-05,0.9999474993995612
2019-08-08,4,Risk-Off,4.686386851547273e-08,6.022901767836698e-08,3.2089310047652026e-05,2.265944078276941e-06,0.9999655376531648
2019-08-09,4,Risk-Off,4.3006674243986376e-08,3.4223348868043275e-08,2.4768283919130066e-05,2.021063462089274e-06,0.9999731334217612
2019-08-13,4,Risk-Off,8.310963594635335e-08,7.394713957462734e-08,6.813340294769694e-05,1.3142215055027448e-05,0.9999185673257516
2019-08-14,4,Risk-Off,2.7845883001235284e-08,2.6943568506975938e-08,1.537623507461413e-05,3.0946482579554595e-06,0.999981474326595
2019-08-16,4,Risk-Off,3.2432312188437655e-08,2.8069450893275903e-08,3.030243282902662e-05,5.968762682296092e-06,0.99996366830209
2019-08-19,4,Risk-Off,1.1970447776186528e-08,1.0694699954597017e-08,9.785080984352749e-06,3.523558605471792e-06,0.9999866686955152
2019-08-20,4,Risk-Off,1.5284353898446636e-08,1.2025522630676118e-08,1.4482248093375966e-05,2.81683386095184e-06,0.9999826736084656
2019-08-21,4,Risk-Off,2.0245505217490204e-08,1.6492299631677122e-08,1.7272507598676616e-05,2.887325173822927e-06,0.999979803429823
2019-08-22,4,Risk-Off,2.3336466847031453e-08,2.0296668716853588e-08,2.0457368045672505e-05,3.414245293272981e-05,0.9999453565465768
2019-08-23,4,Risk-Off,2.9341587903064074e-08,2.1878111442845793e-08,1.991227575191967e-05,1.1372972875388811e-05,0.9999686635309056
2019-08-26,4,Risk-Off,1.2582522625274516e-07,6.874614812902611e-08,5.6376191593408135e-05,2.4967936218964023e-06,0.9999409324429148
2019-08-27,4,Risk-Off,3.6833400182745227e-07,2.748986701088037e-07,0.0001481717979096,2.890738494234238e-06,0.9998482942316624
2019-08-28,4,Risk-Off,2.8798423259610284e-07,3.231431082177619e-07,8.523245007823938e-05,1.26654266838315e-05,0.9999014909964844
2019-08-29,4,Risk-Off,1.689284115813397e-07,1.4019733277861633e-07,4.648426686856977e-05,2.60226546797718e-06,0.9999506043417664
2019-08-30,4,Risk-Off,3.008658868557713e-07,2.790188085104104e-07,0.0001538535401787,4.595717882649589e-06,0.9998409708577548
2019-09-03,4,Risk-Off,1.9095853754250125e-07,1.57836651723749e-07,4.182330550905345e-05,2.6285254985245764e-05,0.9999315426434792
2019-09-04,4,Risk-Off,4.393937733679433e-07,2.5659600854513106e-07,0.000132593881321,2.11289778313668e-05,0.9998455811513636
2019-09-05,4,Risk-Off,6.221885430515633e-06,8.158099618427271e-07,0.0001521537775578,1.8199818172490173e-05,0.9998226087096378
2019-09-06,4,Risk-Off,9.05303553931607e-05,1.644709350686721e-05,0.0011280673627465,4.629996590526789e-05,0.998718655221917
2019-09-09,4,Risk-Off,0.0004439939263695,0.0001863806965983,0.0055901800117666,4.745698214835077e-05,0.9937319883833452
2019-09-11,4,Risk-Off,0.0002589296206591,0.0004178255216731,0.001205926284399,1.5997070358865865e-05,0.9981013215027994
2019-09-12,4,Risk-Off,7.014030213554295e-05,0.0001582175025953,0.0005441242984759,3.2663129370119578e-06,0.9992242515839564
2019-09-13,4,Risk-Off,9.542946495673426e-05,9.644423496880894e-05,0.0003015807769887,6.409546944606589e-06,0.9995001359766342
2019-09-16,4,Risk-Off,6.015375293078312e-05,0.0001223352190204,0.0096259695549853,3.589041050574132e-05,0.9901556510629947
2019-09-17,4,Risk-Off,1.1688082085724296e-05,2.40860950901698e-05,9.35966838386738e-05,5.760646346632664e-05,0.9998130226760122
2019-09-18,4,Risk-Off,1.311243850416685e-07,2.1685945737231345e-06,5.776000873997854e-05,0.0021766650931863,0.997763275178254
2019-09-19,4,Risk-Off,1.9699211598294332e-09,2.646991565356286e-09,1.2398030296914631e-06,0.0830055783596037,0.916993177220682
2019-09-20,3,Post-Shock,4.125546777529222e-12,2.907350969462119e-12,3.6681767643081122e-09,0.9622716404201102,0.0377283559053128
2019-09-23,3,Post-Shock,3.2960945955113896e-14,1.7148281584505808e-14,2.3909472653428688e-12,0.999994473545294,5.52645246081822e-06
2019-09-24,3,Post-Shock,9.801183102732131e-15,4.370856876855687e-14,3.1084521732497956e-11,0.9999999988594936,1.109552204837663e-09
2019-09-25,3,Post-Shock,1.9880872496846652e-14,1.492969435738163e-13,1.6709050772732058e-10,0.9999999650553952,3.47776533659565e-08
2019-09-26,3,Post-Shock,1.1383059351662265e-13,1.1576518404704525e-12,1.2992670518528e-09,0.999999782276087,2.164226161583476e-07
2019-09-27,3,Post-Shock,1.6639900072548953e-13,7.283391993200766e-13,7.527156257045514e-10,0.9999993481544456,6.510916736884358e-07
2019-09-30,3,Post-Shock,1.1061228477211447e-13,6.50733180935301e-13,6.920882717407831e-10,0.9999994657593168,5.335483901509672e-07
2019-10-01,3,Post-Shock,1.428909367309455e-13,8.455368818504397e-13,8.818707538957163e-10,0.9999994357023524,5.634139026795267e-07
2019-10-03,3,Post-Shock,5.74019380628223e-13,2.9547168923912664e-12,3.067552151812673e-09,0.9999994501087406,5.468204763439129e-07
2019-10-04,3,Post-Shock,7.198059972127236e-13,3.218834389877595e-12,3.082439914024959e-09,0.9999985421556342,1.4547588719572408e-06
2019-10-07,3,Post-Shock,8.855557376779766e-14,2.7463193332716494e-13,2.2689711868931777e-10,0.999999140253209,8.595198812396237e-07
2019-10-09,3,Post-Shock,1.626828778096054e-14,6.231515199366525e-14,3.0259272935320164e-11,0.9999997365849032,2.633850951271788e-07
2019-10-10,3,Post-Shock,3.7993805902625864e-13,3.4221549152186506e-12,3.459699217640609e-09,0.9999999641931944,3.2343195136580794e-08
2019-10-11,3,Post-Shock,5.742220101546748e-13,2.176342560425988e-12,2.2108301972992123e-09,0.9999986085541098,1.389232475951642e-06
2019-10-14,3,Post-Shock,7.545295232211451e-14,3.9523997378845074e-13,4.163410681826911e-10,0.9999985655950978,1.433988210013704e-06
2019-10-15,3,Post-Shock,1.3902260569636312e-13,1.0244854907074084e-12,1.1379955353153263e-09,0.9999996196293792,3.792318998403583e-07
2019-10-16,3,Post-Shock,3.89938635694075e-13,4.3080860007414753e-13,2.7517756451956723e-10,0.99999938854508,6.111785780998474e-07
2019-10-17,3,Post-Shock,5.442125523002336e-11,2.3803318147524687e-11,7.0146808565095486e-09,0.9999998965049652,9.640237588404126e-08
2019-10-18,3,Post-Shock,6.4447994386513894e-09,3.6010167283338942e-09,7.93243035847624e-07,0.999999188765616,7.946255916859191e-09
2019-10-22,3,Post-Shock,7.213271718334844e-07,4.6735856755264973e-07,0.0001197644696225,0.9998790246775944,2.21662203846449e-08
2019-10-23,3,Post-Shock,0.0001121386630551,3.018461858546129e-05,0.0083379835771279,0.9915185274767112,1.165664245714253e-06
2019-10-24,2,Transitional,0.0076252106771392,0.0052165880538303,0.900677530740457,0.0697563277009124,0.0167243428282046
2019-10-25,0,Risk-On,0.8131282808237417,0.0890588252625066,0.0736080577421128,0.0037937986298087,0.0204110375415068
2019-10-29,1,Late-Cycle,0.1232680213601037,0.7042341631566281,0.1605904732644063,0.0002465499408477,0.0116607922784191
2019-10-30,2,Transitional,0.2148709652101336,0.244982205314778,0.5398369009443784,6.007600306227664e-06,0.0003039209301802
2019-10-31,0,Risk-On,0.5302691464676442,0.2684428902760459,0.2010331639041193,1.794205791559228e-07,0.0002546199311625
2019-11-01,1,Late-Cycle,0.2362965999167967,0.5231498988318595,0.2404720662854328,4.60084324278745e-08,8.138895667083406e-05
2019-11-04,2,Transitional,0.2756068877492205,0.3063816293968755,0.417941172717314,3.4590998660334387e-08,7.02755457946475e-05
2019-11-05,0,Risk-On,0.4351381767653664,0.3205571069017879,0.244304682860086,7.373305283374376e-09,2.610015197039277e-08
2019-11-06,1,Late-Cycle,0.2818859421185969,0.4707842835343033,0.2473297740283347,1.8536740936392987e-10,1.3254426646851446e-10
2019-11-07,2,Transitional,0.286549897678491,0.3555800781911719,0.3578700221823499,5.8041495149979305e-12,1.9417555005413913e-09
2019-11-08,0,Risk-On,0.3826775432509003,0.3334652055677002,0.2838572110487217,4.534773427786956e-13,4.0131590136471096e-08
2019-11-11,1,Late-Cycle,0.3159735352106429,0.4190049438472248,0.2650210967784337,5.8988848862325695e-12,4.241584330291928e-07
2019-11-13,2,Transitional,0.2940784263752171,0.3719976868624645,0.3339136670563269,2.661787346896489e-10,1.02194395974987e-05
2019-11-14,0,Risk-On,0.3605316011880177,0.3371489272345053,0.3023017226027787,3.2932311376261036e-09,1.774568157469143e-05
2019-11-15,1,Late-Cycle,0.3296986714119728,0.4057173769556412,0.26458371821792,2.3914113614622634e-09,2.3102336402374963e-07
2019-11-18,2,Transitional,0.2954085738642927,0.3773663485520482,0.327208924506957,8.240580370366854e-11,1.615299437287463e-05
2019-11-19,0,Risk-On,0.3540999013000124,0.341447665309756,0.3044466732718459,1.9138785074794427e-09,5.758204093835683e-06
2019-11-20,1,Late-Cycle,0.3330079265555106,0.397104500783649,0.2698873318138924,7.809195560450357e-10,2.4006688039532745e-07
2019-11-21,2,Transitional,0.3020461406787449,0.3865656697605428,0.3113878603610269,4.9352966776480996e-11,3.2915048510694015e-07
2019-11-22,0,Risk-On,0.3411850988485617,0.3562863415902108,0.3025280251655012,4.575197030528039e-11,5.343495343330734e-07
2019-11-25,1,Late-Cycle,0.3303379920074598,0.3924495850114595,0.2772123967665719,6.491429963368454e-11,2.614915842952825e-08
2019-11-26,2,Transitional,0.3119612713834195,0.3804137448115314,0.3076247729248755,3.728877675208797e-12,2.108769753334821e-07
2019-11-27,0,Risk-On,0.3362019368467977,0.3692842549707628,0.2945135643283759,2.4399164715986196e-11,2.43828790120732e-07
2019-11-28,1,Late-Cycle,0.3225773141015644,0.3814923694987306,0.2959256758037993,4.210689008691228e-11,4.6405542081562174e-06
2019-11-29,2,Transitional,0.3246081287789698,0.3700703769774169,0.3053193257104877,8.072300286177274e-10,2.1677257478605494e-06
2019-12-02,0,Risk-On,0.3349043063050402,0.3759766613008628,0.2891185867171745,4.851899308901202e-10,4.451916398629309e-07
2019-12-03,1,Late-Cycle,0.3171565244763941,0.3920748318434607,0.2907682165931358,1.4033848974617914e-10,4.2694627656225373e-07
2019-12-04,2,Transitional,0.3185891719326133,0.3711891383851823,0.3101988875836714,1.1061279823826018e-10,2.2801987936572143e-05
2019-12-05,0,Risk-On,0.3330932407717847,0.3676766460899651,0.2992104410530447,5.555648479187268e-09,1.9666529656616663e-05
2019-12-06,1,Late-Cycle,0.3275358280394328,0.375542838115535,0.2968974238434469,8.104030267367477e-09,2.390189737419607e-05
2019-12-09,2,Transitional,0.3211276703517365,0.385206144920994,0.2933437353949012,1.1714471627787652e-08,0.0003224376179954
2019-12-10,0,Risk-On,0.3062768853269212,0.3696889999486007,0.314639742580799,3.325660396173182e-08,0.0093943388869257
2019-12-11,1,Late-Cycle,0.3362992347968024,0.3423666644177643,0.3128428069022932,2.8650481932307016e-06,0.008488428835011
2019-12-12,2,Transitional,0.3376698833790728,0.3849147876146058,0.277376081706698,2.0288990641442617e-06,3.721840047637022e-05
2019-12-13,0,Risk-On,0.3036335648592532,0.3881602378729972,0.3081947446582725,5.008144632251633e-08,1.1402527413156351e-05
2019-12-16,1,Late-Cycle,0.3369962331527005,0.3478694075754301,0.3150735557401736,3.05126875391693e-09,6.080047960165229e-05
2019-12-17,2,Transitional,0.3392224574685241,0.3885218110934414,0.2722542347712394,8.360683055916363e-09,1.4883057439447702e-06
2019-12-18,0,Risk-On,0.3014580751054926,0.385142635496018,0.3133934806382902,3.2505204904441874e-10,5.808434460526539e-06
2019-12-19,1,Late-Cycle,0.343322877699019,0.3502940315392152,0.3063763152015447,7.278593330894147e-10,6.774832942074941e-06
2019-12-20,2,Transitional,0.3313585541991635,0.3959745524732976,0.2726661888357618,9.72949350106915e-10,7.035194877121375e-07
2019-12-23,0,Risk-On,0.3030051820972813,0.3786827759496073,0.3178525360496914,1.5449452706479234e-10,0.0004595057486636
2019-12-24,1,Late-Cycle,0.3385926956827533,0.3540054337858904,0.3047317578178395,6.028515680025244e-08,0.0026700524286782
2019-12-26,2,Transitional,0.3247673534232682,0.3795817893587432,0.2911796888590727,4.176784371808012e-07,0.0044707506810325
2019-12-27,0,Risk-On,0.3150717595246469,0.3687373135539341,0.3125355043187546,5.384420522835834e-07,0.0036548841602892
2019-12-30,1,Late-Cycle,0.3359867587240216,0.3586455514532451,0.299983487844466,4.435524189975387e-07,0.0053837584263713
2019-12-31,2,Transitional,0.3194796684386156,0.3849725638275167,0.2900108673494224,1.487673284744912e-06,0.0055354127113686
2020-01-01,0,Risk-On,0.3124077980178767,0.3615167476376304,0.3229505624729583,2.755436824011598e-06,0.0031221364350559
2020-01-02,1,Late-Cycle,0.3514305100977784,0.3568836874113805,0.2915021655056936,5.214029600529033e-07,0.0001831155824409
2020-01-03,2,Transitional,0.3139353196295535,0.4035468786195759,0.2824862836485644,5.407073758087168e-08,3.1464031424507726e-05
2020-01-06,0,Risk-On,0.3053260746048218,0.3569817496811879,0.3260613207643925,5.521762355534812e-09,0.0116308494276723
2020-01-07,1,Late-Cycle,0.3389146081957065,0.362387459429822,0.288335004168676,1.1212885695670116e-06,0.0103618069170117
2020-01-08,2,Transitional,0.3107462891060361,0.3649194043925012,0.3168197839580105,1.4986161094050031e-06,0.0075130239272347
2020-01-09,0,Risk-On,0.3480955252639781,0.3556950374803326,0.2961939916207937,8.083593615040772e-07,1.463727644079722e-05
2020-01-10,1,Late-Cycle,0.3207027607257405,0.4039413816774059,0.2753523640259693,1.8432992127423396e-08,3.47513849027974e-06
2020-01-13,2,Transitional,0.2980518824802712,0.3650104613917921,0.3275701136165661,7.801515059384457e-10,0.0093675417305751
2020-01-14,0,Risk-On,0.3075924731658886,0.3462373175478895,0.2833172304940589,1.1265440632456141e-07,0.0628528661374425
2020-01-15,1,Late-Cycle,0.2248724825966215,0.3442599806023925,0.2678836318632453,5.716494196363795e-07,0.1629833332892222
2020-01-16,2,Transitional,0.0988409294858353,0.2552531468208789,0.2344428704128048,8.263434222437754e-07,0.4114622269371164
2020-01-17,4,Risk-Off,0.0231989044419068,0.1012778958409975,0.1655055536701332,1.3892839292529814e-06,0.7100162567628375
2020-01-20,4,Risk-Off,0.0032979727465299,0.018721587507883,0.0353130869640248,1.27380912678309e-06,0.9426660789722958
2020-01-21,4,Risk-Off,0.0004569223286538,0.0023356814978942,0.0048896122333039,1.470724583516087e-06,0.992316313216054
2020-01-22,4,Risk-Off,0.0001243099579371,0.0003385014639735,0.0008272269088165,1.479501574844571e-06,0.9987084821669496
2020-01-23,4,Risk-Off,6.047602149599142e-05,0.0001243521961877,0.0005933902962674,1.9306163615940125e-06,0.9992198508693704
2020-01-24,4,Risk-Off,2.997961497760069e-05,6.571946106914911e-05,0.001275263097337,5.218882833620841e-06,0.9986238189436502
2020-01-27,4,Risk-Off,9.916552306505424e-06,2.1192682728180325e-05,0.0002590126889207,1.4807087312914798e-06,0.9997083973666836
2020-01-28,4,Risk-Off,2.968020513803596e-06,5.888006973564821e-06,0.0001622676432152,1.3507432546986783e-06,0.9998275255854422
2020-01-29,4,Risk-Off,3.5519782525377557e-06,3.7248742591955e-06,0.0004294330302523,1.687224523356865e-06,0.9995616028932752
2020-01-30,4,Risk-Off,2.4062098162986307e-06,3.4841053132020503e-06,0.0002336481242618,1.4014465674799495e-06,0.999759060113836
2020-01-31,4,Risk-Off,4.2289083191964966e-07,1.0538677623970392e-06,9.67651985742849e-05,1.425397002483686e-06,0.999900332646036
2020-02-03,4,Risk-Off,1.82093683042904e-07,9.517865908832497e-08,1.9385990816047604e-05,2.0356667891970524e-06,0.9999783010706348
2020-02-04,4,Risk-Off,4.246995889320848e-06,9.132175881714268e-07,0.0004727813144667,2.4868151445796043e-06,0.9995195716570022
2020-02-05,4,Risk-Off,3.245979352877249e-05,1.1485470983509869e-05,0.0005177734506896,2.9943002339704844e-06,0.999435286984948
2020-02-06,4,Risk-Off,2.058605156018765e-05,3.427114257464799e-05,0.0012411138903846,4.335922104825912e-06,0.9986996929935849
2020-02-07,4,Risk-Off,4.66578985786342e-06,1.2207363392148971e-05,0.0001914441276528,1.5615976783153254e-06,0.999790121120588
2020-02-10,4,Risk-Off,5.613080379633915e-07,1.569632179983685e-06,8.342843021395764e-05,1.4412626621389366e-06,0.9999129993661006
2020-02-11,4,Risk-Off,1.2257076819747124e-06,6.2177704591333e-07,0.0001123753997736,1.5497899163228102e-06,0.9998842273263266
2020-02-12,4,Risk-Off,2.8415288518731804e-06,2.557670878778415e-06,0.0006834596663949,4.520968501710521e-06,0.9993066201654256
2020-02-13,4,Risk-Off,1.5508669846648738e-06,2.0700969591571284e-06,0.0001116383896527,1.601911059377092e-06,0.9998831387350544
2020-02-14,4,Risk-Off,3.035499983335552e-07,5.879854717898726e-07,8.030395428283341e-05,1.4462877726346984e-06,0.9999173582226412
2020-02-17,4,Risk-Off,3.36337992756954e-07,2.848440006879721e-07,0.0001030086777661,1.9977294308212024e-06,0.9998943724114366
2020-02-18,4,Risk-Off,1.035443557603679e-06,4.07032530576196e-07,7.672274185728023e-05,1.6568813047205645e-06,0.9999201779000876
2020-02-19,4,Risk-Off,3.735792206612273e-06,2.3857789469923658e-06,0.0007119667764165,3.4533246886666342e-06,0.9992784583272944
2020-02-20,4,Risk-Off,3.0393098407261435e-06,4.495493853175647e-06,0.0002533639260652,2.4946284088222275e-06,0.999736606642356
2020-02-24,4,Risk-Off,2.2177814030327482e-07,5.176128059094011e-07,3.475889599420232e-05,2.4527926872313504e-06,0.9999620489196104
2020-02-25,4,Risk-Off,1.924465335754484e-07,2.165795548542589e-07,0.0001346266999404,1.2185560205615255e-05,0.9998527787144084
2020-02-26,4,Risk-Off,5.0916947101057885e-08,5.5394937861031646e-08,1.9489852954440215e-05,2.9250239548991266e-05,0.9999511535950152
2020-02-27,4,Risk-Off,2.9707104982296207e-08,2.795919327144892e-08,2.676345422502449e-05,0.0009247304770238,0.9990484484029762
2020-02-28,4,Risk-Off,1.22923115582423e-09,9.568834425533164e-10,1.5112520967907086e-06,0.0333964425992729,0.9666020439629056
2020-03-02,4,Risk-Off,1.1484015609244924e-09,7.556690923099998e-10,1.825829485429433e-06,0.0535128407142796,0.9464853315513256
2020-03-03,4,Risk-Off,2.161626932290046e-09,1.416754574889211e-09,3.077916142227838e-06,0.0669539858097646,0.9330429326949518
2020-03-04,4,Risk-Off,7.344675360381487e-09,5.135164685168443e-09,9.091608294622e-06,0.0935598748072212,0.9064310211044724
2020-03-05,4,Risk-Off,1.722660568217184e-09,1.3356193506489304e-09,1.9849734491248257e-06,0.2839180877937856,0.7160799241748952
2020-03-06,3,Post-Shock,9.6289274179396e-18,7.282009764371511e-18,1.440487726418295e-14,0.8789245255635812,0.121075474435546
2020-03-09,3,Post-Shock,1.4340265947050403e-24,8.384098557043437e-25,5.056446552446343e-21,0.9999999775318432,2.246855595884248e-08
2020-03-11,3,Post-Shock,2.44733050046332e-42,3.3521170399030344e-39,1.3515189683354996e-35,0.9999999999363354,6.392648508915793e-11
2020-03-12,3,Post-Shock,3.876884525221587e-58,3.062112900510918e-56,4.351673998784489e-51,1.0,8.897850377232982e-25
2020-03-13,3,Post-Shock,1.0047456783899084e-58,1.5106929953609193e-60,7.887146170929682e-52,1.0,8.755226283946831e-26
2020-03-16,3,Post-Shock,3.443256522516579e-74,1.9856441664024787e-76,1.3544666108775088e-66,1.0,8.481418672435865e-40
2020-03-17,3,Post-Shock,2.294375220412781e-77,1.272248753654073e-79,1.1669212248426223e-69,1.0,1.3580449267946402e-43
2020-03-18,3,Post-Shock,1.9435617359291348e-86,6.732911116490577e-89,2.4485611192144557e-78,1.0,1.2122677941177442e-52
2020-03-19,3,Post-Shock,7.905347440135863e-89,2.5684570391642067e-91,1.2541263797908616e-80,1.0,2.6819260529970926e-55
2020-03-20,3,Post-Shock,2.910823602420926e-90,4.885748430597849e-93,5.248607489395904e-82,1.0,5.8564153409318884e-55
2020-03-23,3,Post-Shock,2.267011853663554e-132,2.828780432138284e-136,2.1176601489420006e-122,1.0,1.63328328711998e-97
2020-03-24,3,Post-Shock,7.291959759827624e-132,7.707858766885345e-136,6.27925113527186e-122,1.0,2.180785257907397e-96
2020-03-25,3,Post-Shock,9.05642294151836e-134,4.030560611265994e-138,8.750504000828323e-124,1.0,5.1367889835265874e-96
2020-03-26,3,Post-Shock,1.4847669275887788e-133,4.6395082427802757e-138,1.4155448075546311e-123,1.0,1.1897557205550128e-94
2020-03-27,3,Post-Shock,1.2583989886668207e-132,4.0237735847653454e-137,1.0679132993598616e-122,1.0,9.067185569791622e-94
2020-03-30,3,Post-Shock,1.5851421906260705e-139,3.8971464955051184e-144,2.51612773450302e-129,1.0,2.9084868587464307e-101
2020-03-31,3,Post-Shock,1.0340815687393631e-133,2.1625145938593035e-138,9.848401490465866e-124,1.0,6.796052742269445e-94
2020-04-01,3,Post-Shock,1.261958090981085e-139,2.1330899697578284e-144,2.0302282799487248e-129,1.0,3.2140600205286217e-100
2020-04-03,3,Post-Shock,2.3027202924645305e-142,3.82073474923052e-147,5.045570496784975e-132,1.0,3.640932721688572e-103
2020-04-07,3,Post-Shock,3.2786679792345046e-151,1.2636225102437671e-156,1.4830245931629021e-140,1.0,5.584227069108807e-110
2020-04-08,3,Post-Shock,5.3884224918056185e-152,2.1439309221718344e-157,2.5368466481939576e-141,1.0,4.2993988353287984e-111
2020-04-09,3,Post-Shock,1.955861631050033e-149,6.119925257493926e-155,6.972236517886162e-139,1.0,4.668459040421136e-108
2020-04-13,3,Post-Shock,1.9815768075147898e-142,9.151463003538112e-148,3.638081699031983e-132,1.0,1.7914986929040154e-101
2020-04-15,3,Post-Shock,1.2846180740021204e-143,6.2711879093206e-149,2.45430679600153e-133,1.0,2.9861955551387633e-103
2020-04-16,3,Post-Shock,1.103073720660371e-124,1.8491033807116536e-129,3.376789634113877e-115,1.0,1.4544599690645073e-86
2020-04-17,3,Post-Shock,1.977315548674823e-123,3.3956246399278115e-128,5.895272615237416e-114,1.0,1.139152364290353e-84
2020-04-20,3,Post-Shock,2.8007499858525264e-109,1.3840539622242193e-113,2.003863243612685e-100,1.0,8.200039950032423e-74
2020-04-21,3,Post-Shock,2.2135649199468225e-110,1.087771280713614e-114,1.6761590058534634e-101,1.0,4.780396893888133e-75
2020-04-22,3,Post-Shock,2.1258941772854312e-104,1.6021821086945829e-108,8.172287806013865e-96,1.0,4.4037904960163094e-73
2020-04-23,3,Post-Shock,1.1350223979396806e-104,9.459934868191905e-109,3.868798476329733e-96,1.0,2.1325751662997756e-76
2020-04-24,3,Post-Shock,7.413055208272711e-98,1.055492317799033e-101,1.655015545631076e-89,1.0,2.6517838860826386e-65
2020-04-27,3,Post-Shock,6.137383566427398e-72,1.278503679952741e-74,8.703166805400362e-65,1.0,6.00175873200215e-53
2020-04-28,3,Post-Shock,1.2192007871278362e-69,2.762987296088996e-72,1.508544964800253e-62,1.0,3.787472766605608e-49
2020-04-29,3,Post-Shock,4.303456572453874e-60,2.094021520369436e-62,2.40147283192588e-53,1.0,1.2796117174665985e-36
2020-04-30,3,Post-Shock,1.2141233387658245e-58,6.2051911900604024e-61,6.2849530693616834e-52,1.0,1.787404885904989e-34
2020-05-04,3,Post-Shock,1.261582246393173e-63,4.1705467861278515e-66,1.128511090263852e-56,1.0,2.2049272001989465e-35
2020-05-05,3,Post-Shock,1.101664149847653e-60,8.195608445883968e-63,7.109207361577805e-54,1.0,1.177741588564274e-34
2020-05-06,3,Post-Shock,1.7700394552509552e-57,1.0631265211243741e-59,9.373552505255838e-51,1.0,1.3540947998371984e-29
2020-05-07,3,Post-Shock,1.1882548919800134e-55,8.221876626125306e-58,4.712843800776089e-49,1.0,2.2874943511628157e-30
2020-05-08,3,Post-Shock,1.8308392227975402e-45,9.83487651320582e-43,4.659453918722684e-38,1.0,2.8212788704331377e-33
2020-05-11,3,Post-Shock,5.83652212766218e-31,1.0377846105401646e-27,4.8190863270089495e-24,1.0,6.67550461783946e-14
2020-05-12,3,Post-Shock,3.8304676572208897e-28,6.91680385381626e-25,3.141723560847629e-21,1.0,3.6007215579945344e-14
2020-05-13,3,Post-Shock,1.705098399774467e-26,3.6868241863654733e-23,1.2215731401343572e-19,0.9999999999690772,3.1649446019279524e-11
2020-05-14,3,Post-Shock,3.1289964880387966e-27,6.348250682528556e-24,2.4965526756462172e-20,0.9999999999872672,1.2255313942755223e-11
2020-05-15,3,Post-Shock,5.862473489906926e-28,1.170928170842764e-24,4.573371895993157e-21,0.9999999999763532,2.288237116563138e-11
2020-05-18,3,Post-Shock,9.511963112365356e-30,1.6546690195886204e-26,1.0299410100156648e-22,0.999999999998181,1.5132169606207405e-12
2020-05-19,3,Post-Shock,2.2278015761947468e-30,4.4272408576357115e-27,2.3632933495901702e-23,0.9999999999799912,2.0349425227403635e-11
2020-05-20,3,Post-Shock,8.489890922356081e-29,1.6430539494280301e-25,8.55445977774143e-22,0.999999999998181,1.2622017988311528e-12
2020-05-21,3,Post-Shock,3.6115776590904503e-25,7.434262656148295e-22,2.816348656787241e-18,0.9999999999090504,9.093360998374609e-11
2020-05-22,3,Post-Shock,1.1980375441718408e-25,2.699868022605172e-22,9.765427043446954e-19,0.999999999463398,5.357078696375422e-10
2020-05-26,3,Post-Shock,5.077177350703893e-27,1.2135373395341673e-23,4.262614229346314e-20,0.9999999997125996,2.877470812377031e-10
2020-05-27,3,Post-Shock,6.138391785698897e-27,1.278133753244739e-23,4.7513240585530984e-20,0.9999999999654392,3.47623424713402e-11
2020-05-28,3,Post-Shock,6.712504495839019e-27,1.3639404082876622e-23,5.2325875332254396e-20,0.9999999999836292,1.5477113337540615e-11
2020-05-29,3,Post-Shock,2.1077463621438312e-27,4.2548989914575176e-24,1.647462785017231e-20,0.999999999974534,2.5386457819565e-11
2020-06-01,3,Post-Shock,3.5636626268407e-26,6.835623872297272e-23,2.8573196401699865e-19,0.999999999994543,5.996403082295504e-12
2020-06-02,3,Post-Shock,1.5635142058497321e-24,3.33317210236038e-21,1.1690296738707907e-17,0.9999999997562554,2.44107920070092e-10
2020-06-03,3,Post-Shock,2.8331471606525243e-20,9.223314988542436e-17,1.140457741360693e-13,0.9999999991232472,8.77073901138159e-10
2020-06-04,3,Post-Shock,8.684666143722661e-19,2.3417966397555948e-17,2.78303502326964e-14,0.9999999995889084,4.104258215096778e-10
2020-06-05,3,Post-Shock,1.124385263459225e-19,2.5562439898246785e-18,2.9396708344640705e-15,0.9999999999090504,9.047107820459368e-11
2020-06-08,3,Post-Shock,8.924615059325884e-19,4.623550332253059e-17,5.6479513072745536e-14,0.999999999978172,2.109988563130144e-11
2020-06-09,3,Post-Shock,2.630211835721252e-19,1.4649014116254018e-17,1.7990033303629572e-14,0.9999999995579856,4.413645291869572e-10
2020-06-10,3,Post-Shock,1.4256728933251069e-18,4.782576083213558e-17,5.868267308745361e-14,0.9999999999145076,8.603576440077289e-11
2020-06-11,3,Post-Shock,8.353562185852944e-18,4.528705648784347e-16,6.304216156114836e-13,0.9999999995379768,4.6194999910491183e-10
2020-06-12,3,Post-Shock,1.516334815014494e-17,1.7352313570296793e-15,2.25177900948634e-12,0.9999999898282113,1.0168644207277656e-08
2020-06-15,3,Post-Shock,1.7338271606021057e-17,4.8053269679771495e-16,5.499527427910089e-13,0.99999999193642,8.063220195934457e-09
2020-06-16,3,Post-Shock,1.647118111482016e-19,1.5423035603708678e-18,1.682617050439576e-15,0.9999999993688108,6.316509867956761e-10
2020-06-17,3,Post-Shock,2.7271758533401957e-21,7.508170377840682e-20,6.512902761942368e-17,0.999999999994543,5.398646233793101e-12
2020-06-18,3,Post-Shock,2.2070624513136843e-20,4.7698344928234783e-20,2.5947970977911905e-17,1.0,1.0004927933460049e-13
2020-06-19,3,Post-Shock,8.328844731908929e-18,7.831332508764128e-17,2.3115695434156528e-14,1.0,1.9710573710522426e-13
2020-06-22,3,Post-Shock,2.1175673854769733e-14,1.936414608103532e-14,4.508689764977584e-12,0.999999999994543,1.706411306622743e-13
2020-06-23,3,Post-Shock,4.130975497406355e-12,5.516764427072476e-12,1.458920487837523e-09,0.9999999985320756,1.6668910762504613e-17
2020-06-24,3,Post-Shock,1.4413706856400215e-09,2.7989833351892927e-08,9.867356116901452e-06,0.99999010321321,2.5970220334790852e-14
2020-06-25,3,Post-Shock,9.266736099071836e-06,6.93852672239142e-05,0.0171512300231945,0.9827701144393696,3.533642364943793e-09
2020-06-26,3,Post-Shock,0.0157391374293658,0.0020213195908149,0.1498961307513566,0.832343352159158,6.006845740566461e-08
2020-06-29,2,Transitional,0.1395794376144916,0.0258701892096888,0.3690997345440632,0.4654489420614983,1.6965693911579308e-06
2020-06-30,0,Risk-On,0.3483394595682959,0.1532616310226841,0.4190968142308964,0.0792479974287217,5.409774888737831e-05
2020-07-01,1,Late-Cycle,0.4166525019704527,0.3492319954422656,0.2209453039021879,0.0130868152267778,8.338345779722596e-05
2020-07-02,2,Transitional,0.2572107963530011,0.4190245025632091,0.3212936655394712,0.0024391023001534,3.193324483265987e-05
2020-07-03,0,Risk-On,0.3432568875890698,0.3099373916886794,0.3463689310647187,0.0004345609175628,2.228739209692267e-06
2020-07-06,1,Late-Cycle,0.3666299435227809,0.3596302702777219,0.273644187889774,9.345753875345662e-05,2.1407718569369454e-06
2020-07-07,2,Transitional,0.3033087448076313,0.3899510886699748,0.3067194325791757,2.0390638299441703e-05,3.433040878558566e-07
2020-07-08,0,Risk-On,0.3320246870048891,0.3389527166064738,0.3290172379614607,4.272270846494239e-06,1.0861555828947591e-06
2020-07-09,1,Late-Cycle,0.3524903063718674,0.356157604413675,0.2913507400347505,9.757178317780116e-07,3.734613986035468e-07
2020-07-10,2,Transitional,0.3187011136171337,0.3779398971463515,0.3033587761963194,1.871793114789123e-07,2.5860053346538925e-08
2020-07-13,0,Risk-On,0.3341589767927554,0.3488441155372204,0.3169968103689672,2.8446234780660098e-08,6.885432320182423e-08
2020-07-14,1,Late-Cycle,0.3425285920604486,0.3705016662109208,0.2869697071542245,4.677956686935694e-09,2.9895740243355214e-08
2020-07-15,2,Transitional,0.3133976891171072,0.3714476772255959,0.3151538949815101,5.534770383401164e-10,7.381217799535382e-07
2020-07-16,0,Risk-On,0.3442205751116423,0.3428916682147135,0.3128877277980941,1.315083141175523e-09,2.756046334594264e-08
2020-07-17,1,Late-Cycle,0.3398089320656374,0.377054897729698,0.283136149105299,1.668891873716426e-10,2.093312593055036e-08
2020-07-20,2,Transitional,0.3121409805432975,0.3738757347203424,0.3139832129828336,2.6881618540056934e-11,7.172662370252628e-08
2020-07-21,0,Risk-On,0.3438727601131783,0.3467783609476094,0.309348721691063,7.625427879992233e-11,1.571727960978178e-07
2020-07-22,1,Late-Cycle,0.3325939900792422,0.3795741212401624,0.2878316184822023,6.271167294653817e-11,2.701352264688066e-07
2020-07-23,2,Transitional,0.3199297897741816,0.3624224632811805,0.3176477061286571,1.9549126901495368e-10,4.0620084212541566e-08
2020-07-24,0,Risk-On,0.3471588937523886,0.3602305880823768,0.2926105092524123,4.3664021032301205e-11,8.869183613865955e-09
2020-07-27,1,Late-Cycle,0.3198479814793712,0.3849620200577847,0.2951899432320187,5.268189096689165e-12,5.52248326560488e-08
2020-07-28,2,Transitional,0.327406651092586,0.3556810494336289,0.3169122850220396,7.457326857548579e-11,1.4376553005964627e-08
2020-07-29,0,Risk-On,0.3423075583347442,0.3653340267883068,0.2923584053054763,1.9777738181874083e-11,9.552397241713009e-09
2020-07-30,1,Late-Cycle,0.3231821279985792,0.3715965525019459,0.3052204640022221,4.041141577027775e-12,8.554929077856237e-07
2020-07-31,2,Transitional,0.3328298097194622,0.3661777272883789,0.3009894097075495,2.029438119688304e-10,3.0530807921590256e-06
2020-08-03,0,Risk-On,0.325388907648528,0.3719220238841169,0.3026781466065736,1.1874005058738052e-09,1.0920672612344777e-05
2020-08-04,1,Late-Cycle,0.3281594742740474,0.3619094057981264,0.3099111796031842,4.984332805022713e-09,1.9935339640237773e-05
2020-08-05,2,Transitional,0.3336594799878442,0.3645479900277234,0.3017760115686214,9.430482668430768e-09,1.6508985084461365e-05
2020-08-06,0,Risk-On,0.3267710508722282,0.3685481730537577,0.3046740903812807,7.302862002884556e-09,6.678389015179569e-06
2020-08-07,1,Late-Cycle,0.33118251407588,0.3598021442598578,0.3089614128282931,2.9292118968419996e-09,5.392590759640666e-05
2020-08-10,2,Transitional,0.3321139026401962,0.3696651720146102,0.2982179156040091,1.858326666339432e-08,2.991157191618668e-06
2020-08-11,0,Risk-On,0.3265823586157995,0.3626504935643718,0.3107616470485531,1.828012042565641e-09,5.498943684620712e-06
2020-08-12,1,Late-Cycle,0.3372694304470464,0.3663431295426388,0.2963870675525015,1.5979488008687434e-09,3.708604827383322e-07
2020-08-13,2,Transitional,0.325114122714828,0.3725155948278005,0.3023698321697193,1.4886342756651068e-10,4.501389818085784e-07
2020-08-14,0,Risk-On,0.3318341057740658,0.3645706211221082,0.3035900775155042,9.285303193542249e-11,5.1954954178179605e-06
2020-08-17,1,Late-Cycle,0.3278131574415159,0.3768671489265125,0.2953134032047162,8.922746519959461e-10,6.289534244096118e-06
2020-08-18,2,Transitional,0.322916156560998,0.3657319429756056,0.3113339132865251,1.0781036011056124e-09,1.798609888527241e-05
2020-08-19,0,Risk-On,0.3381187724084638,0.365702763410737,0.2961509467750889,3.128408193540807e-09,2.751427775967856e-05
2020-08-20,1,Late-Cycle,0.3196708691242897,0.3841189361485472,0.2961755133136547,6.361350636590029e-09,3.4675051978676594e-05
2020-08-21,2,Transitional,0.3212169022212877,0.3591506199319625,0.3194228815979002,7.1191353735341885e-09,0.0002095891306088
2020-08-24,0,Risk-On,0.344002684058423,0.3625558336268232,0.2933968649973816,3.894751332903365e-08,4.457837074953333e-05
2020-08-25,1,Late-Cycle,0.317909557979697,0.3854030264691534,0.2966709475290007,8.261373877503353e-09,1.6459760030059815e-05
2020-08-26,2,Transitional,0.3247912046901057,0.3565344245999995,0.3185714871822678,2.617982651649813e-09,0.0001028809104426
2020-08-27,0,Risk-On,0.3432752356100909,0.3713927100012476,0.2853300041930639,1.2366898335492752e-08,2.037828969377589e-06
2020-08-28,1,Late-Cycle,0.3147007631719319,0.3857621666260886,0.299531256167055,5.224669499729386e-10,5.81351293263831e-06
2020-08-31,2,Transitional,0.3259873643038503,0.359373285698016,0.3146276901090344,1.2287910876869395e-09,1.1658660207206271e-05
2020-09-01,0,Risk-On,0.3395888188949598,0.3658429527220393,0.2945661063665346,1.8633498296754702e-09,2.120153041396853e-06
2020-09-02,1,Late-Cycle,0.3247549593991068,0.3758684937931119,0.2993734339343855,2.454676996077273e-10,3.112628025559146e-06
2020-09-03,2,Transitional,0.3293229708085436,0.3749566266306998,0.2957156728145481,3.729498376706072e-10,4.72937239451514e-06
2020-09-04,0,Risk-On,0.3192079512340705,0.3776374827168763,0.3025755103450616,8.501851823889408e-10,0.000579054853231
2020-09-07,1,Late-Cycle,0.3222710344203752,0.3592296790930925,0.3176197312462733,9.297543675921197e-08,0.0008794622649407
2020-09-08,2,Transitional,0.3454295078812223,0.3546508726934639,0.2993001995511691,1.942381938751095e-07,0.0006192256359974
2020-09-09,0,Risk-On,0.3201999624278744,0.3997133093849335,0.2788908918843681,2.0272574074275567e-07,0.0011956335775039
2020-09-10,1,Late-Cycle,0.2932992376136314,0.3606475048329339,0.3456465699403882,2.7818757586555e-07,0.0004064094254889
2020-09-11,2,Transitional,0.3831746664654815,0.3091700260872485,0.3072418831391983,7.916241907642041e-08,0.0004133451455966
2020-09-14,0,Risk-On,0.3239327827403336,0.4567811791182478,0.2192737168891834,1.3026189306114388e-07,1.2190990014975527e-05
2020-09-15,1,Late-Cycle,0.2340083852190864,0.354321707886201,0.4116077066961296,4.025735671188707e-09,6.219617371753192e-05
2020-09-16,2,Transitional,0.464872009490562,0.2403898896567601,0.2946700581194667,5.546198606380809e-09,6.803718666992511e-05
2020-09-17,0,Risk-On,0.3015558440914243,0.574509547309833,0.1226903651187656,2.702002896583577e-08,0.0012442164608343
2020-09-18,1,Late-Cycle,0.0746901604581121,0.3252141889211135,0.5444436329465465,4.181471558127099e-08,0.0556519758587972
2020-09-21,4,Risk-Off,0.0145574781823448,0.0629708590237361,0.1020086157927788,2.147123926135601e-07,0.820462832289475
2020-09-22,4,Risk-Off,0.001144312695316,0.0112076806014112,0.0304031643630323,1.253316971603685e-05,0.9572323091712244
2020-09-23,4,Risk-Off,1.4731481233286829e-05,0.0001752417883031,0.0005360412158038,2.31442177276147e-06,0.9992716710919868
2020-09-24,4,Risk-Off,1.7160572666343856e-08,1.469970469067316e-07,3.4377101549660185e-06,2.0597347863215426e-05,0.999975800785199
2020-09-25,4,Risk-Off,7.837508400263554e-09,5.489941959580053e-09,9.356519834697193e-06,2.338897747257785e-05,0.9999672411758894
2020-09-28,4,Risk-Off,2.2996630383979532e-08,9.632628070355948e-09,1.3366633323047568e-05,2.620773472248392e-05,0.9999603930031594
2020-09-29,4,Risk-Off,3.809683366439577e-07,1.700755771341437e-07,0.0001875582524438,2.029706354865963e-05,0.9997915936410008
2020-09-30,4,Risk-Off,4.15038409063318e-06,6.912918606064508e-07,0.0001143870891262,2.672063344901829e-05,0.9998540506018004
2020-10-01,4,Risk-Off,7.266672880135222e-05,9.62012411618357e-06,0.0013438091094221,0.0001757909824206,0.9983981130560255
2020-10-05,4,Risk-Off,0.002429179395451,0.0002495676648871,0.041699158157153,0.0012681639337463,0.9543539308496302
2020-10-06,4,Risk-Off,0.0554331897104438,0.0066655214170126,0.4968025368532878,0.0041318186701843,0.4369669333497677
2020-10-07,2,Transitional,0.4701801701418971,0.0904470530211918,0.4055831047683806,0.0035872271013862,0.0302024449666312
2020-10-08,0,Risk-On,0.4108900305992159,0.431109274898724,0.1538754112854559,0.0018502448652709,0.0022750383518924
2020-10-09,1,Late-Cycle,0.1997499515720895,0.4254558392505448,0.3738374651240633,0.0009430569361579,1.368711724060836e-05
2020-10-12,2,Transitional,0.3880366207255195,0.2572380857008489,0.3540643244047203,0.000557112174586,0.0001038569945019
2020-10-13,0,Risk-On,0.3720034180781854,0.3920041394920833,0.2353556197186091,0.0004634243856495,0.0001733983262082
2020-10-14,1,Late-Cycle,0.2619474182860448,0.3997969956806675,0.334177929234377,0.0004434350749617,0.0036342217241924
2020-10-15,2,Transitional,0.3307606069428747,0.2964903168082486,0.3437041076454648,0.0004653783154484,0.0285795902882437
2020-10-16,0,Risk-On,0.3498029048853547,0.3398609190268526,0.2745428134244311,0.0007895412718825,0.0350038213909445
2020-10-19,1,Late-Cycle,0.2939662202895312,0.3643926836136967,0.3213705564694437,0.0014139609151717,0.0188565787116401
2020-10-20,2,Transitional,0.3390632100201559,0.3126136626666001,0.3397867412245292,0.001313516142786,0.0072228699451938
2020-10-21,0,Risk-On,0.359755047582755,0.3536331438820853,0.2856066335821958,0.0007581243061795,0.0002470506467024
2020-10-22,1,Late-Cycle,0.3105007824461183,0.3826363791494591,0.3064798456421285,0.0003670198410838,1.597292136559691e-05
2020-10-23,2,Transitional,0.3286083687752867,0.3362513993220071,0.3349734161079405,0.0001584000815698,8.415713801512125e-06
2020-10-26,0,Risk-On,0.3606841678853351,0.3469894391842879,0.2922958930707165,3.020495958188782e-05,2.948994891502673e-07
2020-10-27,1,Late-Cycle,0.3221189331688631,0.392207626107284,0.2856716218425388,1.7061703420224998e-06,1.127117395068769e-07
2020-10-28,2,Transitional,0.3141693762104087,0.363355698142478,0.3224137338923585,7.539483612633623e-08,6.111635966671274e-05
2020-10-29,0,Risk-On,0.344507598825148,0.3543357944194562,0.3010289313829697,2.2555512271598845e-08,0.0001276528176797
2020-10-30,1,Late-Cycle,0.325545409105775,0.3767132190874437,0.2974789948432643,3.7154833851433066e-08,0.0002623398084101
2020-11-02,2,Transitional,0.3222870737952426,0.364175108265968,0.3128543657884063,4.8190239878966066e-08,0.0006834039593885
2020-11-03,0,Risk-On,0.335564048503481,0.362764350429746,0.3005886825009289,1.700712379315992e-07,0.0010827484939858
2020-11-04,1,Late-Cycle,0.3219771411441796,0.3737861231472213,0.303191226569166,2.201438688274778e-07,0.001045288996302
2020-11-05,2,Transitional,0.3284397002417776,0.3574382244971352,0.313564612918836,4.0651540406078093e-07,0.0005570558261976
2020-11-06,0,Risk-On,0.3365630069559159,0.3683608650041404,0.2950398274701406,1.7220662750047013e-07,3.612836311893328e-05
2020-11-09,1,Late-Cycle,0.3204297696672157,0.370071960931912,0.3094832013155185,2.3519294576342348e-08,1.504456673182128e-05
2020-11-10,2,Transitional,0.3359574230342379,0.3540745740958217,0.3099642665391866,1.1123345292485056e-08,3.7252070035987807e-06
2020-11-11,0,Risk-On,0.3346893095965829,0.3687846904280035,0.2965255881248196,4.193178844339394e-09,4.0765679599870506e-07
2020-11-12,1,Late-Cycle,0.3242677287188488,0.3633517371536267,0.3123777006134117,7.005807683315998e-10,2.832813089989314e-06
2020-11-13,2,Transitional,0.3379667685257625,0.3586723933164633,0.3033606750122268,2.9928495124081206e-09,1.6015222791845584e-07
2020-11-17,0,Risk-On,0.3326379924115634,0.3671880846765345,0.3001738963166502,6.334798938547543e-10,2.5961278760823793e-08
2020-11-18,1,Late-Cycle,0.3290613123142707,0.3681867840225463,0.302751825993358,9.571051054178599e-11,7.757430269460983e-08
2020-11-19,2,Transitional,0.3294185536104204,0.3636601404960283,0.3069207203150082,4.9514163301352384e-11,5.855283075970057e-07
2020-11-20,0,Risk-On,0.3350056111224161,0.3615333399636137,0.3034607663160602,4.00655334767685e-10,2.821967400931449e-07
2020-11-23,1,Late-Cycle,0.3310853468148687,0.3699558695028379,0.2989587009183685,4.255304734334017e-10,8.233903371742884e-08
2020-11-24,2,Transitional,0.3256767795492148,0.3632248624570978,0.3110983149320181,3.6091191572676585e-10,4.2700790878833686e-08
2020-11-25,0,Risk-On,0.3397250975069354,0.3532615005609532,0.3070133398398629,4.3366845292519135e-10,6.16590712590539e-08
2020-11-26,1,Late-Cycle,0.3342896206735905,0.3726894074207272,0.2930209586462802,1.761161669863992e-09,1.149865419159128e-08
2020-11-27,2,Transitional,0.3216714824653951,0.3654575596489773,0.3128709465843253,2.901552225196854e-09,8.399514852994861e-09
2020-12-01,0,Risk-On,0.3415376454013089,0.3516271014628188,0.306835247728519,4.9304777785786115e-09,4.76020540422279e-10
2020-12-02,1,Late-Cycle,0.3326426167036675,0.3696403670652221,0.2977170111713358,4.8240874104470716e-09,2.3542613281520733e-10
2020-12-03,2,Transitional,0.3263930664127888,0.3554429636948621,0.3181639646178569,4.410337788512024e-09,8.64623977997488e-10
2020-12-04,0,Risk-On,0.346194957172141,0.353711365787079,0.3000936733227529,3.458757998112803e-09,2.5929863239750936e-10
2020-12-07,1,Late-Cycle,0.3286287808012643,0.3748587232275489,0.2965124936701606,2.1526124514554032e-09,1.491286795635824e-10
2020-12-08,2,Transitional,0.3256161090437361,0.3581489682389754,0.3162349143454557,4.935209877759464e-10,7.87913811710208e-09
2020-12-09,0,Risk-On,0.3472487521717546,0.3579779024857736,0.2947733438767767,9.225742169263412e-11,1.3739180069369163e-09
2020-12-10,1,Late-Cycle,0.3241493721715676,0.3866944163765478,0.2891561998549243,4.571230403743536e-12,1.1592959716482687e-08
2020-12-11,2,Transitional,0.3211047906829046,0.364470623177983,0.3144240555990896,2.552283698104459e-12,5.305372288840161e-07
2020-12-14,0,Risk-On,0.3421760051292946,0.3655012634049017,0.2923220789881494,8.698091297573339e-11,6.523914609033538e-07
2020-12-15,1,Late-Cycle,0.3204434394968333,0.3826742921284615,0.2968818483224297,1.3519543757021363e-10,4.199163703855153e-07
2020-12-16,2,Transitional,0.3276126996831237,0.3598020402904242,0.3125851716306872,9.850748698390116e-11,8.829795811074178e-08
2020-12-17,0,Risk-On,0.3439538960765954,0.3692645191511752,0.2867814945057864,1.6361336942271167e-11,9.024970838405705e-08
2020-12-18,1,Late-Cycle,0.3155531138602023,0.3924181076048694,0.292028592136057,1.4858607888541482e-11,1.8638316254066392e-07
2020-12-21,2,Transitional,0.3214409358736303,0.3568827890287572,0.3216686006102323,4.5793242869501184e-11,7.674441728526242e-06
2020-12-22,0,Risk-On,0.3452712377861305,0.3623947022875887,0.2923317215693417,2.064925251503821e-09,2.3362924483348136e-06
2020-12-23,1,Late-Cycle,0.3197569848856575,0.3783211279174212,0.301916432033018,8.8603326444752e-10,5.454278298481736e-06
2020-12-24,2,Transitional,0.3282465105144699,0.3575605079142485,0.3141903564239386,1.8233879449023078e-09,2.623324417234897e-06
2020-12-28,0,Risk-On,0.3415272433736336,0.3621377515960928,0.2963348099726005,1.5012361755371294e-09,1.935567031519615e-07
2020-12-29,1,Late-Cycle,0.3246427782531572,0.3762833973053492,0.2990734462653197,1.512658354134648e-10,3.780254927971346e-07
2020-12-30,2,Transitional,0.3274977278475734,0.3617391689111036,0.3107628617489728,1.8504031964218955e-10,2.413073451851317e-07
2020-12-31,0,Risk-On,0.3388155564032169,0.3623373554568213,0.2988461261329365,7.282431960576661e-11,9.619344734686162e-07
2021-01-01,1,Late-Cycle,0.327039112792171,0.3777350477255018,0.2952254511299158,2.9276203344653516e-10,3.880595393798332e-07
2021-01-04,2,Transitional,0.3229044870748395,0.3650484452737172,0.3120467991692599,1.718431752606789e-10,2.68310971875188e-07
2021-01-05,0,Risk-On,0.3413007814804213,0.3564624678815985,0.3022362733065939,8.570211668515098e-11,4.772452249924708e-07
2021-01-06,1,Late-Cycle,0.3306314228367534,0.3816222714598217,0.2877461101552345,9.933358103341192e-11,1.954482856564339e-07
2021-01-07,2,Transitional,0.3168828134183788,0.3726615020150699,0.3104516942554665,4.668898781326288e-11,3.990263567524443e-06
2021-01-08,0,Risk-On,0.3355301516070686,0.3569545928467766,0.3075134539701105,1.0492728919400922e-09,1.800527188845316e-06
2021-01-11,1,Late-Cycle,0.3364159105791419,0.3676140432769742,0.2959695853479695,8.761611800543915e-10,4.5991893502768803e-07
2021-01-12,2,Transitional,0.3231708454962018,0.3753115679519758,0.3015175126167706,2.6970960402606037e-10,7.366614668330769e-08
2021-01-13,0,Risk-On,0.3312143577424482,0.3561923754441845,0.3125930207448897,4.269503261850466e-11,2.460251114919227e-07
2021-01-14,1,Late-Cycle,0.3415443210898365,0.3696097007646635,0.2888458682860063,1.1064945476476276e-10,1.097494879262803e-07
2021-01-15,2,Transitional,0.3147923431843513,0.380400942555913,0.3048005822661762,4.1073399615658805e-11,6.131952335124031e-06
2021-01-18,0,Risk-On,0.330993001997579,0.3484109266982934,0.3205902603899673,1.6996676280803075e-09,5.809214327606622e-06
2021-01-19,1,Late-Cycle,0.349760267217394,0.3676547028621961,0.2825829027678671,3.748947584696683e-09,2.1234038182711653e-06
2021-01-20,2,Transitional,0.3017666157926651,0.3914183974814336,0.3068149667470498,2.9783535094871504e-09,1.7000047519067602e-08
2021-01-21,0,Risk-On,0.3446973285667494,0.315344123083715,0.3399585170470287,9.534777421279387e-11,3.1207171032121125e-08
2021-01-22,1,Late-Cycle,0.3777526536164056,0.4003336885730844,0.2218944315469465,1.3974020642952866e-11,1.922624939607336e-05
2021-01-25,2,Transitional,0.2128135728198592,0.4463406269933395,0.3240915166050565,2.212516351019576e-09,0.0167542813696579
2021-01-27,4,Risk-Off,0.0497519959523759,0.2231407940980743,0.3229889416086857,2.502709775943705e-06,0.4041157656314591
2021-01-28,4,Risk-Off,0.003360789855549,0.0386968715421716,0.1038639609243334,0.0008368481292415,0.8532415295487825
2021-01-29,4,Risk-Off,1.4363539118362469e-05,0.0001639484966307,0.0004747936273256,0.0362296753855009,0.9631172189517104
2021-02-01,3,Post-Shock,7.39732149666873e-08,5.6375364407891e-07,2.6202819189409045e-06,0.9441442067139784,0.0558525352775424
2021-02-02,3,Post-Shock,2.006100619663515e-09,1.0443545036490229e-08,3.780209828528196e-08,0.9998863190350964,0.0001136307130843
2021-02-03,3,Post-Shock,4.7821075642158446e-11,4.3067391828172166e-10,2.06059039759252e-09,0.9999997193463454,2.781150655706687e-07
2021-02-04,3,Post-Shock,5.572948253089555e-13,3.4806367982453506e-12,2.57612158209884e-10,0.9999998742441756,1.2549354636867624e-07
2021-02-05,3,Post-Shock,1.372843920852297e-13,1.2407368502948525e-13,3.279565033266687e-11,0.9999999587525972,4.12144746363002e-08
2021-02-08,3,Post-Shock,8.118486725765277e-13,9.211871697557642e-13,4.0949006669105607e-10,0.9999999946085154,4.980854287331495e-09
2021-02-09,3,Post-Shock,2.1208884843098627e-12,5.641183515746721e-12,4.039761111903273e-09,0.999999874822614,1.2113040094812566e-07
2021-02-10,3,Post-Shock,5.4323845422886864e-12,7.315974592108484e-12,3.724837573834637e-09,0.9999994033498256,5.92912427221228e-07
2021-02-11,3,Post-Shock,8.078016639865092e-12,1.5407186938331414e-11,8.255808414627539e-09,0.9999995306735592,4.6104783952073363e-07
2021-02-12,3,Post-Shock,7.100297365696881e-13,1.2678800394949685e-12,6.416201329978071e-10,0.9999990733744852,9.259815315539458e-07
2021-02-15,3,Post-Shock,4.59046472554359e-13,2.834444056543523e-13,9.697441218324154e-11,0.9999999144856738,8.541696677836e-08
2021-02-16,3,Post-Shock,6.4642650817544534e-12,2.6594118387322306e-12,5.893414619477623e-10,0.9999999877527443,1.1649641105136234e-08
2021-02-17,3,Post-Shock,6.154134583507896e-11,3.567617536240237e-11,5.633739912697277e-09,0.9999999452466014,4.902229648008202e-08
2021-02-18,3,Post-Shock,1.2724395563301116e-10,2.1021011162694798e-10,7.95747326276888e-08,0.9999993792991624,5.407886430872952e-07
2021-02-19,3,Post-Shock,6.277630928292106e-11,8.253923787231225e-11,1.8721303566438715e-08,0.999996611248492,3.3698850747916967e-06
2021-02-22,3,Post-Shock,8.602594811290447e-12,1.683992177939203e-11,4.705977106652078e-09,0.9999988275255924,1.1677437083783309e-06
2021-02-23,3,Post-Shock,1.5293269277157271e-13,5.513550861376808e-13,3.7923110901424486e-10,0.9999985836012484,1.416018717371963e-06
2021-02-24,3,Post-Shock,8.133117243989855e-14,6.79182586375735e-14,2.5321051168662604e-11,0.9999999638585002,3.611578884120891e-08
2021-02-25,3,Post-Shock,4.3578713992905693e-13,2.2896065410439713e-13,8.211617325292207e-11,0.999999996587576,3.3305294515337962e-09
2021-02-26,3,Post-Shock,8.439812947250835e-12,2.3929363777160177e-12,2.5323462965855805e-10,0.999999992127414,7.608211064510139e-09
2021-03-01,3,Post-Shock,2.3544365838207286e-10,5.022929965064265e-10,2.714716844346662e-07,0.9999997276427536,1.4846340597937088e-10
2021-03-02,3,Post-Shock,2.5988202810243097e-07,7.257842229170534e-07,0.0002348168680612,0.9997545414809296,9.65598478962938e-06
2021-03-03,3,Post-Shock,0.0001950784708135,3.390126881512992e-05,0.0003244438722165,0.9993326822481028,0.0001138941394833
2021-03-04,3,Post-Shock,0.0001258864752046,0.0001867376199181,0.0013332510120189,0.997015764227735,0.0013383606646197
2021-03-05,3,Post-Shock,4.788391590192752e-05,9.552970510424088e-05,0.0006324943151051,0.9862491625247644,0.0129749295397752
2021-03-08,3,Post-Shock,2.8626984343232728e-05,4.14422881668413e-05,0.0007493401533085,0.9753200752072864,0.0238605153674079
2021-03-09,3,Post-Shock,3.184967257953948e-05,3.074199292753536e-05,0.0008014429285442,0.9617005523038354,0.0374354131018556
2021-03-10,3,Post-Shock,2.298719041819833e-05,3.189493547772741e-05,0.0012463486798706,0.9467091774970864,0.0519895916976149
2021-03-12,3,Post-Shock,1.0600424333980012e-05,1.6901854928868733e-05,0.0006278864189811,0.9277036763505117,0.0716409349520847
2021-03-15,3,Post-Shock,3.0025979177325923e-06,6.5452489187336265e-06,0.0004791673658878,0.9087468627802148,0.0907644220073809
2021-03-16,3,Post-Shock,8.611485541474375e-07,2.039974054124385e-06,0.0004511226405527,0.8812520398926761,0.118293936344425
2021-03-17,3,Post-Shock,2.7043030960504114e-08,4.928328732354284e-08,1.6833171283436307e-05,0.853157189231218,0.1468259012706177
2021-03-18,3,Post-Shock,9.176204772618316e-09,3.5938040855300465e-08,3.561148951660569e-05,0.840778240421831,0.1591861029749113
2021-03-19,3,Post-Shock,5.926368013462452e-08,4.264635158005138e-07,0.0004197522237857,0.7972240647224266,0.202355697326938
2021-03-22,3,Post-Shock,3.848005658056181e-07,1.2019561000868297e-06,0.0009733219034362,0.6533073755677425,0.3457177157728994
2021-03-23,4,Risk-Off,9.781020979034296e-07,2.18150117416031e-06,0.0014302791969772,0.4268545045815666,0.5717120566176991
2021-03-24,4,Risk-Off,1.711611318546506e-06,3.109739017639706e-06,0.0015657725899758,0.2763157988354461,0.7221136072245274
2021-03-25,4,Risk-Off,2.435666588355857e-07,3.899486751429321e-07,0.0001606374967142,0.1773187789752578,0.8225199500128252
2021-03-26,4,Risk-Off,2.0675090102928456e-08,7.194478250297882e-08,6.508280722103171e-05,0.1079837666009665,0.8919510579718121
2021-03-30,4,Risk-Off,1.4669320010700145e-07,1.504101983716781e-07,0.0001174028875148,0.0699146196628827,0.929967680347105
2021-03-31,4,Risk-Off,4.722323475886371e-06,6.329325461133412e-06,0.0024904295247663,0.0158642483377672,0.981634270488066
2021-04-01,4,Risk-Off,2.527334556828103e-05,2.500117589930585e-05,0.0015141077830974,0.0031699347927773,0.99526568290251
2021-04-05,4,Risk-Off,6.421893621018705e-07,3.036345771259278e-06,4.708681095236051e-05,0.0003076630286646,0.9996415716254934
2021-04-06,4,Risk-Off,2.5582202780821773e-08,4.7375958636974845e-08,1.4464237816386066e-05,2.1045715413993464e-05,0.9999644170894374
2021-04-07,4,Risk-Off,1.360721811585656e-07,6.858323837178628e-08,6.658850440805883e-05,5.147889026019648e-06,0.9999280589503594
2021-04-08,4,Risk-Off,4.248629460607063e-07,2.99294149298359e-07,0.0001521164750128,4.983430329778015e-06,0.9998421759382814
2021-04-09,4,Risk-Off,3.063618148521034e-07,3.838312225093482e-07,0.0001115672479684,8.900088793251426e-06,0.99987884246966
2021-04-12,4,Risk-Off,7.363106843299697e-09,8.778025737202212e-09,4.5551049109051394e-06,0.0001033188695362,0.9998921098847589
2021-04-13,4,Risk-Off,3.5466796159727198e-09,2.2584669349782237e-09,4.649635853246752e-06,0.0001336844802728,0.9998616600788962
2021-04-15,4,Risk-Off,9.51457701405985e-09,5.813960022708885e-09,1.0875521041220926e-05,0.0001227491257261,0.9998663600247868
2021-04-16,4,Risk-Off,2.3316295557066153e-08,1.5582756023259478e-08,2.532948610734535e-05,0.0001269214752121,0.9998477101392766
2021-04-19,4,Risk-Off,8.486381822103053e-09,5.839413751476151e-09,8.786183714856165e-06,0.0002105049792248,0.9997806945105512
2021-04-20,4,Risk-Off,1.2768021933577469e-08,7.503657366114886e-09,1.3079777614406616e-05,0.0002047063732108,0.999782193577634
2021-04-22,4,Risk-Off,4.506440960500932e-08,2.927981504727914e-08,4.400199898749818e-05,0.0002337129534565,0.9997222107038451
2021-04-23,4,Risk-Off,2.89094018728254e-08,2.143422283099661e-08,2.189142374754092e-05,0.0002946767281439,0.9996833815049794
2021-04-26,4,Risk-Off,4.0936796392472854e-08,2.245066868009564e-08,2.785706681585195e-05,0.0005847360745137,0.9993873434705872
2021-04-27,4,Risk-Off,1.2156945683571674e-06,1.037317290734337e-07,7.266384820715456e-05,0.0013086973708722,0.9986173193539478
2021-04-28,4,Risk-Off,4.112710459250953e-05,7.432433054047753e-06,0.000919704561067,0.0026225467655976,0.9964091891358974
2021-04-29,4,Risk-Off,0.0001326792475459,9.374218668286246e-05,0.0059679654585321,0.002908799291378,0.9908968138155978
2021-04-30,4,Risk-Off,2.1994535036895888e-05,6.642856880088105e-05,0.0003605040067913,0.0013343090654787,0.9982167638234092
2021-05-03,4,Risk-Off,3.216557829898092e-07,3.1437886607655287e-06,5.367069545613405e-05,0.0002314608148255,0.9997114030456804
2021-05-04,4,Risk-Off,1.4339775027897138e-07,1.6908091465470314e-07,8.149967499633582e-05,4.168474337945282e-05,0.9998765031025708
2021-05-05,4,Risk-Off,1.980373762377822e-07,9.22319605906408e-08,3.963705848207636e-05,1.6306839639541223e-05,0.9999437658321292
2021-05-06,4,Risk-Off,1.6475104930033254e-06,5.578196379030749e-07,0.0002825474015347,2.667450469422373e-05,0.9996885727634416
2021-05-07,4,Risk-Off,1.2340264346308844e-05,3.591882300809556e-06,0.0004016903567264,2.687982092977784e-05,0.9995554976760342
2021-05-10,4,Risk-Off,6.062005927613754e-05,1.6397449045203635e-05,0.0007871698873691,3.2380943706939374e-05,0.9991034316600804
2021-05-11,4,Risk-Off,0.0003107101736849,8.296279206705635e-05,0.0017206945200949,7.95466738156884e-05,0.9978060858410752
2021-05-12,4,Risk-Off,0.0019951777794596,0.0004091892875539,0.0190508604915498,0.0004195059120587,0.9781252665287088
2021-05-14,4,Risk-Off,0.0344877492464945,0.0045732143718334,0.4390103176259041,0.0003231934900095,0.5216055252656939
2021-05-17,2,Transitional,0.4131510248962075,0.068769944704439,0.3044083630147156,0.0002389232977541,0.2134317440872562
2021-05-18,0,Risk-On,0.3144218509349837,0.3844623367709897,0.2507279220440935,0.0001011913498251,0.0502866988997887
2021-05-19,1,Late-Cycle,0.2808373209484822,0.3501173609059478,0.3499222659451859,2.8667901693414716e-05,0.0190943842981562
2021-05-20,2,Transitional,0.3645994938198404,0.3266708727398473,0.3059184295740877,8.501783545662767e-06,0.00280270208268
2021-05-21,0,Risk-On,0.3320100307057846,0.3846783283646557,0.2832436989955132,3.737830285466239e-06,6.420410391143803e-05
2021-05-24,1,Late-Cycle,0.3111093196399387,0.372160583425819,0.3167018730619257,7.805070909188588e-07,2.744336459406444e-05
2021-05-25,2,Transitional,0.3394695992471654,0.3526106796122399,0.3079038137262196,8.005734691973026e-08,1.5827356789973294e-05
2021-05-26,0,Risk-On,0.3329700798563549,0.3674529231747979,0.2995542012597462,1.2930163203794562e-08,2.278277969452158e-05
2021-05-27,1,Late-Cycle,0.3279541151934858,0.3690178844261317,0.3029636508221545,9.315652870203236e-09,6.434024227891471e-05
2021-05-28,2,Transitional,0.3249661292401645,0.371304645749051,0.3035521314178028,3.2708776466422306e-08,0.0001770608833441
2021-05-31,0,Risk-On,0.3290510962916996,0.3598477610404791,0.3110205601979713,7.892900291048617e-08,8.050354167111841e-05
2021-06-01,1,Late-Cycle,0.3376935809432283,0.3682151756633298,0.2940847806644295,3.3071891618260824e-08,6.429656354396525e-06
2021-06-02,2,Transitional,0.3206444554305503,0.3773220656085831,0.3020267246383457,4.827082450586935e-09,6.749495294365484e-06
2021-06-03,0,Risk-On,0.3298814097253724,0.3591792401540143,0.3109386844696173,5.4597396981856764e-09,6.601909726423457e-07
2021-06-04,1,Late-Cycle,0.3393999445815996,0.3665634960338835,0.2940341215078103,1.0185746983358495e-09,2.4368575693901227e-06
2021-06-07,2,Transitional,0.3212071174117336,0.3838751862423004,0.2949164605511535,4.74111258930889e-09,1.231054556799612e-06
2021-06-08,0,Risk-On,0.323913163539351,0.3676179503286823,0.3084608389767047,9.53537704321932e-10,8.046201004609664e-06
2021-06-09,1,Late-Cycle,0.3330044911441159,0.368410968975461,0.2985374584822582,2.502706033234048e-09,4.7078896330789605e-05
2021-06-10,2,Transitional,0.3249498660248301,0.372871129683919,0.302169020157345,1.5108372069859282e-08,9.969024806272888e-06
2021-06-11,0,Risk-On,0.3309282694531812,0.3647278312872298,0.3043427477249952,5.424833289268433e-09,1.1461092307762309e-06
2021-06-14,1,Late-Cycle,0.3323789826787821,0.3714889083976601,0.2961311159102157,1.9262145789050307e-09,9.91087463309708e-07
2021-06-15,2,Transitional,0.3241812755832806,0.3757429110080088,0.3000715123700353,7.827209385199018e-10,4.300255655586236e-06
2021-06-16,0,Risk-On,0.3283973652645991,0.3696730382149532,0.3018898710207378,1.269955009671061e-09,3.972423016157657e-05
2021-06-17,1,Late-Cycle,0.3268471474288365,0.3761173665539933,0.2970070873951444,2.4884028679216264e-08,2.837373735056221e-05
2021-06-18,2,Transitional,0.3253372619117842,0.3721250214627415,0.3025226887461785,1.4845327462677985e-08,1.501303349398882e-05
2021-06-21,0,Risk-On,0.329136673209016,0.3721119834929265,0.2987094517798045,1.6586604321709828e-08,4.187493088163974e-05
2021-06-22,1,Late-Cycle,0.3245529330540023,0.3776547067543103,0.2977397698146747,3.4899331403941585e-08,5.255547801539601e-05
2021-06-23,2,Transitional,0.3231477885864209,0.3700533445688396,0.3066959694544321,2.8337327213313312e-08,0.000102869052126
2021-06-24,0,Risk-On,0.3335348583899483,0.3676805960421908,0.2987785396270357,1.8719259524312435e-08,5.987221944443342e-06
2021-06-25,1,Late-Cycle,0.328378379350351,0.3785011706440793,0.29309345825699,1.9117143439194395e-09,2.6989837072679528e-05
2021-06-28,2,Transitional,0.3170385998847673,0.3785629339402963,0.3034147092013829,1.5481172176898556e-08,0.0009837414932466
2021-06-29,0,Risk-On,0.3248133836299766,0.3636128276777087,0.3059634646931305,1.713603879238613e-07,0.0056101526397002
2021-06-30,1,Late-Cycle,0.3231862415756517,0.3715612039982004,0.2950884388913026,1.375734415548679e-06,0.010162739800612
2021-07-01,2,Transitional,0.3145040187939849,0.3661489843710452,0.3047168295444866,1.651778034563584e-06,0.014628515512817
2021-07-02,0,Risk-On,0.3236817579911535,0.3586457494202887,0.3002680892425494,6.89792085091947e-06,0.0173975054249774
2021-07-05,1,Late-Cycle,0.3196255243427008,0.3713140167761251,0.2925305712877308,6.7112405443488775e-06,0.0165231763525087
2021-07-06,2,Transitional,0.3125889338431787,0.3628618319552471,0.3086780625516189,4.48431042699408e-06,0.0158666873393576
2021-07-07,0,Risk-On,0.3306501538227345,0.3539436903770281,0.3030414634502997,6.069633889461236e-06,0.012358622716137
2021-07-08,1,Late-Cycle,0.3254206807363005,0.3768458204302889,0.2896635892433651,3.5987831042596167e-06,0.0080663108072842
2021-07-09,2,Transitional,0.3093596825051924,0.3699533727309085,0.315514003021189,3.210703564064642e-06,0.0051697310392821
2021-07-12,0,Risk-On,0.3369199847990066,0.347075224652032,0.3015579789058277,1.229554369865166e-06,0.0144455820891035
2021-07-13,1,Late-Cycle,0.3148155194563179,0.3951848632387502,0.2768711614086354,2.875080201120777e-06,0.0131255808155775
2021-07-14,2,Transitional,0.2948700844161202,0.3434530289452058,0.3455066181349295,2.0074653489949693e-06,0.016168261038078
2021-07-15,0,Risk-On,0.3774784895104235,0.3333655136131886,0.276057305122549,2.4278607168230203e-06,0.0130962638925518
2021-07-16,1,Late-Cycle,0.2702051758161552,0.447035949596472,0.2453865496930958,8.743574461749947e-07,0.0373714505360622
2021-07-19,2,Transitional,0.1481883426247914,0.2963609273997885,0.3717381350533872,5.564963479276743e-07,0.183712038426327
2021-07-20,4,Risk-Off,0.1178296430337252,0.1578138770928802,0.1621121714900998,9.476625226490694e-07,0.5622433607215361
2021-07-22,4,Risk-Off,0.1053656391521488,0.1329875096936836,0.1129678033462116,4.727444548219261e-06,0.6486743203641411
2021-07-23,4,Risk-Off,0.0897075194476877,0.1180300714729021,0.1065388759217166,6.16014471646451e-06,0.6857173730136922
2021-07-26,4,Risk-Off,0.0839907949332273,0.101322238573321,0.0928402361726427,6.693224817570114e-06,0.7218400370954333
2021-07-27,4,Risk-Off,0.0849703123587689,0.0951656039701107,0.0882802993123016,1.1058183369344663e-05,0.7315727261746875
2021-07-28,4,Risk-Off,0.0896652431849127,0.0962296218366136,0.1065490046577428,4.771700588846875e-05,0.7075084133143832
2021-07-29,4,Risk-Off,0.1145460863903639,0.1026918979563358,0.2092700747685412,6.578413528628848e-05,0.5734261567500746
2021-07-30,4,Risk-Off,0.2094645376807782,0.1344029305519278,0.2064766700058201,0.000133941377287,0.4495219203848005
2021-08-02,4,Risk-Off,0.2199985741829012,0.2232069124247226,0.367150624641858,0.0002585234230347,0.1893853653272522
2021-08-03,2,Transitional,0.374201773009734,0.2585740741481645,0.3498485672139386,2.9838882622517904e-05,0.0173457467456724
2021-08-04,0,Risk-On,0.3666146922536683,0.3938650972160839,0.2386962090618838,2.614418704543129e-06,0.0008213870496652
2021-08-05,1,Late-Cycle,0.2744180987873,0.4074235691149365,0.3181308744017773,1.3492438532471224e-07,2.7322771598946165e-05
2021-08-06,2,Transitional,0.3436014583909185,0.3328857720449985,0.323474816676884,5.577579961756049e-09,3.7947309113857694e-05
2021-08-09,0,Risk-On,0.3465075799922418,0.3833322841386997,0.2701575033644144,4.0769509721535114e-09,2.628427601688145e-06
2021-08-10,1,Late-Cycle,0.3038209223267817,0.389454840275621,0.3067145273045781,3.879644539182199e-10,9.709704338272584e-06
2021-08-11,2,Transitional,0.3317704972104635,0.3590057167833977,0.309138081990799,3.189373960253001e-09,8.570082569481842e-05
2021-08-12,0,Risk-On,0.3328252230651542,0.3734240063032211,0.2936737617543253,1.4956483102999723e-08,7.69939216839437e-05
2021-08-13,1,Late-Cycle,0.3227289789185759,0.3735305916785746,0.3037257823160149,1.0012859656160551e-08,1.463707337081386e-05
2021-08-16,2,Transitional,0.3318930485587865,0.3696315879085832,0.2984719704850536,1.6912458002179295e-09,3.3913571803659885e-06
2021-08-17,0,Risk-On,0.3268023707161616,0.3775368540718147,0.2956597910544853,3.738870926434528e-10,9.837828115339702e-07
2021-08-18,1,Late-Cycle,0.3265519787530856,0.37273721404026,0.3007087573761506,1.5662496129891431e-10,2.0496729696953257e-06
2021-08-20,2,Transitional,0.3273670728931195,0.3744075647566179,0.2982125102645708,1.2125225159942591e-09,1.2850872367256872e-05
2021-08-23,0,Risk-On,0.3253628458005765,0.372612694844084,0.301986855967208,4.805893628700048e-09,3.759858153328071e-05
2021-08-24,1,Late-Cycle,0.3285052394353999,0.3711588505247406,0.3003160614901743,1.945669336142477e-08,1.9829092442358424e-05
2021-08-25,2,Transitional,0.3280670038596857,0.3736643463909705,0.2982534565533824,9.30237892073342e-09,1.5183894455558216e-05
2021-08-26,0,Risk-On,0.3247253713936087,0.3736718902684531,0.3015955532410775,1.1446484012268256e-08,7.173651054628766e-06
2021-08-27,1,Late-Cycle,0.3305915179455685,0.3679375276410249,0.3014686377488492,3.601675574478828e-09,2.3130628779667363e-06
2021-08-30,2,Transitional,0.3288997789294424,0.3735590875580238,0.2975403229427074,4.3522358857700605e-09,8.062177340670004e-07
2021-08-31,0,Risk-On,0.3278156423348511,0.373865278168975,0.298319069385246,6.897149357592104e-10,9.421189156169582e-09
2021-09-01,1,Late-Cycle,0.3284538968306532,0.3674873560835306,0.3040583596367107,3.247779676378458e-11,3.874172496346806e-07
2021-09-02,2,Transitional,0.3332952692833919,0.3707802845144455,0.2959242052314617,9.45009524898552e-11,2.4087637742096014e-07
2021-09-03,0,Risk-On,0.3261748250183619,0.3756833231354009,0.298141453076836,5.895858757935243e-11,3.987105025652606e-07
2021-09-06,1,Late-Cycle,0.3274995852376782,0.3705655197894023,0.3019345867693587,9.612915775060909e-11,3.0810683774441706e-07
2021-09-07,2,Transitional,0.3319197551957513,0.3692391024284894,0.2988407601530143,9.421163950211272e-11,3.82129283608781e-07
2021-09-08,0,Risk-On,0.3278091705098399,0.3752092677789845,0.2969809642724793,1.1428119044222747e-10,5.973237128514403e-07
2021-09-09,1,Late-Cycle,0.3258103542648463,0.369436228285304,0.3047523660619021,1.908218624716604e-10,1.0511974166242808e-06
2021-09-13,2,Transitional,0.3343590077398428,0.3669166560597902,0.2987228245092013,3.4781152234276467e-10,1.511343458513154e-06
2021-09-14,0,Risk-On,0.3264317778617126,0.3785772156133757,0.2949900282712682,3.713932564088632e-10,9.778825848485368e-07
2021-09-15,1,Late-Cycle,0.3245597396737352,0.3668225465676608,0.3086143157654754,3.0863468566804635e-10,3.397684414986011e-06
2021-09-16,2,Transitional,0.3375427744245222,0.3689074942631234,0.2935491719556442,8.401575910892787e-10,5.585165677482254e-07
2021-09-17,0,Risk-On,0.3218949818382449,0.3802414320829085,0.2978607220817936,1.6088145213748962e-10,2.8638358213904155e-06
2021-09-20,1,Late-Cycle,0.3266049601188308,0.3644338999636642,0.3089565804240536,4.0364542762157533e-10,4.559088999405429e-06
2021-09-21,2,Transitional,0.3385666043266244,0.3705039605065429,0.2909292412567361,9.491710103009834e-10,1.929617482353326e-07
2021-09-22,0,Risk-On,0.3201151994507521,0.3825087635563853,0.2973752734417538,6.514244236596683e-11,7.634851975124401e-07
2021-09-23,1,Late-Cycle,0.326488556423016,0.3625921979868152,0.310918788124818,1.901855124294715e-10,4.572755234843088e-07
2021-09-24,2,Transitional,0.340903838979638,0.3659842039062895,0.2931117439215561,1.1536018744511036e-10,2.130774346780288e-07
2021-09-27,0,Risk-On,0.3223767830234903,0.3847622748963662,0.2928605732250441,6.354592254555782e-11,3.687917630740453e-07
2021-09-28,1,Late-Cycle,0.3206484628174092,0.3634783828802395,0.315871104353679,6.683836938263966e-11,2.049881098274692e-06
2021-09-29,2,Transitional,0.3473919286969244,0.3592335961271667,0.2933703566935048,2.3273198535429664e-10,4.118249345352743e-06
2021-09-30,0,Risk-On,0.3200682564281032,0.4007213717124584,0.2792094640278693,5.40718810073198e-10,9.072904390433584e-07
2021-10-01,1,Late-Cycle,0.3080567269286229,0.3678103108081856,0.3239886591283674,1.675862255812638e-10,0.0001443029669966
2021-10-04,2,Transitional,0.3479621213700425,0.3550413972356664,0.2969684399399697,1.783178654922421e-08,2.80236221957683e-05
2021-10-05,0,Risk-On,0.324976267648531,0.3893041545532809,0.2857096943329208,3.641646296688751e-09,9.879823644365466e-06
2021-10-06,1,Late-Cycle,0.3139355242373349,0.3751279786446848,0.3109106845469279,1.5153217678912543e-09,2.5811056036540748e-05
2021-10-07,2,Transitional,0.3355466667690167,0.3624515011983002,0.3019653114497664,3.167011155842194e-09,3.651741627313864e-05
2021-10-08,0,Risk-On,0.3285325851506829,0.377009809217084,0.2944433444756138,4.016803340685846e-09,1.4257138946609724e-05
2021-10-11,1,Late-Cycle,0.3235807390157251,0.3740096173900215,0.302400590170519,1.5764946537807186e-09,9.051847213433282e-06
2021-10-12,2,Transitional,0.3291538642070591,0.3717951456217135,0.299043701919828,1.000184947291995e-09,7.28725192300317e-06
2021-10-13,0,Risk-On,0.326678073668991,0.3721724406019931,0.3011360072467774,9.742547165380946e-10,1.34775073350316e-05
2021-10-14,1,Late-Cycle,0.328598209464252,0.3700474264161169,0.3013234345859691,2.685656294563973e-09,3.0926847712133544e-05
2021-10-18,2,Transitional,0.3271625247764218,0.3726133580767347,0.3002106655882676,4.557057534694866e-09,1.3447001406658796e-05
2021-10-19,0,Risk-On,0.3285161201922061,0.3664170151436864,0.3050500061572652,2.0560592354926684e-09,1.6856450231948382e-05
2021-10-20,1,Late-Cycle,0.3330053454406484,0.3731794944579594,0.2938123116924607,2.048223416342728e-09,2.846360217747038e-06
2021-10-21,2,Transitional,0.3218056148595156,0.3765951468509513,0.3015752788781973,3.7067641309836286e-10,2.3959040208558737e-05
2021-10-22,0,Risk-On,0.3282201895900402,0.3676325427253327,0.3041001147701589,3.0199789253303704e-09,4.714989511759373e-05
2021-10-25,1,Late-Cycle,0.3297977352352279,0.3717405821151837,0.298412325421617,6.854976768823422e-09,4.935037218256999e-05
2021-10-26,2,Transitional,0.3255159584517039,0.37627718456285,0.2981350641128357,6.487075164325093e-09,7.178638497682306e-05
2021-10-27,0,Risk-On,0.3228059361548605,0.3726711744301341,0.3036957660930145,7.645985883050285e-09,0.0008271156761699
2021-10-28,1,Late-Cycle,0.3256710958109178,0.3665164707782045,0.3045308070724503,7.37377809912908e-08,0.0032815526015461
2021-10-29,2,Transitional,0.3243906823032173,0.3693478492774139,0.3032935889542631,6.424459718659514e-07,0.0029672370193384
2021-11-01,0,Risk-On,0.3252108336875037,0.3628308243369122,0.3117883776389559,5.114357261788153e-07,0.0001694529013638
2021-11-02,1,Late-Cycle,0.3429224421167474,0.3613595419449411,0.2955714332434474,4.0192807311729594e-08,0.0001465425022045
2021-11-03,2,Transitional,0.3149879314505645,0.3993796421357867,0.2853308576004805,3.54786047620996e-08,0.0003015333341325
2021-11-04,0,Risk-On,0.3056342357399972,0.349044187001827,0.3421499300438187,2.2254449778092303e-08,0.0031716249596094
2021-11-08,1,Late-Cycle,0.3698749124801672,0.3419048702644516,0.282118404695397,1.3595837558141412e-07,0.0061016766011764
2021-11-09,2,Transitional,0.2816614078239423,0.4284514873858079,0.2609392531146691,1.270079255089162e-07,0.0289477246677222
2021-11-10,4,Risk-Off,0.1856717039495496,0.3139874818105078,0.3512103861909652,1.8826612384134424e-07,0.1491302397833371
2021-11-11,4,Risk-Off,0.2441723218943703,0.1936721986158897,0.2290378573923901,5.826784443292383e-07,0.3331170394181431
2021-11-12,4,Risk-Off,0.1725635752557956,0.2925520918883313,0.117218512144294,2.811780466143243e-06,0.4176630089309314
2021-11-15,4,Risk-Off,0.0424179486806422,0.186267281667231,0.2592938360731084,7.86337718573689e-06,0.5120130702023689
2021-11-16,4,Risk-Off,0.0041476575450984,0.0346887527838546,0.0810992117813969,2.318479449600101e-06,0.8800620594095572
2021-11-17,4,Risk-Off,0.0001945573496286,0.0017879364028862,0.0048038901951672,2.358813781820609e-06,0.9932112572386674
2021-11-18,4,Risk-Off,4.432182367879788e-06,5.278450406016122e-05,0.0001983357041393,1.1895165102066323e-05,0.9997325524437236
2021-11-22,4,Risk-Off,4.4822954131295674e-08,2.755978424764492e-07,1.321016948272393e-05,3.416169298406672e-06,0.9999830532396004
2021-11-23,4,Risk-Off,3.153686179534686e-08,2.835418597084481e-08,2.57282478407271e-05,4.033848251556312e-06,0.9999701780133688
2021-11-24,4,Risk-Off,3.629821067178706e-08,3.146586395945e-08,2.6279299407510497e-05,5.6118102450770885e-06,0.9999680411269908
2021-11-25,4,Risk-Off,3.5221862972277275e-08,3.3428526055174286e-08,2.826967762317054e-05,4.358813979121868e-06,0.9999673028576204
2021-11-26,4,Risk-Off,3.461969155603001e-09,3.156200099206613e-09,3.561554823654373e-06,9.37058659465166e-05,0.99990272596029
2021-11-29,4,Risk-Off,3.657064479243636e-09,2.7089339009546343e-09,4.496198385405816e-06,8.631771543484618e-05,0.9999091797206694
2021-11-30,4,Risk-Off,1.3384517412323556e-08,9.626105312928984e-09,1.3050122557996695e-05,3.065608659208945e-05,0.9999562707810566
2021-12-01,4,Risk-Off,4.886919864245737e-08,3.0514860539255155e-08,3.0874558529452054e-05,6.831812305605501e-06,0.9999622142449344
2021-12-02,4,Risk-Off,1.1772142897491093e-07,1.1164931839856377e-07,8.590217161297138e-05,3.405093130620693e-05,0.9998798175267568
2021-12-03,4,Risk-Off,2.6155644528238788e-08,2.7709480984828477e-08,1.4112971250893969e-05,7.024909378228336e-06,0.9999788082540302
2021-12-06,4,Risk-Off,1.3370996956487921e-08,1.1581238767106011e-08,1.3714260220978135e-05,7.005936158362619e-05,0.9999162014252866
2021-12-07,4,Risk-Off,1.054203625345402e-08,8.014871690558544e-09,1.02883392987756e-05,2.487595005680659e-05,0.999964817152906
2021-12-08,4,Risk-Off,1.9219865885413985e-08,1.4179038656184051e-08,1.909332510667238e-05,2.9282160482379168e-05,0.9999515911152688
2021-12-09,4,Risk-Off,1.9789964925375004e-08,1.4688042911760671e-08,1.7413238631421546e-05,1.0452162414366e-05,0.999972100120376
2021-12-10,4,Risk-Off,2.4875753846530443e-08,1.846166173790107e-08,2.15556969309608e-05,1.7656224118834865e-05,0.9999607447418224
2021-12-13,4,Risk-Off,2.9453607778790594e-08,2.414181072597304e-08,2.6528386849418487e-05,2.649035333712603e-05,0.9999469276649844
2021-12-14,4,Risk-Off,1.0016166531989798e-08,8.338889493785944e-09,9.339141356275148e-06,8.867168448884063e-06,0.9999817753347064
2021-12-15,4,Risk-Off,4.920681147030496e-09,3.5333135308352343e-09,5.339579774928978e-06,1.1433354547880913e-05,0.9999832186120522
2021-12-16,4,Risk-Off,1.575473161420935e-08,1.1298723378111253e-08,1.789288303686251e-05,1.1211462606056916e-05,0.9999708686014428
2021-12-17,4,Risk-Off,3.970469090858656e-09,3.098922623528714e-09,4.377582786374277e-06,2.7318032563125185e-05,0.9999682973143984
2021-12-20,4,Risk-Off,1.3769630189620436e-09,9.007305408924e-10,1.917165853983045e-06,8.904307881203793e-05,0.999909037477714
2021-12-21,4,Risk-Off,9.744913445840437e-09,5.689171591535651e-09,9.569946855381116e-06,8.32380231604624e-05,0.9999071765951982
2021-12-22,4,Risk-Off,5.91554546550522e-08,3.9978519456519345e-08,5.248904170585051e-05,0.0004017655278148,0.9995456462970532
2021-12-23,4,Risk-Off,7.12510262416149e-08,6.101300023227045e-08,4.671654845548678e-05,0.0001855063073999,0.9997676448795676
2021-12-24,4,Risk-Off,1.1613283544708185e-07,3.525125241932015e-08,2.2078210795278928e-05,3.258430387163068e-05,0.9999451861020466
2021-12-27,4,Risk-Off,4.676649145602201e-06,7.648833322035254e-07,0.0003618967350107,1.139798682040587e-05,0.9996212637465964
2021-12-28,4,Risk-Off,7.881457389479129e-05,1.3918019884687856e-05,0.0009722391095934,1.7861434983236053e-05,0.9989171668617732
2021-12-29,4,Risk-Off,0.0004607145344463,0.0001102953833874,0.0023703753813516,1.7415835408777995e-05,0.9970411988653392
2021-12-30,4,Risk-Off,0.0017532864183718,0.0005623661079514,0.0055517544056304,3.899096720877314e-05,0.9920936021016596
2021-12-31,4,Risk-Off,0.0064699202814397,0.00215003628508,0.0462667248786539,0.0002121908277512,0.9449011277277204
2022-01-03,2,Transitional,0.0617866935502144,0.0108729304967913,0.5378743512717495,0.0005258026930746,0.3889402219872617
2022-01-04,0,Risk-On,0.5112474135956773,0.098659961067259,0.3658517010356622,0.0002760375417952,0.0239648867603982
2022-01-05,1,Late-Cycle,0.373274899768362,0.4783772955290789,0.1376697184476197,3.594286290037405e-05,0.0106421433913122
2022-01-06,2,Transitional,0.1861531253540385,0.4091620892090434,0.3925262372295532,4.903768088123016e-06,0.0121536444388181
2022-01-07,0,Risk-On,0.3991708850317589,0.2646119143837472,0.3257170507733968,2.735004249925597e-06,0.0104974148065434
2022-01-10,1,Late-Cycle,0.3420911934872302,0.4059683051929122,0.2478676558567634,3.456506510762133e-06,0.0040693889569771
2022-01-11,2,Transitional,0.2842930140699397,0.3768720441006002,0.3381272930821281,2.0630059915769605e-06,0.0007055857418621
2022-01-12,0,Risk-On,0.3563658926299654,0.3415151129566801,0.3020375402531471,8.714802209905545e-07,8.058268012848463e-05
2022-01-13,1,Late-Cycle,0.3244354565808914,0.3808232431232954,0.2947248760763582,1.183900991190353e-07,1.630582968529883e-05
2022-01-14,2,Transitional,0.3290744359398226,0.3570611863888738,0.3138522960766384,3.5822944253542754e-08,1.2045772019853648e-05
2022-01-17,0,Risk-On,0.3355652516617011,0.3865408310029506,0.2778923289167777,1.4863877187759377e-08,1.5735553109984635e-06
2022-01-18,1,Late-Cycle,0.2993878042514405,0.3612181130669689,0.3393938553112173,3.889897016967474e-09,2.234804900778117e-07
2022-01-19,2,Transitional,0.3851232472807308,0.3211454396298965,0.2937147422195769,2.7733281565176785e-10,1.6570591768832273e-05
2022-01-20,0,Risk-On,0.3058851517981016,0.4670158665051523,0.2225125262513501,2.8589207263999516e-09,0.0045864525864934
2022-01-21,1,Late-Cycle,0.1554087579491984,0.3368383196689893,0.4047140758292415,7.46611739049648e-08,0.1030387718911085
2022-01-24,4,Risk-Off,0.0517791914242831,0.1651080913793644,0.1678603362428112,1.6716575988138891e-06,0.615250709295409
2022-01-25,4,Risk-Off,0.0081332644678116,0.0484839595894533,0.1074463774357514,3.549321948133079e-06,0.8359328491847722
2022-01-27,4,Risk-Off,0.0006970944260988,0.0045739653312705,0.0098860371673362,5.688319710104334e-06,0.984837214756214
2022-01-28,4,Risk-Off,0.0001241285375297,0.0004170086623292,0.0009353458095038,2.648957780106653e-06,0.9985208680321896
2022-01-31,4,Risk-Off,4.734275665523805e-05,0.0001119814575208,0.0006364103534047,6.97743760355654e-06,0.9991972879951828
2022-02-01,4,Risk-Off,2.929235133763969e-05,4.882940043609647e-05,0.0008252466614323,1.5597918078557767e-05,0.9990810336684516
2022-02-02,4,Risk-Off,9.063996183980888e-06,2.441123046682441e-05,0.0005277192447038,7.909765573931303e-06,0.9994308957632658
2022-02-03,4,Risk-Off,8.587809179961348e-07,3.1375216465794425e-06,0.0001000374987819,2.6134779527156943e-06,0.9998933527214562
2022-02-04,4,Risk-Off,9.603064854070133e-08,1.953438477495077e-07,4.024457627202748e-05,3.076528355934627e-06,0.9999563875205172
2022-02-07,4,Risk-Off,4.496236710281546e-08,4.3924596040822794e-08,2.964514546686797e-05,9.7834483681081e-06,0.9999604825193624
2022-02-08,4,Risk-Off,4.1123784032077874e-08,3.3158107512921664e-08,2.908771296675932e-05,7.80233421557879e-06,0.999963035671666
2022-02-09,4,Risk-Off,4.5228723477950525e-08,3.8362529699043867e-08,3.2762414363039746e-05,0.0001281678478169,0.9998389861468268
2022-02-10,4,Risk-Off,3.738152048415199e-08,3.3876965881070164e-08,2.9140674257116982e-05,0.0009707453464021,0.9990000427201954
2022-02-11,4,Risk-Off,5.767043869464878e-09,5.1434220658166965e-09,5.2912528129682425e-06,0.0225068253483728,0.9774878724880888
2022-02-14,3,Post-Shock,3.5981110802433743e-10,2.4663966923020237e-10,5.409074784810507e-07,0.3831605453367063,0.6168389131492683
2022-02-15,3,Post-Shock,5.538368056388542e-10,3.280210901004294e-10,8.589586923836114e-07,0.5882368796372425,0.4117622605215804
2022-02-16,3,Post-Shock,1.0704355142653286e-09,6.725701971974582e-10,1.69600815887504e-06,0.6893792118620212,0.3106190903861779
2022-02-17,3,Post-Shock,7.787305052602466e-10,6.353169677158214e-10,1.2994357181690788e-06,0.7143263810126231,0.2856723181379327
2022-02-18,3,Post-Shock,1.22557458118779e-09,1.0865354991964814e-09,2.033370577965814e-06,0.7329984488947597,0.2669995154227782
2022-02-21,3,Post-Shock,2.5261102754164848e-09,2.2231805640366862e-09,3.838542269270046e-06,0.7542070387944342,0.2457891179140331
2022-02-22,3,Post-Shock,1.5477755082957514e-09,1.3451525248747103e-09,2.087543954572653e-06,0.7831125607571611,0.2168853488058529
2022-02-23,3,Post-Shock,2.9654491879375724e-10,2.6706330201924437e-10,3.438033910026735e-07,0.8178154059988448,0.1821842496335353
2022-02-24,3,Post-Shock,4.4040540705789685e-14,3.2134873466411496e-14,3.906262615243255e-11,0.996844249573954,0.0031557503869409
2022-02-25,3,Post-Shock,9.344803481409665e-16,2.426223567025362e-15,5.630821095887124e-12,0.9999657839067698,3.421608813577014e-05
2022-02-28,3,Post-Shock,1.6014570921653732e-17,2.436605878049203e-15,4.774071387833354e-12,0.9999990702167226,9.297790514231996e-07
2022-03-02,3,Post-Shock,4.76784973355779e-19,3.240476115700558e-16,7.036011847630587e-13,0.9999993041767684,6.958220311673118e-07
2022-03-03,3,Post-Shock,8.368395780914072e-21,1.3084375401549589e-17,3.054129105640199e-14,0.9999995240960966,4.759034254758749e-07
2022-03-04,3,Post-Shock,7.134628464274526e-24,1.5212575995383383e-20,4.294766011195643e-17,0.9999999366918948,6.330730941023201e-08
2022-03-07,3,Post-Shock,7.867122858574064e-25,2.2653831091531305e-21,7.391930935930013e-18,0.9999999971787474,2.821358545074851e-09
2022-03-08,3,Post-Shock,3.607455466782759e-23,1.0393166195492488e-19,3.3087322848379194e-16,0.999999985606337,1.4394378605197056e-08
2022-03-09,3,Post-Shock,1.468243285244903e-21,4.0966653052873415e-18,1.0932626192751388e-14,0.9999998829971514,1.1700283038272585e-07
2022-03-10,3,Post-Shock,1.887505601635919e-21,4.65950277823454e-18,1.2348586640990403e-14,0.9999999243191298,7.568155935994393e-08
2022-03-11,3,Post-Shock,1.140495794187089e-21,2.9097469802162122e-18,7.810860704727198e-15,0.9999999147421512,8.52580750375383e-08
2022-03-14,3,Post-Shock,1.538117341982756e-21,3.867293035832102e-18,1.0523904265639674e-14,0.9999999216561296,7.834415674532159e-08
2022-03-15,3,Post-Shock,3.881288197702135e-21,9.682037897605589e-18,2.583444810041031e-14,0.9999999290430448,7.09560612872332e-08
2022-03-16,3,Post-Shock,9.356884261594268e-18,2.530500743795041e-14,4.642575973103087e-11,0.9999997828545256,2.17098822333147e-07
2022-03-17,3,Post-Shock,4.508490696715208e-16,1.0078647980535572e-13,1.644486107575986e-10,0.9999984305353374,1.5692994106978774e-06
2022-03-21,3,Post-Shock,1.423817843999993e-16,1.003206617269536e-14,1.7287913227039952e-11,0.999998288885408,1.7110975795678655e-06
2022-03-22,3,Post-Shock,7.411335652193279e-17,1.2605088936604058e-14,2.1038914429777484e-11,0.9999995388790164,4.610996154375242e-07
2022-03-23,3,Post-Shock,6.896304744131248e-17,1.812948785834661e-14,3.140780927152937e-11,0.9999991153985596,8.845692795751193e-07
2022-03-24,3,Post-Shock,7.446201650080474e-17,1.28791419918656e-14,2.1992992493829697e-11,0.9999991474491248,8.525289268305625e-07
2022-03-25,3,Post-Shock,5.620312858108061e-16,2.1328977651532137e-14,2.1922985188429696e-11,0.9999995720300836,4.279477347735202e-07
2022-03-28,3,Post-Shock,3.721695226515695e-12,8.230203434831039e-11,4.0615921005877974e-08,0.9999993333478816,6.259500347194529e-07
2022-03-29,3,Post-Shock,3.8428474199475634e-08,4.600933872083316e-07,0.0001108710075428,0.9998883960779108,2.3439240393192802e-07
2022-03-30,3,Post-Shock,0.0001014781345798,1.3185223286341206e-05,0.0010649027196787,0.9988021998768932,1.823404529333211e-05
2022-03-31,3,Post-Shock,0.0009735956473129,0.0001748161985936,0.0006530054633339,0.9981464571536316,5.21255367663654e-05
2022-04-01,3,Post-Shock,0.0006573992094389,0.0009003593419071,0.0005772912856915,0.9978597147837256,5.235379115268913e-06
2022-04-04,3,Post-Shock,0.0006484571435855,0.000686634866241,0.0010651770032969,0.9975997101010354,2.088643173049657e-08
2022-04-05,3,Post-Shock,0.0010790548983331,0.0007422573423839,0.001814386254605,0.9963642978141776,3.691017076168426e-09
2022-04-06,3,Post-Shock,0.001754622951921,0.0011936472599173,0.0082934732273232,0.9887582560611105,4.999776809586288e-10
2022-04-07,3,Post-Shock,0.0080129037818813,0.0029117500720724,0.2275222430947822,0.7615527143702862,3.886815917875508e-07
2022-04-08,3,Post-Shock,0.206423886732353,0.0316631923365399,0.3843848609319094,0.3775212777897067,6.782210126572193e-06
2022-04-11,2,Transitional,0.3570126009761135,0.2125689228161928,0.3895350264967656,0.0407845881387952,9.886157170764143e-05
2022-04-12,0,Risk-On,0.4306995837678965,0.3192232253807881,0.2418623246205445,0.0064064071465545,0.001808459084141
2022-04-13,1,Late-Cycle,0.2374943677706839,0.5322429163472222,0.1893503092244502,0.0023916492700136,0.038520757387956
2022-04-18,2,Transitional,0.0753968850908399,0.2614878874848999,0.4906744655528538,0.0004959783072089,0.1719447835635442
2022-04-19,4,Risk-Off,0.0096125248638509,0.0534175316009199,0.1021336137138015,2.179439738265118e-05,0.8348145354242005
2022-04-20,4,Risk-Off,0.002100967875775,0.0070461588800507,0.0095755793526971,2.427510838735632e-06,0.9812748663798198
2022-04-21,4,Risk-Off,0.0002991314740967,0.0018999338378141,0.005121389863401,9.77557526133061e-06,0.9926697692499886
2022-04-22,4,Risk-Off,1.681449240786482e-05,0.000141611825424,0.0005041271804825,2.4990679271757315e-06,0.9993349474335104
2022-04-25,4,Risk-Off,1.045428890723058e-06,4.780050317073834e-06,7.315492123348846e-05,2.5580417809219478e-06,0.999918461558318
2022-04-26,4,Risk-Off,7.787718134198199e-07,8.682342363034033e-07,0.0002097517215086,4.449244676133741e-06,0.9997841520280422
2022-04-27,4,Risk-Off,1.8490238122647435e-06,9.65958092541429e-07,0.0001190923188609,7.495209181153524e-06,0.9998705974907902
2022-04-28,4,Risk-Off,2.0724712752208407e-06,2.4917272535223803e-06,0.0006371212835926,1.5570672818942184e-05,0.9993427438446232
2022-04-29,4,Risk-Off,6.01086592259108e-07,8.870668710882953e-07,6.435317218379536e-05,4.27407097024472e-05,0.9998914179651568
2022-05-02,4,Risk-Off,5.692524234759477e-08,1.0956792161989408e-07,3.5018971295870484e-05,0.0006095664591025,0.9993552480760124
2022-05-04,4,Risk-Off,5.664222169515211e-09,5.126828282375587e-09,5.196864830876225e-06,0.0147129084319006,0.9852818839130364
2022-05-05,4,Risk-Off,2.0508974729705534e-09,1.4711045815136195e-09,2.622344553467528e-06,0.0995579880698376,0.9004393860629175
2022-05-06,3,Post-Shock,1.279124851255469e-10,9.191706689788136e-11,2.0281307350512146e-07,0.5463954937201918,0.4536043032460084
2022-05-09,3,Post-Shock,6.33750947415403e-11,4.4887854948774116e-11,1.0883691695679637e-07,0.7782224218879294,0.2217774691674058
2022-05-10,3,Post-Shock,6.118200728552043e-11,4.6713358200950016e-11,1.0461955775249577e-07,0.8815977879222955,0.1184021073493962
2022-05-11,3,Post-Shock,1.7103604213686376e-12,1.438864763693022e-12,2.9047256153418876e-09,0.9436532372838694,0.0563467598084231
2022-05-12,3,Post-Shock,5.231684541884691e-15,4.421024307334373e-15,1.1659183089666484e-11,0.9990160300088212,0.0009839699789118
2022-05-13,3,Post-Shock,2.954628080846784e-15,3.2754212926336855e-14,5.157377172953559e-11,0.9999716354416828,2.8364507051137468e-05
2022-05-16,3,Post-Shock,4.907537350686357e-15,2.3171720981983295e-12,3.2576968531940304e-09,0.9999365425463812,6.345419434768955e-05
2022-05-17,3,Post-Shock,5.73149425852521e-14,1.3668371581140586e-11,1.8380146324638708e-08,0.9997639666295798,0.0002360149763474
2022-05-18,3,Post-Shock,9.161041952506637e-13,4.700759825187333e-11,5.222910944605436e-08,0.99967443143574,0.0003255162874139
2022-05-19,3,Post-Shock,1.361828512159178e-13,7.625634527547391e-13,9.184136303879051e-10,0.9998826707547904,0.0001173283258023
2022-05-20,3,Post-Shock,1.8696555856176852e-14,1.2770077464031381e-12,1.930434573456902e-09,0.999943257662482,5.674040628567178e-05
2022-05-23,3,Post-Shock,1.7074887880215025e-14,1.878622547078229e-12,2.9885438676381907e-09,0.9999306632736245,6.933373533123395e-05
2022-05-24,3,Post-Shock,7.747428838458386e-14,1.8818040257809988e-11,2.7940003735781517e-08,0.999733542058954,0.0002664299826084
2022-05-25,3,Post-Shock,7.095416442519775e-13,6.570706667233748e-11,9.065778750232256e-08,0.9992645389051736,0.0007353703704104
2022-05-26,3,Post-Shock,2.9554525507208626e-12,1.261475635270838e-10,1.7230792591730108e-07,0.9986353078486472,0.0013645197134476
2022-05-27,3,Post-Shock,1.2239317200485146e-11,4.555298903897129e-10,5.455378320314688e-07,0.997578414753062,0.0024210392410487
2022-05-30,3,Post-Shock,5.3835240864671214e-11,1.055660522610603e-09,1.249017957392451e-06,0.9961088461858836,0.0038899036864475
2022-05-31,3,Post-Shock,1.330596158828471e-10,3.3357382166288654e-09,3.973500167182039e-06,0.9916205591362642,0.0083754638947738
2022-06-01,3,Post-Shock,8.291244474532011e-10,5.056981154116998e-09,4.802517524153556e-06,0.9877289627376974,0.0122662288593071
2022-06-02,3,Post-Shock,1.5106927918447153e-08,2.693464163101712e-07,0.0002175942124246,0.9697132929628892,0.0300688283711843
2022-06-03,3,Post-Shock,1.1897136464739145e-06,6.398585588015016e-07,0.0001267754334916,0.9612916525845284,0.038579742410362
2022-06-06,3,Post-Shock,1.5118175297588342e-06,1.5963960389831534e-06,0.0002106331639174,0.9568040664321716,0.0429821921906145
2022-06-07,3,Post-Shock,1.9407662887498167e-06,1.4394218543608356e-06,6.504770620402575e-05,0.9558658866123804,0.0440656854941135
2022-06-08,3,Post-Shock,2.1163351327349103e-06,1.5098087790694486e-06,3.876598595155146e-05,0.9585572590086756,0.0414003488610221
2022-06-09,3,Post-Shock,3.895461709080454e-06,2.919431879040114e-06,0.0001181779376537,0.9599062026448214,0.0399688045248342
2022-06-10,3,Post-Shock,4.378290352346198e-06,5.6294977596521096e-06,0.0002456882900961,0.9618144214924632,0.0379298824287459
2022-06-13,3,Post-Shock,4.545007137785869e-07,1.4783266479060325e-06,1.8931454821887487e-05,0.9639959347782217,0.0359832009395806
2022-06-14,3,Post-Shock,1.1313481570459411e-08,6.386760592729993e-08,5.486111966019557e-06,0.9661459169839276,0.0338485217224427
2022-06-15,3,Post-Shock,1.415097813768989e-09,3.2717532211436006e-09,1.9011453219126565e-06,0.9685384990552084,0.0314595951123669
2022-06-16,3,Post-Shock,8.4776123880702e-11,2.30195829275458e-10,2.672334694743725e-07,0.9701765187383372,0.0298232137139399
2022-06-17,3,Post-Shock,2.7728035459788473e-10,1.315173772700703e-09,1.334793996700113e-06,0.971377241535244,0.0286214220787519
2022-06-20,3,Post-Shock,2.403376037667772e-11,2.183721502944373e-11,1.4014645976727581e-08,0.9793861658259472,0.0206138201131211
2022-06-21,3,Post-Shock,2.6454651220011136e-10,3.225038783314948e-10,2.732269032595733e-07,0.999142200395811,0.0008575257901882
2022-06-22,3,Post-Shock,1.9540838572779248e-10,5.820436668374115e-10,3.1892275540210664e-07,0.9995356216823248,0.0004640586173216
2022-06-23,3,Post-Shock,9.62643419865397e-10,4.187300723464031e-09,1.961219650023552e-06,0.9992622897892292,0.0007357438407075
2022-06-24,3,Post-Shock,3.283784604613369e-08,5.8096713763184e-08,2.0469342143450016e-05,0.9989192501642964,0.0010601895588748
2022-06-27,3,Post-Shock,9.056485594649565e-08,8.530427021574624e-07,0.0005251555719608,0.9835356137043838,0.0159382871165074
2022-06-28,4,Risk-Off,9.90464965746455e-08,9.22557375910806e-07,0.0006662702247826,0.5758698890341625,0.4234628191369144
2022-06-29,4,Risk-Off,1.3786923657185104e-07,7.794690647706329e-07,0.0005223100820781,0.2783209764069906,0.72115579617202
2022-06-30,4,Risk-Off,8.77156170463252e-08,4.096074111970546e-07,0.0002700739546176,0.0843272133890287,0.915402215332888
2022-07-01,4,Risk-Off,3.8272093564537566e-08,1.06105295210232e-07,6.587550261116235e-05,0.0301365352665745,0.9697974448542588
2022-07-04,4,Risk-Off,1.4259129565364932e-08,4.07202502624199e-08,3.2560158805622074e-05,0.0034270723619172,0.9965403124993054
2022-07-05,4,Risk-Off,1.305288648113442e-08,1.231019630306905e-08,1.1637157270612898e-05,0.0004333477513674,0.9995549897291588
2022-07-06,4,Risk-Off,2.973962376147743e-07,5.098895153390282e-08,3.631915367016717e-05,0.0001039864190658,0.9998593460414976
2022-07-07,4,Risk-Off,1.8995662068325545e-05,2.2776268681947944e-06,0.0007351060266378,0.000290414406884,0.9989532062778008
2022-07-08,4,Risk-Off,0.0004362792306835,5.8050832963622205e-05,0.0029591091403022,0.0001001379350793,0.9964464228612544
2022-07-11,4,Risk-Off,0.0036250714501906,0.0006646281638066,0.0316401732854995,0.0001437498273386,0.9639263772726946
2022-07-12,4,Risk-Off,0.038733121940644,0.0065695632879521,0.2391013959211811,0.0001059713888093,0.7154899474608637
2022-07-13,4,Risk-Off,0.2235012274112741,0.0563218516312262,0.1685108918350991,0.0001516134004771,0.5515144157228281
2022-07-14,4,Risk-Off,0.1828886260875994,0.2100070248549921,0.344479339702798,0.0001135850817955,0.2625114242720329
2022-07-15,2,Transitional,0.3544147741720179,0.2240748418958957,0.4170342799797645,4.03549065392095e-05,0.0044357490449218
2022-07-18,0,Risk-On,0.4226537420175143,0.3739050925238497,0.2033947157502581,4.4094637294062335e-06,4.204024537695247e-05
2022-07-19,1,Late-Cycle,0.2459763355563706,0.4396553805803722,0.3143624742297276,2.800549944785826e-07,5.529579208388988e-06
2022-07-20,2,Transitional,0.341088681651815,0.3153419415989647,0.343562735106367,7.809002762410431e-09,6.6338346898294204e-06
2022-07-21,0,Risk-On,0.363879959002922,0.3717975061818379,0.2643219162411239,3.146840171032801e-09,6.154271903244004e-07
2022-07-22,1,Late-Cycle,0.3002572203797313,0.3945338812686121,0.3052084086996764,3.287019103237495e-10,4.893227552692643e-07
2022-07-25,2,Transitional,0.3335337737939319,0.3542110417826214,0.3122495386891769,1.2374961654230038e-10,5.6456106200298365e-06
2022-07-26,0,Risk-On,0.335939532011217,0.3734328703015465,0.2905820288068803,9.805718526103467e-10,4.556789930922811e-05
2022-07-27,1,Late-Cycle,0.3202873247092052,0.3759656930344591,0.3037320114140679,7.798046392518677e-09,1.4963044876754962e-05
2022-07-28,2,Transitional,0.3306474506369263,0.3672617554992201,0.3020902394234713,4.351312739905294e-09,5.500896989921817e-07
2022-07-29,0,Risk-On,0.3299058956711112,0.3656919723153925,0.3044019125628119,9.971194141136102e-10,2.1845361184976643e-07
2022-08-01,1,Late-Cycle,0.333921187882678,0.3651949133221779,0.3008838283436396,9.403240724389487e-10,6.951195061850504e-08
2022-08-02,2,Transitional,0.3259231214972942,0.371368199478094,0.3027085734832749,2.7477919795513985e-10,1.0526604273431809e-07
2022-08-03,0,Risk-On,0.3325710612058158,0.3539719953668627,0.3134568938508671,2.1531667198508382e-10,4.9360250499144565e-08
2022-08-04,1,Late-Cycle,0.3433958138236653,0.3696384030035066,0.2869657791473672,3.2714301167916595e-11,3.991886017262887e-09
2022-08-05,2,Transitional,0.3192948350038057,0.3853927925288583,0.2953123534307761,2.362640671376736e-12,1.9034849316801032e-08
2022-08-08,0,Risk-On,0.3246317564836315,0.3648056001574903,0.3105624562704532,7.442292073423347e-12,1.8708014189964009e-07
2022-08-10,1,Late-Cycle,0.3374362532599779,0.3613208220167156,0.3012426293906855,9.240237141877786e-11,2.952407329274745e-07
2022-08-11,2,Transitional,0.3318115463049167,0.3724163407810896,0.2957721058228325,5.111347796671538e-10,6.580697129377454e-09
2022-08-12,0,Risk-On,0.3250892003432266,0.3707450219121085,0.3041657766921548,2.2402504512990794e-10,8.289997860167952e-10
2022-08-16,1,Late-Cycle,0.3348535681981799,0.3583204525882629,0.3068259788200342,1.3022285762443932e-10,2.6366668115830766e-10
2022-08-17,2,Transitional,0.3362818997828246,0.369513447827154,0.2942046522611913,5.840757408626301e-11,7.113462793407028e-11
2022-08-18,0,Risk-On,0.3256841128201935,0.3703511932959188,0.3039646930288221,9.045717019621688e-12,8.460784441881478e-10
2022-08-19,1,Late-Cycle,0.3370943179425695,0.365384496080347,0.2975211724194148,8.214272617302599e-13,1.35568801801594e-08
2022-08-22,2,Transitional,0.32540264458121,0.3831306205572136,0.2914664982015877,2.0493436864908557e-12,2.3665779533277526e-07
2022-08-23,0,Risk-On,0.3212776439060124,0.3663325460068313,0.3123795981145084,6.368838993843427e-11,1.0211908321253562e-05
2022-08-24,1,Late-Cycle,0.3377382268077563,0.3652637968469163,0.296977274305835,2.642525403473449e-09,2.06993961448456e-05
2022-08-25,2,Transitional,0.3228157860238576,0.3764656147199381,0.3006979822367913,9.424375521416053e-09,2.0607594331301338e-05
2022-08-26,0,Risk-On,0.3298572667547365,0.3650059438603565,0.3051325250521196,6.390203619529988e-09,4.257941876007266e-06
2022-08-29,1,Late-Cycle,0.3309748269379815,0.3724920932752277,0.2965129223499197,7.372008659980263e-10,2.0156698885756265e-05
2022-08-30,2,Transitional,0.3232335017303632,0.3714367193655631,0.3051648481917142,8.137045677190736e-09,0.0001649225758665
2022-09-01,0,Risk-On,0.3269368469209227,0.3639653287939889,0.3068872289784512,2.07626753416598e-08,0.0022105745439381
2022-09-02,1,Late-Cycle,0.3270123352852659,0.3643844888141559,0.304035949188741,4.756158017868405e-07,0.0045667510967928
2022-09-05,2,Transitional,0.3263420850525599,0.3690024123657639,0.3026926008098347,8.855336750498386e-07,0.0019620162389891
2022-09-06,0,Risk-On,0.3252158494517363,0.3631866567085479,0.3097355362636165,4.069153505144078e-07,0.0018615506611588
2022-09-07,1,Late-Cycle,0.3332342821932896,0.364108843265979,0.3022499485365081,4.514630603394888e-07,0.0004064745414873
2022-09-08,2,Transitional,0.3262712306598052,0.3736342444346179,0.3000780861132389,1.0123292122964662e-07,1.6337559549420605e-05
2022-09-09,0,Risk-On,0.3282468464534054,0.3653451357446902,0.3063633317669198,6.938062975268613e-09,4.467909709007652e-05
2022-09-12,1,Late-Cycle,0.3289708732415154,0.3760733652222873,0.2948684479511044,1.0857429005262331e-08,8.730272843383701e-05
2022-09-13,2,Transitional,0.3171605712832078,0.3644219585500367,0.3181514263677827,1.6755209410932394e-08,0.0002660270438708
2022-09-14,0,Risk-On,0.3468764151730981,0.3508761047268672,0.3007125045744276,3.4978899263637624e-08,0.0015349405473812
2022-09-15,1,Late-Cycle,0.3134116005133195,0.4000106429376347,0.2769229010210805,1.8557169606270413e-07,0.0096546699565638
2022-09-16,2,Transitional,0.2628408452780784,0.3477350235839347,0.3401676641636987,1.6823880204289853e-06,0.049254784586623
2022-09-19,0,Risk-On,0.3614211063156077,0.2817931057403364,0.33683635019227,6.804963156666015e-05,0.0198813881200422
2022-09-20,1,Late-Cycle,0.3565889042002361,0.40577110645025,0.2353848463607851,3.471016346778033e-05,0.0022204328245051
2022-09-21,2,Transitional,0.2451118385527727,0.4009508039031806,0.3484969667476327,7.99651881727082e-06,0.0054323942779083
2022-09-22,4,Risk-Off,0.0850012726421324,0.2792501448628257,0.2514391171835097,7.543035922261916e-07,0.3843087110070555
2022-09-23,4,Risk-Off,0.0074305911314064,0.0750113444332898,0.2025939054799551,1.0780728638942712e-05,0.7149533782272036
2022-09-26,4,Risk-Off,8.800093562192164e-05,0.000888962498278,0.0027306334650609,2.7457395285344588e-06,0.9962896573621346
2022-09-27,4,Risk-Off,1.5434351231843836e-06,1.2733662739788174e-05,7.452143440759543e-05,4.089901201398082e-06,0.9999071115669088
2022-09-28,4,Risk-Off,1.0691894246524909e-07,3.506295106130595e-07,5.310758708876295e-05,3.3553355900648103e-06,0.99994307952806
2022-09-29,4,Risk-Off,1.2366194791747568e-07,5.083448428980496e-08,1.8903640791316183e-05,5.157393928921825e-06,0.999975764468136
2022-09-30,4,Risk-Off,9.00225110489595e-07,7.413235066276831e-07,0.0006369482452504,1.1292203164959724e-05,0.9993501180034848
2022-10-03,4,Risk-Off,2.5425784086150504e-07,2.996643980518893e-07,2.67065709135398e-05,2.520928859165502e-06,0.9999702185774424
2022-10-04,4,Risk-Off,7.320466315435302e-08,8.151267792748783e-08,4.480735682561774e-05,3.000637408876872e-06,0.9999520372882312
2022-10-06,4,Risk-Off,1.3404414192867773e-07,9.328317209839303e-08,6.112265124750991e-05,3.156948110575375e-06,0.999935493073018
2022-10-07,4,Risk-Off,2.2157020954422985e-07,1.7510731747878198e-07,9.446543926448176e-05,3.907503457025607e-06,0.9999012303792024
2022-10-10,4,Risk-Off,1.819826528868783e-07,1.9233291207324117e-07,8.304028142621753e-05,7.282785606338775e-06,0.9999093026168095
2022-10-11,4,Risk-Off,4.97332125123454e-08,5.572543572715455e-08,2.941296855840144e-05,1.7015049202477496e-05,0.9999534665243652
2022-10-12,4,Risk-Off,1.0562634118185514e-08,9.95999830833131e-09,9.627493004056036e-06,2.1245127730002875e-05,0.9999691068557606
2022-10-13,4,Risk-Off,3.0358832507167763e-09,2.3064936739616603e-09,3.564229984363205e-06,1.445242776095975e-05,0.9999819779991946
2022-10-14,4,Risk-Off,7.217028081019512e-09,4.459394879544581e-09,7.0895554964203e-06,8.176893727448513e-06,0.9999847218735576
2022-10-17,4,Risk-Off,1.1377013683127875e-07,3.638447911415756e-08,3.9879216468293054e-05,7.077335675337846e-06,0.9999528932930566
2022-10-18,4,Risk-Off,2.1142524384604677e-06,5.571104592616714e-07,0.000277770786028,4.914222097969069e-06,0.9997146436291372
2022-10-19,4,Risk-Off,2.4599268042216616e-05,4.979723805313371e-06,0.0004866735665462,6.632625689180818e-06,0.9994771148163248
2022-10-20,4,Risk-Off,0.0001758000305755,3.6794876874335696e-05,0.0013181830193862,1.1840652210741449e-05,0.998457381421329
2022-10-21,4,Risk-Off,0.0012087756290993,0.0002615929106134,0.00790220210724,3.5367035190029034e-05,0.9905920623180644
2022-10-24,4,Risk-Off,0.0092484833088629,0.0018881414771794,0.065835051179509,0.000199608794009,0.9228287152400974
2022-10-25,4,Risk-Off,0.0748758102451967,0.01437940503084,0.3907717295427217,0.0003267672510136,0.5196462879293186
2022-10-27,2,Transitional,0.3825137270811393,0.1001164911732342,0.498172741027621,0.0001255834510506,0.0190714572661696
2022-10-28,0,Risk-On,0.4868115441679573,0.3824042140548773,0.1299667673595684,9.690481214591045e-06,0.00080778393717
2022-10-31,1,Late-Cycle,0.1822826164113135,0.4844430541909641,0.3332656138971589,1.184590689420534e-06,7.530910693052796e-06
2022-11-01,2,Transitional,0.3594922464437822,0.2651186554683348,0.3753882006895498,9.49201327498292e-08,8.024789524473553e-07
2022-11-02,0,Risk-On,0.3888164425439452,0.3781819329228057,0.2329902898310039,3.649950903878428e-09,1.1331051964383428e-05
2022-11-03,1,Late-Cycle,0.2725124848364191,0.4140817121863356,0.3134031974146888,4.2421261548031e-09,2.60132117836303e-06
2022-11-04,2,Transitional,0.3385709583188325,0.3329982297186688,0.3284099290990006,5.948776425138617e-10,2.0882268688965385e-05
2022-11-07,0,Risk-On,0.3523164626332853,0.372320044583898,0.2753477692360006,3.723709955326889e-09,1.5719823492852488e-05
2022-11-09,1,Late-Cycle,0.3066215259167716,0.3940394489662979,0.2993292655779294,2.4171168613291383e-09,9.75712188471894e-06
2022-11-10,2,Transitional,0.325199169233053,0.3560333671339888,0.3187520906118578,1.4053860805319031e-09,1.5371616203061842e-05
2022-11-11,0,Risk-On,0.3468264602211154,0.3622570659879985,0.2909163153623285,5.3693678357018115e-09,1.5305918129118278e-07
2022-11-14,1,Late-Cycle,0.3213708163031528,0.3862844143745904,0.2923444763124169,1.9398531849560903e-10,2.92815826667287e-07
2022-11-15,2,Transitional,0.3218203917399456,0.3660442687550718,0.3121350465646134,1.6469072404438608e-10,2.9277532119412965e-07
2022-11-16,0,Risk-On,0.3397377049421667,0.359832301847195,0.3004284727543197,1.2396315131883958e-10,1.5203317537101325e-06
2022-11-17,1,Late-Cycle,0.3306067838925338,0.3806399449755837,0.2887522024056959,2.506016804717401e-10,1.068475763679488e-06
2022-11-18,2,Transitional,0.3169430780874607,0.3778291378059364,0.30520855732839,2.1875477040032307e-10,1.922655925546088e-05
2022-11-21,0,Risk-On,0.3312417962325148,0.3606362714571259,0.3080514269315105,3.54276544333355e-09,7.050183663826982e-05
2022-11-22,1,Late-Cycle,0.3353897791940832,0.3744957460550944,0.2901086546245549,7.76353099543566e-09,5.8123629772461294e-06
2022-11-23,2,Transitional,0.3189780819279672,0.3814743137316531,0.2995167218901851,1.052709696432646e-09,3.088139724974774e-05
2022-11-24,0,Risk-On,0.3241293681267626,0.3659474733150674,0.309869785308355,8.34521523820148e-09,5.3364904248361565e-05
2022-11-25,1,Late-Cycle,0.338159697546315,0.3638588109016348,0.2979618570402472,1.0102242437385e-08,1.9624409207526148e-05
2022-11-28,2,Transitional,0.3251863067182983,0.3849140994501713,0.2898972486985315,2.501196720820527e-09,2.342632152099681e-06
2022-11-29,0,Risk-On,0.3188507830265203,0.3683198098055966,0.3128054396710121,5.140968873118771e-10,2.3966983336418898e-05
2022-11-30,1,Late-Cycle,0.339901257742824,0.3643860950466424,0.2956970128131636,3.308519149033029e-09,1.5631088135605534e-05
2022-12-01,2,Transitional,0.3222250989293972,0.3841744881067266,0.2935340486473169,3.3653976800517286e-09,6.636095195665754e-05
2022-12-02,0,Risk-On,0.319381247852754,0.3675880906045218,0.3129936937815845,8.950710739625787e-09,3.695881070305262e-05
2022-12-05,1,Late-Cycle,0.3420847069503877,0.3601339678923241,0.2977310311150234,5.806716935806901e-09,5.028823594569792e-05
2022-12-06,2,Transitional,0.3226362062583965,0.3926542504066095,0.2846167603210857,8.258828621771542e-09,9.27747548458993e-05
2022-12-07,0,Risk-On,0.3079832611430411,0.3653494718885195,0.326358288135612,1.4276408831494661e-08,0.0003089645558031
2022-12-08,1,Late-Cycle,0.356432255576213,0.3462516627957231,0.2971186447877923,3.9971954056344004e-08,0.0001973968674219
2022-12-09,2,Transitional,0.3195255311217255,0.4122273133727474,0.2675493118675359,2.8361103840682385e-08,0.0006978152773206
2022-12-12,0,Risk-On,0.2851904763075392,0.3601830928482091,0.3503205113863022,5.9471340852508274e-08,0.0043058599871617
2022-12-13,1,Late-Cycle,0.3717942916133733,0.3159617641535993,0.2898267242818536,1.180678529921954e-07,0.0224171018829829
2022-12-14,2,Transitional,0.2724602683285479,0.4431150933408889,0.2210502529509334,5.192894216542977e-07,0.0633738660905866
2022-12-15,4,Risk-Off,0.1547082086096852,0.2984619413831229,0.3826602149107075,1.0214886676744643e-06,0.1641686136083146
2022-12-16,4,Risk-Off,0.1462332641599762,0.1644419314550178,0.1647030835447012,5.980605570085132e-07,0.5246211227793788
2022-12-19,4,Risk-Off,0.0950828804326559,0.1722339377521051,0.1089475283093087,2.9926263957803813e-06,0.6237326608788808
2022-12-20,4,Risk-Off,0.0293276887114104,0.1015175486644147,0.1359356647723782,3.916123116163137e-06,0.7332151817279157
2022-12-21,4,Risk-Off,0.005575156316539,0.0274844589625687,0.0440504238556071,1.894113806905012e-06,0.9228880667520124
2022-12-22,4,Risk-Off,0.0004197102909419,0.0043554597877139,0.0108990896071144,1.992273805018774e-06,0.9843237480411908
2022-12-23,4,Risk-Off,1.118390805801374e-05,8.592982687275524e-05,0.0002449617440004,1.967892437572985e-06,0.999655956629102
2022-12-26,4,Risk-Off,9.739911641202855e-07,5.533400472648827e-06,0.0001547345942707,1.8770918846161648e-06,0.9998368809223412
2022-12-27,4,Risk-Off,4.220659035914977e-07,5.918607308144677e-07,8.769833977838007e-05,1.3547073165077255e-06,0.9999099330270108
2022-12-28,4,Risk-Off,3.04989067826598e-07,3.509170174876105e-07,0.0001037926745907,1.5143299847344946e-06,0.9998940370889344
2022-12-29,4,Risk-Off,1.918081264030615e-07,2.2286669854081799e-07,6.808634790869168e-05,1.5003348443503646e-06,0.999929998643014
2022-12-30,4,Risk-Off,1.1045545338673218e-07,1.0814055620398073e-07,4.428831080299628e-05,1.805079693526624e-06,0.9999536880142412
2023-01-02,4,Risk-Off,1.654210465308032e-07,1.318295376320945e-07,6.810978894884281e-05,1.4831657002555788e-06,0.9999301097955
2023-01-03,4,Risk-Off,2.748909372374943e-07,2.189208073095832e-07,8.817084419338527e-05,1.3855348424122118e-06,0.9999099498093144
2023-01-04,4,Risk-Off,4.004123718568002e-07,3.246435493998674e-07,0.0001057970723363,2.1626172965645647e-06,0.9998913152543464
2023-01-05,4,Risk-Off,4.185812433413887e-07,4.659132336128446e-07,0.0001410811726177,2.404992842938428e-06,0.9998556293408922
2023-01-06,4,Risk-Off,3.201524427436313e-07,2.2453222541403337e-07,4.551226385764757e-05,2.213436324735672e-06,0.9999517296155216
2023-01-09,4,Risk-Off,9.714364450152128e-07,6.091502485131488e-07,0.0002627999743791,2.4283387612410283e-06,0.9997331911003344
2023-01-10,4,Risk-Off,2.650277290704546e-06,1.4867728379533633e-06,0.0001662511846682,4.001618408272439e-06,0.9998256101471446
2023-01-11,4,Risk-Off,2.492161722636916e-06,3.0704525861984296e-06,0.0004588267266729,1.5669033008225285e-05,0.9995199416253956
2023-01-12,4,Risk-Off,1.3270118824506635e-06,1.879755073401666e-06,0.0001487834334193,8.746032567519108e-06,0.999839263767252
2023-01-13,4,Risk-Off,5.06242847205936e-07,5.826524618424217e-07,6.50193240513039e-05,2.065414359921284e-06,0.9999318263664332
2023-01-16,4,Risk-Off,9.128037268105548e-07,7.817349643476382e-07,0.0002732691976301,2.1696077887827108e-06,0.9997228666567368
2023-01-17,4,Risk-Off,2.2009241917653008e-06,9.78070458640526e-07,0.0001008718631391,1.8155201378262452e-06,0.9998941336215718
2023-01-18,4,Risk-Off,1.2924596692357823e-05,3.241157172629254e-06,0.0003966467134868,1.6303758384115243e-06,0.9995855571576012
2023-01-19,4,Risk-Off,0.0002161498933174,2.803923407376384e-05,0.001802091545826,2.690613855467272e-06,0.997951028712352
2023-01-20,4,Risk-Off,0.0012936365288363,0.0003525970853841,0.0041024016150957,8.687459604288398e-06,0.9942426773107318
2023-01-23,4,Risk-Off,0.0015477287287255,0.0015405783522318,0.0052738644973425,7.242650492082139e-06,0.991630585770808
2023-01-24,4,Risk-Off,0.0001973334221433,0.0012810863439889,0.0021200585066971,4.779328373487795e-06,0.9963967423992384
2023-01-25,4,Risk-Off,1.1057766587200115e-05,0.0001141165468423,0.0004620882230348,1.9774676749076542e-06,0.9994107599962376
2023-01-27,4,Risk-Off,1.7183918323763668e-06,4.819434715686715e-06,9.374144996112784e-05,1.551516784947515e-06,0.99989816920705
2023-01-30,4,Risk-Off,1.7756632865191294e-06,1.7238545597923895e-06,0.0002629582817378,3.785582190511205e-06,0.9997297566175972
2023-01-31,4,Risk-Off,2.6697048229818776e-06,2.595497238285723e-06,0.0003084664701953,3.048380452551213e-06,0.999683219948047
2023-02-01,4,Risk-Off,1.0078444182843529e-06,1.8793665691171528e-06,0.0001679931288253,3.0024479328970245e-06,0.9998261172130852
2023-02-02,4,Risk-Off,3.093268826202539e-07,3.255949639071651e-07,4.151999567112176e-05,1.7461649053536877e-06,0.9999560989177354
2023-02-03,4,Risk-Off,1.1267103480568709e-06,5.431088167667345e-07,0.0002024133418648,1.728428902945325e-06,0.9997941884102856
2023-02-06,4,Risk-Off,5.337502377171289e-06,2.3200410632157035e-06,0.0002705082763137,1.553901536534683e-06,0.9997202802793566
2023-02-07,4,Risk-Off,1.3757492373495415e-05,7.112561257636648e-06,0.0006043522509533,2.059763952728521e-06,0.9993727179316538
2023-02-08,4,Risk-Off,4.959254633238714e-05,1.7455037718145588e-05,0.0002771349984118,2.1448689777029827e-06,0.9996536725488356
2023-02-09,4,Risk-Off,0.0001073008110696,6.228946654058543e-05,0.0025707075571284,4.976826754618969e-06,0.9972547253377124
2023-02-10,4,Risk-Off,0.0003872998186273,0.0001539985656359,0.0011333052181605,2.5773294617845057e-06,0.998322819067766
2023-02-13,4,Risk-Off,0.0003323180020576,0.0003491078195536,0.0012368416258843,2.3962173693702667e-06,0.9980793363353064
2023-02-14,4,Risk-Off,0.0007486752592671,0.0004161519088092,0.0030652768528508,4.892091836163074e-06,0.9957650038875812
2023-02-15,4,Risk-Off,0.0010603356380907,0.0009456315609944,0.0032659752161177,5.163401114924841e-06,0.9947228941829614
2023-02-16,4,Risk-Off,0.0001944443987863,0.0009277305789226,0.0023950886815171,3.751345688536317e-06,0.9964789849949134
2023-02-17,4,Risk-Off,1.981008040580118e-05,0.0001189293392607,0.0004208873628599,1.8675895041110028e-06,0.999438505628571
2023-02-20,4,Risk-Off,4.502009430231539e-06,1.3540978276319606e-05,0.0002014661136696,2.219917089966275e-06,0.9997782709816032
2023-02-21,4,Risk-Off,2.371176791495909e-06,4.453366204029151e-06,0.0003847148389962,1.84773887482688e-06,0.9996066128796106
2023-02-22,4,Risk-Off,1.0052754198877649e-06,1.4116162597615165e-06,0.0001023028497164,1.961752153508748e-06,0.9998933185062776
2023-02-23,4,Risk-Off,6.511927248976931e-07,6.357384190486502e-07,0.0001170481079501,2.519364716721054e-06,0.9998791455966632
2023-02-24,4,Risk-Off,2.5566915810363088e-06,1.0349808403940922e-06,0.000160051952955,1.85036205732856e-06,0.9998345060125908
2023-02-27,4,Risk-Off,7.222276269271285e-06,4.766598579966096e-06,0.0007103489336898,3.2661853262188687e-06,0.9992743960057524
2023-02-28,4,Risk-Off,1.087191956398952e-05,8.277101514393466e-06,0.0002807023732334,2.3785823064911228e-06,0.9996977700233792
2023-03-01,4,Risk-Off,9.042326493269258e-06,9.236273937497038e-06,0.0003482615516686,1.9270589580309715e-06,0.99963153278953
2023-03-02,4,Risk-Off,2.2375903337333302e-05,1.1586032814033528e-05,0.0004364140437892,2.514565736717224e-06,0.9995271094541504
2023-03-03,4,Risk-Off,5.2572865144763925e-05,2.8379571162116505e-05,0.0010121620929196,2.471185271773041e-06,0.9989044142846052
2023-03-06,4,Risk-Off,0.0001036215471074,6.208328086652055e-05,0.0006543113681496,2.3268580223715346e-06,0.999177656945236
2023-03-08,4,Risk-Off,6.423195459856445e-05,0.0001056878319684,0.0012391849772932,2.963841448102969e-06,0.9985879313952696
2023-03-09,4,Risk-Off,1.974116712391085e-05,5.865155212869272e-05,0.0007517326944921,2.3488668694179808e-06,0.9991675257185632
2023-03-10,4,Risk-Off,2.12318276029437e-06,7.36165482430688e-06,9.022239307915956e-05,1.5475659873500798e-06,0.9998987452024908
2023-03-13,4,Risk-Off,5.39596741268937e-07,1.4723127427670164e-06,0.0002451520463443,9.515781900555629e-06,0.9997433202630228
2023-03-14,4,Risk-Off,6.62556816814002e-08,9.502214071529293e-08,1.6433809378817877e-05,2.752334240323952e-06,0.9999806525791324
2023-03-15,4,Risk-Off,3.219948429093986e-08,3.1668890700726655e-08,2.743497271848189e-05,2.3563817981456e-06,0.999970144777786
2023-03-16,4,Risk-Off,1.83610041855538e-08,1.659993522281666e-08,1.4714343011882056e-05,3.178297800287664e-06,0.9999820723975908
2023-03-17,4,Risk-Off,1.8010940566645162e-08,1.4540654198353854e-08,1.526538946765414e-05,3.0135501573772005e-06,0.9999816885086524
2023-03-20,4,Risk-Off,3.656664987348258e-08,2.5432128924871996e-08,2.6672145801124613e-05,7.697282944783154e-06,0.9999655685731006
2023-03-21,4,Risk-Off,1.1982884512473558e-07,7.753841229110818e-08,6.016315840159093e-05,5.051797047864671e-06,0.9999345876771096
2023-03-22,4,Risk-Off,2.264495243529937e-07,2.104941334662354e-07,0.0001105520377705,3.991626799714655e-06,0.9998850193920824
2023-03-23,4,Risk-Off,1.1889250424262625e-07,1.252937663980251e-07,4.262566316634349e-05,2.4682628751633874e-06,0.9999546618874608
2023-03-24,4,Risk-Off,1.7560752894932038e-07,9.286408856115499e-08,4.505567144480897e-05,1.607581508695849e-06,0.9999530682752472
2023-03-27,4,Risk-Off,3.196825733474709e-06,5.362793702452488e-07,0.0001929998984604,2.5158249365276955e-06,0.9998007511715132
2023-03-28,4,Risk-Off,8.076339395292482e-05,9.826293982269218e-06,0.0009245682460736,5.661855730679304e-06,0.9989791802107788
2023-03-29,4,Risk-Off,0.0018109991632527,0.0002262694937127,0.0286462094363218,4.1803209973661504e-05,0.969274718696688
2023-03-31,4,Risk-Off,0.0240713389742047,0.0040292400089974,0.018416639147206,1.3543655324297046e-05,0.9534692382139548
2023-04-03,4,Risk-Off,0.0186523638890457,0.0223328042948686,0.0368693080272232,3.1244700718381296e-05,0.9221142790888076
2023-04-05,4,Risk-Off,0.0437913264474714,0.0235310793809417,0.2000928086072962,6.244281614810018e-05,0.7325223427481007
2023-04-06,4,Risk-Off,0.1899762001061527,0.0598483859342466,0.170830266324305,6.338791430883316e-05,0.5792817597201634
2023-04-10,4,Risk-Off,0.1786990178692933,0.184414916607254,0.2411645801027311,9.060232665647753e-05,0.39563088309397
2023-04-11,2,Transitional,0.2593286103747493,0.2098905219090596,0.5012655559784644,0.000121581347532,0.0293937303898465
2023-04-12,0,Risk-On,0.4899572114956746,0.3010041639918692,0.1997313096653664,7.39263197520391e-06,0.0092999222151099
2023-04-13,1,Late-Cycle,0.238237395267534,0.4854556771925073,0.273380680165547,2.031466561273112e-06,0.0029242159075309
2023-04-17,2,Transitional,0.3057313257406117,0.3172115681652798,0.3768415642830219,4.6331414022157283e-07,0.000215078497109
2023-04-18,0,Risk-On,0.3910087428284,0.3464857636624168,0.2624605501882184,3.949253010680735e-08,4.490382790684181e-05
2023-04-19,1,Late-Cycle,0.2969070571955748,0.4183200113432549,0.284770497091457,5.574525871682402e-09,2.428794947805017e-06
2023-04-20,2,Transitional,0.3166871639487011,0.3590621592498665,0.3242411956971233,4.2102349673415765e-10,9.480682555425765e-06
2023-04-21,0,Risk-On,0.3444560639602579,0.3636066549664467,0.2917896981679274,2.442970921078609e-09,0.000147580461933
2023-04-24,1,Late-Cycle,0.3202794963430194,0.3808287888072229,0.2988619584165733,3.2774574253993256e-08,2.9723659267208675e-05
2023-04-25,2,Transitional,0.3281492192944308,0.3683571238503876,0.3034833390346411,4.91527081291451e-09,1.0312905058460084e-05
2023-04-26,0,Risk-On,0.3289924693513919,0.3752116556524884,0.2957743480797601,1.8559083544499022e-09,2.152506024087829e-05
2023-04-27,1,Late-Cycle,0.3231165808324195,0.370212662990901,0.3066599479059665,4.522624644677475e-09,1.0803748390474788e-05
2023-04-28,2,Transitional,0.3366560823951212,0.3654602893513122,0.2978831160032077,3.07860090473155e-09,5.091712932189612e-07
2023-05-02,0,Risk-On,0.3263303908056976,0.3807739897457546,0.2928954812822437,2.4965766875889966e-10,1.3791747039830508e-07
2023-05-03,1,Late-Cycle,0.3240022163396688,0.3669397862006647,0.3090567919977985,6.00019421223792e-11,1.205401039134731e-06
2023-05-04,2,Transitional,0.3370639637207257,0.3692350426643069,0.2936992791185059,5.834928911259716e-10,1.7139133450041098e-06
2023-05-05,0,Risk-On,0.3199380041959838,0.3783933777393229,0.3016348845743318,4.904026077250451e-10,3.3733000763339455e-05
2023-05-08,1,Late-Cycle,0.3307418252729107,0.3630432667975546,0.3061991021947376,9.410288418355549e-09,1.579632533018027e-05
2023-05-09,2,Transitional,0.3327672338337564,0.3776531914035533,0.2895734646109471,2.737132948384311e-09,6.1074152195903485e-06
2023-05-10,0,Risk-On,0.3173243336269588,0.3761767617544419,0.3064715409505715,1.4076102253522546e-09,2.736226054065741e-05
2023-05-11,1,Late-Cycle,0.3341912290187144,0.3617827053130488,0.3039963032131743,5.257297347226028e-09,2.975719834059486e-05
2023-05-12,2,Transitional,0.3303253433718321,0.3796491104998459,0.2899694117359712,6.745753813244389e-09,5.612764687749977e-05
2023-05-15,0,Risk-On,0.3149327646606488,0.3756395482356157,0.3093718219829052,1.1672960465119177e-08,5.58534479494554e-05
2023-05-16,1,Late-Cycle,0.3383384915945258,0.3546844015321356,0.3069065263473151,9.401632784051785e-09,7.057112477127819e-05
2023-05-17,2,Transitional,0.3325534233157777,0.3894181256010582,0.278025387195618,1.1431497065933054e-08,3.052455505130164e-06
2023-05-18,0,Risk-On,0.3057502361181823,0.3788924863885694,0.3151682268122924,1.4247971326891515e-09,0.0001890492561293
2023-05-19,1,Late-Cycle,0.3399297382584804,0.3531729679079428,0.3068125521056048,4.093009835010244e-08,8.470079717885435e-05
2023-05-22,2,Transitional,0.3332566391962797,0.3809756107548322,0.2857590730946578,1.3304212774466137e-08,8.663650194919913e-06
2023-05-23,0,Risk-On,0.3153746152920134,0.3782447488284352,0.3063451292447733,2.492413561951417e-09,3.550414224078336e-05
2023-05-24,1,Late-Cycle,0.3313982127787548,0.3636223192493949,0.3049189200506743,6.503611766976291e-09,6.054141732462353e-05
2023-05-25,2,Transitional,0.3312881021802251,0.3725122620895144,0.296143061143331,1.098522671423838e-08,5.656360187271581e-05
2023-05-26,0,Risk-On,0.3235793109743232,0.3770293480235339,0.2993692119699087,9.112292597379056e-09,2.211991979464726e-05
2023-05-29,1,Late-Cycle,0.3261315384360101,0.368071549424568,0.3057433030594029,4.983791473676906e-09,5.360409535275307e-05
2023-05-30,2,Transitional,0.3326667435224323,0.3703419068844918,0.2969476930132446,8.901071731497341e-09,4.3647679059965245e-05
2023-05-31,0,Risk-On,0.3231145345912977,0.3786169729977283,0.2981523933750323,7.719810805899765e-09,0.0001160913165813
2023-06-01,1,Late-Cycle,0.3229870796252623,0.3690009065139402,0.3075732064835105,2.9219837728999813e-08,0.0004387781579584
2023-06-02,2,Transitional,0.3324198700869645,0.3678941356590599,0.2992467772013625,9.93692082783716e-08,0.0004391176832398
2023-06-05,0,Risk-On,0.3226383226226149,0.3783186883884967,0.2989058630689885,1.281394230389429e-07,0.0001369977810059
2023-06-06,1,Late-Cycle,0.3264807070363125,0.3615270979577029,0.3116822437617096,7.108710957971196e-08,0.0003098801562897
2023-06-07,2,Transitional,0.336028269543786,0.3765483531449051,0.2873152082422073,1.0303645964555056e-07,0.0001080660325857
2023-06-08,0,Risk-On,0.310217276652954,0.3781701916209542,0.3113701503787308,3.663189301334789e-08,0.0002423447148938
2023-06-09,1,Late-Cycle,0.3405201982462407,0.348946431863191,0.3101392763859477,7.804066766056886e-08,0.0003940154636186
2023-06-12,2,Transitional,0.3319188971690657,0.3952831389540009,0.2727976785932121,1.1840979821335697e-07,1.668733351244936e-07
2023-06-13,0,Risk-On,0.3074428657898908,0.3761799620285019,0.3163723638578403,3.4479332724474583e-09,4.804875341727219e-06
2023-06-14,1,Late-Cycle,0.3413275761853874,0.3681649347700135,0.2905071371046903,1.221707921878235e-09,3.507174755243089e-07
2023-06-15,2,Transitional,0.3190359883178969,0.3843219729380674,0.2966363271821274,1.2018885562190876e-10,5.711442520678639e-06
2023-06-16,0,Risk-On,0.3250350425292064,0.3677620043751695,0.3072016756135793,1.1239782315864034e-09,1.2763571832120009e-06
2023-06-19,1,Late-Cycle,0.3369514227195256,0.3694527950295249,0.2935934477259024,2.7333650408773637e-10,2.334252235509634e-06
2023-06-20,2,Transitional,0.3211842135757904,0.3888470609512925,0.2899686748246925,5.466842699715496e-10,5.0101851671189976e-08
2023-06-21,0,Risk-On,0.3247859663714596,0.371028300326909,0.3041844363088546,2.589123528928702e-11,1.2969672394534634e-06
2023-06-22,1,Late-Cycle,0.3274422100680174,0.3844113532315223,0.288146230382544,3.013313838313062e-10,2.060163591928287e-07
2023-06-23,2,Transitional,0.3202610434565604,0.3674020952658414,0.3123327644996253,4.9585829169227605e-11,4.096728325918327e-06
2023-06-26,0,Risk-On,0.3410017689548059,0.3775768618555115,0.2814212888585578,1.7815995219153924e-09,7.854960443701912e-08
2023-06-27,1,Late-Cycle,0.3090666127976916,0.3985639513144222,0.2923690006034587,1.1704878413423331e-10,4.351677027629585e-07
2023-06-28,2,Transitional,0.3203263062050063,0.3599391037635702,0.3196976327805566,1.08000242002524e-10,3.695714347961538e-05
2023-06-30,0,Risk-On,0.3438400572151797,0.3663128021551503,0.2898448017479686,5.516101116427352e-09,2.3333655544205973e-06
2023-07-03,1,Late-Cycle,0.3219003347731078,0.3844903632989616,0.2936091111754239,4.3574574590301926e-10,1.903161150782853e-07
2023-07-04,2,Transitional,0.3262014603970895,0.3760018067072577,0.2977966810607355,3.8000184732321596e-11,5.17960758850833e-08
2023-07-05,0,Risk-On,0.3270685511878842,0.3790079063768992,0.2939234930235085,8.526813538745648e-12,4.940374847871752e-08
2023-07-06,1,Late-Cycle,0.3267664186981552,0.3753510899645596,0.2978820686276623,7.791377171570922e-12,4.2270247462487206e-07
2023-07-07,2,Transitional,0.3247043415845899,0.3792442012386426,0.2960505395981469,5.610658543277789e-11,9.175232891081906e-07
2023-07-10,0,Risk-On,0.3264333709177703,0.3694525673442433,0.3041042029325252,1.4538304238766727e-10,9.85866008824514e-06
2023-07-11,1,Late-Cycle,0.3299758707354715,0.3759471617954836,0.2940767085289096,1.4414560614800248e-09,2.57498940438878e-07
2023-07-12,2,Transitional,0.3276214329076551,0.3702560396358981,0.3021218714063806,5.6486174536185477e-11,6.559935286463011e-07
2023-07-13,0,Risk-On,0.3318808256643416,0.3840734646083321,0.284045659054126,1.0146143219138096e-10,5.0572117930815946e-08
2023-07-14,1,Late-Cycle,0.3140587455979231,0.3838242916266899,0.3021166651839353,8.674806977651541e-12,2.975828818059003e-07
2023-07-17,2,Transitional,0.33247609322673,0.3613246520169413,0.3061990048136074,4.4375610735794246e-11,2.498980337087195e-07
2023-07-18,0,Risk-On,0.3367156155174824,0.3782454180547357,0.285038807598894,3.760170352958503e-11,1.5879130090700946e-07
2023-07-19,1,Late-Cycle,0.3152894857510612,0.3876764226887271,0.2970340383480671,3.1129718592708816e-11,5.318107347657681e-08
2023-07-20,2,Transitional,0.3284949336120113,0.3605861247573928,0.3109187803947716,1.0825464896064416e-11,1.612248088803019e-07
2023-07-21,0,Risk-On,0.341455925081389,0.3742154943270619,0.284322674266336,2.3617080754761615e-11,5.906301046691227e-06
2023-07-24,1,Late-Cycle,0.3075655282514085,0.392334799994714,0.3000989197600692,7.292418703613389e-10,7.512639445132485e-07
2023-07-25,2,Transitional,0.3351132706723986,0.3405039855372717,0.3243813808582708,1.0506313567041416e-10,1.3628276594760494e-06
2023-07-26,0,Risk-On,0.3549324071935193,0.3901756499653712,0.2548913909229459,2.6486139390536446e-10,5.516524482564034e-07
2023-07-27,1,Late-Cycle,0.2736438891303882,0.405759148048457,0.3205916703554072,7.997277978300407e-11,5.292385850202336e-06
2023-07-28,2,Transitional,0.3599150656227488,0.2943502224725682,0.3456970804596579,6.041240442364327e-10,3.763084129860313e-05
2023-07-31,0,Risk-On,0.3729965260540967,0.4292793614869662,0.1977135598699134,9.791449960002928e-09,1.0542797685222189e-05
2023-08-01,1,Late-Cycle,0.2029841648469716,0.4309063750699367,0.3637184054700675,3.6764786849171003e-09,0.0023910509368068
2023-08-02,2,Transitional,0.1108572145084491,0.2227604191778963,0.2786249424984856,1.3134669501929702e-08,0.3877574106797323
2023-08-03,4,Risk-Off,0.0858641381243014,0.1191802158122928,0.1295290200391687,1.6640396313047408e-06,0.6654249619847703
2023-08-04,4,Risk-Off,0.0744797765991455,0.0938198169526201,0.0819961710279543,3.046033135272504e-06,0.749701189387541
2023-08-07,4,Risk-Off,0.0607265462674347,0.0853788687737478,0.0730386295735919,8.096233181075972e-06,0.7808478591523499
2023-08-08,4,Risk-Off,0.0436753429137251,0.0683677755041164,0.0660764737152953,5.503219590226447e-06,0.8218749046480497
2023-08-09,4,Risk-Off,0.022138472216555,0.0484308133124685,0.0460699824979141,6.327998306104352e-06,0.8833544039742004
2023-08-10,4,Risk-Off,0.0073210113881743,0.0234792420006866,0.0315445139018456,5.980713885717042e-06,0.9376492519946428
2023-08-11,4,Risk-Off,0.0016840512800331,0.00703347842607,0.0117421530931281,3.5081034068951294e-06,0.9795368090973052
2023-08-14,4,Risk-Off,0.0002794438756301,0.0014167102591151,0.0030414590703083,2.7479999490237486e-06,0.9952596387955804
2023-08-16,4,Risk-Off,4.163617393408959e-05,0.0002095213200092,0.0006524454794421,3.284561917667896e-06,0.9990931124643522
2023-08-17,4,Risk-Off,5.665620157993423e-06,3.0048879555072863e-05,0.0003786412268425,3.1160993093997035e-06,0.99958252817452
2023-08-18,4,Risk-Off,1.263556147689917e-06,2.8606895590794203e-06,0.0001169682926703,2.824743777213517e-06,0.999876082717009
2023-08-21,4,Risk-Off,1.5922239764506977e-06,9.56396572963267e-07,9.935241025738994e-05,3.623825935983361e-06,0.999894475142568
2023-08-22,4,Risk-Off,8.17746252811515e-06,3.4085524332280395e-06,0.0007020866198754,7.472281795841662e-06,0.999278855082622
2023-08-23,4,Risk-Off,2.596472910242716e-05,1.37209395304032e-05,0.0003920370403187,5.6571761422577046e-06,0.9995626201140144
2023-08-24,4,Risk-Off,1.2058839384642991e-05,2.40379209219538e-05,0.0008021919243969,7.209582619637607e-06,0.9991545017329624
2023-08-25,4,Risk-Off,8.282216191120181e-06,9.083130439890623e-06,0.0001988205084922,5.073250508019166e-06,0.999778740895264
2023-08-28,4,Risk-Off,9.009295760430916e-06,7.311266114964336e-06,0.0003137083756671,5.141815678550829e-06,0.99966482924634
2023-08-29,4,Risk-Off,4.950514146560564e-05,1.4058533271695626e-05,0.0007678202420619,6.697494876490141e-06,0.99916191858903
2023-08-30,4,Risk-Off,0.0002834419713489,7.125054612552762e-05,0.0013389037085881,1.3924787873482415e-05,0.9982924789859948
2023-08-31,4,Risk-Off,0.001406979845084,0.0003733107370195,0.0107996004117003,6.727251442644403e-05,0.9873528364910792
2023-09-01,4,Risk-Off,0.0145790965841545,0.0025491694522262,0.1232234677194351,0.0001510963821376,0.8594971698626359
2023-09-04,4,Risk-Off,0.1196787808755122,0.0243237795260374,0.1965577396966531,0.0002502568988607,0.6591894430033807
2023-09-05,4,Risk-Off,0.1955370366260578,0.1226579722680387,0.2171249274585885,0.0002982069961877,0.4643818566511135
2023-09-06,4,Risk-Off,0.2228379397348057,0.2100387720481277,0.251708240597142,0.0008308539579798,0.3145841936614693
2023-09-07,4,Risk-Off,0.264196517785109,0.2500901233611922,0.3248931537534439,0.0002131157016277,0.1606070893984155
2023-09-08,2,Transitional,0.3377931253993025,0.2948380438067122,0.3266143510882848,7.243696846426956e-05,0.040682042736659
2023-09-11,0,Risk-On,0.3462885009164334,0.3693518743972112,0.279620610001075,1.5978771564308736e-05,0.0047230359129447
2023-09-12,1,Late-Cycle,0.3062702728151798,0.3875890579941103,0.3054548852835894,5.038455318806165e-06,0.0006807454525607
2023-09-13,2,Transitional,0.3320323249658455,0.3541448501049815,0.3137269871674052,4.807881541038478e-07,9.535697383310353e-05
2023-09-14,0,Risk-On,0.3386314469948922,0.3746589159043605,0.2866830321785646,4.797432951060319e-08,2.6556947763931756e-05
2023-09-15,1,Late-Cycle,0.3140832430277881,0.3812733669027465,0.3046152979193392,2.3795795494561184e-08,2.806835403185637e-05
2023-09-18,2,Transitional,0.3320622121842314,0.3592270922147451,0.3086841051949229,1.2891773235368193e-08,2.65775136487944e-05
2023-09-20,0,Risk-On,0.3346184075279852,0.3748252058129057,0.2901821288474734,9.84058425963874e-09,0.0003742479709201
2023-09-21,1,Late-Cycle,0.3135361127396357,0.3839886480034934,0.3013142245005001,1.063800207200015e-07,0.0011609083755879
2023-09-22,2,Transitional,0.3241055942315387,0.3579139719966146,0.3162653220833615,2.75913470214607e-07,0.0017148357745774
2023-09-25,0,Risk-On,0.3412904374677656,0.3669910337254894,0.2905832974628351,1.4838021979283745e-06,0.0011337475411348
2023-09-26,1,Late-Cycle,0.3141312264973189,0.3974245371924261,0.2874040451978428,2.3646618307882202e-07,0.0010399546456168
2023-09-27,2,Transitional,0.3029034537923322,0.3552127492626433,0.3319956468842825,5.142154438396593e-08,0.0098880986400287
2023-09-28,0,Risk-On,0.3201391670737702,0.3396748089362552,0.2740692575485337,1.2917652574485834e-07,0.0661166372657676
2023-09-29,1,Late-Cycle,0.2345883442187179,0.3774331395922797,0.2523337132967119,3.262677470243377e-06,0.1356415402155583
2023-10-03,2,Transitional,0.1474703164274032,0.2612542827537037,0.2934806285591566,2.9495198159305257e-06,0.2977918227393283
2023-10-04,4,Risk-Off,0.1161665559426663,0.1630269174076829,0.1551823410785109,2.335341556641419e-06,0.5656218502304764
2023-10-05,4,Risk-Off,0.080196094728881,0.132072866655823,0.1134725080739079,3.6034635544324887e-06,0.6742549270783734
2023-10-06,4,Risk-Off,0.0438982182737481,0.0870683612591472,0.0955356898253302,3.883205967563992e-06,0.7734938474352829
2023-10-09,4,Risk-Off,0.0203179161409753,0.0473389484811699,0.0505916176553654,3.281975107760065e-06,0.8817482357481341
2023-10-10,4,Risk-Off,0.0069489044974802,0.0211782450950947,0.0297743363315266,3.4635518826513077e-06,0.9420950505239978
2023-10-11,4,Risk-Off,0.0015738710230916,0.0065714299417214,0.0104720210083918,4.890497534454048e-06,0.9813777875301044
2023-10-12,4,Risk-Off,0.0002843944348411,0.0013579082003038,0.0028642555883738,2.684037155178483e-06,0.9954907577384804
2023-10-13,4,Risk-Off,6.05930959475918e-05,0.00022087827215,0.0008072832044445,2.466064937493999e-06,0.9989087793630598
2023-10-16,4,Risk-Off,2.6370585216144763e-05,5.3039993427354496e-05,0.0002502502235251,3.101053017163867e-06,0.9996672381441548
2023-10-17,4,Risk-Off,1.2076530352593676e-05,2.851018831576796e-05,0.0014459030168124,7.096374432854071e-06,0.998506413890479
2023-10-18,4,Risk-Off,7.745503724689398e-06,8.386295985921242e-06,0.0001268748242494,2.4513650934218616e-06,0.9998545420102132
2023-10-19,4,Risk-Off,2.6094431645885763e-06,5.55281017563914e-06,0.0003145186844648,3.860289138550895e-06,0.9996734587737336
2023-10-20,4,Risk-Off,3.614540029906353e-06,3.422342860824757e-06,0.0002869728300727,3.045357736920455e-06,0.9997029449286904
2023-10-23,4,Risk-Off,1.950168722558959e-06,2.9467200675777397e-06,0.0002159340320305,2.658232456816058e-06,0.9997765108464284
2023-10-25,4,Risk-Off,6.694794389411316e-07,1.3341107627565062e-06,0.0001533134921695,2.5628330764989235e-06,0.999842120084116
2023-10-26,4,Risk-Off,1.1612527462567986e-07,1.734710159355057e-07,3.2330507078403095e-05,2.3280004318984525e-06,0.9999650518961706
2023-10-27,4,Risk-Off,1.163354427036671e-07,9.798459536258305e-08,5.6069704855615946e-05,1.5602648527565858e-06,0.9999421557108988
2023-10-30,4,Risk-Off,2.2438693843770705e-07,1.6868267134205006e-07,7.989549359851209e-05,1.5317670907478729e-06,0.9999181796689096
2023-10-31,4,Risk-Off,3.544465910227107e-07,2.9384883006285e-07,0.0001016665736636,1.508586611996736e-06,0.9998961765435512
2023-11-01,4,Risk-Off,4.733538206182242e-07,3.885398188273876e-07,0.0001127149193456,2.4205628989204348e-06,0.9998840026235044
2023-11-02,4,Risk-Off,1.1059762320325126e-06,5.675860769037168e-07,0.0001153226714348,1.6462674187450758e-06,0.9998813574993606
2023-11-03,4,Risk-Off,4.515580880790876e-06,2.005530600490065e-06,0.000332089310251,1.6738411869963488e-06,0.9996597157374058
2023-11-06,4,Risk-Off,1.3529642745423224e-05,7.305587167006186e-06,0.0005104985257177,1.887950764499735e-06,0.999466778293138
2023-11-07,4,Risk-Off,1.7848285793077493e-05,1.4960551719543756e-05,0.0004376490475851,2.0749205572765187e-06,0.9995274671947744
2023-11-08,4,Risk-Off,1.1329588389222306e-05,1.7479446417067876e-05,0.0005907263335636,2.0344141323567508e-06,0.9993784302184028
2023-11-09,4,Risk-Off,6.652327956539504e-06,8.918770675602003e-06,0.0002418640446576,4.643149526263355e-06,0.9997379217080324
2023-11-10,4,Risk-Off,1.0226506878359028e-05,5.793776464483567e-06,0.0002262279199745,1.9042774916861017e-06,0.999755847519298
2023-11-13,4,Risk-Off,7.463368613945592e-05,1.6637309389004996e-05,0.0010811477830364,3.680267495470587e-06,0.9988239009543776
2023-11-15,4,Risk-Off,0.0006572404483333,0.000129638514481,0.0028948227635019,5.120127040079085e-06,0.9963131781470296
2023-11-16,4,Risk-Off,0.0028221948357785,0.0008457002559064,0.0137226094211715,8.468383107719633e-06,0.9826010271046524
2023-11-17,4,Risk-Off,0.0127868514596747,0.0037232739460417,0.0266578823844579,2.170140328309425e-05,0.9568102908064812
2023-11-20,4,Risk-Off,0.0296314534128804,0.014156318106169,0.1219742031670524,5.503870998691865e-05,0.8341829866037078
2023-11-21,4,Risk-Off,0.1209548096455982,0.0391032078387606,0.2194753389020358,0.0001495437468392,0.6203170998669867
2023-11-22,4,Risk-Off,0.2248270368709505,0.1292775948737697,0.3898689691715261,9.422119509009168e-05,0.2559321778883422
2023-11-23,2,Transitional,0.3864354683104555,0.250130397465908,0.3131562655640491,9.736909074012851e-05,0.0501804995687566
2023-11-24,0,Risk-On,0.3340126962846207,0.3991141702069402,0.2651615869478003,9.639338876364214e-06,0.0017019072218577
2023-11-28,1,Late-Cycle,0.2990221143633444,0.3806329597394503,0.3203266218824513,1.141298369431284e-06,1.7162715771077824e-05
2023-11-29,2,Transitional,0.3439336974898759,0.3491051377298715,0.3069529201174591,1.2185285425444324e-07,8.122809563116046e-06
2023-11-30,0,Risk-On,0.3359737550132334,0.3806329622728224,0.2833836346773303,1.1666489259029325e-08,9.636369616976856e-06
2023-12-01,1,Late-Cycle,0.3103211336140855,0.3855392516179505,0.3041373955939784,2.1495128168614785e-08,2.1976791113033207e-06
2023-12-04,2,Transitional,0.3331782489711548,0.3536811259277791,0.3131404917415621,5.4429888047776795e-09,1.279166537024633e-07
2023-12-05,0,Risk-On,0.3406761474602321,0.3695934478957318,0.2897302472883956,1.232344190333421e-09,1.5612328260656518e-07
2023-12-06,1,Late-Cycle,0.318723553802465,0.3788967118508873,0.3023795812596869,7.769469305521027e-10,1.5231008300852957e-07
2023-12-07,2,Transitional,0.3326339014023774,0.3618264415629225,0.3055394952790662,8.664927387012307e-11,1.6166901401037516e-07
2023-12-08,0,Risk-On,0.3343541449785571,0.3739287243911494,0.2917170422158691,7.489701547833205e-11,8.833980190371136e-08
2023-12-11,1,Late-Cycle,0.3213426288835893,0.3739783387672949,0.3046787762430769,5.1165644197633555e-11,2.560545549509634e-07
2023-12-12,2,Transitional,0.3342865116541539,0.3614136619522573,0.3042990828037001,2.1112319894449283e-10,7.433785420303488e-07
2023-12-13,0,Risk-On,0.3322156637196692,0.3779117555168115,0.2898724365379551,3.1948150215634186e-10,1.439053491713723e-07
2023-12-14,1,Late-Cycle,0.3192105930552293,0.3706196164125638,0.3101695958484291,2.7526518317893223e-10,1.9440792491368014e-07
2023-12-15,2,Transitional,0.3392910088138592,0.3583483378205788,0.3023604818113391,3.7257737616994555e-10,1.711807566856678e-07
2023-12-18,0,Risk-On,0.3296940783729387,0.3790937679386467,0.2912118361445743,4.780710455216761e-10,3.170662954146705e-07
2023-12-19,1,Late-Cycle,0.321009320931379,0.3725062101499417,0.3064841951120297,5.398794043642424e-10,2.732674851248624e-07
2023-12-20,2,Transitional,0.3331348559858106,0.3622102286574194,0.3046532947086678,1.5660574362926108e-10,1.6204907783081347e-06
2023-12-21,0,Risk-On,0.3335705431356311,0.3702113028057187,0.2962179732611676,3.839101141097224e-10,1.8041395638797695e-07
2023-12-22,1,Late-Cycle,0.3275626043526462,0.3744947803212144,0.2979425862065272,5.876703142612404e-11,2.9061119976327705e-08
2023-12-26,2,Transitional,0.3285086547839771,0.3717490438315853,0.2997422995811365,1.2295855827567856e-11,1.7907447016939871e-09
2023-12-27,0,Risk-On,0.3341573226669277,0.3706189836826153,0.2952236935642531,2.310771218852156e-12,8.398234057905795e-11
2023-12-28,1,Late-Cycle,0.3287592606494988,0.3833605876884465,0.2878801512532939,2.8499518120804804e-13,4.0765746699706644e-10
2023-12-29,2,Transitional,0.3149543359099415,0.3741029050615342,0.310942751114349,1.31157168166386e-13,7.913794564384595e-09
2024-01-01,0,Risk-On,0.3471509550495413,0.347964233588312,0.3048847981559546,1.8946126221642545e-12,1.3204281935634996e-08
2024-01-02,1,Late-Cycle,0.3350986670214884,0.4015391126462956,0.2633622201355149,3.0464827121723328e-12,1.9296021795068712e-10
2024-01-03,2,Transitional,0.2975359683330348,0.3862950703147644,0.3161684193930705,6.126169090809673e-14,5.419589113832473e-07
2024-01-04,0,Risk-On,0.3441079448282138,0.3511181966543296,0.3047726866139639,5.364477370085811e-11,1.1718505551784195e-06
2024-01-05,1,Late-Cycle,0.3327908983058383,0.3886390369110626,0.2785661585075086,1.3356383471823483e-10,3.906142774968047e-06
2024-01-08,2,Transitional,0.3058614851199976,0.381870073205532,0.3122240151710267,5.071826522755171e-10,4.4425996961719176e-05
2024-01-09,0,Risk-On,0.3380572024040948,0.3489917968216902,0.3129452236328338,4.265101594046956e-09,5.772876766394193e-06
2024-01-10,1,Late-Cycle,0.3455681183854498,0.3812333919104105,0.2731980271896725,6.710623276116319e-10,4.618440252936941e-07
2024-01-11,2,Transitional,0.2998565619659258,0.4083425313085689,0.291800872810789,6.800929434998097e-11,3.3847228464434774e-08
2024-01-12,0,Risk-On,0.325430671247438,0.3437999896208113,0.3307670904600396,4.044965154548595e-12,2.248667552959333e-06
2024-01-15,1,Late-Cycle,0.358217349064793,0.3763470263425184,0.2654354300504609,2.407411128744497e-10,1.9430182510338642e-07
2024-01-16,2,Transitional,0.2932120092965614,0.4077685566797681,0.2989873308077908,3.145246928337864e-11,3.210318458729115e-05
2024-01-17,0,Risk-On,0.3246948228159299,0.338637965659142,0.3362424619773894,5.362916538051212e-09,0.0004247441844048
2024-01-18,1,Late-Cycle,0.3585839191566727,0.3679331810114901,0.2734766171929879,1.2846545472156604e-07,6.15417293693496e-06
2024-01-19,2,Transitional,0.3011992847331342,0.4078826129024123,0.2908416626224144,3.6465211048872766e-09,7.643609615046843e-05
2024-01-23,0,Risk-On,0.3129161125661895,0.3483031524644298,0.3373864583340047,1.3539279014993248e-08,0.0013942630958872
2024-01-24,1,Late-Cycle,0.3585473629723198,0.350518554254237,0.290066808473198,3.292510459709109e-07,0.0008669450486956
2024-01-25,2,Transitional,0.312757259493458,0.4000586421410235,0.2871792432380128,4.945233052738909e-07,4.360605109044526e-06
2024-01-29,0,Risk-On,0.3177555096278553,0.3598904236687849,0.3223270020685698,3.185513397591164e-08,2.70327789751832e-05
2024-01-30,1,Late-Cycle,0.3403652735540957,0.3703678992895715,0.2891705020317627,3.695700335903087e-08,9.628816713789682e-05
2024-01-31,2,Transitional,0.3080477612876929,0.376280753695567,0.3147953370004369,4.0781110088680215e-08,0.0008761072343111
2024-02-01,0,Risk-On,0.3401241731371417,0.3396240901032608,0.3194617003595659,3.98319692802248e-07,0.0007896380807346
2024-02-02,1,Late-Cycle,0.3395418276254186,0.3864099216508462,0.2740453988933096,4.53818989502804e-07,2.3980117990494903e-06
2024-02-05,2,Transitional,0.3020426536535766,0.3785648935509377,0.3193202323542063,2.4089294505407823e-08,7.21963516033404e-05
2024-02-06,0,Risk-On,0.3415192826136179,0.3473010132962276,0.3108096826938515,2.4686195845758864e-08,0.0003699967096548
2024-02-07,1,Late-Cycle,0.3304044365721604,0.3770408049068459,0.2923238945204198,1.4097987947215217e-07,0.0002307230213172
2024-02-08,2,Transitional,0.3186452911582026,0.3639207842993112,0.3172440773454603,9.285060916359373e-08,0.0001897543455335
2024-02-09,0,Risk-On,0.3403029103881709,0.3627116425731504,0.296904005352771,8.597779008098382e-08,8.13557076648467e-05
2024-02-12,1,Late-Cycle,0.3178716870633701,0.3793660269527658,0.3026690528164955,6.54320670307984e-08,9.316773481828152e-05
2024-02-13,2,Transitional,0.3274239894619146,0.3545648836865065,0.3173199358161021,4.1763475891237364e-08,0.0006911492713352
2024-02-14,0,Risk-On,0.3362656209401049,0.3697664144130904,0.2916737113044885,2.151194656441164e-07,0.002294038222122
2024-02-15,1,Late-Cycle,0.308202351410213,0.3732226125851564,0.3139751173879614,6.366361481705627e-07,0.0045992819808879
2024-02-16,2,Transitional,0.3364945337529836,0.3400625969627459,0.3205649099097938,1.4812575739310782e-06,0.0028764781165311
2024-02-19,0,Risk-On,0.3430743038361882,0.3770736349012469,0.2797388576811074,4.576020205885595e-07,0.0001127459789776
2024-02-20,1,Late-Cycle,0.3069597807630589,0.3832129640695381,0.3097842689604866,2.5194888402246152e-08,4.29610112806776e-05
2024-02-21,2,Transitional,0.3371210713749437,0.349192390297759,0.3136660867134717,6.458598719904182e-09,2.0445155641884707e-05
2024-02-22,0,Risk-On,0.3400269526118281,0.383420319829801,0.2765525539100334,2.233870848323037e-09,1.7141373175110533e-07
2024-02-23,1,Late-Cycle,0.3090340589078827,0.3850771306412291,0.3058770444295267,5.3637912004177e-11,1.176596794664358e-05
2024-02-26,2,Transitional,0.3299476381739001,0.3620749579202691,0.3079694662799981,1.261301127850165e-09,7.93636363001164e-06
2024-02-27,0,Risk-On,0.336817271122879,0.3661583809900192,0.296987196991342,1.0985975508257316e-09,3.71497972889922e-05
2024-02-28,1,Late-Cycle,0.3244867585348541,0.3901981838792464,0.2853092795989452,6.245946512263748e-09,5.7717414317320535e-06
2024-02-29,2,Transitional,0.3105431058508142,0.3746911872940534,0.3139694848010099,3.776394878358445e-09,0.0007962182780688
2024-03-01,0,Risk-On,0.336207910155308,0.3606719968900077,0.3026756280531859,2.0631184124484457e-07,0.0004442585898692
2024-03-04,1,Late-Cycle,0.3281179483812139,0.3757256760945451,0.2957444491264061,8.490717491212153e-08,0.0004118414906069
2024-03-05,2,Transitional,0.321697798495096,0.3751554757149947,0.3028218245525518,6.807120198171029e-08,0.0003248331656438
2024-03-06,0,Risk-On,0.3266020178799617,0.3661668353344726,0.3066199433176282,9.023956836636653e-08,0.0006111132291635
2024-03-07,1,Late-Cycle,0.332990364517133,0.3713145435957797,0.2946892158390022,7.460188930425675e-08,0.0010058014456452
2024-03-11,2,Transitional,0.3150871737724317,0.3810385080364409,0.299704641714511,2.1477040986660935e-07,0.0041694617065097
2024-03-12,0,Risk-On,0.3094786883367497,0.3606834484050168,0.3021715756808547,9.529025974182056e-08,0.0276661922865258
2024-03-13,1,Late-Cycle,0.2364686444289152,0.3601328686902847,0.2663709227704587,5.031620491329596e-07,0.1370270609484289
2024-03-14,2,Transitional,0.1470756060826103,0.2634800445341645,0.2710932494025937,8.980702645191895e-07,0.3183502019103498
2024-03-15,4,Risk-Off,0.0553922994897274,0.1634989149384064,0.153738992644328,2.3383441877925548e-06,0.6273674545832539
2024-03-18,4,Risk-Off,0.0091153864926508,0.0541205621658493,0.1033306115771032,1.8694564390380975e-06,0.8334315703074482
2024-03-19,4,Risk-Off,0.0009614551217927,0.0060994343619576,0.0128734570636746,1.3108714096398463e-06,0.98006434258092
2024-03-20,4,Risk-Off,0.0001375126940466,0.0006083278190375,0.0013600888551005,1.8968604075231475e-06,0.9978921737720968
2024-03-21,4,Risk-Off,4.447894647463735e-05,0.0001128165108003,0.0004315652848454,2.0003285273818577e-06,0.9994091389295398
2024-03-22,4,Risk-Off,4.344170864872471e-05,4.689869038887842e-05,0.0007986365711952,3.401118074739981e-06,0.9991076219125063
2024-03-26,4,Risk-Off,0.0001529826837895,5.329364645994767e-05,0.0007577777689363,2.054461095292173e-06,0.9990338914394452
2024-03-27,4,Risk-Off,0.0005164280097236,0.000184242976381,0.0030366145647442,4.339995075176063e-06,0.9962583744532804
2024-03-28,4,Risk-Off,0.0029447831289755,0.0007572176217617,0.0147568880962369,1.5024207654774832e-05,0.9815260869447294
2024-04-01,4,Risk-Off,0.0136745728355406,0.0038030252534388,0.0243227724196665,1.0773605982496868e-05,0.958188855885896
2024-04-02,4,Risk-Off,0.0222665491127613,0.0146848195622732,0.026032370887071,1.6997181199560968e-05,0.9369992632562016
2024-04-03,4,Risk-Off,0.0217780249862409,0.0234956301483376,0.0239445890233911,9.051696296975195e-06,0.9307727041465592
2024-04-04,4,Risk-Off,0.0177255193288225,0.0231737620211935,0.0228452783631883,6.019505742301502e-06,0.936249420780674
2024-04-05,4,Risk-Off,0.0181175795247815,0.0205686809177196,0.0226714558281113,6.544677454450961e-06,0.9386357390510248
2024-04-08,4,Risk-Off,0.0195695602453277,0.0204813986923053,0.0269519758283173,7.671497158910575e-06,0.93298939373713
2024-04-09,4,Risk-Off,0.0202067384219341,0.0215906533988035,0.0210200986799192,5.805534912081394e-06,0.9371767039636324
2024-04-10,4,Risk-Off,0.0168410049571742,0.0222499248679387,0.0231455961606158,6.964931404117178e-06,0.9377565090835716
2024-04-12,4,Risk-Off,0.0179739501175431,0.0191830261814831,0.0233221286614356,6.051839388821609e-06,0.9395148432001452
2024-04-15,4,Risk-Off,0.0196150924123717,0.0198412208221071,0.0223838328731165,1.499841680443108e-05,0.938144855475706
2024-04-16,4,Risk-Off,0.0228501602418051,0.0224471688948266,0.0438134270052671,2.90655347046722e-05,0.9108601783235244
2024-04-18,4,Risk-Off,0.0431405729974078,0.027132900425072,0.0667516479740616,5.516676770472957e-05,0.8629197118348763
2024-04-19,4,Risk-Off,0.0750307232523117,0.0476167534012502,0.2654234620084532,9.654713016078772e-05,0.6118325142086075
2024-04-22,4,Risk-Off,0.2616970315481788,0.0970868770690198,0.3406423144931823,9.744994353197596e-05,0.3004763269466286
2024-04-23,2,Transitional,0.3409323145958535,0.2698167830628648,0.3127843083632543,0.0001458878621483,0.0763207061166278
2024-04-24,0,Risk-On,0.3360080120656604,0.3634938439534533,0.2699011848700828,1.3613084645501412e-05,0.0305833460268552
2024-04-25,1,Late-Cycle,0.2911734568093658,0.3882507571775881,0.2949956458660303,3.421358588045392e-06,0.0255767187889401
2024-04-26,2,Transitional,0.3104885500988698,0.3302384672066761,0.3274187716096683,1.1223687641549573e-06,0.0318530887156613
2024-04-29,0,Risk-On,0.349009787740662,0.3483961348759863,0.2630662641651721,9.736132171441375e-07,0.0395268396044465
2024-04-30,1,Late-Cycle,0.2379212034270647,0.4088848147037701,0.2606428556719615,5.591093668397408e-07,0.0925505670884661
2024-05-02,2,Transitional,0.1121269239833624,0.2648863441698004,0.3155200656351104,6.148488040555313e-07,0.3074660513635073
2024-05-03,4,Risk-Off,0.0385598653365604,0.1162362900769582,0.1396923713488553,9.263092786199572e-07,0.7055105469277142
2024-05-06,4,Risk-Off,0.0086465012909959,0.0372773987227969,0.0618381967216015,2.0150273400466582e-06,0.8922358882375537
2024-05-07,4,Risk-Off,0.001291550704977,0.0072139455706232,0.0129328311660114,3.252964764222987e-06,0.9785584195929796
2024-05-08,4,Risk-Off,0.0001088787103179,0.0009281696171859,0.0024066325509508,1.982993058949896e-06,0.9965543361293042
2024-05-09,4,Risk-Off,5.448532285927508e-06,4.398853431849903e-05,0.0002107357288882,1.4513700798909916e-06,0.9997383758343974
2024-05-10,4,Risk-Off,6.897333573793929e-07,1.9807405940111237e-06,7.9751036109859e-05,1.528282433300748e-06,0.999916050207192
2024-05-13,4,Risk-Off,4.109645549916402e-06,8.868169541125883e-07,0.0001402942740888,1.986752472469844e-06,0.999852722510456
2024-05-14,4,Risk-Off,9.986574150935384e-05,1.2298819402012384e-05,0.0015013584182241,5.836647570358278e-06,0.9983806403733904
2024-05-15,4,Risk-Off,0.0022814156861984,0.0002821609623685,0.0275080382552732,5.6856874601024855e-05,0.9698715282214884
2024-05-16,4,Risk-Off,0.0363083064753491,0.0052348749814565,0.283810185241772,0.0001009901171178,0.6745456431850106
2024-05-17,2,Transitional,0.271087946548851,0.0572722882244068,0.2840893425879339,0.0001572044492783,0.3873932181898462
2024-05-21,0,Risk-On,0.2903553285378814,0.2657347540218212,0.2962327984065926,7.267834628309307e-05,0.1476044406876637
2024-05-22,1,Late-Cycle,0.3099644844873668,0.3244833097974132,0.2921090273745965,2.5924027720883343e-05,0.0734172543127583
2024-05-23,2,Transitional,0.3136322962584939,0.3414584931056088,0.3039812225164033,6.938790787676183e-06,0.0409210493280792
2024-05-24,0,Risk-On,0.3269111978817125,0.3544332014727786,0.2785904377512959,1.645479896694992e-06,0.0400635174135979
2024-05-27,1,Late-Cycle,0.2747291884241731,0.3770066830195893,0.2790484972867776,7.555745725988135e-07,0.0692148756941925
2024-05-28,2,Transitional,0.1383884142577653,0.3137875728084214,0.2725100444144273,4.275343697411585e-07,0.2753135409842991
2024-05-29,4,Risk-Off,0.0490967973577011,0.1445332104714247,0.2107505858661589,2.6369167196064217e-06,0.5956167693871278
2024-05-30,4,Risk-Off,0.015630353208445,0.0482972978243874,0.0585184105367629,5.863907385224532e-05,0.8774952993572784
2024-05-31,4,Risk-Off,0.002684173873333,0.0149966994150747,0.0270495499100602,0.0036344221250758,0.9516351546769858
2024-06-03,4,Risk-Off,0.0001485635213846,0.0017897965278052,0.0047752421623865,0.1207875637316423,0.8724988340567594
2024-06-04,3,Post-Shock,6.677613942435612e-10,5.39921640685228e-09,3.691583542746753e-08,0.9340209430280504,0.0659790139899661
2024-06-05,3,Post-Shock,2.0998171948797263e-14,7.5279986661453e-14,8.069527460490627e-12,0.9998797981914044,0.0001202017999148
2024-06-06,3,Post-Shock,9.521584667229894e-19,2.377691290287006e-17,4.358993970326558e-14,0.9999998607909316,1.3920972728777788e-07
2024-06-07,3,Post-Shock,6.280403326386511e-21,1.7365981047295677e-18,3.416443029094452e-15,0.9999999977917468,2.2090367861651233e-09
2024-06-10,3,Post-Shock,3.939154687722585e-21,3.57277076381295e-18,6.404905618614124e-15,0.9999999992724042,7.281436277143532e-10
2024-06-11,3,Post-Shock,8.392188490315108e-21,4.8520812598829566e-18,8.516913012324084e-15,0.9999999992778612,7.215891115142276e-10
2024-06-12,3,Post-Shock,4.903137703518697e-20,3.375539147910054e-17,6.085984673098096e-14,0.9999999987303454,1.2689417172256852e-09
2024-06-13,3,Post-Shock,7.696814865600936e-20,1.7033680722894202e-17,3.0920202089117816e-14,0.9999999976389518,2.361651399462192e-09
2024-06-14,3,Post-Shock,9.966299381634981e-20,2.5290533160306117e-17,4.55253843322533e-14,0.999999998623025,1.376106086166179e-09
2024-06-18,3,Post-Shock,1.529288800953354e-19,6.472440052879026e-17,1.1622565720822817e-13,0.999999996374754,3.6243535288796955e-09
2024-06-19,3,Post-Shock,3.9297420270575754e-20,9.499170605991098e-18,1.6940759615691936e-14,0.999999995168764,4.8317498725970345e-09
2024-06-20,3,Post-Shock,3.9506872265255463e-19,1.4663913257051592e-16,2.510233696294773e-13,0.9999999988540368,1.1450883538991424e-09
2024-06-21,3,Post-Shock,2.3605079365059884e-18,3.5377464715273863e-16,6.289567222332757e-13,0.9999999939082044,6.090494356832145e-09
2024-06-24,3,Post-Shock,6.661365578476814e-19,3.568646958030077e-16,6.209931712302973e-13,0.9999999386582222,6.134068306193135e-08
2024-06-25,3,Post-Shock,5.886722135040627e-20,1.553292651382859e-17,2.6856204922127574e-14,0.999999972756996,2.7243006597007466e-08
2024-06-26,3,Post-Shock,1.0373922245243084e-19,2.7175458532769702e-17,4.3383315804352016e-14,0.9999999988140188,1.1859332819670167e-09
2024-06-27,3,Post-Shock,1.2928477865301725e-18,1.1725267044072724e-16,1.8919038262203494e-13,0.9999999993742676,6.254097245795818e-10
2024-06-28,3,Post-Shock,1.7308639341503617e-18,2.802129752631461e-17,2.1189569511341732e-14,0.9999999969277268,3.07183693067299e-09
2024-07-01,3,Post-Shock,8.719675479448411e-15,1.7901473741374665e-13,5.861932219856673e-11,0.99999999963984,3.0096181933940416e-10
2024-07-02,3,Post-Shock,5.5594270636789545e-11,9.880152865748144e-10,3.774502657766893e-07,0.9999996208244548,6.813070621091888e-10
2024-07-03,3,Post-Shock,3.915668266224769e-07,1.236942033868898e-05,0.005491656120758,0.9944906280891158,4.954802629624406e-06
2024-07-04,3,Post-Shock,0.0050778677175239,0.0030595311331546,0.5826272229113634,0.4092352404305958,1.3780775897840226e-07
2024-07-05,2,Transitional,0.533287105691885,0.0560497977989592,0.3897931822291817,0.0208684156872853,1.498593445015912e-06
2024-07-08,0,Risk-On,0.3957587010227122,0.49104526810835,0.1121587118667815,0.0010350966976506,2.2223053578862143e-06
2024-07-09,1,Late-Cycle,0.1732188842867779,0.4359870244575881,0.3907053949492517,8.65916343955113e-05,2.104672172140348e-06
2024-07-10,2,Transitional,0.4033757298571036,0.2618666537454521,0.3347230799772598,1.2350600374983764e-05,2.21858199914186e-05
2024-07-11,0,Risk-On,0.3551775296390498,0.4123908655210641,0.2324232491121974,7.852856836279161e-07,7.570442569952297e-06
2024-07-12,1,Late-Cycle,0.2734847706614126,0.3977945891742376,0.328720337910747,3.714399265752002e-08,2.6510940927836626e-07
2024-07-15,2,Transitional,0.3543768052952337,0.3350587720976646,0.3105638243268687,1.8170030415354583e-09,5.964629720995721e-07
2024-07-16,0,Risk-On,0.3358406968811179,0.3883010502724147,0.2758573970540688,2.850711490854174e-10,8.555073283835024e-07
2024-07-18,1,Late-Cycle,0.3101153810997965,0.3774640716579486,0.3124195109755014,2.9788865100080476e-10,1.0359686380188838e-06
2024-07-19,2,Transitional,0.3389601414661012,0.361668976552678,0.2993681963488367,1.9529581337099102e-10,2.685436760259804e-06
2024-07-22,0,Risk-On,0.3269137849770736,0.3797516993775512,0.2933310695218213,4.6117412602649934e-10,3.4456620277677154e-06
2024-07-23,1,Late-Cycle,0.3242058051876344,0.3724355062098669,0.3033583909065747,5.463627036243977e-10,2.971502510060005e-07
2024-07-24,2,Transitional,0.3350141038155477,0.374534575548645,0.290448092902221,6.509956184639917e-11,3.227668041913182e-06
2024-07-25,0,Risk-On,0.3130650023129387,0.3880936125382175,0.2988411171063828,6.080546424487863e-10,2.674344673320493e-07
2024-07-26,1,Late-Cycle,0.3359339686452094,0.3501396620386003,0.3139143423269423,4.4316208829731234e-11,1.2026945650631389e-05
2024-07-29,2,Transitional,0.3367020178176672,0.398832964656933,0.2644647082580154,1.7748048823331292e-09,3.074919064478262e-07
2024-07-30,0,Risk-On,0.292321079420567,0.3774458429143467,0.3302315160399554,5.820017672563814e-11,1.5615660850997605e-06
2024-07-31,1,Late-Cycle,0.3683514434525512,0.3344947055013716,0.2971535981537132,1.60674485369048e-10,2.527321370350076e-07
2024-08-01,2,Transitional,0.3219506931823969,0.4382079592228053,0.2398357935233751,5.5588756026496816e-11,5.554016307806901e-06
2024-08-02,0,Risk-On,0.2546390921699867,0.3659184765463182,0.3742377934091005,4.2941488991932687e-10,0.0052046374456436
2024-08-05,1,Late-Cycle,0.2417371895974172,0.2893695787653602,0.2436403711998845,2.9967805272861885e-08,0.2252528304693136
2024-08-06,2,Transitional,0.2332538981391739,0.2738265044656576,0.2490521454089002,7.531348332258059e-06,0.2438599206376683
2024-08-07,0,Risk-On,0.2659964643221308,0.246857671497334,0.2596912210891443,1.4666016355735854e-05,0.2274399770759339
2024-08-08,1,Late-Cycle,0.2623045762068682,0.3104138806594147,0.1874734308053605,2.183313456165678e-05,0.2397862791931243
2024-08-09,2,Transitional,0.1457732921201173,0.3006549249861587,0.261772083408971,1.1722095355598945e-05,0.2917879773899171
2024-08-12,4,Risk-Off,0.0726322706724459,0.1464859343761953,0.2159755751566763,2.41800945345789e-06,0.5649038017859509
2024-08-13,4,Risk-Off,0.0633568227861792,0.0758786705153468,0.0733070277434714,3.7100162641657302e-06,0.7874537689393515
2024-08-14,4,Risk-Off,0.0703748807078896,0.070322693997378,0.0784747128935975,4.287677975466016e-05,0.7807848356212929
2024-08-16,4,Risk-Off,0.0878660552688863,0.0795270543971391,0.2701332861072708,0.0002867046056511,0.5621868996204138
2024-08-19,4,Risk-Off,0.2494073362113754,0.1089698846334348,0.0985798323913641,9.153954203485728e-05,0.5429514072225609
2024-08-20,4,Risk-Off,0.1115659855047112,0.237901551255858,0.1470137260128378,6.483272343231564e-05,0.5034539045023174
2024-08-21,4,Risk-Off,0.164275602001138,0.1456610228411465,0.3635891478263337,0.0001095694106657,0.3263646579205369
2024-08-22,2,Transitional,0.3656008969556827,0.1920392856131001,0.3729271449070763,0.0001047467064724,0.0693279258172787
2024-08-23,0,Risk-On,0.3788830393730187,0.3803610385993307,0.2392493697933274,2.7725877864216795e-05,0.0014788263561636
2024-08-26,1,Late-Cycle,0.2726513016863463,0.4024083650960355,0.3244400340578271,1.6429545165208238e-06,0.0004986562061201
2024-08-27,2,Transitional,0.3475732892391826,0.3259420851263302,0.32605893696059,2.0111714995377225e-07,0.0004254875562083
2024-08-28,0,Risk-On,0.343961768738583,0.3848832969978978,0.2711266965980632,1.3572852515944885e-07,2.810193702215717e-05
2024-08-29,1,Late-Cycle,0.3017739614367136,0.3797534090783459,0.3184310438528738,1.1710255895272331e-08,4.157392211088664e-05
2024-08-30,2,Transitional,0.3422428924035658,0.3541634649219011,0.3035369389980745,1.1879063801094471e-08,5.669179799000287e-05
2024-09-02,0,Risk-On,0.3235534242236016,0.3822813854454739,0.2939999043574693,1.5348445519686248e-08,0.0001652706257847
2024-09-03,1,Late-Cycle,0.3205561707247857,0.3579937995963897,0.3214232479868233,2.3752771302027048e-08,2.6757939833306413e-05
2024-09-04,2,Transitional,0.3523966353970127,0.3637608390715188,0.283842322451274,3.184682493282023e-09,1.9989537321022435e-07
2024-09-05,0,Risk-On,0.3139537365623623,0.4060407496411533,0.2800053247213403,8.407803056829736e-11,1.8899150492509294e-07
2024-09-06,1,Late-Cycle,0.3082065797984558,0.3631741600258181,0.3282636107766774,4.950979232705727e-11,0.0003556493501509
2024-09-09,2,Transitional,0.3511175898977312,0.3563908913617058,0.2923210008693239,8.999428357385037e-08,0.0001704278767439
2024-09-10,0,Risk-On,0.3178231869963105,0.3919201674924207,0.2900110387355108,4.8124549141406004e-08,0.0002455586510891
2024-09-11,1,Late-Cycle,0.3162836835067512,0.364829193902252,0.3185694250712916,6.430593527253601e-08,0.0003176332139883
2024-09-12,2,Transitional,0.3434829261266498,0.3617546337608722,0.2947436363655557,6.591934245377566e-08,1.8737827957084183e-05
2024-09-13,0,Risk-On,0.3223678405388669,0.3825327498987283,0.2950778100097298,7.526647796014361e-09,2.1592025545156667e-05
2024-09-16,1,Late-Cycle,0.3234182762193138,0.3682625266859097,0.3082680506431669,1.692193043038969e-08,5.112952926506162e-05
2024-09-17,2,Transitional,0.3349384009065603,0.3773676680149667,0.2876640798484829,8.848683768924062e-09,2.9842381019987845e-05
2024-09-18,0,Risk-On,0.3097775764115115,0.3792094642853549,0.3108292666589948,6.836904453339818e-09,0.0001836858068725
2024-09-19,1,Late-Cycle,0.3414700921041489,0.3462184960780747,0.3121477615032826,3.417631858793848e-08,0.0001636161374892
2024-09-20,2,Transitional,0.3366672258337513,0.3970767454625343,0.2662559147314747,2.0536261861685724e-08,9.343619622040812e-08
2024-09-23,0,Risk-On,0.2981876907135187,0.3809653886479361,0.3208127607704454,9.520431601675806e-10,3.415891587785125e-05
2024-09-24,1,Late-Cycle,0.3462117350120418,0.3504767668069293,0.3032961867612918,4.149395392998979e-09,1.5307269435368616e-05
2024-09-25,2,Transitional,0.3292115539776287,0.3862068006545437,0.2845327244384171,2.9889262070011227e-09,4.891794068259078e-05
2024-09-26,0,Risk-On,0.3118782444882969,0.3746112769520869,0.3135089857279161,5.26917261112881e-09,1.4875625323746242e-06
2024-09-27,1,Late-Cycle,0.3471898507550407,0.3535839417577718,0.2942909384438285,3.9439359358702725e-10,0.0049352686489814
2024-09-30,2,Transitional,0.1971299455666844,0.4211842379005853,0.2370834699812694,4.894483423142192e-08,0.1446022976075236
2024-10-01,4,Risk-Off,0.0375149538433245,0.2037015966997816,0.3385289755734472,8.453326601067796e-07,0.4202536285501227
2024-10-03,4,Risk-Off,0.003888550366229,0.0272260226337657,0.0583242809947535,9.374427073174416e-07,0.9105602085629266
2024-10-04,4,Risk-Off,0.0003450411838877,0.0022590006068663,0.0056103954875626,1.4712427698321553e-06,0.9917840914794196
2024-10-07,4,Risk-Off,5.5897436207338815e-05,0.0001859825327301,0.0003961067624917,2.120867424394248e-06,0.9993598924010032
2024-10-08,4,Risk-Off,2.5207466790011373e-05,5.160226234618005e-05,0.0007186181987571,2.9169092258719034e-06,0.9992016551622604
2024-10-09,4,Risk-Off,5.187479158266333e-05,3.079189866617385e-05,0.0004624022703118,3.044359911493387e-06,0.9994518866792832
2024-10-10,4,Risk-Off,5.149995368370312e-05,5.654883812054959e-05,0.0011978582910337,4.012819398508892e-06,0.9986900800969856
2024-10-11,4,Risk-Off,3.379499699822825e-05,5.338938451640108e-05,0.0008043162420256,2.572520737825779e-06,0.9991059268565108
2024-10-14,4,Risk-Off,5.992784180021415e-06,2.043685748508549e-05,0.0002449976189495,1.4246465675229934e-06,0.9997271480931494
2024-10-15,4,Risk-Off,1.4767791577993489e-06,3.7060886396836313e-06,0.0001767291000684,2.098540532283817e-06,0.9998159894921106
2024-10-16,4,Risk-Off,6.919944133635822e-07,1.1501870153680524e-06,0.0001519855412018,3.5222163711424143e-06,0.9998426500613586
2024-10-17,4,Risk-Off,3.06816239538045e-07,3.4780812387913053e-07,6.256175094911568e-05,1.3220670624914305e-06,0.9999354615574224
2024-10-18,4,Risk-Off,4.249837987759245e-07,3.242991137013634e-07,0.0001089036985805,1.3098668143625018e-06,0.999889037151214
2024-10-21,4,Risk-Off,4.923497994549387e-07,6.238228439184347e-07,0.000197616413996,2.367495481578533e-06,0.9997988999182684
2024-10-22,4,Risk-Off,3.77468961008627e-08,5.87355691665592e-08,1.2250863167022871e-05,3.93972545762501e-06,0.9999837129288012
2024-10-23,4,Risk-Off,1.2040355459894085e-08,1.0675944408300171e-08,1.133264184683086e-05,6.7598615854429645e-06,0.999981884779491
2024-10-24,4,Risk-Off,1.8626880695656768e-08,1.6766694659282538e-08,1.8906031100815928e-05,5.054807632444818e-05,0.9999305104982148
2024-10-25,4,Risk-Off,6.41128139818937e-09,5.618002730001203e-09,6.5898185004167256e-06,2.321010377161824e-05,0.999970188048434
2024-10-28,4,Risk-Off,5.128547142696782e-09,4.3039256666993715e-09,6.038077773194412e-06,4.834646864084967e-05,0.9999456060219236
2024-10-29,4,Risk-Off,5.259091562009137e-09,4.107592642303383e-09,5.707977727130935e-06,1.3320052713263489e-05,0.9999809626035552
2024-10-30,4,Risk-Off,1.5844261539758845e-08,1.2676973881509992e-08,1.6673035292843386e-05,5.582635829708546e-06,0.9999777158072944
2024-10-31,4,Risk-Off,9.800209991837566e-09,7.3324460523754e-09,7.939398766994173e-06,6.3046744041399e-06,0.9999857387936676
2024-11-01,4,Risk-Off,5.5359181631640517e-08,4.1056700395788286e-08,4.24138387104984e-05,3.296528651965942e-06,0.9999541932170966
2024-11-04,4,Risk-Off,9.045035923529961e-08,6.310485023089089e-08,3.802550458746562e-05,2.577941953405818e-06,0.9999592429987774
2024-11-05,4,Risk-Off,2.552232908211153e-07,1.8252452872071186e-07,9.877435444026784e-05,2.1516078186996654e-06,0.9998986362906214
2024-11-06,4,Risk-Off,3.292464123868092e-07,3.4744606406766895e-07,0.0001113052050204,1.9628184668183587e-06,0.9998860552843696
2024-11-07,4,Risk-Off,1.4662815449476098e-07,1.774016908188906e-07,4.977930795715784e-05,1.7837016706890402e-06,0.9999481129599548
2024-11-08,4,Risk-Off,1.0639812662376797e-07,9.674663681635929e-08,4.5919469691627584e-05,1.6623135443628991e-06,0.999952215071382
2024-11-11,4,Risk-Off,1.386680087395806e-07,1.4390963988127598e-07,8.27879039558031e-05,1.9406082806082765e-06,0.9999149889092656
2024-11-12,4,Risk-Off,3.1988859516317814e-08,3.8167264760456345e-08,1.738373494116791e-05,2.951893363718095e-06,0.999979594215728
2024-11-13,4,Risk-Off,9.46857845822698e-09,8.09109837818536e-09,8.277260866641643e-06,5.290051830457491e-06,0.9999864151281668
2024-11-14,4,Risk-Off,2.8024053658802666e-08,2.2381933223128718e-08,2.782679371164904e-05,7.564399393057928e-06,0.9999645584017056
2024-11-18,4,Risk-Off,1.6023128613101242e-08,1.4571441071260677e-08,1.296404899141246e-05,3.476165558311045e-06,0.999983529190234
2024-11-19,4,Risk-Off,1.4183213039408053e-08,1.1714069168409003e-08,1.2948162771845163e-05,3.582292810992497e-06,0.999983443646394
2024-11-21,4,Risk-Off,2.550639318221686e-08,1.6623659652795886e-08,1.803580828497075e-05,5.408719116192077e-06,0.999976513342756
2024-11-22,4,Risk-Off,1.761682153878507e-07,8.618324000155794e-08,6.721990020459767e-05,1.452041066237824e-06,0.9999310657081194
2024-11-25,4,Risk-Off,8.283466258049206e-07,4.2948882416190965e-07,0.0001747897878043,1.827377359324776e-06,0.9998221249989644
2024-11-26,4,Risk-Off,2.31048604325094e-06,1.3155838894467267e-06,0.0001886576118815,4.923286041237654e-06,0.9998027930315752
2024-11-27,4,Risk-Off,2.3541119411747497e-06,2.9744989905182245e-06,0.0004435847936792,2.695581153829434e-06,0.9995483910141396
2024-11-28,4,Risk-Off,1.849537414563378e-06,1.220519091401955e-06,7.589066529495498e-05,2.451245704585177e-06,0.9999185880332596
2024-11-29,4,Risk-Off,1.1005666911527732e-05,2.2998154411366827e-06,0.0002639507806775,2.6526762658508986e-06,0.999720091061013
2024-12-02,4,Risk-Off,0.0002734595174177,3.3661431479310026e-05,0.0039547737240628,9.142715710183276e-06,0.9957289626112256
2024-12-03,4,Risk-Off,0.0034003683633522,0.0005642256311684,0.0112666390194828,2.350574123403169e-05,0.9847452612450144
2024-12-04,4,Risk-Off,0.0112823765244542,0.0039284476107484,0.0367501091847798,4.367070495428433e-05,0.9479953959749904
2024-12-05,4,Risk-Off,0.0381965577442756,0.0136797079013042,0.1181700085189741,7.747345060900681e-05,0.8298762523849514
2024-12-06,4,Risk-Off,0.1092831376927725,0.0441461297740751,0.0613656368957477,3.360612783268157e-05,0.785171489510348
2024-12-09,4,Risk-Off,0.0648855030222231,0.1049009004761697,0.0772799491064988,4.129062610196301e-05,0.7528923567694003
2024-12-10,4,Risk-Off,0.085938988084156,0.0804935931003675,0.2241915801878671,0.0001184616124646,0.6092573770157821
2024-12-11,4,Risk-Off,0.2245898455644552,0.1029090607284115,0.2501582896029529,0.0001301223395312,0.4222126817642481
2024-12-12,4,Risk-Off,0.25544508555316,0.2363852930692268,0.2438527671973409,0.0002096137183646,0.2641072404613033
2024-12-13,2,Transitional,0.2552421328533569,0.2826595253811245,0.4243673795851386,0.0001612643158171,0.0375696978654029
2024-12-16,0,Risk-On,0.443771253411832,0.2750936349921454,0.2772094416189949,6.842672570694361e-06,0.003918827305161
2024-12-17,1,Late-Cycle,0.3047843433771409,0.4832420783909461,0.2028291607651332,7.134803363228421e-07,0.0091437039868641
2024-12-18,2,Transitional,0.174273496494625,0.3688724106894327,0.4003074750139233,3.1086739389974105e-07,0.0565463069346923
2024-12-19,4,Risk-Off,0.0541407262192438,0.1809311339802754,0.2414066805131149,3.9984742045868934e-07,0.5235210594404018
2024-12-20,4,Risk-Off,0.0071179101042016,0.0459100231237673,0.0861616873706797,3.2550460976481598e-06,0.8608071243550129
2024-12-23,4,Risk-Off,0.0005872913599201,0.0047041188969203,0.0112421340190258,2.554653396593013e-06,0.9834639010703284
2024-12-24,4,Risk-Off,3.9410913205033454e-05,0.0002623215863329,0.0006712114309905,3.088866045641974e-06,0.9990239672028274
2024-12-26,4,Risk-Off,4.627740153276421e-06,2.3146625058450977e-05,0.0002074555386938,5.2935419184685626e-06,0.9997594765548586
2024-12-27,4,Risk-Off,2.176577534249036e-06,3.7611747751248016e-06,0.0002416794511867,1.8686383223544107e-06,0.9997505141584456
2024-12-30,4,Risk-Off,1.631215630303708e-06,2.115310941806697e-06,0.0002100183177943,1.828494013218644e-06,0.9997844066607212
2024-12-31,4,Risk-Off,8.323284245911238e-07,1.1351794720739663e-06,0.000127625848015,1.5254954330704243e-06,0.999868881148643
2025-01-01,4,Risk-Off,6.792985065154762e-07,6.458433914259956e-07,0.0001070974288443,2.330693732434516e-06,0.9998892467355832
2025-01-02,4,Risk-Off,9.62736752942184e-07,8.838692510680158e-07,0.0002041221867891,1.4058593798863186e-06,0.9997926253482576
2025-01-03,4,Risk-Off,7.205130181131985e-07,9.255521001694536e-07,0.0001463632242785,1.396888173671812e-06,0.9998505938228708
2025-01-06,4,Risk-Off,1.955799795565587e-07,3.1950570783428e-07,6.883954289498283e-05,4.4151559649692255e-06,0.9999262302152674
2025-01-07,4,Risk-Off,4.3599173474997195e-08,5.1240005445807296e-08,2.1672511371575088e-05,2.284876976223165e-06,0.9999759477723676
2025-01-08,4,Risk-Off,4.894461732235424e-08,4.2003761196504315e-08,3.5606407432474475e-05,1.7449108029789556e-06,0.9999625577336108
2025-01-09,4,Risk-Off,4.626131101827839e-08,4.0234180263104076e-08,3.022175076864464e-05,2.519050358812161e-06,0.9999671727040976
2025-01-10,4,Risk-Off,4.512693966918159e-08,4.1897717581134034e-08,3.503373989306625e-05,4.4726093024042925e-06,0.9999604066268506
2025-01-13,4,Risk-Off,1.6746412854926142e-08,1.5798576549189695e-08,1.3941484985173094e-05,7.320506679170474e-06,0.9999787054633036
2025-01-14,4,Risk-Off,7.960826167762141e-09,6.660772206313109e-09,8.315626596877856e-06,7.934090678288685e-06,0.9999837356603418
2025-01-15,4,Risk-Off,8.244242878647354e-09,5.869074257136266e-09,7.653534660362202e-06,4.747485214637191e-06,0.9999875848668468
2025-01-16,4,Risk-Off,4.168326453989141e-08,3.16588595271082e-08,3.715821968177385e-05,2.456043910655818e-06,0.999960312394202
2025-01-17,4,Risk-Off,3.9000707257246793e-08,2.9094151690019364e-08,2.0665818523769525e-05,1.844277410005314e-06,0.9999774218088132
2025-01-20,4,Risk-Off,1.413080967656156e-07,8.984893870624483e-08,6.93672475197411e-05,1.333359256309374e-06,0.9999290682354746
2025-01-21,4,Risk-Off,3.7007617274418586e-07,2.406911733375128e-07,9.014511899196455e-05,4.332517680571097e-06,0.999904911596877
2025-01-22,4,Risk-Off,6.172890949502247e-07,5.820746949275417e-07,0.0001945610536194,2.354019019050613e-06,0.9998018855643728
2025-01-23,4,Risk-Off,3.587246422814125e-07,4.485217477858311e-07,8.09539487430763e-05,1.2813013245650055e-06,0.9999169575033712
2025-01-24,4,Risk-Off,1.2503064943002801e-07,1.6715243984542037e-07,5.353223961091328e-05,1.327976787517274e-06,0.9999448476012746
2025-01-27,4,Risk-Off,7.024066390634372e-08,6.748360437039471e-08,3.637994338514047e-05,2.2133606191474755e-06,0.999961268972316
2025-01-28,4,Risk-Off,9.395154760194605e-08,7.326737932483033e-08,4.647625702273484e-05,1.363713320766916e-06,0.9999519928106178
2025-01-29,4,Risk-Off,1.6664218856528365e-07,1.3253030352525172e-07,7.204459080611157e-05,1.5202489398645083e-06,0.9999261359876584
2025-01-30,4,Risk-Off,2.1292019245537387e-07,1.8562990047282209e-07,7.908168688525948e-05,1.3184770908042587e-06,0.9999192012867176
2025-01-31,4,Risk-Off,5.129640178231174e-07,2.069649151579912e-07,5.320369265541236e-05,2.2123745336922182e-06,0.9999438640047472
2025-02-01,4,Risk-Off,4.050830988301244e-06,1.4932498998812597e-06,0.0005084046529644,3.974600538722075e-06,0.9994820766659864
2025-02-03,4,Risk-Off,1.8433668988845316e-05,7.97187127999587e-06,0.0004153837200448,1.928646763299151e-06,0.9995562820922916
2025-02-04,4,Risk-Off,2.303687797298493e-05,1.8994376256229615e-05,0.0005475560502622,3.40398945582264e-06,0.9994070087067142
2025-02-05,4,Risk-Off,4.220255539218764e-05,2.6021941466355088e-05,0.0005985263492212,2.4899955196950327e-06,0.9993307591579308
2025-02-06,4,Risk-Off,0.0001784294114312,4.574135642653327e-05,0.0010744206061085,2.522472004626835e-06,0.9986988861548236
2025-02-07,4,Risk-Off,0.0004742662967618,0.0002484716560708,0.0011227819461826,5.802189964609935e-06,0.9981486779108932
2025-02-10,4,Risk-Off,0.0003201237721563,0.000535510238728,0.0082561720967723,9.64069400193652e-06,0.990878553198694
2025-02-11,4,Risk-Off,0.000101168672165,0.0002373155632406,0.0004878014395538,1.9980519507216064e-06,0.9991717162725152
2025-02-12,4,Risk-Off,7.327692177539391e-06,6.074799972518761e-05,0.0003108247318125,1.937146787266123e-06,0.999619162429848
2025-02-13,4,Risk-Off,5.16266176324124e-06,7.694475096965878e-06,0.0003174718787827,1.6996172197358714e-06,0.999667971367813
2025-02-14,4,Risk-Off,7.208238973183243e-06,5.049068869673253e-06,0.0003140466332596,6.857716453943049e-06,0.9996668383415752
2025-02-17,4,Risk-Off,2.0764321466113935e-05,9.123001399681598e-06,0.0001779310376017,1.894574067485742e-06,0.9997902870649114
2025-02-18,4,Risk-Off,3.704346754896051e-05,3.137869768011364e-05,0.0034621955370705,7.496030557789538e-06,0.9964618862669042
2025-02-19,4,Risk-Off,4.885014873291069e-05,4.229184243800185e-05,0.0002913075048634,1.7972587460808855e-06,0.9996157532457874
2025-02-20,4,Risk-Off,5.0916475612514575e-06,3.159318455186782e-05,0.000405640511227,1.9175795529864664e-06,0.9995557570777492
2025-02-21,4,Risk-Off,3.4556995883468333e-06,4.657828918105908e-06,0.0002052727236226,2.042424696509569e-06,0.9997845713238032
2025-02-24,4,Risk-Off,2.2623529623778262e-06,2.930411107179445e-06,0.0002256913831266,1.676693683939456e-06,0.9997674391596806
2025-02-25,4,Risk-Off,1.5301365940586602e-06,2.258629753668411e-06,0.00025367393189,1.857908440910844e-06,0.9997406793935798
2025-02-27,4,Risk-Off,4.128265595817233e-07,7.948175408855562e-07,8.479899334117663e-05,3.4190227850951745e-06,0.9999105743396568
2025-02-28,4,Risk-Off,6.30850404126285e-08,1.1022218200990193e-07,3.2965796510692655e-05,2.0358145949379868e-05,0.9999465027498744
2025-03-03,4,Risk-Off,1.2393219076869133e-08,1.2864077908502608e-08,1.0024590928845047e-05,9.295233087211045e-06,0.9999806549183076
2025-03-04,4,Risk-Off,1.2089895862059678e-08,9.487594767698462e-09,1.089899992653846e-05,1.3056840383125572e-05,0.999976022581967
2025-03-05,4,Risk-Off,3.5642155268527545e-08,3.0223420122693424e-08,3.11277407818565e-05,9.51373880610956e-06,0.9999592926551654
2025-03-06,4,Risk-Off,2.390559689785304e-08,2.2201930582820703e-08,1.7622470891344992e-05,6.2435990391216825e-06,0.9999760878220978
2025-03-07,4,Risk-Off,2.4462058866277353e-08,2.1240213314339845e-08,1.991581196500573e-05,5.654873031212104e-06,0.9999743836131124
2025-03-10,4,Risk-Off,3.0931620431787764e-08,2.451784463932372e-08,2.1996446946212585e-05,7.372299704852261e-06,0.9999705758036532
2025-03-11,4,Risk-Off,3.3810924070603785e-07,5.8995446961294115e-08,2.894878973005525e-05,3.890503230839497e-06,0.999966763603248
2025-03-12,4,Risk-Off,2.5380974996907904e-05,2.747506957977023e-06,0.0009830871240189,1.8001322170797838e-05,0.9989707830712532
2025-03-13,4,Risk-Off,0.0006149731950739,7.931269288001965e-05,0.0029405738766945,1.940945343988431e-05,0.9963457307812436
2025-03-17,4,Risk-Off,0.0050707410322678,0.0009821849938747,0.065844622497454,0.0001168326920795,0.927985618784687
2025-03-18,4,Risk-Off,0.0647676721251731,0.0107199799351759,0.1480801861430912,9.778902367885711e-05,0.7763343727723004
2025-03-19,2,Transitional,0.155501879327057,0.0697775225539869,0.3971541950828798,0.0001302567588591,0.3774361462772798
2025-03-20,0,Risk-On,0.3839708762090318,0.1833213996556117,0.2832853357850568,6.010194809703725e-05,0.1493622864021606
2025-03-21,1,Late-Cycle,0.2953891891784883,0.3808011865842342,0.2524444739310088,2.5761032796516245e-05,0.0713393892728723
2025-03-24,2,Transitional,0.2892172526399751,0.3316514128721967,0.3675758110092391,1.2145848309231423e-05,0.0115433776298823
2025-03-25,0,Risk-On,0.3796472498601665,0.3506936869892784,0.2676141296428534,2.7631839528176078e-06,0.0020421703238884
2025-03-26,1,Late-Cycle,0.2889502422936835,0.4002026683389399,0.3106364973734395,3.2021088166845537e-07,0.0002102717828423
2025-03-27,2,Transitional,0.3522399655834255,0.3220777532735258,0.3256566319980439,3.3509363437684985e-08,2.561563519798051e-05
2025-03-28,0,Risk-On,0.3428573370606121,0.421968911205902,0.235072582339137,1.028989398595318e-08,0.0001011591038445
2025-04-01,1,Late-Cycle,0.2497697192048749,0.3720547624064139,0.377843898978612,1.7889950988739158e-08,0.0003316015202755
2025-04-02,2,Transitional,0.4261244073884337,0.2610587640994494,0.3127498929892729,6.03542348157307e-08,6.687516871213714e-05
2025-04-03,0,Risk-On,0.3281572056688487,0.517604584982524,0.1521531517112594,3.161546821595083e-08,0.0020850260212295
2025-04-04,1,Late-Cycle,0.0971787477449845,0.3657340799181857,0.4679512172413083,1.058413013982282e-07,0.0691358492537767
2025-04-07,4,Risk-Off,0.0166125071051633,0.0853365521904256,0.1795873972484954,6.466863074371058e-06,0.7184570765936268
2025-04-08,4,Risk-Off,0.001770864723515,0.0111920752834488,0.0286689324658687,0.0005110221023751,0.9578571054253654
2025-04-09,4,Risk-Off,0.0002623038434995,0.0007894547248722,0.0016746279981647,0.0094962334045026,0.9877773800282909
2025-04-11,4,Risk-Off,9.177931317481674e-05,0.0002452806228956,0.0005309993336302,0.1931498198847648,0.8059821208451398
2025-04-15,3,Post-Shock,3.271990757893206e-05,8.111786235252313e-05,0.0005542770322805,0.8069027468562878,0.1924291383410125
2025-04-16,3,Post-Shock,2.717455901934809e-05,2.0647664385061077e-05,1.735930582658164e-05,0.9651442757399264,0.0347905427310429
2025-04-17,3,Post-Shock,1.6048726164740477e-05,2.696477912734873e-05,1.917081156981926e-05,0.9998450129378792,9.280274605023774e-05
2025-04-21,3,Post-Shock,2.0007129035613185e-05,1.7938037293444235e-05,2.5941578534850453e-05,0.9999350501195642,1.0631350731252424e-06
2025-04-22,3,Post-Shock,2.5296846417075087e-05,2.0638854499126325e-05,2.3422518638076056e-05,0.9999265596591104,4.08212185015788e-06
2025-04-23,3,Post-Shock,2.3989270496965583e-05,2.656931938747484e-05,3.279004803372202e-05,0.9999154141329178,1.2372287158411294e-06
2025-04-24,3,Post-Shock,2.6917575429084864e-05,2.5603642315222483e-05,4.8777295788756414e-05,0.9998721196435648,2.6581842824601877e-05
2025-04-25,3,Post-Shock,3.294739457299463e-05,2.78381191940876e-05,7.247086716969998e-05,0.9997370169547362,0.0001297266650551
2025-04-28,3,Post-Shock,5.94360468634501e-05,3.640922585313176e-05,0.0001467620714672,0.9995743792989488,0.0001830133567817
2025-04-29,3,Post-Shock,0.0001330246950741,6.683897015046804e-05,0.0003337761659638,0.9993000936992428,0.0001662664700462
2025-04-30,3,Post-Shock,0.000314742042981,0.0001500044083387,0.0010101411210045,0.998401921166764,0.0001231912613068
2025-05-02,3,Post-Shock,0.0009426439784731,0.0003681938726565,0.001262936352672,0.9972981165201136,0.0001281092756964
2025-05-05,3,Post-Shock,0.0012344436975032,0.0009397108132389,0.0018032018889661,0.9959736184055402,4.9025194017991925e-05
2025-05-06,3,Post-Shock,0.0017989118010326,0.0013191017991265,0.0046115968723484,0.9922504422613933,1.994726596395417e-05
2025-05-07,3,Post-Shock,0.0044388631256614,0.0020807897063737,0.0047171722890371,0.9887547177513822,8.457127251904505e-06
2025-05-08,3,Post-Shock,0.004742087189788,0.0043855962087429,0.0034151344337463,0.9873972599311904,5.992223681737044e-05
2025-05-09,3,Post-Shock,0.0036916573118537,0.0049249112221043,0.0050634438014358,0.986280375103803,3.9612561207966464e-05
2025-05-12,3,Post-Shock,0.0052972017485104,0.00407087361087,0.0048491815035671,0.9857827427811668,3.552291931665224e-10
2025-05-13,3,Post-Shock,0.0050827918461893,0.0054705569841525,0.0295271639530188,0.9599191271494134,3.600677100649893e-07
2025-05-14,3,Post-Shock,0.0278679426860227,0.0076474848351743,0.0979988998779918,0.8664856191967807,5.340473379896547e-08
2025-05-15,3,Post-Shock,0.0929438584553327,0.0324151278634287,0.2894936446769692,0.5851473335751474,3.542960219034652e-08
2025-05-16,2,Transitional,0.2744211785073079,0.10816089728755,0.4920475103381253,0.1253692894287617,1.1244390801034292e-06
2025-05-19,0,Risk-On,0.4765996807979762,0.2881768540783757,0.2113118591774009,0.0239090384571467,2.567488615523256e-06
2025-05-20,1,Late-Cycle,0.2471212096023654,0.4594773517643712,0.2875641150733574,0.0052690019710672,0.0005683215896519
2025-05-21,2,Transitional,0.311736603398799,0.3120902891605839,0.3747930096522203,0.0007264888844199,0.0006536089048085
2025-05-22,0,Risk-On,0.3848363651221531,0.3357393954005112,0.2765507376919645,0.0001790643367911,0.0026944374483943
2025-05-23,1,Late-Cycle,0.3033529778485694,0.4032642947814071,0.2932247617970515,2.917787520077852e-05,0.0001287876974873
2025-05-26,2,Transitional,0.3175381735542369,0.3451182604764256,0.3372279065585333,4.172639040712806e-06,0.0001114867721207
2025-05-27,0,Risk-On,0.3559987600653442,0.3454647860694215,0.2982355771792598,7.277889504591255e-07,0.000300148897533
2025-05-28,1,Late-Cycle,0.3223381633835942,0.3802919745614458,0.2971193400464483,3.6977498608543925e-07,0.0002501522330142
2025-05-29,2,Transitional,0.3192782132166546,0.3598214566861503,0.3208322504618044,2.743875121999507e-07,6.780524800681432e-05
2025-05-30,0,Risk-On,0.3441917464847935,0.3482888135546013,0.3074005461891191,1.0253328132941652e-07,0.0001187912376292
2025-06-02,1,Late-Cycle,0.3293997708231346,0.3796832059606911,0.2907540220577896,1.6813557976917265e-07,0.0001628330224228
2025-06-03,2,Transitional,0.3099649470276394,0.3627033668273688,0.3267344752489949,2.6974074490345506e-07,0.0005969411551765
2025-06-04,0,Risk-On,0.3491878312913032,0.3367320141178516,0.311878964042351,4.813464299672889e-07,0.0022007092024712
2025-06-05,1,Late-Cycle,0.3284440601109252,0.3870007216229194,0.2844800855969053,3.272510225656933e-06,7.186015878463056e-05
2025-06-06,2,Transitional,0.3098969584286354,0.3520904742696628,0.3379162971975408,4.404164914972723e-07,9.582968837470928e-05
2025-06-09,0,Risk-On,0.3634691433505959,0.3422180537808399,0.2943100547904534,9.08259483924224e-08,2.657252562061538e-06
2025-06-10,1,Late-Cycle,0.3183056831243718,0.3992948703556789,0.2823971209054582,2.8379106524763947e-09,2.3227770601463675e-06
2025-06-11,2,Transitional,0.3177412848469439,0.3679057280395591,0.3143464970779361,3.181763082239494e-10,6.48971698225231e-06
2025-06-12,0,Risk-On,0.3357725422087677,0.3782572189148992,0.2859404247718259,1.3956626657958206e-09,2.981270940822065e-05
2025-06-13,1,Late-Cycle,0.3086253073991101,0.3753581171101448,0.3153380760950384,1.1533162478638276e-08,0.0006784878622383
2025-06-16,2,Transitional,0.3394838296882173,0.3542557084963367,0.3060155357200386,1.8580570549544765e-07,0.0002447402901155
2025-06-17,0,Risk-On,0.329102643087789,0.386821025822524,0.283880927314293,8.735406866379125e-08,0.0001953164220531
2025-06-18,1,Late-Cycle,0.3044595383044892,0.3779949397568232,0.3112609863351653,1.249391489096538e-08,0.0062845231092534
2025-06-19,2,Transitional,0.3225890684968246,0.3485965662331349,0.309146205792099,3.7917878020695e-07,0.0196677802987944
2025-06-20,0,Risk-On,0.3290054082146836,0.364990487645712,0.2866890194351699,2.1936955936833517e-06,0.0193128910093571
2025-06-23,1,Late-Cycle,0.3064842502406969,0.3744675582551667,0.2954850994399975,1.3867276612877062e-06,0.023561705336618
2025-06-24,2,Transitional,0.3127467872624236,0.3530180351415154,0.3134009273052282,3.092618038899813e-06,0.0208311576729154
2025-06-25,0,Risk-On,0.3373449528380798,0.3484581642822131,0.306078117337945,4.647903865000436e-06,0.0081141176377373
2025-06-26,1,Late-Cycle,0.3317873886712055,0.3854184298364758,0.2827747781775602,9.63968590024827e-07,1.8439346571873807e-05
2025-06-27,2,Transitional,0.3113323880216624,0.3776530703044068,0.3110090713705123,1.5442854884381526e-08,5.454861449542173e-06
2025-06-30,0,Risk-On,0.3408754013623437,0.3573513154060151,0.3017694319839413,7.496840386527203e-10,3.850498241940314e-06
2025-07-01,1,Late-Cycle,0.3287349976445541,0.392123064026516,0.2791416548346661,4.347957134715523e-10,2.830587397699837e-07
2025-07-02,2,Transitional,0.3101201142442176,0.3770001898752648,0.3128763885343931,3.5903821137969037e-11,3.3073097284899406e-06
2025-07-03,0,Risk-On,0.3405564074568076,0.3590832198588393,0.3003580077934033,3.3562618560263584e-10,2.3645548730539923e-06
2025-07-04,1,Late-Cycle,0.3291378959834551,0.3873009101462533,0.2835563400082522,2.848579199514449e-10,4.853577076188329e-06
2025-07-07,2,Transitional,0.3096596560667338,0.3805946534790154,0.3097101819142852,7.560189777014816e-10,3.5507783785611816e-05
2025-07-08,0,Risk-On,0.3358480674623791,0.3531605602252973,0.3108783404022844,5.43886310283905e-09,0.0001130264703698
2025-07-09,1,Late-Cycle,0.3367727028431223,0.3821247632361105,0.2810906886163588,1.875608882147081e-08,1.1826549221348058e-05
2025-07-10,2,Transitional,0.3081545264163637,0.3871596121284538,0.3040920401491236,2.412534042535339e-09,0.0005938188939904
2025-07-11,0,Risk-On,0.3140210284885587,0.3585950846996814,0.3090628270403056,1.1818044996277545e-08,0.0183210479527738
2025-07-14,1,Late-Cycle,0.3107691362417468,0.3536558271579214,0.2917999857378419,2.885226530930615e-07,0.0437747623406709
2025-07-15,2,Transitional,0.2709816954422954,0.3507047021319467,0.2747389416307069,4.945968036610891e-07,0.1035741661980752
2025-07-16,4,Risk-Off,0.2246716987456812,0.3123739012672102,0.2701568003882946,1.1419194465116164e-06,0.1927964576787099
2025-07-17,4,Risk-Off,0.1645317804373862,0.2504946900659919,0.2297443369772869,1.7161156360853345e-06,0.3552274764041887
2025-07-18,4,Risk-Off,0.103968933228636,0.1841582289242478,0.1678153973596851,2.161465542154167e-06,0.5440552790216835
2025-07-21,4,Risk-Off,0.0683388197949713,0.1138011102358073,0.1282990172165771,4.248501078789952e-06,0.6895568042523121
2025-07-22,4,Risk-Off,0.0387955498946409,0.0751468265705501,0.0686258518452967,7.75004331825105e-06,0.8174240216460009
2025-07-23,4,Risk-Off,0.0116795288882186,0.0422473766533474,0.048760139678117,7.741526696170248e-06,0.897305213254104
2025-07-24,4,Risk-Off,0.0012817106386888,0.0105692368966674,0.0239535345939687,5.532612118191721e-06,0.9641899852581688
2025-07-25,4,Risk-Off,5.949467706811277e-05,0.0005598111668169,0.0014946179236325,8.17332905785308e-06,0.997877902903618
2025-07-28,4,Risk-Off,2.9754604699906976e-06,1.896078424493204e-05,0.0001149358565777,7.839338613194376e-06,0.9998552885606546
2025-07-29,4,Risk-Off,7.506365256563403e-07,1.8190249187081888e-06,0.000159514561404,5.405648790151112e-06,0.9998325101277656
2025-07-30,4,Risk-Off,7.875985866941504e-07,7.68665420594119e-07,0.0001342204107063,5.2047282122405774e-06,0.999859018596762
2025-07-31,4,Risk-Off,6.145550458129438e-07,7.442067913452904e-07,0.0001523656875203,5.101829083016401e-06,0.999841173721044
2025-08-01,4,Risk-Off,3.835118284633153e-07,4.157918380950237e-07,7.971091142830137e-05,4.867971306957644e-06,0.9999146218139114
2025-08-04,4,Risk-Off,4.134538504864548e-07,3.6326314852530953e-07,0.000109954833529,3.75217601867224e-06,0.9998855162738778
2025-08-05,4,Risk-Off,8.940134859705829e-07,5.353136056384675e-07,0.0001153759775232,4.673924082378316e-06,0.9998785207713038
2025-08-06,4,Risk-Off,1.2730353971349735e-06,1.4282956408354267e-06,0.0003745513140769,1.5094178717929996e-05,0.9996076531764352
2025-08-07,4,Risk-Off,5.372193085445246e-07,7.219389092725674e-07,6.937593681441363e-05,4.842787128506752e-06,0.9999245221170598
2025-08-08,4,Risk-Off,2.386362497064361e-07,2.626880114087799e-07,6.974247743254197e-05,4.390473533350956e-06,0.9999253657246696
2025-08-11,4,Risk-Off,5.01880595793567e-07,3.788999088834183e-07,0.0001354890633233,2.81843199931698e-06,0.9998608117235696
2025-08-12,4,Risk-Off,8.297148847868666e-07,6.319778183538508e-07,0.0001305526914573,2.581851669138188e-06,0.9998654037648071
2025-08-13,4,Risk-Off,1.108927047418285e-06,9.791484429919612e-07,0.0001960486772184,2.646844331485248e-06,0.9997992164024728
2025-08-14,4,Risk-Off,2.5575999053027256e-06,1.188288455955126e-06,0.0001341258066286,2.962050928987597e-06,0.9998591662542456
2025-08-18,4,Risk-Off,1.2687522912049164e-05,4.174837926842172e-06,0.0004335131267938,2.4027551019491773e-06,0.9995472217564814
2025-08-19,4,Risk-Off,6.200744156762971e-05,2.269105770165313e-05,0.0009671251580636,3.1854126140630708e-06,0.9989449909291604
2025-08-20,4,Risk-Off,0.0001055022080608,7.398370378251326e-05,0.0009383265062951,3.246681110268003e-06,0.9988789409011118
2025-08-21,4,Risk-Off,7.810300525222798e-05,0.000101857863628,0.0009284934973137,5.58347948429999e-06,0.998885962153762
2025-08-22,4,Risk-Off,9.39883610101734e-05,7.581469883174763e-05,0.0006204895144513,2.953435131122889e-06,0.9992067539905948
2025-08-25,4,Risk-Off,0.0001365422263886,0.0001064047782022,0.0010894864604494,3.360242201971916e-06,0.9986642062925856
2025-08-26,4,Risk-Off,0.0002676927218624,0.0001623644713748,0.0019906659001867,4.6846040500009445e-06,0.997574592301706
2025-08-28,4,Risk-Off,0.0004854412059751,0.0002796479606463,0.0010894683332711,3.2067781692513518e-06,0.9981422357221976
2025-08-29,4,Risk-Off,0.0007893661468718,0.0005148789784088,0.0039523865855291,6.914565143824001e-06,0.994736453724028
2025-09-01,4,Risk-Off,0.0040614163320058,0.00112967248631,0.0198471418393788,1.819930965805097e-05,0.974943570031956
2025-09-02,4,Risk-Off,0.0207385317609207,0.005568875837543,0.074718598944918,5.5059914141787816e-05,0.8989189335419283
2025-09-03,2,Transitional,0.0782410153021607,0.0258407119329246,0.2407076287800269,0.0001037140587362,0.6551069299270101
2025-09-04,0,Risk-On,0.2389824918616306,0.092130043720105,0.3417922998376402,0.0001233376529195,0.3269718269271133
2025-09-05,1,Late-Cycle,0.3408293718582435,0.2530101361015777,0.3187370186217531,7.390894068780047e-05,0.0873495644783785
2025-09-08,2,Transitional,0.3323294711034854,0.3602143996705809,0.2559454976337465,2.010928759675092e-05,0.0514905223038542
2025-09-09,0,Risk-On,0.2865982968375779,0.3710969951730327,0.3365244155254296,9.805010563721103e-06,0.0057704874529315
2025-09-10,1,Late-Cycle,0.3559911084238495,0.3422730863087991,0.299591618079507,2.030101580521206e-06,0.0021421570859961
2025-09-11,2,Transitional,0.3227925066085774,0.3912813442473397,0.2845755948670328,1.0389225062629502e-06,0.0013495153543181
2025-09-12,0,Risk-On,0.3124742838529991,0.3720370078492128,0.3150132786030459,3.4036224149759256e-07,0.0004750893317102
2025-09-15,1,Late-Cycle,0.3376888180691536,0.3588806219098947,0.3027398127510673,1.9597471457660272e-07,0.0006905512959314
2025-09-16,2,Transitional,0.3276217280923224,0.3816496072362244,0.2903174960079164,1.6682466954254515e-07,0.0004110018394649
2025-09-17,0,Risk-On,0.3148432496020965,0.3729985873942195,0.3115394577831137,2.0686955434658322e-07,0.0006184983510597
2025-09-18,1,Late-Cycle,0.3371395994703675,0.3610861878593416,0.3013410871584254,1.54711258759654e-07,0.0004329708004368
2025-09-19,2,Transitional,0.3238543640081432,0.3835370119201537,0.2922222598801614,1.0055670532601441e-07,0.0003862636355629
2025-09-22,0,Risk-On,0.3158841968677919,0.3660728368789295,0.3123058487746664,3.886703606576697e-08,0.005737078612321
2025-09-23,1,Late-Cycle,0.3295689088069639,0.3671274723844041,0.2941989239889935,1.181246179929708e-06,0.0091035135735429
2025-09-24,2,Transitional,0.313269714026589,0.3704575197877222,0.303353136945702,1.232752416003273e-06,0.0129183964873574
2025-09-25,0,Risk-On,0.3251753988849095,0.3572162298564884,0.3051970395285049,1.97833944223358e-06,0.0124093533906428
2025-09-26,1,Late-Cycle,0.3245235694086482,0.3689180647516371,0.2922003407005151,2.016537280810348e-06,0.0143560086013195
2025-09-29,2,Transitional,0.3118260703686546,0.3680171980492172,0.3058524376624348,3.4997544754015458e-06,0.0143007941659946
2025-09-30,0,Risk-On,0.3288804583460056,0.3531144336042665,0.3052200821469672,5.449467154443147e-06,0.0127795764361685
2025-10-01,1,Late-Cycle,0.3240754707198024,0.3769294415427229,0.2915284000839328,1.521936612856483e-05,0.0074514682871975
2025-10-03,2,Transitional,0.3163181213087329,0.3674791304576896,0.311236208143669,3.0154513447057333e-06,0.0049635246381297
2025-10-06,0,Risk-On,0.3328910280220383,0.3625006855995227,0.3007710550020682,1.8263892457661217e-06,0.0038354049873344
2025-10-07,1,Late-Cycle,0.3240343407769609,0.3757761727281982,0.2974360566940629,1.2974560164774028e-06,0.0027521323453335
2025-10-08,2,Transitional,0.3212646089221325,0.3694255292299652,0.3074387409789665,6.700655455719087e-07,0.0018704508032714
2025-10-09,0,Risk-On,0.3307483380568974,0.3646436181479759,0.3023954478309378,3.603294159619512e-07,0.0022122356356178
2025-10-10,1,Late-Cycle,0.3251767586311975,0.375049160124128,0.2960179625766197,4.922822620979646e-07,0.0037556263852523
2025-10-13,2,Transitional,0.3170975348857233,0.372522531659087,0.3055883024029359,6.728679937167145e-07,0.0047909581835208
2025-10-14,0,Risk-On,0.327591497220064,0.3582051365030599,0.3091550909391369,1.26045812200066e-06,0.0050470148798873
2025-10-15,1,Late-Cycle,0.3318928682173952,0.3731036173925802,0.2936426013115534,1.2189362665694602e-06,0.0013596941423188
2025-10-16,2,Transitional,0.3179853054544324,0.3748692304585774,0.3053263142223962,3.5292585490813866e-07,0.0018187969384797
2025-10-17,0,Risk-On,0.3290201409319322,0.3648009866964626,0.3046391596755298,3.911679213429957e-07,0.0015393215288705
2025-10-20,1,Late-Cycle,0.3275700506892164,0.3732068936065457,0.2982344356030623,3.298949041492704e-07,0.000988290206252
2025-10-21,2,Transitional,0.3234526391138468,0.3701423101311731,0.3058723348481467,2.495780022293936e-07,0.0005324663289369
2025-10-23,0,Risk-On,0.3317172786175174,0.3690063459799818,0.2991227761133314,1.191588597512646e-07,0.0001534801302946
2025-10-24,1,Late-Cycle,0.3241930768901001,0.376442893110709,0.2992449823862866,3.43374830055091e-08,0.0001190132756203
2025-10-27,2,Transitional,0.325625928395762,0.3675606567955705,0.3067665896606322,2.5289796614257588e-08,4.679985846484361e-05
2025-10-28,0,Risk-On,0.3348809613049165,0.3687182734421481,0.2963821278226299,1.2957905791706383e-08,1.8624472964279025e-05
2025-10-29,1,Late-Cycle,0.3226348609596229,0.3812741544988549,0.2960859984049594,2.8654231638417154e-08,4.957483179778811e-06
2025-10-30,2,Transitional,0.324520589908938,0.3663618483055232,0.3091043293771884,4.0279651693351344e-09,1.3228380671718708e-05
2025-10-31,0,Risk-On,0.3364494869925277,0.3697121266769876,0.2938300408350753,3.006029025483728e-09,8.342490215725652e-06
2025-11-03,1,Late-Cycle,0.3208194045762905,0.3802546552069457,0.2988773126946288,6.833694859722284e-09,4.862068851971394e-05
2025-11-04,2,Transitional,0.3260807834855053,0.3703721253455883,0.3034251086485851,1.1439797791246246e-08,0.0001219710812162
2025-11-06,0,Risk-On,0.3261225940940457,0.3716986361697234,0.3016682150209139,3.2696022533064275e-08,0.0005105220200658
2025-11-07,1,Late-Cycle,0.3269340707755286,0.3672452890809231,0.3051572352844134,1.850276377258156e-07,0.0006632198318713
2025-11-10,2,Transitional,0.3297646820944648,0.3754834423881208,0.2947040688874751,1.4530321644819888e-07,4.766132756143002e-05
2025-11-11,0,Risk-On,0.3213922560340974,0.3726177108579352,0.3057764186723015,1.8533420549187572e-08,0.0002135959013797
2025-11-12,1,Late-Cycle,0.3304689467754638,0.3686092575048521,0.3007634767893337,5.010944611039713e-08,0.0001582688204583
2025-11-13,2,Transitional,0.3257628755318856,0.3730830644023774,0.300964462036161,4.658913506761744e-08,0.0001895514405877
2025-11-14,0,Risk-On,0.3275886746997672,0.3699305709985366,0.3023340309117941,6.042762403752552e-08,0.000146662962295
2025-11-17,1,Late-Cycle,0.3274702547194864,0.3737763818172923,0.2984793842248607,4.3231508876630775e-08,0.0002739360068794
2025-11-18,2,Transitional,0.3225878224354821,0.3709788758002598,0.3051119945656128,7.46689028115745e-08,0.001321232530461
2025-11-19,0,Risk-On,0.3273112766992573,0.3675943946651452,0.3022239511768557,3.967601684182476e-07,0.0028699806989643
2025-11-20,1,Late-Cycle,0.3239950571776621,0.3721230665098672,0.2994077701132657,5.657377986101861e-07,0.0044735404613435
2025-11-21,2,Transitional,0.3199448734420769,0.3671947969793017,0.3052808387463336,6.357735563478756e-07,0.0075788550586609
2025-11-24,0,Risk-On,0.3255589576893305,0.3631115874298155,0.3006096374150169,1.2838068351833598e-06,0.0107185336591321
2025-11-25,1,Late-Cycle,0.3198943798612587,0.3708890697208428,0.2986006933754939,5.193123642466698e-06,0.0106106639189768
2025-11-26,2,Transitional,0.3210492409793746,0.3641641783531978,0.3080008957044957,2.652742571439531e-06,0.0067830322212353
2025-11-27,0,Risk-On,0.3313875464322799,0.3640394332661062,0.3019383250711293,1.7394494010347182e-06,0.0026329557811831
2025-11-28,1,Late-Cycle,0.3259599057895974,0.3756054110684584,0.2979816769456231,8.413878271406715e-07,0.0004521648087896
2025-12-01,2,Transitional,0.3230670733750915,0.3714786344659711,0.3051687977552457,1.536136056573712e-07,0.0002853407903543
2025-12-02,0,Risk-On,0.3296276507372225,0.3680087789449576,0.301606384586451,7.795146869420848e-08,0.0007571077803533
2025-12-03,1,Late-Cycle,0.3240374405124745,0.3751555438673543,0.2995995805994535,2.1359191656849406e-07,0.0012072214285497
2025-12-04,2,Transitional,0.3226397747347501,0.3668980756421462,0.309773612647755,3.3441052268577495e-07,0.0006882025646922
2025-12-05,0,Risk-On,0.3369470307334738,0.362768406902851,0.299147634276002,1.6928126511739157e-07,0.001136758805837
2025-12-08,1,Late-Cycle,0.3199839407830868,0.3874528740644897,0.2871913507679096,8.205113465477598e-08,0.0053717523338974
2025-12-09,2,Transitional,0.2923754183425147,0.3637006136367188,0.3177056339407393,1.3762118749587784e-07,0.0262181964597042
2025-12-10,0,Risk-On,0.2929018499485997,0.3282608701458574,0.2847851448063599,4.067374249219849e-07,0.0940517283612243
2025-12-11,1,Late-Cycle,0.2740928085449326,0.3378325024390324,0.2568262196860533,3.281235333690365e-06,0.1312451880946289
2025-12-12,2,Transitional,0.2611660789062834,0.308548469192281,0.2867711060684032,3.5136279423215e-06,0.143510832204744
2025-12-15,0,Risk-On,0.2733511494316345,0.292352506542536,0.2416633459807747,2.2646079678639305e-06,0.1926307334365226
2025-12-16,1,Late-Cycle,0.2250527950766638,0.3194055957328541,0.2261446141614613,5.9906315316457805e-06,0.2293910043982609
2025-12-17,2,Transitional,0.1491956062078191,0.2522011104414537,0.2534898599864418,3.702523559352501e-06,0.3451097208407844
2025-12-18,4,Risk-Off,0.1078609923840181,0.1620397828340421,0.1671367588661796,2.5306016772274224e-06,0.5629599353137476
2025-12-19,4,Risk-Off,0.1052631724225836,0.1186435819027591,0.1171641915731565,5.915260222743363e-06,0.658923138840892
2025-12-22,4,Risk-Off,0.1104146740025788,0.1192755040558825,0.0997305518597002,9.013348195203276e-06,0.6705702567345307
2025-12-23,4,Risk-Off,0.0795461912213106,0.1278292916357506,0.0957236724204096,9.51681457358194e-06,0.6968913279076895
2025-12-24,4,Risk-Off,0.0431163209738285,0.0867564973765332,0.0988858066595083,6.379362096053777e-06,0.7712349956284414
2025-12-26,4,Risk-Off,0.0251789695166398,0.0460836232699806,0.0501771091983693,6.405950376249617e-06,0.8785538920647646
2025-12-29,4,Risk-Off,0.0189781102074401,0.0271032621215249,0.0318715107640128,1.0247827274863504e-05,0.9220368690792348
2025-12-30,4,Risk-Off,0.0149411493995863,0.0209027148844601,0.0193741771010999,2.284521953073714e-05,0.9447591133947432
2025-12-31,4,Risk-Off,0.0156404249518873,0.016564858761957,0.0230383089301656,1.1636697830246e-05,0.9447447706584104
2026-01-01,4,Risk-Off,0.0198218598285744,0.0180048756815779,0.0200723206619801,1.4740817412992124e-05,0.9420862030113586
2026-01-02,4,Risk-Off,0.0159634679136808,0.022359259415502,0.023310318955214,1.6349252302057948e-05,0.9383506044639756
2026-01-05,4,Risk-Off,0.0112122674506431,0.0170241496478402,0.0202216731719913,9.919201959775065e-06,0.9515319905278852
2026-01-06,4,Risk-Off,0.0091741858859178,0.0119290025574485,0.0122565922316999,1.1554309636190102e-05,0.9666286650155048
2026-01-07,4,Risk-Off,0.0061621606000815,0.0108772236978701,0.0103882816079953,2.574849652974035e-05,0.9725465855981726
2026-01-08,4,Risk-Off,0.002656513556368,0.0066005683345577,0.0108629631811535,1.1103928497697948e-05,0.9798688509994052
2026-01-09,4,Risk-Off,0.000746625328907,0.0025330797764863,0.0037483881887396,6.218026728464455e-06,0.9929656886790827
2026-01-12,4,Risk-Off,0.000164372181686,0.0006851934731621,0.0018422943860492,4.87172347512478e-06,0.997303268235288
2026-01-13,4,Risk-Off,5.820051421124622e-05,0.0001392889620576,0.000577462207387,5.184675148910733e-06,0.9992198636414372
2026-01-14,4,Risk-Off,3.5160549176584066e-05,5.5998113630818725e-05,0.000520913456464,4.852392177986961e-06,0.999383075489165
2026-01-16,4,Risk-Off,2.957900652017638e-05,3.978811603679534e-05,0.0009243016832976,6.139257302769962e-06,0.9990001919371614
2026-01-19,4,Risk-Off,1.1234980276564874e-05,2.6151273437911068e-05,0.0004653731250838,5.449661797088607e-06,0.9994917909599218
2026-01-20,4,Risk-Off,1.4116580224332717e-06,5.306906775730373e-06,0.0001371490774632,3.0270721200627167e-06,0.9998531052859326
2026-01-21,4,Risk-Off,3.256063256314276e-07,6.320851403394051e-07,8.005004443550596e-05,5.1548687501596106e-06,0.9999138373947232
2026-01-22,4,Risk-Off,2.9367620407009845e-07,2.599817135634488e-07,8.634413716933928e-05,4.025446356607995e-06,0.9999090767588554
2026-01-23,4,Risk-Off,1.7296895336473042e-06,4.0811118493031145e-07,6.111056177089817e-05,7.63069015944783e-06,0.9999291209478686
2026-01-27,4,Risk-Off,1.7188775265355567e-05,6.040773908525268e-06,0.001647322760976,5.081041831737941e-05,0.9982786372707312
2026-01-28,4,Risk-Off,4.819077476138409e-05,3.3139301558374126e-05,0.0007021324655958,1.2236316520832872e-05,0.9992043011419052
2026-01-29,4,Risk-Off,1.0373433218594963e-05,3.214433857054953e-05,0.0002872427429132,2.9608761237556133e-06,0.9996672786086576
2026-01-30,4,Risk-Off,2.68249106241946e-06,8.59662055235477e-06,0.0004322058001245,4.311537412542116e-06,0.9995522035504736
2026-02-02,4,Risk-Off,1.1143101434457417e-06,9.813234468749911e-07,4.002555275552991e-05,3.3949441884046146e-06,0.999954483869236
2026-02-03,4,Risk-Off,1.8038523839259596e-06,1.616377802870329e-06,0.0005512914408379,3.350903642898246e-06,0.9994419374254788
2026-02-04,4,Risk-Off,2.3229310843280363e-06,2.261664090971193e-06,0.0001624778757577,1.6414687316493755e-06,0.9998312960600476
2026-02-05,4,Risk-Off,7.141045816421012e-07,1.2505388885017014e-06,0.0001329855757828,1.5769449490542698e-06,0.9998634728364756
2026-02-06,4,Risk-Off,1.2120987249891429e-06,6.385838189224683e-07,9.86269461416316e-05,1.6820259471757805e-06,0.9998978403454836
2026-02-09,4,Risk-Off,8.10966556191542e-06,2.281992731259257e-06,0.000417890143226,1.983296420510497e-06,0.9995697349026404
2026-02-10,4,Risk-Off,4.790411205420629e-05,1.6183843028878318e-05,0.0006288541945867,2.2511995454221206e-06,0.9993048066505942
2026-02-11,4,Risk-Off,5.940275532124913e-05,5.753299892171315e-05,0.0013964225218003,3.0608122488456743e-06,0.998483580911604
2026-02-12,4,Risk-Off,3.93777484362088e-05,5.239633140816384e-05,0.0005153272956734,2.1517881697932418e-06,0.9993907468364908
2026-02-13,4,Risk-Off,4.081989611303679e-05,3.134797088967008e-05,0.0003277655877264,1.80834091417276e-06,0.9995982582044408
2026-02-16,4,Risk-Off,0.0002013803538189,5.785311034210408e-05,0.0018276206532085,3.392992701762198e-06,0.9979097528890974
2026-02-17,4,Risk-Off,0.001310536576802,0.0003458853391986,0.0067993232811879,1.0378854237518642e-05,0.9915338759488144
2026-02-18,4,Risk-Off,0.0031361661990368,0.0015020207210863,0.0034975292069752,4.342329273467741e-06,0.991859941542817
2026-02-19,4,Risk-Off,0.0022652078785935,0.0029179204669133,0.0046969726854026,4.165606449663969e-06,0.990115733361894
2026-02-20,4,Risk-Off,0.0033221621501743,0.0028501037980821,0.0065046732537418,6.665607691663276e-06,0.9873163951900262
2026-02-23,4,Risk-Off,0.0037738319451043,0.0036547140592413,0.0082600633776653,7.692224765112311e-06,0.9843036983923418
2026-02-24,4,Risk-Off,0.0028070165771189,0.0037453663586758,0.0042565829606491,5.968951705910197e-06,0.9891850651516092
2026-02-25,4,Risk-Off,0.0011568507036143,0.0030462540686262,0.0037903128482816,4.166522712415168e-06,0.9920024158573236
2026-02-26,4,Risk-Off,0.0002931428824056,0.0011921464418334,0.004007248001453,4.249923557263866e-06,0.9945032127515036
2026-02-27,4,Risk-Off,2.612874478153984e-05,0.0001849449833683,0.0006368632142625,1.980468321328161e-06,0.9991500825895396
2026-03-02,4,Risk-Off,1.060690458863559e-06,8.81355816569748e-06,0.0001082261939901,3.664672962084392e-06,0.9998782348845908
2026-03-04,4,Risk-Off,1.1386002841076095e-07,2.728900301086679e-07,4.52446357269807e-05,1.8012236821480115e-06,0.9999525673910362
2026-03-05,4,Risk-Off,4.2469686495352215e-08,4.450121500546205e-08,2.49946706281334e-05,3.406914939403008e-06,0.999971511442881
2026-03-06,4,Risk-Off,4.1657949643824954e-08,3.8399550374068704e-08,3.4973130375052367e-05,7.073346607021243e-05,0.9998942133467154
2026-03-09,4,Risk-Off,1.2626663174701513e-08,1.1516871115449064e-08,1.0657457328231006e-05,0.0010938421251122,0.9988954762732952
2026-03-10,4,Risk-Off,1.1246012963856807e-08,9.26220710540406e-09,1.2140056799341423e-05,0.0111215854284854,0.9888662540060086
2026-03-11,4,Risk-Off,5.72507065621949e-10,4.67330334250585e-10,7.08408937235278e-07,0.1585991611488134,0.8414001294028323
2026-03-12,3,Post-Shock,3.0423615477086464e-11,2.3099008055758428e-11,4.6833678310279495e-08,0.7010161968133223,0.2989837562995215
2026-03-13,3,Post-Shock,6.324908103309739e-12,4.61858596175517e-12,1.2084406048533475e-08,0.9668548458301888,0.0331451420736321
2026-03-16,3,Post-Shock,9.457864262794568e-12,1.486617503793688e-11,2.6553912069569962e-08,0.9780444864252736,0.021955486995978
2026-03-17,3,Post-Shock,1.6019448494442957e-11,7.636100903374932e-11,9.47256896423912e-08,0.9798765770148656,0.0201233281665413
2026-03-18,3,Post-Shock,3.3699114502362534e-14,8.206189566026355e-14,1.1048183580760764e-10,0.9850821443304584,0.0149178555589574
2026-03-19,3,Post-Shock,2.559784160380145e-16,3.318674854989379e-16,7.405272615949436e-13,0.9999810731632705,1.8926835669245772e-05
2026-03-20,3,Post-Shock,5.0526779800982606e-20,2.1759480085693294e-17,3.8433322265808634e-14,0.9999974478938208,2.552106887000058e-06
2026-03-23,3,Post-Shock,9.890698856320472e-23,1.5894181485300162e-19,3.247760549442506e-16,0.9999999498322736,5.0167747834544206e-08
2026-03-24,3,Post-Shock,1.2146470030112577e-21,4.797797929075599e-18,9.012605632452668e-15,0.99999998011117,1.9888122071946613e-08
2026-03-25,3,Post-Shock,2.298100075767848e-21,8.399419632031783e-18,1.698153698579794e-14,0.999999571495301,4.2850432313224e-07
2026-03-27,3,Post-Shock,1.598629903517101e-26,4.4864070809176934e-23,1.062006304955169e-19,0.999999885594668,1.1440503254608493e-07
2026-03-30,3,Post-Shock,2.889429876970829e-27,1.0421118441289676e-23,2.640223076739253e-20,0.999999999996362,4.514054399909388e-12
2026-04-01,3,Post-Shock,6.356049686551231e-26,2.144795435116664e-22,6.088285792329531e-19,0.9999999985684552,1.432181114463978e-09
2026-04-02,3,Post-Shock,1.8708798283292138e-23,6.728707761268932e-20,1.5683026972648322e-16,0.9999999984975148,1.5019123118412612e-09
2026-04-06,3,Post-Shock,1.4107977477871528e-20,4.893952634468834e-17,1.0407861675280941e-13,0.999999914603908,8.539522742086242e-08
2026-04-07,3,Post-Shock,2.7392866583673905e-21,8.912741557025837e-18,1.638660559118847e-14,0.999998570539104,1.4294615552159735e-06
2026-04-08,3,Post-Shock,3.114022674827942e-21,3.713324170963559e-18,7.791882965311679e-15,0.9999999923820724,7.61758847800761e-09
2026-04-09,3,Post-Shock,6.7357828442870825e-22,1.9157771707734673e-18,4.130572527279596e-15,0.9999999361007232,6.389955914164705e-08
2026-04-10,3,Post-Shock,9.088631295746434e-19,5.289281529864632e-16,3.256695109550357e-13,0.9999999910596672,8.940235842883849e-09
2026-04-13,3,Post-Shock,2.841204123443332e-13,4.696633626538352e-11,2.8467156494160358e-08,0.9999998681541996,1.0333138854073773e-07
