date,state,regime,prob_Risk-On,prob_Late-Cycle,prob_Transitional,prob_Post-Shock,prob_Risk-Off
2008-09-19,3,Post-Shock,0.0,0.0,0.0,1.0,0.0
2008-09-22,3,Post-Shock,8.122340860667712e-30,1.4459595725099066e-26,7.852551325284599e-23,0.999999999996362,3.908142464044327e-12
2008-09-23,3,Post-Shock,5.345818123614105e-31,8.94878226233595e-28,6.422029371980393e-24,1.0,6.815078396378705e-13
2008-09-24,3,Post-Shock,3.664488457874693e-32,6.074745977807232e-29,4.484877226712648e-25,0.999999999998181,2.630136344426948e-12
2008-09-25,3,Post-Shock,8.278278638184887e-35,1.3421386376069462e-31,1.0602108530290095e-27,1.0,2.58742188577196e-13
2008-09-26,3,Post-Shock,2.4992446311615407e-37,3.628288507241664e-34,3.9424049153574706e-30,1.0,1.5759038792272529e-15
2008-09-29,3,Post-Shock,2.6476870686318195e-39,3.3108099550244245e-36,5.603225825951421e-32,1.0,6.995257515852738e-16
2008-09-30,3,Post-Shock,6.687929877634977e-39,9.756987781866064e-36,1.3705861244933585e-31,1.0,1.862191706473207e-15
2008-10-01,3,Post-Shock,2.5278014855197256e-41,3.700258636411099e-38,4.890873809990064e-34,1.0,2.7114751056820816e-15
2008-10-03,3,Post-Shock,2.070959611217714e-51,1.6868751248835292e-49,1.2070170953747772e-44,1.0,4.350076561256431e-18
2008-10-06,3,Post-Shock,1.4028588245765469e-58,1.2239834189128603e-55,8.932905236666283e-51,1.0,7.860465971070756e-26
2008-10-07,3,Post-Shock,2.423521501042901e-57,8.593403912020309e-57,1.9092960233691037e-50,1.0,2.025060036423874e-23
2008-10-08,3,Post-Shock,7.840143110314872e-61,1.1038919124214487e-62,8.840224109646176e-54,1.0,4.718612880370437e-27
2008-10-10,3,Post-Shock,3.910502904305131e-73,2.8523884992957163e-75,1.467900736148228e-65,1.0,3.5629154621188706e-39
2008-10-13,3,Post-Shock,3.1118045617265944e-74,1.157847489509004e-76,1.2347393731390952e-66,1.0,6.786790490024716e-39
2008-10-14,3,Post-Shock,5.126147109317721e-71,2.0931047230276886e-73,1.4500928197540827e-63,1.0,9.580591877780605e-36
2008-10-15,3,Post-Shock,6.223598111910486e-78,1.7079842991813568e-80,3.4926963747751806e-70,1.0,2.66296363073162e-42
2008-10-16,3,Post-Shock,6.006576134044281e-75,1.888520609649596e-77,2.5494497785406076e-67,1.0,1.8984983323923252e-39
2008-10-17,3,Post-Shock,6.606000189433693e-86,1.1887813187802256e-88,8.109199904019577e-78,1.0,3.6338579572072694e-50
2008-10-20,3,Post-Shock,6.993609862977584e-84,1.2781948140048004e-86,6.699359113778272e-76,1.0,5.034441240460571e-48
2008-10-21,3,Post-Shock,6.702794771743362e-84,9.542324245150657e-87,6.490191738639244e-76,1.0,1.3999446336107597e-47
2008-10-22,3,Post-Shock,1.0270061020259607e-91,1.5569118032519044e-94,2.1929743062110857e-83,1.0,2.647027664725215e-56
2008-10-23,3,Post-Shock,4.227229270726042e-97,5.13288606279717e-100,1.524790586860585e-88,1.0,5.383931286436223e-62
2008-10-24,3,Post-Shock,1.5122826832247998e-131,1.906774510803105e-135,1.3807875940377232e-121,1.0,1.6725514776760428e-96
2008-10-27,3,Post-Shock,2.2918188122740476e-134,2.926220352306743e-138,2.751985605581272e-124,1.0,4.130073603880326e-100
2008-10-29,3,Post-Shock,2.5469605689891376e-138,1.1825983514432474e-142,4.1855683010078815e-128,1.0,2.223148607631213e-101
2008-10-31,3,Post-Shock,3.2033493790310503e-139,6.162166479040604e-144,5.3513161474810345e-129,1.0,7.055013158565047e-100
2008-11-03,3,Post-Shock,1.520151692939882e-136,1.9441989452088682e-141,1.846859234544119e-126,1.0,3.773299121183325e-96
2008-11-04,3,Post-Shock,7.279611256026744e-137,8.09550471220194e-142,9.054744131324173e-127,1.0,2.19773815600644e-96
2008-11-05,3,Post-Shock,3.54134780262584e-145,2.789489909644313e-150,9.809737058952516e-135,1.0,1.2604509033563107e-104
2008-11-06,3,Post-Shock,3.026628998393162e-145,2.3545232336302515e-150,8.485227360226358e-135,1.0,1.0514480658599118e-104
2008-11-07,3,Post-Shock,2.1543552066956778e-134,2.4968201055238218e-139,2.0666354284704295e-124,1.0,6.293037885443904e-94
2008-11-10,3,Post-Shock,3.9172470049378123e-138,2.5579801065811007e-143,4.677072367264229e-128,1.0,9.941879931969312e-98
2008-11-11,3,Post-Shock,9.294411852252383e-148,2.9028219298912436e-153,2.9629752990448464e-137,1.0,1.8684527406631377e-106
2008-11-12,3,Post-Shock,1.0151173163745529e-138,6.091569357649473e-144,1.3340613601362415e-128,1.0,5.231003882976766e-98
2008-11-14,3,Post-Shock,1.232054965898374e-135,1.4770627887112792e-140,1.3659209550190609e-125,1.0,3.022787155630234e-95
2008-11-17,3,Post-Shock,1.7524397675072758e-136,2.145171117399247e-141,2.1097020328107472e-126,1.0,4.818862746371456e-96
2008-11-18,3,Post-Shock,2.192771743771802e-134,3.2639229156853322e-139,2.070097827118397e-124,1.0,3.1284659576782225e-94
2008-11-19,3,Post-Shock,1.836293015824057e-133,2.6548937393951188e-138,1.6702496138573273e-123,1.0,3.02879215034651e-93
2008-11-20,3,Post-Shock,2.411312729633587e-126,5.518867933753423e-131,1.109540465677006e-116,1.0,1.654403776256348e-86
2008-11-21,3,Post-Shock,1.8987775562436014e-129,2.6663196618167494e-134,1.1003211373031667e-119,1.0,2.250105094514422e-89
2008-11-24,3,Post-Shock,9.005235856780392e-129,1.5710447352671266e-133,5.120807128135046e-119,1.0,9.181729126110344e-89
2008-11-25,3,Post-Shock,3.198975301286548e-122,8.645837826872861e-127,9.470893297467606e-113,1.0,1.0719331330887012e-82
2008-11-26,3,Post-Shock,2.085247273925321e-117,5.875331500986954e-122,3.623989913115824e-108,1.0,3.146103171325599e-79
2008-11-28,3,Post-Shock,1.429301536587699e-85,5.606685156531958e-89,1.0594140936710982e-77,1.0,1.5327593397604415e-54
2008-12-01,3,Post-Shock,1.2940642018939342e-85,4.8718869905012736e-89,9.827059737826097e-78,1.0,1.41483270710007e-54
2008-12-02,3,Post-Shock,3.6130199652597197e-78,2.9962379731083533e-81,1.6004768026079275e-70,1.0,1.2328309416640217e-44
2008-12-03,3,Post-Shock,5.257184250708689e-72,9.975161136987462e-75,1.4603566631202524e-64,1.0,3.7112250329604003e-37
2008-12-04,3,Post-Shock,4.328847221936969e-71,8.949076750278228e-74,1.1175108270757433e-63,1.0,1.9766401470686496e-36
2008-12-05,3,Post-Shock,4.068262737872777e-74,9.124131110881703e-77,1.4566436426471878e-66,1.0,1.7001150073798073e-38
2008-12-08,3,Post-Shock,5.887589183691363e-67,1.6720696178158876e-69,1.0145898560099211e-59,1.0,6.62374863057988e-33
2008-12-10,3,Post-Shock,7.418492345764486e-67,1.6488946011393397e-69,1.1016851215765277e-59,1.0,4.0571880945621097e-35
2008-12-11,3,Post-Shock,2.0790684543809193e-66,5.953906305022243e-68,3.097117598463638e-59,1.0,1.5639638451498627e-33
2008-12-12,3,Post-Shock,1.4006351582177104e-59,4.518622274441443e-57,1.0658515224700832e-51,1.0,1.859424999227776e-28
2008-12-15,3,Post-Shock,5.587598738461617e-51,3.218030638879935e-48,1.3422205217091647e-43,1.0,6.055005552958629e-22
2008-12-16,3,Post-Shock,5.511943504271284e-50,3.619621501945657e-47,1.0894815020613585e-42,1.0,1.6633105232560225e-23
2008-12-17,3,Post-Shock,5.667498084580226e-52,2.670598000806357e-52,1.95691435301723e-45,1.0,2.5380334976351126e-23
2008-12-18,3,Post-Shock,1.6617682158028597e-54,1.6086371426785788e-56,6.62270169236017e-48,1.0,1.0041889278011346e-27
2008-12-19,3,Post-Shock,5.324717045803002e-53,5.088860162484268e-55,1.6298755683983247e-46,1.0,7.984445170075705e-30
2008-12-22,3,Post-Shock,4.30735863308445e-53,3.939165589237841e-55,1.2976700486971504e-46,1.0,2.4655461031286827e-30
2008-12-23,3,Post-Shock,1.320653205326291e-47,8.692600355176732e-45,2.588733008378491e-40,1.0,1.0316797633502453e-30
2008-12-24,3,Post-Shock,1.103821666173365e-39,1.1843467096480548e-36,1.3632650035722896e-32,1.0,1.8162215171881248e-19
2008-12-26,3,Post-Shock,2.8662804353085193e-43,2.9446460498969707e-40,3.9434053269388055e-36,1.0,1.9136471161806933e-18
2008-12-29,3,Post-Shock,3.3397067788933133e-41,3.285304618386472e-38,4.416274211484239e-34,1.0,1.7819069923200203e-21
2008-12-30,3,Post-Shock,5.982813000642081e-39,7.00711465781913e-36,6.897705956414202e-32,1.0,8.345771431877294e-19
2008-12-31,3,Post-Shock,4.251249504301331e-44,4.2942587068952686e-41,4.4211759517811096e-37,1.0,2.6124912755073253e-18
2009-01-02,3,Post-Shock,5.062994011846265e-47,7.904375848876915e-48,8.752627992538735e-41,1.0,9.350745348658724e-24
2009-01-05,3,Post-Shock,4.0176874372617315e-49,1.0720318752485381e-49,7.974715598492961e-43,1.0,1.6823565897929456e-28
2009-01-06,3,Post-Shock,1.7040583426025855e-44,1.6073340577273763e-41,2.3149202351575012e-37,1.0,3.562935586155209e-28
2009-01-07,3,Post-Shock,1.0871829049490088e-43,9.168963698902441e-41,1.843301188993736e-36,1.0,5.126465632749081e-20
2009-01-09,3,Post-Shock,8.497661933982947e-42,7.637647826129902e-39,1.3109957759253376e-34,1.0,6.808992007424151e-20
2009-01-12,3,Post-Shock,4.860112180373991e-40,4.0649018035903125e-37,9.946546289532374e-33,1.0,9.15904417228089e-19
2009-01-13,3,Post-Shock,5.576798136793131e-39,6.961506949862893e-36,1.016407352488413e-31,1.0,2.9674084739934448e-15
2009-01-14,3,Post-Shock,1.0355323520294486e-41,1.0999813388129992e-38,1.873145102348404e-34,1.0,2.244793088484312e-16
2009-01-15,3,Post-Shock,6.3420984969267105e-46,5.538940182966078e-43,1.665139355150775e-38,1.0,1.1999181918102533e-18
2009-01-16,3,Post-Shock,1.9060646476265902e-46,1.5103897362659174e-43,5.2797839297424924e-39,1.0,1.6760942755422746e-19
2009-01-19,3,Post-Shock,3.239654496611773e-45,2.6862145785864846e-42,9.041247959510203e-38,1.0,3.71946343314084e-19
2009-01-20,3,Post-Shock,1.4879724057002266e-45,1.3409744899460856e-42,3.581365557458639e-38,1.0,3.642443718918318e-18
2009-01-21,3,Post-Shock,8.542864773494339e-49,7.959115552412159e-46,2.9838992014375673e-41,1.0,6.763291414344696e-20
2009-01-22,3,Post-Shock,4.512093399075397e-49,4.277674783725947e-46,1.606041491394581e-41,1.0,4.452873582399186e-20
2009-01-23,3,Post-Shock,5.699277001357583e-48,5.3390125551149336e-45,2.0377437077079588e-40,1.0,4.868645482739091e-20
2009-01-27,3,Post-Shock,2.131705524439881e-46,1.807546321774837e-43,5.939223024481415e-39,1.0,5.320445138588814e-19
2009-01-28,3,Post-Shock,8.519145968916315e-45,6.67337729716533e-42,2.0066336364850175e-37,1.0,2.2679262084556574e-19
2009-01-29,3,Post-Shock,1.2846176866725443e-43,1.0617743979184532e-40,2.73135284135093e-36,1.0,7.442188965147747e-19
2009-01-30,3,Post-Shock,1.2076076479315162e-45,1.0287431139773564e-42,2.534476771549517e-38,1.0,1.4442106996070626e-18
2009-02-02,3,Post-Shock,1.4798379601310405e-49,1.0905930219566273e-46,5.001033425812763e-42,1.0,8.355438589112576e-21
2009-02-03,3,Post-Shock,4.064119421620644e-48,2.967573568055945e-45,1.2745759685755852e-40,1.0,2.2780087941446863e-20
2009-02-04,3,Post-Shock,7.176147827783278e-48,5.898621108692802e-45,2.2127741806746113e-40,1.0,1.1400871934889412e-19
2009-02-05,3,Post-Shock,1.4473087972310743e-48,1.29041374152142e-45,5.02318519262224e-41,1.0,5.305106614678045e-20
2009-02-06,3,Post-Shock,1.5253429187359885e-42,1.2581502415864357e-39,4.892372507697824e-35,1.0,7.579740234035658e-20
2009-02-09,3,Post-Shock,4.8186024804506645e-34,6.472792054052827e-31,5.9822524700146486e-27,1.0,2.3573984321055265e-14
2009-02-10,3,Post-Shock,5.1320678397062314e-33,7.199168932525563e-30,5.741493075565404e-26,1.0,1.9637350834128886e-14
2009-02-11,3,Post-Shock,3.969208776493319e-31,6.55121050215541e-28,3.365338488213347e-24,1.0,5.224274951001975e-14
2009-02-12,3,Post-Shock,3.256456624739841e-30,5.557590857975676e-27,2.7791853945879825e-23,1.0,2.1496226477641237e-14
2009-02-13,3,Post-Shock,2.0817896977648735e-28,3.851395441720357e-25,1.5809973581248052e-21,1.0,5.011744350294007e-13
2009-02-16,3,Post-Shock,7.714067047351183e-27,1.4371361326742026e-23,5.79229514739663e-20,1.0,6.005876991388908e-13
2009-02-17,3,Post-Shock,4.860893700170358e-28,9.74625981989345e-25,4.227948277675944e-21,0.9999999999818101,1.7720447171492423e-11
2009-02-18,3,Post-Shock,3.566998000923631e-27,7.335902346318479e-24,3.047530523272771e-20,0.999999999996362,3.939145273043324e-12
2009-02-19,3,Post-Shock,4.4260847585941113e-26,9.299306485559892e-23,3.40046713657295e-19,0.9999999999672582,3.281297422905493e-11
2009-02-20,3,Post-Shock,1.5424658095967048e-23,3.6180426006954554e-20,9.84866809840216e-17,0.9999999999618012,3.762275053618737e-11
2009-02-24,3,Post-Shock,8.147379755107662e-25,1.7384845586068102e-21,5.186076853312008e-18,0.9999999994142854,5.864678672530614e-10
2009-02-25,3,Post-Shock,2.747762166996821e-22,6.051012771387745e-19,1.5798621482609163e-15,0.9999999999599822,4.0150632519793144e-11
2009-02-26,3,Post-Shock,6.131119496081775e-20,1.4522532568932845e-16,2.957379819677583e-13,0.9999999957453838,4.254037690099239e-09
2009-02-27,3,Post-Shock,5.608635439858221e-20,4.634731201793142e-17,8.890931069589647e-14,0.9999999514438981,4.855517278211028e-08
2009-03-02,3,Post-Shock,4.5907324575126996e-23,2.8975615576030407e-20,8.707830296036909e-17,0.9999999874289643,1.2570456851732906e-08
2009-03-03,3,Post-Shock,3.8452089442677314e-23,9.695878581534841e-20,3.766241302178978e-16,0.9999999980027496,1.996436147867491e-09
2009-03-04,3,Post-Shock,1.1764078809789395e-20,3.8146114447323616e-17,7.590750215881034e-14,0.9999994129886449,5.87011291334397e-07
2009-03-05,3,Post-Shock,1.7718127671214557e-22,2.69931591723145e-19,7.916747074146586e-16,0.9999999454048535,5.4595736658051165e-08
2009-03-06,3,Post-Shock,6.498494973277066e-23,1.743639019412936e-19,5.1124727263217845e-16,0.9999999617193687,3.828115524514904e-08
2009-03-09,3,Post-Shock,7.276124157766068e-24,1.8826638458028766e-20,6.32804384929682e-17,0.9999999867213775,1.3278861587062215e-08
2009-03-12,3,Post-Shock,2.975930649796987e-24,8.121162458291534e-21,2.62637795810135e-17,0.9999999881474652,1.1851998535726614e-08
2009-03-13,3,Post-Shock,2.5030444998574334e-25,6.224693799021822e-22,2.3559973828868533e-18,0.9999999964111339,3.5888111369489078e-09
2009-03-16,3,Post-Shock,4.394145125107973e-25,1.0223541910227679e-21,4.009011835453727e-18,0.9999999977571861,2.2430722823826834e-09
2009-03-17,3,Post-Shock,2.1270314823123905e-25,4.957161310864493e-22,2.016663920054904e-18,0.9999999981318979,1.868415423081931e-09
2009-03-18,3,Post-Shock,3.046767077867337e-24,7.159927601926615e-21,2.570467066822175e-17,0.9999999977135303,2.2861385848824696e-09
2009-03-19,3,Post-Shock,1.9976901543000767e-22,4.820467124952444e-19,1.708646539018677e-15,0.9999999937590474,6.24090515664729e-09
2009-03-20,3,Post-Shock,8.167077423794082e-24,2.316702217509789e-20,5.0230469024632446e-17,0.9999997687027912,2.3129725144532574e-07
2009-03-23,3,Post-Shock,3.298962122713295e-24,2.920616045777548e-21,7.775027824244968e-18,0.9999999999836291,1.553541424176893e-11
2009-03-24,3,Post-Shock,3.313809498915139e-26,6.65735000459002e-23,1.787610979540851e-19,0.9999999999727152,2.7004780926448494e-11
2009-03-25,3,Post-Shock,8.37451044996399e-32,1.7411046764301818e-28,4.662230898660842e-25,1.0,7.71009262492457e-13
2009-03-26,3,Post-Shock,1.078026154153619e-34,2.018870960346001e-31,7.1488585130258305e-28,1.0,1.616383813766062e-17
2009-03-27,3,Post-Shock,2.1671119209366586e-32,3.9688655816790125e-29,1.4776707878957456e-25,1.0,1.3767373406900761e-18
2009-03-30,3,Post-Shock,4.0100100114286305e-34,6.072126966838845e-31,3.516000360243905e-27,1.0,5.731696284457778e-16
2009-03-31,3,Post-Shock,2.4391839237580417e-36,3.618683183831746e-33,2.177730276991492e-29,1.0,1.474822914087618e-16
2009-04-01,3,Post-Shock,3.989972071294404e-43,7.936597994610616e-45,5.215450213470424e-37,1.0,2.0678944591546562e-18
2009-04-02,3,Post-Shock,4.336304953239019e-49,6.965793741577331e-51,6.545536844976632e-43,1.0,2.742553569737934e-35
2009-04-06,3,Post-Shock,8.81718929551715e-52,1.1909709457440105e-53,1.813273557323295e-45,1.0,8.852450538433181e-38
2009-04-08,3,Post-Shock,1.0893019517672609e-54,1.3029353999242813e-56,2.6601773927929e-48,1.0,1.8716251622448017e-43
2009-04-09,3,Post-Shock,4.2797325215729856e-57,5.127359295471773e-59,1.181855094885578e-50,1.0,4.692951909745251e-49
2009-04-13,3,Post-Shock,2.8277193418019675e-56,3.7030193507982004e-58,6.823742057826465e-50,1.0,2.918479006205258e-49
2009-04-15,3,Post-Shock,4.3292646058175525e-65,4.400234034113065e-67,1.8185699627860108e-58,1.0,9.019610953045422e-66
2009-04-16,3,Post-Shock,6.0947210207126766e-58,6.487013791423412e-60,1.8010855391729585e-51,1.0,9.249840900682e-50
2009-04-17,3,Post-Shock,1.4405505812595615e-51,2.182084304241993e-53,2.5613319501731225e-45,1.0,2.170384606438979e-40
2009-04-20,3,Post-Shock,9.941243501699652e-49,1.816826238356174e-50,1.3457447576623453e-42,1.0,7.038027410752689e-37
2009-04-21,3,Post-Shock,7.315128392324722e-49,1.2430600355306552e-50,1.0962914742909078e-42,1.0,2.134228172003574e-35
2009-04-22,3,Post-Shock,6.757527441687545e-47,1.2930692180614404e-48,8.425253568096931e-41,1.0,1.0925302568863383e-32
2009-04-23,3,Post-Shock,7.575500708261956e-50,1.1396334581981822e-51,1.2921589106946694e-43,1.0,1.5337428703249223e-35
2009-04-24,3,Post-Shock,6.759197819896346e-52,9.703098029890733e-51,1.3869422000371062e-45,1.0,6.754015870403608e-40
2009-04-27,3,Post-Shock,1.4750178151626497e-43,1.8279720460234298e-40,9.88055898352366e-37,1.0,1.8761430929915602e-26
2009-04-28,3,Post-Shock,4.658715000454642e-44,3.8438226869542764e-45,5.688475602350286e-38,1.0,5.85246564094077e-24
2009-04-29,3,Post-Shock,2.5057526143108077e-46,4.3969772168098647e-48,3.359801335680733e-40,1.0,5.87821908768607e-29
2009-05-04,3,Post-Shock,4.561263482982947e-50,6.227553303644897e-52,7.988976312014604e-44,1.0,1.2038633752856164e-34
2009-05-05,3,Post-Shock,1.79524527985537e-49,2.4065649974210218e-51,3.2108287261365932e-43,1.0,2.284430234639305e-32
2009-05-06,3,Post-Shock,2.5289029413574224e-49,4.093881055516148e-51,3.940595075128455e-43,1.0,7.995898046612978e-36
2009-05-07,3,Post-Shock,1.5622168838208406e-49,2.7752834396076516e-51,2.7186837757153497e-43,1.0,3.8380449161191423e-34
2009-05-08,3,Post-Shock,2.1517157325495558e-41,2.5242159340577865e-38,2.2003750874737184e-34,1.0,3.3678541213970855e-30
2009-05-11,3,Post-Shock,2.1752183976907868e-39,3.688845826614415e-36,1.489196039540619e-32,1.0,1.2285660505302667e-18
2009-05-12,3,Post-Shock,2.7865017097338786e-37,4.108169377854525e-34,2.2187204094489766e-30,1.0,6.714793441465475e-23
2009-05-13,3,Post-Shock,1.1296088057854721e-34,1.872107442553756e-31,8.356356152060809e-28,1.0,1.7770797534838345e-18
2009-05-14,3,Post-Shock,3.730958888690583e-35,6.084956388226792e-32,2.872425482311706e-28,1.0,1.0183313395277286e-17
2009-05-15,3,Post-Shock,2.981746361813994e-42,6.241333819833969e-44,3.587827989191252e-36,1.0,3.9537385842565004e-18
2009-05-18,3,Post-Shock,1.0227397964499871e-103,1.1639279326645363e-107,2.5411330664623666e-95,1.0,7.260783052593086e-86
2009-05-19,3,Post-Shock,3.4094372367719076e-105,4.418014593563225e-109,8.408896244979395e-97,1.0,6.120964959076397e-92
2009-05-20,3,Post-Shock,1.392606453029139e-103,1.7642007560625808e-107,3.3521048048354505e-95,1.0,6.226929361087115e-87
2009-05-21,3,Post-Shock,1.0504432292195649e-102,1.3642211532465454e-106,2.3169381030847848e-94,1.0,9.748505076570054e-86
2009-05-22,3,Post-Shock,8.567428426350762e-104,1.0825794853490597e-107,2.0169049037503605e-95,1.0,5.650594528121773e-88
2009-05-25,3,Post-Shock,9.012825370585649e-105,1.1717297752581071e-108,2.1260997561578892e-96,1.0,3.021265831725681e-91
2009-05-26,3,Post-Shock,1.5007034705706231e-99,2.0695018783698461e-103,2.8468742289306575e-91,1.0,2.586736186713283e-78
2009-05-27,3,Post-Shock,1.5421532090596227e-103,1.6704305032640656e-107,3.911170185583463e-95,1.0,1.8542856027788213e-84
2009-05-28,3,Post-Shock,1.6272426706567346e-105,1.6423922032328783e-109,4.690866776483617e-97,1.0,3.3282433351166075e-88
2009-05-29,3,Post-Shock,4.291336495897935e-112,3.8824634544210606e-116,1.8426739343366167e-103,1.0,6.227500807057624e-102
2009-06-01,3,Post-Shock,1.574739446851027e-108,1.7138862121755694e-112,5.121728523387533e-100,1.0,1.16000485521229e-96
2009-06-02,3,Post-Shock,1.4797611583508758e-97,2.9198747535967475e-101,2.101476480088671e-89,1.0,5.188738432397371e-80
2009-06-03,3,Post-Shock,1.8352217528634006e-97,3.5831285013621247e-101,2.6451420357482386e-89,1.0,2.312929136765159e-79
2009-06-04,3,Post-Shock,2.2254531421877388e-99,4.1511148133546325e-103,3.611967036735812e-91,1.0,2.8712190938348434e-83
2009-06-05,3,Post-Shock,1.469872038928716e-97,2.990659026561156e-101,2.0655880592793808e-89,1.0,1.717851956544641e-80
2009-06-08,3,Post-Shock,1.2631770776518964e-97,2.2574138833483332e-101,1.934211199141549e-89,1.0,5.065912461883712e-78
2009-06-09,3,Post-Shock,5.028432825629255e-103,7.611848795845648e-107,1.0708334687954698e-94,1.0,8.915849006873058e-89
2009-06-10,3,Post-Shock,3.2967926585611383e-100,5.89221953456825e-104,5.5999192224123424e-92,1.0,7.670953248131296e-85
2009-06-11,3,Post-Shock,5.984663853082941e-101,1.0584178334243995e-104,1.0749503180628674e-92,1.0,3.1139343164124444e-86
2009-06-12,3,Post-Shock,6.137804920662983e-101,1.1112987658625366e-104,1.0628416031141834e-92,1.0,5.412820307680453e-87
2009-06-15,3,Post-Shock,1.1868940511296053e-83,1.675866008915645e-82,1.1273560799151875e-74,1.0,4.0413060340189756e-77
2009-06-16,3,Post-Shock,2.081668157436179e-23,5.807656151803089e-20,9.932835257419015e-17,0.9999999999890861,1.131686786969916e-11
2009-06-17,3,Post-Shock,8.332697134978918e-26,3.0966469637466877e-23,8.625960876638056e-20,0.999999999990905,8.376589476338844e-12
2009-06-18,3,Post-Shock,3.441506176567283e-27,7.367380502091007e-24,2.3700013811890935e-20,0.999999999998181,1.0341415727198566e-12
2009-06-19,3,Post-Shock,8.759954116227416e-26,1.8634877129768545e-22,5.896493818971742e-19,0.999999999998181,2.511855039075956e-12
2009-06-22,3,Post-Shock,1.990450544253321e-27,3.9657032342498e-24,1.5665564333973455e-20,0.9999999999799911,1.9695631213204283e-11
2009-06-23,3,Post-Shock,2.988298872203145e-27,6.056763372625223e-24,2.240877076840951e-20,0.999999999996362,3.742471746547124e-12
2009-06-24,3,Post-Shock,4.544129152907079e-22,1.0093806928407598e-18,2.7944315440537034e-15,0.999999999994543,4.562662721977293e-12
2009-06-25,3,Post-Shock,8.498534531708754e-23,2.140636073799371e-19,4.891919630387539e-16,0.9999999822157407,1.778352245986727e-08
2009-06-26,3,Post-Shock,1.2577090926802686e-22,1.5485622063364792e-19,3.963897922956047e-16,0.9999999997780833,2.2256027993827975e-10
2009-06-29,3,Post-Shock,9.337077145883346e-23,2.13463853989146e-19,4.753485203814401e-16,0.9999999990850483,9.153926060243583e-10
2009-06-30,3,Post-Shock,4.545574404077642e-24,7.928313739228854e-21,2.2890083005587115e-17,0.9999999995907274,4.098587834312489e-10
2009-07-01,3,Post-Shock,3.366837264249096e-24,8.565672588054e-21,2.4569015807696666e-17,0.9999999992014637,7.982407039128814e-10
2009-07-02,3,Post-Shock,2.4563772659374735e-24,6.219621366919325e-21,1.7453600609118545e-17,0.9999999995579856,4.4255089138362876e-10
2009-07-03,3,Post-Shock,1.2559126500042062e-29,3.078965971011157e-26,8.863288871940393e-23,0.9999999996980478,3.011002995526599e-10
2009-07-06,3,Post-Shock,4.774641337427209e-35,6.918985435762005e-32,8.234326640205037e-28,1.0,1.634161843045381e-15
2009-07-07,3,Post-Shock,3.5360656777909796e-34,6.225588386880011e-31,4.1163593506735645e-27,1.0,7.326974494977803e-13
2009-07-08,3,Post-Shock,5.61903422587519e-37,9.949453668627255e-34,8.818606236773908e-30,1.0,9.246063333741343e-16
2009-07-09,3,Post-Shock,1.5169906603600897e-38,2.855180892495622e-35,2.59285839034406e-31,1.0,1.2286265774011325e-15
2009-07-10,3,Post-Shock,2.976067145103498e-39,5.284444654260894e-36,5.993264833657068e-32,1.0,1.0024971407517366e-16
2009-07-13,3,Post-Shock,2.9282137217507492e-37,5.205632760280664e-34,5.769188030932272e-30,1.0,5.942622212632015e-16
2009-07-14,3,Post-Shock,2.1627925756267814e-35,3.468216627931485e-32,3.347283965777598e-28,1.0,2.4309139891947645e-14
2009-07-15,3,Post-Shock,1.6733300038886816e-34,2.3537298241257345e-31,2.65128624583377e-27,1.0,1.6581203093867312e-14
2009-07-16,3,Post-Shock,1.3996672803018815e-32,2.4546482453903963e-29,1.4414716026348544e-25,1.0,2.839709716810898e-13
2009-07-17,3,Post-Shock,3.3706374965213585e-33,5.382782204050179e-30,3.0272814055754367e-26,1.0,6.984916131457641e-15
2009-07-20,3,Post-Shock,1.084603874056262e-34,1.5505450725475868e-31,1.0508666024706668e-27,1.0,6.375278956590664e-16
2009-07-21,3,Post-Shock,1.7660340144980003e-33,2.6529444313139223e-30,1.5637871280186947e-26,1.0,1.6434120558759276e-16
2009-07-22,3,Post-Shock,8.894278126248272e-36,1.28980680347946e-32,8.6530685575578e-29,1.0,8.60420458589057e-16
2009-07-23,3,Post-Shock,8.880289376257718e-39,1.1546313035160979e-35,9.163030945797828e-32,1.0,1.3015486252484567e-17
2009-07-24,3,Post-Shock,1.0492256003154722e-34,1.388018165757843e-31,9.977190133039417e-28,1.0,1.3497767677698345e-19
2009-07-27,3,Post-Shock,6.283473359912282e-33,9.535913474482419e-30,5.699588376925421e-26,1.0,1.6318512320197632e-15
2009-07-28,3,Post-Shock,1.9029323334206902e-32,2.9048829499692607e-29,1.7399201052775766e-25,1.0,2.2629137601049895e-15
2009-07-29,3,Post-Shock,2.7317577837690683e-32,4.35283773342341e-29,2.3360667986663505e-25,1.0,7.063908175375789e-15
2009-07-30,3,Post-Shock,1.043805103325829e-33,1.6702764517197883e-30,8.77621197270125e-27,1.0,2.3097058218036754e-15
2009-07-31,3,Post-Shock,1.6695645808272367e-33,2.609196864004197e-30,1.3819096633268785e-26,1.0,9.103943195104416e-17
2009-08-03,3,Post-Shock,4.035313138231902e-34,6.278080447128975e-31,3.388929980475596e-27,1.0,3.0302557214313e-16
2009-08-04,3,Post-Shock,5.572185337648599e-29,1.3714355492770958e-25,2.660934498519758e-22,1.0,6.456284759056638e-17
2009-08-05,3,Post-Shock,2.953390812367572e-28,6.334014497474164e-25,1.2288057965087205e-21,1.0,7.724718857429252e-16
2009-08-06,3,Post-Shock,1.2116489932262431e-26,2.3537063899531407e-23,4.431277895979576e-20,1.0,1.8326136104995053e-15
2009-08-07,3,Post-Shock,3.5599379346176036e-26,5.891014041712961e-23,1.2173517267299585e-19,1.0,4.197427703201766e-14
2009-08-10,3,Post-Shock,8.741377896475383e-28,8.818908124293754e-25,1.1238969048061852e-21,1.0,1.1682534938739959e-13
2009-08-11,3,Post-Shock,1.7352139820604633e-23,2.9496884002684114e-20,6.054840242540112e-17,1.0,1.1679971190546989e-15
2009-08-12,3,Post-Shock,2.0332362896678028e-22,4.911502276099986e-19,7.163575549018788e-16,0.9999999998599378,1.399439303109382e-10
2009-08-13,3,Post-Shock,1.633768934811746e-19,4.1539953430526026e-18,2.6624354000239715e-15,0.999999999994543,6.12989094963664e-12
2009-08-14,3,Post-Shock,2.855334950956059e-17,2.585356396321037e-15,3.901867380222443e-12,0.9999999999581632,3.754572189400514e-11
2009-08-17,3,Post-Shock,2.3134457443463086e-18,1.9180782450062645e-16,4.1512716561177935e-13,0.999999945830497,5.4169778362921374e-08
2009-08-18,3,Post-Shock,3.4659575708377e-18,3.4686611628669237e-15,6.4522943625689156e-12,0.9999999057545255,9.423908783479638e-08
2009-08-19,3,Post-Shock,8.113946374185629e-19,2.4298667353161583e-16,5.082976054013264e-13,0.9999996655679402,3.3443160637536065e-07
2009-08-20,3,Post-Shock,2.1819642615282147e-17,1.9109281898220645e-14,3.483643085745892e-11,0.9999998956791442,1.0428577591265063e-07
2009-08-21,3,Post-Shock,1.5185331384458475e-17,2.952566618983373e-15,4.8976340445771274e-12,0.9999989735157025,1.026480280362972e-06
2009-08-24,3,Post-Shock,1.4028352125313187e-17,1.1058831762487528e-15,1.969405332685981e-12,0.9999999381580001,6.184089043082059e-08
2009-08-25,3,Post-Shock,8.407627358166413e-18,1.3102260465316331e-15,2.330700403460871e-12,0.9999999503324956,4.966481606555497e-08
2009-08-26,3,Post-Shock,1.756683741799729e-18,2.567410021778856e-16,4.569726070239308e-13,0.9999999443170979,5.5682948369379276e-08
2009-08-27,3,Post-Shock,1.474119214625371e-17,2.3935539210254944e-15,3.891311838502005e-12,0.9999999879219105,1.2073722575183975e-08
2009-08-28,3,Post-Shock,1.7725523232634178e-16,1.2783348368944032e-14,2.0973474546199816e-11,0.9999999568462963,4.3131868363046424e-08
2009-08-31,3,Post-Shock,2.4756504947804106e-16,1.902174571231561e-14,3.414274478578943e-11,0.9999997537525208,2.4621302528348064e-07
2009-09-01,3,Post-Shock,3.561320076007104e-17,6.380543237809256e-15,1.2057232348072928e-11,0.9999990491000945,9.508883140238959e-07
2009-09-02,3,Post-Shock,2.9726964237962106e-17,1.0898355104828079e-14,2.0066812399323748e-11,0.9999992205724393,7.794066852144882e-07
2009-09-03,3,Post-Shock,1.1683615568381891e-17,2.976242933401936e-15,5.6355705495627824e-12,0.9999991601347463,8.398601073651998e-07
2009-09-04,3,Post-Shock,9.402266256343284e-19,3.4801073776091463e-16,5.376208199713774e-13,0.9999996418556025,3.581433822613118e-07
2009-09-07,3,Post-Shock,2.4523302059435717e-18,8.433884005017231e-17,1.1465302130227964e-13,0.9999999972733349,2.7260451566925548e-09
2009-09-08,3,Post-Shock,4.496634801941863e-17,1.8705369182040896e-16,1.3093195524443827e-13,0.999999999663487,3.363704312008652e-10
2009-09-09,3,Post-Shock,3.21639671497151e-14,1.0173738633318151e-13,3.591505763000703e-11,0.9999999996307452,3.3371828700467937e-10
2009-09-10,3,Post-Shock,3.3525125986363815e-11,5.5423624503215506e-11,1.8096625808433735e-08,0.9999999816900528,1.2395919496356557e-10
2009-09-11,3,Post-Shock,1.6525813271333368e-08,3.913166208973234e-08,1.0084236957431802e-05,0.9999897665634968,9.354240054331233e-08
2009-09-14,3,Post-Shock,9.328978585015536e-06,1.2527150329849672e-06,0.00016001873336378826,0.9998292604798708,1.3909373768672004e-07
2009-09-15,3,Post-Shock,0.00014798481540239557,2.8646340441188417e-05,0.001997072984670512,0.9978262955516584,3.0712237061422775e-10
2009-09-16,3,Post-Shock,0.0018458571064321552,0.0003258258258210842,0.009347990733110666,0.9884803259729525,3.6218921767524105e-10
2009-09-17,3,Post-Shock,0.008760179940586171,0.0023964737817333214,0.026363905811965006,0.9624794404123705,5.3246633225538774e-11
2009-09-18,3,Post-Shock,0.0249696163664219,0.010715325480806873,0.22169969747498658,0.7426153598471994,8.312140514053733e-10
2009-09-22,3,Post-Shock,0.20710549946351237,0.0410916167418832,0.4302986192501114,0.3215042435644138,2.097977519462256e-08
2009-09-23,2,Transitional,0.41027995361532643,0.21836754729769461,0.3550271374775863,0.01632248769549694,2.8739140256561525e-06
2009-09-24,0,Risk-On,0.3709098096591086,0.4100909594401498,0.21818874364712446,0.0008096875698392579,7.996833440177544e-07
2009-09-25,1,Late-Cycle,0.25977037698046884,0.40243552722726056,0.3377610072529084,3.182293006858057e-05,1.265608409691152e-06
2009-09-29,2,Transitional,0.35960479843517834,0.3185070363988436,0.3218850672004467,1.899239541222378e-06,1.1987253064472547e-06
2009-09-30,0,Risk-On,0.3445729887124722,0.37971994588822117,0.27570642351039576,1.619041760206577e-07,4.799841099896595e-07
2009-10-01,1,Late-Cycle,0.3098318046899666,0.3737890235782519,0.31637908809481996,2.0607562609196552e-08,6.302861649808163e-08
2009-10-05,2,Transitional,0.3422618379668407,0.3529880188837459,0.3047499023439738,2.539866543165935e-09,2.3826558078522515e-07
2009-10-06,0,Risk-On,0.32867397011638344,0.37032552878748914,0.30100039904532344,7.711842635782571e-10,1.0128031819421393e-07
2009-10-07,1,Late-Cycle,0.3327906732090762,0.35327203339043994,0.3139372321119759,1.7394554699691932e-10,6.111456079432084e-08
2009-10-08,2,Transitional,0.34224442214276457,0.37289245029860313,0.28486295841278475,2.676074238390433e-11,1.6911889281907467e-07
2009-10-09,0,Risk-On,0.3111078469639672,0.3818122772648553,0.30705242448673714,2.7921671963113517e-11,2.7451256343240256e-05
2009-10-12,1,Late-Cycle,0.3346823576283245,0.351279734406735,0.31403143225119085,8.246917692912996e-09,6.467466443038997e-06
2009-10-14,2,Transitional,0.3381266127944997,0.3717693422700258,0.29010068645990544,3.970581450450964e-09,3.354504254689944e-06
2009-10-15,0,Risk-On,0.31535765751627254,0.36839246147048904,0.3162460493958945,1.7010923078304148e-09,3.829916897602576e-06
2009-10-16,1,Late-Cycle,0.3466365743265821,0.34581282918328016,0.3075474518419069,2.1883150091809986e-09,3.1424598396615294e-06
2009-10-20,2,Transitional,0.33027746185366935,0.38830763571234383,0.2814113528804991,1.998672568782562e-09,3.5475544002561143e-06
2009-10-21,0,Risk-On,0.30528720013886557,0.35733202873690617,0.336600289853745,8.742379808495999e-10,0.0007804803960138395
2009-10-22,1,Late-Cycle,0.35033565385818377,0.3393710898201714,0.28476251157980725,5.73113710351576e-08,0.02553068743067195
2009-10-23,2,Transitional,0.15769265160577825,0.4184002845618336,0.2316826726810742,5.768647035812511e-07,0.192223814286637
2009-10-26,4,Risk-Off,0.012774325857325698,0.14435096882368365,0.3547228683186624,4.712872518648307e-06,0.4881471241283217
2009-10-27,4,Risk-Off,0.0001262616453636951,0.0012658985360847368,0.00434571643291983,1.4113084197999632e-05,0.9942480103013555
2009-10-28,4,Risk-Off,2.14145089306725e-06,1.8999788472421243e-05,9.868340647554706e-05,0.0004127990913624195,0.9994673762635579
2009-10-29,4,Risk-Off,1.5481277931034628e-08,7.302643684733629e-08,8.781097361872858e-06,0.009054685059857197,0.9909364453355338
2009-10-30,4,Risk-Off,1.0197075321673943e-09,7.966131074612623e-10,1.1826134844437145e-06,0.10240705610389582,0.8975917594665405
2009-11-03,3,Post-Shock,2.0884072865306635e-12,1.3977421950425789e-12,3.439037843500582e-09,0.8790747527051607,0.12092524385160555
2009-11-04,3,Post-Shock,2.5655839924293235e-12,1.6229766524667581e-12,4.7731377149679846e-09,0.9953671508229813,0.004632844398839213
2009-11-05,3,Post-Shock,4.433550170902201e-13,1.1716059613536642e-12,2.2131590944493596e-09,0.9990587766690084,0.0009412211167489422
2009-11-06,3,Post-Shock,2.1866408709778846e-13,3.279753445805164e-12,4.599009241611984e-09,0.999542404354156,0.0004575910425015234
2009-11-09,3,Post-Shock,2.647578294425382e-13,3.2291904844036765e-12,4.44248269953534e-09,0.9999146670119399,8.532854162413025e-05
2009-11-10,3,Post-Shock,9.130794731377131e-14,1.4237833950187749e-12,1.7926621987377325e-09,0.9999818495444862,1.8148661751959528e-05
2009-11-11,3,Post-Shock,4.0093047939818865e-14,3.671228925428902e-13,4.765223926066413e-10,0.9999973545035096,2.6450203400163276e-06
2009-11-12,3,Post-Shock,9.769978671441045e-14,1.6519030934482764e-12,2.1565666964180423e-09,0.9999988968835796,1.1009583234786607e-06
2009-11-13,3,Post-Shock,2.892825527950167e-13,4.158529074778115e-12,5.10369660219469e-09,0.9999961960056273,3.7988867122288347e-06
2009-11-16,3,Post-Shock,3.1942808651346387e-13,2.8951712367103495e-12,3.4602439292984726e-09,0.9999943102282465,5.686309190260635e-06
2009-11-17,3,Post-Shock,2.8468715122333514e-13,2.6617426296528875e-12,3.123324073690813e-09,0.9999959451061288,4.051767344769152e-06
2009-11-18,3,Post-Shock,2.1400311218692587e-13,1.72566629399643e-12,2.0176864766518334e-09,0.9999970431734313,2.954806802460238e-06
2009-11-19,3,Post-Shock,2.4572598383252245e-14,2.533650765209205e-13,3.2477357390954606e-10,0.9999973858682614,2.6138066914679354e-06
2009-11-20,3,Post-Shock,4.5300311066920605e-14,1.0323065173308976e-12,1.2279406852270893e-09,0.9999989499125206,1.0488585502811226e-06
2009-11-23,3,Post-Shock,4.91023646919144e-13,3.794013341974459e-12,3.992676831794614e-09,0.9999988307852178,1.1652183512673647e-06
2009-11-24,3,Post-Shock,1.2302548256200903e-12,2.3719856626096202e-12,1.6773189761674532e-09,0.9999988521401286,1.1461794895852036e-06
2009-11-25,3,Post-Shock,5.349794437811927e-12,1.3562361515956538e-11,1.0245806675840264e-08,0.9999994628452974,5.268898978060041e-07
2009-11-26,3,Post-Shock,1.283071237700107e-11,3.237150466109445e-11,2.4517596252311483e-08,0.9999975886468716,2.3867906133634147e-06
2009-11-27,3,Post-Shock,6.295058155228173e-11,1.548132089095253e-11,2.9837180972392164e-09,0.9999960806821444,3.9162557633805006e-06
2009-11-30,3,Post-Shock,2.4495497397132514e-09,1.0894862968050444e-09,2.3204816764349332e-07,0.999999658128276,1.062840671808381e-07
2009-12-01,3,Post-Shock,2.1462648880266997e-07,8.177949377013577e-08,2.1713739909475452e-05,0.9999779896700927,1.8332461597912162e-10
2009-12-02,3,Post-Shock,2.020259281395073e-05,1.3694328131848634e-05,0.0034673399164053464,0.9964987631204854,4.2612287156220216e-11
2009-12-03,2,Transitional,0.0031816340299045984,0.0016224999133724316,0.30788576363651315,0.6873090493189976,1.0531005594700213e-06
2009-12-04,0,Risk-On,0.2838175716089231,0.02826583630280196,0.38736424377637274,0.3005502072650104,2.1410476135297553e-06
2009-12-07,1,Late-Cycle,0.37775389305799767,0.27168698026334337,0.198988596894946,0.1514759867541152,9.454303043548449e-05
2009-12-08,2,Transitional,0.2171058551144216,0.38279161533001654,0.31282955455295797,0.0845309674607961,0.0027420075412089373
2009-12-09,0,Risk-On,0.3198264173066288,0.2437074624893846,0.367631549843762,0.042842078899617775,0.025992491459759376
2009-12-10,1,Late-Cycle,0.28839847183445866,0.3480564364686971,0.19671085530247498,0.008551795423361947,0.1582824409712242
2009-12-11,2,Transitional,0.11491712661985676,0.3087061349326081,0.29147277779246106,0.0017639639406151304,0.28313999671505025
2009-12-14,4,Risk-Off,0.03137165717734355,0.11759860600379515,0.19999180949104842,0.00020757711820090457,0.6508303502100825
2009-12-15,4,Risk-Off,0.004601917512450098,0.025036538651100344,0.0518491305937692,1.8554207051744777e-05,0.9184938590362107
2009-12-16,4,Risk-Off,0.0004894444775880626,0.002861302461363902,0.006601676867715681,3.984771972823001e-06,0.9900435914205197
2009-12-17,4,Risk-Off,6.110474492292353e-05,0.00030071944867969796,0.0008049379659281151,3.42956659685335e-06,0.9988298082746012
2009-12-18,4,Risk-Off,7.2195421013173775e-06,4.070938292084137e-05,0.0004522403600217139,3.692496581540255e-06,0.9994961382190823
2009-12-21,4,Risk-Off,5.92635192016545e-06,3.53445519674384e-06,8.476461587231197e-05,2.7374995215755376e-06,0.9999030370773043
2009-12-22,4,Risk-Off,5.62703004455079e-05,9.900714593183117e-06,0.0010535379980026788,2.26748517103896e-05,0.9988576161346768
2009-12-23,4,Risk-Off,0.0021616883163949976,0.00022342483416735217,0.03923121522540518,0.0006240192295793338,0.9577596523935779
2009-12-24,4,Risk-Off,0.041795919007309404,0.005444136038378924,0.18957782583743046,0.001760984567557225,0.7614211345490332
2009-12-29,2,Transitional,0.19638535863432716,0.05268686243748072,0.5841335289862307,0.0013063115069343544,0.16548793843456902
2009-12-30,0,Risk-On,0.5569652059193264,0.21961236014427923,0.20288277784039008,0.0003364786952999549,0.02020317740029103
2009-12-31,1,Late-Cycle,0.23740234352595543,0.5201415829241585,0.23355957172780478,4.287722240137494e-05,0.008853624599848495
2010-01-04,2,Transitional,0.2686291262192295,0.30681599385284153,0.4187968992316974,5.043140579922508e-06,0.005752937554867985
2010-01-05,0,Risk-On,0.42428607640225,0.31209102550451767,0.26008507871299724,2.6432557256484833e-06,0.0035351761237506765
2010-01-06,1,Late-Cycle,0.2873978045363859,0.43476571054282864,0.2755991511827873,1.5990122516116365e-06,0.002235734725310102
2010-01-07,2,Transitional,0.30245029261611106,0.33655461249292806,0.35955311666522893,1.0624317330325803e-06,0.001440915793574139
2010-01-08,0,Risk-On,0.3774533673494649,0.33845500086816743,0.28335185959646203,4.508118978042929e-07,0.0007393213732161364
2010-01-11,1,Late-Cycle,0.3082818752151068,0.40583249155387247,0.28413017644581334,1.253183757568024e-07,0.001755331466958708
2010-01-12,2,Transitional,0.30621630141900635,0.353859939909641,0.3363475777336781,2.499769899570577e-07,0.0035759309602375134
2010-01-13,0,Risk-On,0.3569616356451694,0.34083955832519713,0.29813283505380955,1.1289797238578683e-06,0.004064841996157643
2010-01-14,1,Late-Cycle,0.3209993491730729,0.39913880874367996,0.2773410200451841,1.4017331141770897e-06,0.0025194203056687235
2010-01-15,2,Transitional,0.2963527344079128,0.36155603707098577,0.34095798292520524,6.164260011746478e-07,0.0011326291695875521
2010-01-18,0,Risk-On,0.3722851756374126,0.3198151154396369,0.30718014620577117,2.2801028409261994e-07,0.0007193347068336527
2010-01-19,1,Late-Cycle,0.3275596218262996,0.4274575147411775,0.23706692728863335,6.965828086106332e-08,0.007915866484896806
2010-01-20,2,Transitional,0.21496848154987358,0.3752183733184491,0.36200231131566685,2.5989967611575614e-07,0.04781057391544887
2010-01-21,4,Risk-Off,0.08473804538855655,0.2304065135591538,0.2436726359982012,5.76807352243446e-07,0.4411822282475777
2010-01-22,4,Risk-Off,0.016405409143496207,0.08125212218154698,0.14533274332566667,3.4307040120406747e-06,0.7570062946459346
2010-01-25,4,Risk-Off,0.0009495748211630682,0.011069406428968018,0.029579024669584838,3.0776839934432473e-06,0.9583989163968633
2010-01-27,4,Risk-Off,2.1248833777026866e-06,2.4506678911206525e-05,9.411200154361747e-05,5.7054090267904376e-06,0.9998735510280086
2010-01-28,4,Risk-Off,8.092513305793183e-09,4.208063493102007e-08,4.646296443081765e-06,1.3097505727987948e-05,0.9999822060254416
2010-01-29,4,Risk-Off,6.6179544236134336e-09,4.899550175818827e-09,7.407848469290607e-06,8.544762912742746e-05,0.9999071330053456
2010-02-01,4,Risk-Off,1.454349153715549e-08,1.1331526922656533e-08,1.6052775975781306e-05,0.0010805013933165859,0.9989034199555449
2010-02-02,4,Risk-Off,2.0710435235679285e-09,1.6713178635525384e-09,2.3885555525975568e-06,0.016122321684979644,0.9838752860162845
2010-02-03,4,Risk-Off,3.805253028676282e-09,2.727367380033292e-09,4.879841063058116e-06,0.09944760176425473,0.9005475118614231
2010-02-04,4,Risk-Off,1.0493730959612633e-11,7.71668151380548e-12,1.504192091711534e-08,0.5379380335221995,0.46206195141771195
2010-02-05,3,Post-Shock,1.502342734096452e-13,9.683826661721075e-14,3.113459852128251e-10,0.9890123896455681,0.010987610043679527
2010-02-08,3,Post-Shock,3.807611294535426e-14,5.803530678365958e-14,1.2876109493115137e-10,0.9990341741517289,0.0009658257186430955
2010-02-09,3,Post-Shock,5.659331867161465e-15,6.742327302510303e-14,1.0687099652475541e-10,0.9998228713196923,0.0001771285733417579
2010-02-10,3,Post-Shock,1.557278055722465e-15,8.358509890925567e-14,1.3708211259646514e-10,0.99997118396505,2.8815897777837943e-05
2010-02-11,3,Post-Shock,3.739626562542848e-15,1.3580402166245415e-12,1.9421609548049567e-09,0.9999516593095205,4.8338747167622434e-05
2010-02-15,3,Post-Shock,2.1763105888962504e-14,4.642915128149226e-12,7.22567432903237e-09,0.9998674501710091,0.00013254259865437104
2010-02-16,3,Post-Shock,9.376202121212487e-14,2.4374118917576472e-11,3.7295497545296876e-08,0.9993608547271474,0.0006391079521938264
2010-02-17,3,Post-Shock,1.0808709264977048e-12,2.1813098171050572e-10,3.185913331813532e-07,0.9972298233776138,0.002769857811825996
2010-02-18,3,Post-Shock,3.032076789706354e-12,2.4744174096493614e-10,3.812783485389766e-07,0.9921481802250977,0.007851438245427717
2010-02-19,3,Post-Shock,7.218178637693726e-12,1.4586771952280109e-09,2.25287108782832e-06,0.9669505240363253,0.03304722162586145
2010-02-22,3,Post-Shock,3.550428386379329e-11,6.208830194013722e-09,9.215731018722003e-06,0.8623282090198002,0.1376625690056567
2010-02-23,4,Risk-Off,1.3356280779945238e-09,2.8414186045371995e-07,0.00031519120694127936,0.342009339449768,0.6576751838662178
2010-02-24,4,Risk-Off,2.884338908922595e-07,3.039390138056936e-07,0.000167571862130828,0.18791546373054258,0.8119163720351144
2010-02-25,4,Risk-Off,4.736549295906266e-05,1.2245785581307964e-05,0.003163718828366721,0.14839026931602467,0.8483864005763921
2010-02-26,4,Risk-Off,0.006349080499976239,0.0008692519575829686,0.1740882433219768,0.07223226168580144,0.7464611625345601
2010-03-02,2,Transitional,0.17012368940671488,0.020902976559808138,0.34061177466873704,0.04965192164302209,0.4187096377208437
2010-03-03,0,Risk-On,0.3309029639279283,0.17477878591764157,0.32852196176249393,0.035145151580531254,0.13065113681123044
2010-03-04,1,Late-Cycle,0.3367103881553191,0.3231626769503,0.2759878679906193,0.019428353093206396,0.04471071381059631
2010-03-05,2,Transitional,0.3020386542655529,0.352327426036036,0.33545548439472445,0.006716276734749849,0.0034621585693016283
2010-03-08,0,Risk-On,0.3511855010169642,0.33763441064124544,0.3092644320149922,0.0010410555874063843,0.0008746007389085459
2010-03-09,1,Late-Cycle,0.333573730767623,0.36848903654454457,0.2977656473997742,9.901196351610397e-05,7.257332394438322e-05
2010-03-10,2,Transitional,0.3279240375103843,0.36895680348856624,0.30311078767282523,8.042004018507293e-06,3.2932500462004197e-07
2010-03-11,0,Risk-On,0.32974287413291603,0.3678648702925458,0.30239008577494514,8.203920459780026e-07,1.349407786421395e-06
2010-03-12,1,Late-Cycle,0.32988286464232575,0.3663150350279288,0.3038003996990286,3.8794244742732925e-08,1.6618365495299843e-06
2010-03-15,2,Transitional,0.3327906298828854,0.3676311124129117,0.2995771897681956,3.9362655206489195e-09,1.0639995480639757e-06
2010-03-16,0,Risk-On,0.3261081024286685,0.37372391657721366,0.30016654119975616,1.2165638405619997e-09,1.4385775860196345e-06
2010-03-17,1,Late-Cycle,0.3281288253687459,0.3629007046047454,0.30897018267421744,2.1487173254211474e-09,2.852030505913735e-07
2010-03-18,2,Transitional,0.3379262888046012,0.36523490574607426,0.29683843380220415,2.370299447177463e-10,3.7141016153062264e-07
2010-03-19,0,Risk-On,0.32508639215662155,0.37807456804083045,0.29683689127669854,1.6992905439257662e-10,2.1483553266502833e-06
2010-03-22,1,Late-Cycle,0.32454446367882284,0.36665324704746816,0.308797078346707,8.860047298672485e-10,5.21004163200473e-06
2010-03-23,2,Transitional,0.33678165311272856,0.3652699516784845,0.29794748360260265,3.5945192171726524e-09,9.080112687036907e-07
2010-03-25,0,Risk-On,0.32523133896746187,0.37670369852681107,0.29806441792150784,1.658992934698357e-09,5.429254176117947e-07
2010-03-26,1,Late-Cycle,0.32689757533932196,0.36445042511199194,0.30865165792514443,5.183684843727054e-10,3.41104972115016e-07
2010-03-29,2,Transitional,0.337118856308951,0.36483227551507696,0.2980487915360597,3.3881881821208084e-10,7.63017248467197e-08
2010-03-30,0,Risk-On,0.32665251163831804,0.37374334173783913,0.2996035358491658,1.1584417308282586e-10,6.106580179411504e-07
2010-03-31,1,Late-Cycle,0.32808637557628545,0.3679749115500283,0.3039353213800096,1.9399843968806712e-10,3.3912988594434546e-06
2010-04-01,2,Transitional,0.33146687361476845,0.3698937329522208,0.29863345181238526,6.262921633565537e-10,5.940994733546388e-06
2010-04-05,0,Risk-On,0.32752660545904744,0.3739821018011695,0.2984804970109206,1.7585523119629298e-09,1.0793970679860671e-05
2010-04-06,1,Late-Cycle,0.32500644827029396,0.37396783210338325,0.3010158828104253,5.325853007032703e-09,9.83149055072941e-06
2010-04-07,2,Transitional,0.3290328791374063,0.36803239486980704,0.3029275304765301,2.3500092435830703e-09,7.193166146213832e-06
2010-04-08,0,Risk-On,0.33092653954734014,0.37175639987155024,0.2972458296940377,4.256645316145778e-09,7.122662959718339e-05
2010-04-09,1,Late-Cycle,0.32284822388762,0.38539162437273755,0.2917308589088352,1.7087400823065264e-08,2.9275742650960934e-05
2010-04-12,2,Transitional,0.3143556350361292,0.3613726617134266,0.3239166702390353,6.08342788849292e-09,0.0003550269276344202
2010-04-13,0,Risk-On,0.3547960368149572,0.3492097878220901,0.29078190360679324,1.6152439081281873e-08,0.005212255603187434
2010-04-15,1,Late-Cycle,0.26314110031612564,0.42119136414123864,0.2525154455910564,8.17738753064768e-08,0.06315200817766797
2010-04-16,2,Transitional,0.1468134457158566,0.289733520936837,0.3453332920438604,6.186866914256166e-07,0.21811912261753594
2010-04-19,4,Risk-Off,0.07737183251448997,0.15630903317199138,0.15491870100046715,6.821384605117831e-07,0.6113997511742629
2010-04-20,4,Risk-Off,0.03602616300799166,0.08313036003354518,0.10125982126642664,1.6267592415241346e-05,0.7795673881003061
2010-04-21,4,Risk-Off,0.022742663179578425,0.037455929265444034,0.04488413811519696,2.1854878881501325e-06,0.8949150839526117
2010-04-22,4,Risk-Off,0.02453680571728448,0.024510166569858587,0.02713219966438128,2.972347726953882e-06,0.923817855700566
2010-04-23,4,Risk-Off,0.021776676437614457,0.028205425690758408,0.022612666357402916,1.3973381096090491e-05,0.9273912581338057
2010-04-26,4,Risk-Off,0.010592980260084284,0.025142880767331743,0.025095718736980473,2.1764590694128373e-05,0.9391466556453081
2010-04-27,4,Risk-Off,0.0026254110116544897,0.010484139179816427,0.017674017020203908,6.836614397957048e-06,0.9692095961732307
2010-04-28,4,Risk-Off,0.003307343306333848,0.0021250936106739287,0.00454505706937097,1.7081041506748676e-06,0.9900207979094887
2010-04-29,4,Risk-Off,0.002738531443394956,0.004149861148140162,0.00154362203064458,1.1558505715617586e-05,0.9915564268721608
2010-04-30,4,Risk-Off,0.001046897274352184,0.0031206960808528683,0.05996548909899176,9.618596898126698e-05,0.9357707315769266
2010-05-03,4,Risk-Off,0.00031670009381224833,0.0008273066539401943,0.0011298911533841746,5.064270922475436e-06,0.9977210378282773
2010-05-04,4,Risk-Off,2.0896729364717734e-06,8.235220652295954e-05,0.00018729467455728708,1.6780852083977576e-06,0.9997265853606214
2010-05-05,4,Risk-Off,6.813303527733951e-08,3.211661958606713e-07,2.2110100729221103e-05,2.1434844271941783e-06,0.9999753571154149
2010-05-06,4,Risk-Off,1.3005265171536255e-08,1.3807914116249997e-08,1.1571304419658548e-05,3.343209525371368e-06,0.9999850586725465
2010-05-07,4,Risk-Off,1.2471406796264458e-08,5.045726285301443e-09,4.5837919080909094e-06,1.1765733818467849e-05,0.9999836329564189
2010-05-10,4,Risk-Off,4.161426927416815e-07,2.967807780898058e-07,0.000395763571395966,2.3875702318046656e-05,0.9995796478022997
2010-05-11,4,Risk-Off,6.349751150701655e-08,6.58197033458729e-08,1.0704154249442784e-05,1.6894921615528415e-05,0.999972271606289
2010-05-12,4,Risk-Off,6.233198395847772e-08,5.187924547413587e-08,5.691042566376821e-05,1.260745230733871e-05,0.9999303679102787
2010-05-13,4,Risk-Off,3.7474957568619424e-08,3.381081472118565e-08,2.333779993387634e-05,2.49983535640847e-05,0.9999515925612954
2010-05-14,4,Risk-Off,2.289225727417074e-08,1.8692411386532588e-08,2.0282157620231967e-05,0.00030397654497914646,0.9996756997122196
2010-05-17,4,Risk-Off,1.3308315460670696e-08,1.0474785881457718e-08,1.2142145730958894e-05,0.004283195662723245,0.9957046384081121
2010-05-18,4,Risk-Off,1.8291101781509278e-08,1.4179303800193714e-08,1.817394810296153e-05,0.023267615729785685,0.9767141778515936
2010-05-19,3,Post-Shock,9.169720523311423e-10,7.378251284608626e-10,1.012498919466036e-06,0.3868344355841604,0.613164550262031
2010-05-20,3,Post-Shock,5.856550752005727e-10,4.06692683845744e-10,8.49529615841837e-07,0.6216944345173188,0.378304714959957
2010-05-21,3,Post-Shock,1.1205430031083208e-10,7.883845794025873e-11,1.7387625238652438e-07,0.7529556916329552,0.24704413430062994
2010-05-24,3,Post-Shock,5.417137576028388e-13,3.83343286264314e-13,8.763854879413523e-10,0.896332208995413,0.10366779012739553
2010-05-25,3,Post-Shock,4.106644045679878e-14,2.6947270470644366e-14,8.731884745916588e-11,0.9994095140781097,0.0005904858342708546
2010-05-26,3,Post-Shock,1.9160758936964584e-15,2.7779549268098795e-14,5.2613669290591e-11,0.9999607297884976,3.927015932177501e-05
2010-05-27,3,Post-Shock,2.6634059657270094e-15,5.718333990700555e-13,8.459692257838038e-10,0.9999777271102428,2.2272043786418694e-05
2010-05-28,3,Post-Shock,7.192818419236896e-15,7.916874547105125e-13,1.170739974438896e-09,0.9999807417115307,1.925711707779203e-05
2010-05-31,3,Post-Shock,4.94506787155108e-15,4.717376455671342e-13,7.062263594724468e-10,0.99997904816822,2.0951125348083197e-05
2010-06-01,3,Post-Shock,5.289816808750185e-16,2.6089201315587132e-14,4.62319852033338e-11,0.9999935166843972,6.4832690316309974e-06
2010-06-02,3,Post-Shock,8.98467495883554e-16,3.5396473205458415e-13,5.323756124638941e-10,0.9999955511910964,4.448276684952452e-06
2010-06-03,3,Post-Shock,3.16213364281336e-15,1.286788015509835e-13,1.9049796695911798e-10,0.9999968612859592,3.138523270862255e-06
2010-06-04,3,Post-Shock,1.1659353211063352e-14,6.139714480586662e-13,8.475584041170405e-10,0.9999984742946978,1.5248570222747283e-06
2010-06-07,3,Post-Shock,1.7211803834572998e-13,2.846190414733234e-12,4.16401623403654e-09,0.9999981316777111,1.8641545879661882e-06
2010-06-08,3,Post-Shock,7.731903886693802e-14,8.02407664840717e-12,1.0910453567859739e-08,0.9999467836359631,5.320544498168804e-05
2010-06-09,3,Post-Shock,4.981720895263145e-13,2.9478512724803394e-11,3.6898381384581595e-08,0.9998782526430409,0.00012171042785859815
2010-06-10,3,Post-Shock,2.122204599298398e-12,2.0154510354065777e-11,2.371436236663439e-08,0.9999168134222827,8.316284070616544e-05
2010-06-11,3,Post-Shock,7.051772523675245e-13,7.565296840542206e-12,8.864868273095626e-09,0.999943575034527,5.641609183827742e-05
2010-06-14,3,Post-Shock,3.3000349039564594e-12,1.584281038574499e-11,1.4164626852436987e-08,0.9999862547045887,1.3731112105645743e-05
2010-06-15,3,Post-Shock,2.662931985499533e-10,1.2352518754248824e-10,4.371044657133002e-08,0.9999959247808238,4.031118748947542e-06
2010-06-16,3,Post-Shock,1.655880303361308e-08,3.3039778335434396e-09,5.641903874214007e-07,0.9999962263153328,3.189631292881095e-06
2010-06-17,3,Post-Shock,5.201471630836435e-07,1.5515923058040424e-07,2.5146562592752044e-05,0.9999740219309521,1.5620032978470303e-07
2010-06-18,3,Post-Shock,2.3065236741194272e-05,2.8566954031908882e-06,8.821108122540439e-05,0.9998853735450365,4.934414622547068e-07
2010-06-21,3,Post-Shock,8.239537661815844e-05,2.736064574290297e-05,0.000252072778411545,0.9996381441598746,2.703984447088135e-08
2010-06-22,3,Post-Shock,0.00023892526675191284,0.00010444703268522486,0.00423969836831933,0.9954163578501981,5.714824076417906e-07
2010-06-23,3,Post-Shock,0.003925653687579174,0.0007300823601446882,0.04990609242222191,0.945438105305317,6.62241868939315e-08
2010-06-24,2,Transitional,0.04625022767122243,0.009182025174618925,0.4583543208910343,0.48620351170167597,9.914562080581284e-06
2010-06-25,0,Risk-On,0.42321725799983667,0.07933560817429779,0.27776196740746667,0.21943914859098237,0.0002460178275742949
2010-06-28,1,Late-Cycle,0.28345973126594287,0.3944412325180483,0.2554156146242303,0.06638088701080434,0.00030253458123206446
2010-06-29,2,Transitional,0.28093005969128654,0.3133735942720903,0.3821229274693188,0.022667962571490254,0.0009054559957349161
2010-06-30,0,Risk-On,0.39395155803427984,0.3161163907158143,0.28480115706885784,0.005103185844830518,2.770833659959528e-05
2010-07-01,1,Late-Cycle,0.3116357230088829,0.4057559984700682,0.28102080081093367,0.0011812293320499466,0.00040624837850737963
2010-07-02,2,Transitional,0.30417934057993495,0.3565052695725842,0.3365960840207618,0.0001736425528821862,0.0025456632730987104
2010-07-05,0,Risk-On,0.3533814525540244,0.33889520269556905,0.30463801263070356,2.410893829027258e-05,0.0030612231814756757
2010-07-06,1,Late-Cycle,0.3282831011876581,0.38217850661688296,0.28933780541801907,3.4852201113067177e-06,0.00019710155726287285
2010-07-07,2,Transitional,0.31792456625724996,0.3661024718469152,0.31595781670148665,1.7354788146568837e-07,1.4971645980885782e-05
2010-07-08,0,Risk-On,0.3410432053503669,0.35754033863435847,0.3014106378536777,1.3373701732190971e-08,5.804787684247565e-06
2010-07-09,1,Late-Cycle,0.32681781939475574,0.3738550653467241,0.29929943684911214,3.144622568781047e-09,2.7675265544003743e-05
2010-07-12,2,Transitional,0.3266572495652915,0.3642836480815299,0.3090189653436152,1.0300120624237717e-08,4.012670873296005e-05
2010-07-13,0,Risk-On,0.3332635632210449,0.3667176949047283,0.2998153277439491,1.3038959191209747e-08,0.00020340109208333596
2010-07-14,1,Late-Cycle,0.3245184231214537,0.37320940218912635,0.3017270145873588,4.490499287722449e-08,0.0005451151962549139
2010-07-15,2,Transitional,0.32477085534475436,0.36581545352353667,0.30833316895446317,1.2142824068008356e-07,0.0010804007482304021
2010-07-16,0,Risk-On,0.3318625703912454,0.3640851530080529,0.30255820777976444,1.339784783512599e-07,0.0014939348422117447
2010-07-19,1,Late-Cycle,0.3249215085983187,0.37259081991870896,0.2993339643686849,1.6658097945773846e-07,0.0031535405335081697
2010-07-20,2,Transitional,0.3199988794300473,0.3659161569905262,0.3088859417703243,2.935093827035756e-07,0.005198728300459341
2010-07-21,0,Risk-On,0.3307765547829959,0.36132654047021023,0.30384623617630574,8.5308999063418e-07,0.004049815481287372
2010-07-22,1,Late-Cycle,0.3277045550206201,0.37278868485411143,0.2985643149306954,5.932241292622233e-07,0.0009418519705423216
2010-07-23,2,Transitional,0.32354842749601875,0.36880374671964955,0.3068009187327948,2.0310866460620387e-07,0.0008467039421493454
2010-07-26,0,Risk-On,0.3308149072869054,0.3679173918885025,0.30095471165414095,1.1704843858995725e-07,0.00031287212269850084
2010-07-27,1,Late-Cycle,0.3263273275797425,0.3706237640929466,0.3022206159073473,4.6789678364755066e-08,0.000828245630679453
2010-07-28,2,Transitional,0.325895531175802,0.37336536256165803,0.30008395313485126,1.963697954613643e-07,0.0006549567581049713
2010-07-29,0,Risk-On,0.3248627586966138,0.36904482103221975,0.30533640675700124,1.337442982297731e-07,0.0007558797706122239
2010-07-30,1,Late-Cycle,0.32992719773805973,0.3709750002682861,0.2989302935148299,1.2163618948449325e-07,0.00016738684306503285
2010-08-02,2,Transitional,0.324944269784433,0.37285685067489877,0.3021405031106831,2.919583733213089e-08,5.8347234793582196e-05
2010-08-03,0,Risk-On,0.33003965149724956,0.36780891239176333,0.30213001562777714,8.019339467327894e-09,2.141246321604347e-05
2010-08-04,1,Late-Cycle,0.329571648332806,0.37570009491703626,0.29470032692531883,3.123447081063363e-09,2.7926701813719945e-05
2010-08-05,2,Transitional,0.32037600964298873,0.3758188923232799,0.30374426022501433,6.831297544171073e-09,6.083097659647604e-05
2010-08-06,0,Risk-On,0.33096270707599984,0.36226520116548133,0.30659216272771195,1.755158164713359e-08,0.00017991148007059696
2010-08-09,1,Late-Cycle,0.3319445210732359,0.38026360297241935,0.28776961829461967,3.2402834608145445e-08,2.2225257374271328e-05
2010-08-10,2,Transitional,0.31409033262548197,0.37645143775060685,0.3088801825822248,9.014354936889341e-09,0.000578038027533474
2010-08-11,0,Risk-On,0.33175646316501806,0.36343345706465896,0.3047508716605822,1.55824696981836e-07,5.90522850023848e-05
2010-08-12,1,Late-Cycle,0.3316699156041766,0.37448934682887747,0.2938235856845882,1.968771508252092e-08,1.7132195093520357e-05
2010-08-13,2,Transitional,0.32054096852373265,0.38451009934338354,0.29494737582851493,3.783520632962463e-09,1.552520977638254e-06
2010-08-16,0,Risk-On,0.3239229665403141,0.3700526290941857,0.3060102950670173,5.009218452782714e-10,1.4108797894336129e-05
2010-08-17,1,Late-Cycle,0.3295965662326904,0.37820844954280347,0.2921928336976096,3.5770370323472157e-09,2.1469501468492023e-06
2010-08-18,2,Transitional,0.3212955960360349,0.375848811580243,0.3028538864545896,3.2423023207441483e-10,1.7056045289368838e-06
2010-08-19,0,Risk-On,0.333261065144679,0.3735309312581006,0.29320056384846904,2.1111620022746236e-10,7.439536811237882e-06
2010-08-20,1,Late-Cycle,0.31532680453958034,0.38621942768272477,0.2984334866280011,1.1501619619788147e-09,2.027999923665734e-05
2010-08-23,2,Transitional,0.32754502520525536,0.3533097132137862,0.31873556056026026,3.3073925707407454e-09,0.0004096977135831312
2010-08-24,0,Risk-On,0.3425242911906592,0.3808727291988395,0.2766009875690818,6.430803063144834e-08,1.9277338502799736e-06
2010-08-25,1,Late-Cycle,0.3055433049790556,0.3894333086791961,0.3048984700050025,2.2575535572602062e-09,0.0001249140794386134
2010-08-26,2,Transitional,0.3264824666997109,0.3588071403004663,0.3124798930407632,8.372509573914997e-09,0.002230491585927077
2010-08-27,0,Risk-On,0.3303351476663186,0.3653828744399604,0.2956170143331897,1.3130327036017796e-07,0.008664832256644947
2010-08-30,1,Late-Cycle,0.3158936083378036,0.3757919782573134,0.3010915646136024,1.0855978211219258e-06,0.007221763192950359
2010-08-31,2,Transitional,0.32437984714984297,0.3552593760612382,0.3175687345864095,1.873415093665094e-06,0.002790168787762794
2010-09-01,0,Risk-On,0.3422707605958305,0.3699660015694958,0.28764769050347183,6.148466385584754e-07,0.00011493248386572303
2010-09-02,1,Late-Cycle,0.3122130973463218,0.39140047120863236,0.29622862104059644,4.648100341049243e-08,0.00015776392356784666
2010-09-03,2,Transitional,0.3191258194600171,0.3583241033240864,0.3208142372701465,2.2001144139445978e-08,0.0017358179447646642
2010-09-06,0,Risk-On,0.34297444479580486,0.36202347903379223,0.294458923647245,2.417089354997057e-07,0.0005429108148174617
2010-09-07,1,Late-Cycle,0.32008837461602796,0.381203119760645,0.298089959130103,8.751251933922354e-08,0.0006184589804248036
2010-09-08,2,Transitional,0.32237304867606265,0.36615904427343493,0.31107702999081255,1.0530538146109339e-07,0.00039077175492641217
2010-09-09,0,Risk-On,0.3358268993319411,0.36230937523775786,0.3017689787997281,7.90346078437518e-08,9.46675963153331e-05
2010-09-13,1,Late-Cycle,0.33002105119956904,0.37689495481018503,0.2930832691423176,2.1929511695088347e-08,7.029185633030526e-07
2010-09-14,2,Transitional,0.32061024819635964,0.37008167994579166,0.30930788966575196,6.55821857533195e-10,1.8153665079530504e-07
2010-09-15,0,Risk-On,0.3425923366337735,0.3578173410201087,0.2995903029155295,1.0116630636747859e-10,1.932900791572599e-08
2010-09-16,1,Late-Cycle,0.32683097803996536,0.3891632783049545,0.28400574142929047,1.1587212662551646e-11,2.214588102748515e-09
2010-09-17,2,Transitional,0.3174285276872017,0.3643680113568537,0.31820327025696493,1.0981077099668346e-12,1.906969781836309e-07
2010-09-20,0,Risk-On,0.34518786697911175,0.3624284804811278,0.2923836366119984,8.247360886335507e-11,1.5844871365295064e-08
2010-09-21,1,Late-Cycle,0.321599522197258,0.3795939896298419,0.29880642282910264,1.7604413035627784e-11,6.532612292994828e-08
2010-09-22,2,Transitional,0.32730240322037707,0.3581075154536028,0.3145898131942864,3.5929060111089076e-11,2.6809578324150913e-07
2010-09-23,0,Risk-On,0.34284515711807156,0.3618397122902565,0.29531510599260485,1.5029884509122495e-10,2.4448541503853382e-08
2010-09-24,1,Late-Cycle,0.3266388237425688,0.379929235654706,0.2934319400688489,8.321556753079484e-11,4.5013959369017937e-10
2010-09-27,2,Transitional,0.323135674394062,0.36585284917343924,0.3110114735047247,2.5820348840022574e-11,2.9025662809770333e-09
2010-09-28,0,Risk-On,0.33947790656771276,0.3560287473439232,0.3044933453256759,3.609001836182855e-11,7.266833065257823e-10
2010-09-29,1,Late-Cycle,0.3344109156256769,0.37031867790439715,0.2952704056560851,2.5337107773781458e-11,7.892060010173236e-10
2010-09-30,2,Transitional,0.3269515182180985,0.3710014668281486,0.3020470147760888,4.1414964765173614e-11,1.3627123826845975e-10
2010-10-01,0,Risk-On,0.3298614078955662,0.36320341961046376,0.30693517203661425,4.0199047895805183e-11,4.1727550510389716e-10
2010-10-04,1,Late-Cycle,0.33290169994895347,0.35589690428866494,0.3112013953644129,3.8661343914322596e-11,3.594558976698227e-10
2010-10-05,2,Transitional,0.3439759463160988,0.35657637216573723,0.29944768139226396,2.6037773491651943e-11,9.975466000606066e-11
2010-10-06,0,Risk-On,0.3279443582768501,0.3834240890404899,0.28863155263656903,7.067259953263985e-12,3.8184674801457397e-11
2010-10-07,1,Late-Cycle,0.32267083233305494,0.36219836161165764,0.3151307866317117,7.170321852313605e-13,1.9422805966947632e-08
2010-10-08,2,Transitional,0.34170492800540947,0.3660945944613906,0.2922004727481898,1.2452868126436958e-11,4.77252827555153e-09
2010-10-11,0,Risk-On,0.3229383779941896,0.3739794644791627,0.30308213239246534,3.70354844755838e-12,2.5130249440273943e-08
2010-10-12,1,Late-Cycle,0.33324710498317495,0.36246830560386867,0.30428391463927207,3.5201138303324536e-12,6.747702562537452e-07
2010-10-13,2,Transitional,0.3338084518415312,0.3783585789212884,0.28783296627387556,2.738040331620347e-10,2.6895165313676907e-09
2010-10-14,0,Risk-On,0.31840845344867935,0.3750158166680684,0.30657432995902434,8.91203783799677e-12,1.3999156309963537e-06
2010-10-15,1,Late-Cycle,0.3314402541898348,0.36167981331543514,0.306863003835861,5.27289299520866e-10,1.6928130970290587e-05
2010-10-18,2,Transitional,0.32925796265424767,0.36466840547358176,0.30602750252003724,5.505755783531168e-09,4.6123847084395594e-05
2010-10-19,0,Risk-On,0.33425404811178544,0.36110837747010915,0.30447025363754326,1.9300949735600623e-08,0.00016730147986790812
2010-10-20,1,Late-Cycle,0.32445435524633315,0.3849207747245463,0.2906045534899027,1.7694945246813772e-07,2.0139589019578946e-05
2010-10-21,2,Transitional,0.3127653830442198,0.36172531643204664,0.32502084943464,2.86731157234121e-08,0.0004884224154229753
2010-10-22,0,Risk-On,0.3465496821402315,0.34314051956460545,0.310093766356499,2.894319587340274e-07,0.00021574250588631333
2010-10-25,1,Late-Cycle,0.33479292492788765,0.37914047374571264,0.2860457251039457,1.8364631995392509e-07,2.069257576043026e-05
2010-10-26,2,Transitional,0.3095547958122712,0.3774268663051211,0.312798223580052,4.5364534210587776e-08,0.00022006893711251798
2010-10-27,0,Risk-On,0.33096474283266125,0.3456946615686964,0.3204314680236275,1.5022256027184636e-07,0.0029089773519384798
2010-10-28,1,Late-Cycle,0.3371394046367654,0.36212449588022083,0.2964838040209681,1.954998933192287e-06,0.004250340462896085
2010-10-29,2,Transitional,0.3159318930419887,0.3673260961445667,0.3141517893886753,5.209685395578015e-06,0.002585011738793039
2010-11-01,0,Risk-On,0.33631979341091084,0.34787870541311827,0.31213065607853524,3.0021065568652036e-06,0.003667842990135825
2010-11-02,1,Late-Cycle,0.32737857018303074,0.3768575577072749,0.2955873385716345,8.138927605838243e-06,0.0001683946096324779
2010-11-03,2,Transitional,0.32126127509072755,0.3541017825575048,0.3245602751250769,1.3513876804739737e-06,7.531583898404767e-05
2010-11-04,0,Risk-On,0.34868262629186986,0.36402089947820804,0.2872908294918701,3.8581595361418775e-07,5.258921948413811e-06
2010-11-08,1,Late-Cycle,0.3052401795771131,0.38716033833992664,0.30742988027842544,5.745727713797392e-08,0.00016954434740198908
2010-11-09,2,Transitional,0.32822735350453264,0.3262340468959542,0.3360533418042338,4.0606753838259564e-08,0.00948521718934443
2010-11-10,0,Risk-On,0.3165382533615424,0.36936795936000993,0.2534715079876613,8.435310402072263e-07,0.06062143576055203
2010-11-11,1,Late-Cycle,0.2105138101233434,0.3447905826924658,0.3179990185266069,1.191485685243097e-05,0.12668467380157197
2010-11-12,2,Transitional,0.10548585488584311,0.22086042217720564,0.24730299479988754,2.273649439181828e-05,0.42632799164272894
2010-11-15,4,Risk-Off,0.14167973677675433,0.10099430847761814,0.17430216548766006,4.37811652059911e-05,0.5829800080920169
2010-11-16,4,Risk-Off,0.0688789029225258,0.16692660206630866,0.03911674450259815,9.127786389971179e-05,0.724986472645256
2010-11-18,4,Risk-Off,0.00703037548198044,0.06441855553923903,0.17472650229968367,0.00037636821232975146,0.7534481984672879
2010-11-19,4,Risk-Off,0.0007020233362708243,0.001667449139249096,0.0033038527131227743,0.00010723502149354369,0.9942194397895627
2010-11-22,4,Risk-Off,0.0003258001912876633,0.0006725917325290634,0.0014639235961547022,0.000398258466298683,0.9971394260130858
2010-11-23,4,Risk-Off,0.00010457738331226025,0.0003100255635882576,0.002044199084412143,0.0011580011274753693,0.9963831968406116
2010-11-24,4,Risk-Off,1.4251992938079961e-05,7.116229149689046e-05,0.0007771947307245765,0.001026580429989798,0.9981108105543176
2010-11-25,4,Risk-Off,3.717800871680465e-08,2.1887695438717834e-07,5.465553520754644e-06,0.00020978499942213397,0.9997844933914459
2010-11-26,4,Risk-Off,2.7959720925506877e-09,2.1898337504051423e-09,3.4392830212294015e-06,7.017792783412702e-05,0.9999263778026471
2010-11-29,4,Risk-Off,1.9161320660833964e-08,1.1529304890212675e-08,1.94606819805325e-05,2.4824712863235928e-05,0.9999556839154191
2010-11-30,4,Risk-Off,9.261137927869599e-08,3.391078784760795e-08,2.8937237567340922e-05,3.032301015389272e-05,0.9999406132310006
2010-12-01,4,Risk-Off,6.221665045189711e-07,4.278975362266668e-07,0.00043526053005292476,0.0001240107102950905,0.99943967869496
2010-12-02,4,Risk-Off,2.4231607824212397e-07,2.6934160356110913e-07,4.101397311147972e-05,7.332585268529349e-05,0.9998851485163951
2010-12-03,4,Risk-Off,4.059228709083407e-08,4.804310077813589e-08,3.0208472707799136e-05,2.6306148770652154e-05,0.9999433967436242
2010-12-06,4,Risk-Off,2.118681077430443e-08,1.7304036897684848e-08,1.8737873858556185e-05,2.8994370660925856e-05,0.9999522292642782
2010-12-07,4,Risk-Off,5.240181476416982e-09,4.246336157949377e-09,5.5648567165977e-06,0.00010916099929969641,0.9998852646582675
2010-12-08,4,Risk-Off,2.917743102485529e-09,2.0550934494578253e-09,3.853893773259855e-06,0.0004737075726486648,0.9995224335603591
2010-12-09,4,Risk-Off,9.064536443531466e-10,5.858142686351272e-10,1.5171806609481117e-06,0.001971458390447759,0.9980270229367266
2010-12-10,4,Risk-Off,8.691434821637733e-10,5.904269396964659e-10,1.4390988747247602e-06,0.0016016597305934536,0.9983968997112375
2010-12-13,4,Risk-Off,3.193341594240035e-09,2.1976396223703496e-09,4.360829800545476e-06,0.0007113260934917332,0.9992843076851129
2010-12-14,4,Risk-Off,2.3587454862748873e-08,1.6963202996029384e-08,2.7157047040454452e-05,0.00012703887992258442,0.9998457635223768
2010-12-15,4,Risk-Off,2.5088267364939373e-08,9.850504031063781e-09,9.724405174110314e-06,3.9319424023924805e-05,0.9999509212323157
2010-12-16,4,Risk-Off,1.292209112710754e-06,2.6442224876891897e-07,0.00025455632748372744,2.073756731193953e-05,0.9997231494730664
2010-12-20,4,Risk-Off,3.446029699341371e-05,4.079959629620496e-06,0.0003728593318712004,2.4006105156866535e-05,0.9995645943071709
2010-12-21,4,Risk-Off,0.0005162349099830105,7.319974302780292e-05,0.008021865704516755,9.050633331579867e-05,0.9912981933094838
2010-12-22,4,Risk-Off,0.0071302243420659885,0.0011078930051824265,0.018300010882410303,7.788269900441255e-05,0.9733839890716834
2010-12-23,4,Risk-Off,0.02115212620021889,0.00794047476739559,0.11923573037899989,0.0001998935926337405,0.8514717750615933
2010-12-24,4,Risk-Off,0.12677277388652555,0.030633095364114498,0.45229026522916355,0.0003364107006675891,0.38996745481975154
2010-12-27,2,Transitional,0.4346975301336962,0.14980839780095176,0.34101626361259463,0.0001505461460318237,0.07432726230673321
2010-12-28,0,Risk-On,0.35512563825384563,0.4189004017400852,0.21485166228519206,4.297262161274319e-05,0.011079325099059484
2010-12-29,1,Late-Cycle,0.25097157708832063,0.396211432327975,0.3492229577283126,7.3124809577787444e-06,0.0035867203743168347
2010-12-30,2,Transitional,0.3653172390870961,0.3040829267875977,0.3270168969502385,1.2307840064877041e-06,0.0035817063912990357
2010-12-31,0,Risk-On,0.34525714097703797,0.3865409534860754,0.2568489337013942,1.8212263396476114e-07,0.01135278971280096
2011-01-03,1,Late-Cycle,0.25694059933282654,0.39513229652848814,0.3029706251158411,2.1509433038896818e-07,0.04495626392888688
2011-01-04,2,Transitional,0.17517146695725241,0.29774664738475465,0.2987254527001205,4.495254399997624e-07,0.2283559834328512
2011-01-05,4,Risk-Off,0.06102322875016891,0.1839760813371418,0.194564723230998,1.1031207855742066e-06,0.5604348635610721
2011-01-06,4,Risk-Off,0.010479765154955174,0.05786111984211935,0.10647415688279886,5.079569574441826e-06,0.8251798785512201
2011-01-07,4,Risk-Off,0.001374332715864399,0.007604609103315932,0.01621953991330664,6.55839844706543e-06,0.9747949598696332
2011-01-10,4,Risk-Off,0.00012118458376921915,0.0008957623362941697,0.0023315544334315476,7.952049708960417e-06,0.996643546597046
2011-01-11,4,Risk-Off,7.258347731064493e-06,5.25075665188539e-05,0.00024905200391436686,2.036894673838621e-06,0.999689145186775
2011-01-12,4,Risk-Off,6.017238695259361e-07,3.188795669355413e-06,0.0001384723029134394,2.7732923580324767e-06,0.999854963885348
2011-01-13,4,Risk-Off,4.298993596052097e-08,7.473647474546921e-08,1.788376851006367e-05,4.279002574501556e-06,0.9999777195033985
2011-01-14,4,Risk-Off,9.749818177421087e-09,8.498376954267608e-09,9.539855235557162e-06,6.656152426782316e-06,0.9999837857435828
2011-01-17,4,Risk-Off,6.9851956379758574e-09,5.160666669171863e-09,7.5665677170211455e-06,7.176545962163765e-06,0.9999852447396668
2011-01-18,4,Risk-Off,1.0486158984762307e-08,7.84086679083031e-09,1.142421735329071e-05,9.39139242874235e-06,0.9999791660635551
2011-01-19,4,Risk-Off,5.013876612054777e-09,3.763772763894894e-09,5.569492153120875e-06,1.1007897032525539e-05,0.9999834138336519
2011-01-20,4,Risk-Off,6.882096174633106e-09,4.800188099918036e-09,7.5524435719107955e-06,2.9534330853732824e-05,0.9999629015425354
2011-01-21,4,Risk-Off,1.547547623140579e-08,1.1234811996786429e-08,1.724648751244464e-05,0.00031004841681799873,0.9996726783860009
2011-01-24,4,Risk-Off,6.733560525870193e-09,5.329102882260916e-09,6.9479976786417245e-06,0.0025559321920736087,0.9974371077468571
2011-01-25,4,Risk-Off,3.3563724434322683e-09,2.4695463191257852e-09,4.097427450534161e-06,0.029205314170306907,0.9707905825755846
2011-01-27,4,Risk-Off,8.796100844505617e-11,6.249834943198435e-11,1.2190230339122945e-07,0.26637101244071043,0.7336288655066316
2011-01-28,3,Post-Shock,1.3460439345313082e-12,9.38513244443004e-13,2.327096369828389e-09,0.9400770939571542,0.059922903713704415
2011-01-31,3,Post-Shock,3.339319545986008e-15,2.8311422889838356e-15,6.883604481570303e-12,0.997420423232466,0.002579576760546499
2011-02-01,3,Post-Shock,1.7646904457657118e-18,7.652652409513658e-18,1.529550003259092e-14,0.9999909971689326,9.002831692418993e-06
2011-02-02,3,Post-Shock,6.715962428898853e-20,5.799821412767689e-17,9.98772621686232e-14,0.9999998788152953,1.2118452133364783e-07
2011-02-03,3,Post-Shock,4.009905183153876e-20,1.5610210100476755e-16,2.5818947083668934e-13,0.9999983035591705,1.6964399561759805e-06
2011-02-04,3,Post-Shock,3.655207473458124e-21,6.7705511144172486e-18,1.3991142951431568e-14,0.9999996504685142,3.495310289114583e-07
2011-02-07,3,Post-Shock,3.177411994406411e-20,1.0830263273619099e-16,2.0383359035309863e-13,0.9999998264611499,1.7353953740823062e-07
2011-02-08,3,Post-Shock,3.275873047775723e-18,1.2166020712656551e-14,2.078421069198309e-11,0.9999970098605584,2.990118242104753e-06
2011-02-09,3,Post-Shock,1.665526781677637e-17,2.9281841706565546e-14,4.152468774904852e-11,0.9999761411026628,2.3858855490580934e-05
2011-02-10,3,Post-Shock,5.438094185818484e-18,1.319076859702e-15,1.8100577594719638e-12,0.9999967162202011,3.283778771713291e-06
2011-02-11,3,Post-Shock,4.3520199584838755e-17,5.21494986530524e-14,6.63233076278806e-11,0.9999993956209444,6.043119735657115e-07
2011-02-14,3,Post-Shock,1.7378797830733456e-14,4.5560416897025685e-11,4.865514933925179e-08,0.999945559458329,5.43918413755559e-05
2011-02-15,3,Post-Shock,2.5454524583512244e-12,2.05534846581211e-10,1.9845388530575369e-07,0.9995231553345443,0.000476646003928392
2011-02-16,3,Post-Shock,5.950431422272778e-12,1.6654420987866477e-11,1.0566422724860294e-08,0.9997803424314945,0.000219646979647573
2011-02-17,3,Post-Shock,5.843021584336332e-12,3.937707152838505e-11,2.824173026847805e-08,0.9999791042483089,2.08674645723505e-05
2011-02-18,3,Post-Shock,7.926327660612242e-13,1.2587390628903997e-11,1.2092275029036948e-08,0.9999503631029666,4.962479178593327e-05
2011-02-21,3,Post-Shock,1.065684307961045e-13,2.0579119486683495e-12,1.9679998949814313e-09,0.9999649940397793,3.500399039469753e-05
2011-02-22,3,Post-Shock,3.586691050102688e-14,6.02925237084332e-13,5.658214591591276e-10,0.9999955520969491,4.447336964395885e-06
2011-02-23,3,Post-Shock,1.2530902658369515e-16,8.144743185324832e-15,8.69718756816484e-12,0.9999961310570408,3.8689350356593614e-06
2011-02-24,3,Post-Shock,5.2571339710297947e-17,7.364391567487858e-15,1.1380819853289132e-11,0.9999998476323642,1.5235642573253175e-07
2011-02-25,3,Post-Shock,6.792922606405669e-18,2.0383394144449837e-14,3.036581012019446e-11,0.9999763797374933,2.362023246014193e-05
2011-02-28,3,Post-Shock,5.725432598448691e-17,7.804847866714188e-15,8.245484332624507e-12,0.9999991780463201,8.219460338904954e-07
2011-03-01,3,Post-Shock,2.2966120059413622e-18,1.932358046196896e-16,2.1337178923152028e-13,0.9999998651401347,1.3485962719605626e-07
2011-03-03,3,Post-Shock,4.623528155619009e-16,9.919564955562537e-14,1.0177926729048933e-10,0.9999999938554538,6.042223559902109e-09
2011-03-04,3,Post-Shock,3.869150191744805e-14,5.3769167915242775e-12,6.967171573574557e-09,0.9999980348530908,1.95817428442169e-06
2011-03-07,3,Post-Shock,4.870365388323608e-13,3.073911694198933e-12,3.664261735514866e-09,0.9999940588799334,5.937452478356688e-06
2011-03-08,3,Post-Shock,2.1461668881007195e-12,3.152654707785358e-11,3.2017016367177037e-08,0.9999922368725782,7.731077368336605e-06
2011-03-09,3,Post-Shock,1.801319487589178e-11,3.818686491164708e-11,2.721735094058288e-08,0.9999934602233338,6.512503951064765e-06
2011-03-10,3,Post-Shock,1.059033376166049e-11,2.0635556615386163e-11,1.2639798267703758e-08,0.9999950751346969,4.912194632194244e-06
2011-03-11,3,Post-Shock,4.3494071804146826e-11,1.8822455249305042e-11,1.5873807177361058e-09,0.9999985682271717,1.4301230584711124e-06
2011-03-14,3,Post-Shock,2.4886881543085324e-10,3.2218093895627464e-10,1.329273962995628e-07,0.99999957694681,2.8955475029767143e-07
2011-03-15,3,Post-Shock,1.308384414964834e-09,1.7688142570000454e-09,8.665098234965027e-07,0.9999818880772591,1.7242335537745167e-05
2011-03-16,3,Post-Shock,1.7745912795198674e-09,5.4705038202734164e-09,3.5314672099294767e-06,0.9997620735212597,0.00023438776690901014
2011-03-17,3,Post-Shock,1.1239129861962625e-09,1.6008896704622989e-09,5.572131047208281e-07,0.999646528518342,0.0003529115437373077
2011-03-18,3,Post-Shock,4.426876588278592e-11,1.4220435446678384e-10,1.0004323901410819e-07,0.9996621038825156,0.00033779588851621584
2011-03-21,3,Post-Shock,5.823548581276678e-12,3.623719632842009e-11,3.644745737680506e-08,0.9997592771743046,0.00024068633540375774
2011-03-22,3,Post-Shock,8.672870667156677e-11,4.354021633694516e-10,3.2289266701442353e-07,0.9997882105223288,0.00021146606294026397
2011-03-23,3,Post-Shock,3.407021118669045e-08,1.4598699709220717e-08,3.0535424844794546e-06,0.9997905958227589,0.00020630196625272222
2011-03-24,3,Post-Shock,2.559823133789042e-06,1.1397215268451634e-06,0.00022955285491701058,0.9995693918434486,0.00019735575660383684
2011-03-25,3,Post-Shock,0.00021426090740001325,2.6003553406095568e-05,0.0025578770034760208,0.9971892817844661,1.2576751003953681e-05
2011-03-28,3,Post-Shock,0.0023631356765865617,0.0005188204716387079,0.029895343214970505,0.9672213871923175,1.3134442745656317e-06
2011-03-29,3,Post-Shock,0.027407306419757645,0.004952901407081253,0.08367027254656205,0.883967287267608,2.2323594220157717e-06
2011-03-30,3,Post-Shock,0.07985366920830182,0.02915764585706678,0.20754100618530427,0.6834436238653827,4.054884690654256e-06
2011-03-31,2,Transitional,0.19759916921371945,0.09172050169407063,0.629090428499289,0.08142013240223911,0.00016976819108926693
2011-04-01,0,Risk-On,0.5919692247041614,0.2362109280635225,0.16063309685121427,0.011072119820880567,0.0001146305594312137
2011-04-04,1,Late-Cycle,0.20440698695866566,0.5382911142722978,0.2553538556849484,0.0019436252816209388,4.417802305565592e-06
2011-04-05,2,Transitional,0.2944372008379614,0.280946906643505,0.424232841788215,0.00038236502346390325,6.857073908544378e-07
2011-04-06,0,Risk-On,0.42861734330588375,0.32951471938818394,0.2417870271311162,6.878853340880616e-05,1.2121642060807026e-05
2011-04-07,1,Late-Cycle,0.2763116445559772,0.4298594875360898,0.29381640724174357,7.057640978825109e-06,5.403025447403662e-06
2011-04-08,2,Transitional,0.3240934936504177,0.3281498635106782,0.34774346634860165,9.922829708258432e-07,1.2184206638966831e-05
2011-04-11,0,Risk-On,0.36261171856875724,0.3582438215057292,0.2791249867496399,2.1433235910683422e-07,1.925884435880141e-05
2011-04-13,1,Late-Cycle,0.3086843105369544,0.3784123153456773,0.3128944693669114,1.1404689339208628e-07,8.790702980086173e-06
2011-04-15,2,Transitional,0.33890040031818663,0.34779086718957614,0.31329655376163446,6.143751195757346e-08,1.2117293183119473e-05
2011-04-18,0,Risk-On,0.33168824888875253,0.36891276536441825,0.2991268296291471,5.2509515766193446e-08,0.0002721036079213224
2011-04-19,1,Late-Cycle,0.3227467731307769,0.3528237644721103,0.32436657627314697,1.536954069805631e-06,6.134916995208767e-05
2011-04-20,2,Transitional,0.3529684400879529,0.35129439010644925,0.2957336222678941,2.5555370531769185e-06,9.920002969412082e-07
2011-04-21,0,Risk-On,0.3129298692946322,0.3877057258417063,0.299362363693393,1.7077603163681538e-06,3.3340928014155165e-07
2011-04-25,1,Late-Cycle,0.3263901982986928,0.31939448143088967,0.35421454015604054,4.680276046358326e-07,3.12087672965146e-07
2011-04-26,2,Transitional,0.391586996725061,0.3528759911514449,0.2554777277829926,1.6420229221092092e-07,5.912013808723767e-05
2011-04-27,0,Risk-On,0.252406126781281,0.4523873360183226,0.2834097042945026,1.1811817291782345e-07,0.01179671478742041
2011-04-28,1,Late-Cycle,0.06697369508972345,0.26027088685623545,0.36747788796967334,1.5479346354628404e-07,0.305277375290288
2011-04-29,4,Risk-Off,0.007867253725545573,0.05531839117943921,0.11682364118317784,1.6917049227890956e-06,0.8199890222070213
2011-05-02,4,Risk-Off,0.0003810323812072026,0.004178609498374489,0.011877728043893324,2.0105996394811943e-06,0.983560619476761
2011-05-03,4,Risk-Off,2.165829887019656e-06,2.3101536723162135e-05,9.372905072157638e-05,4.339806805933093e-06,0.9998766637759003
2011-05-04,4,Risk-Off,1.0374499804901822e-08,5.301579466751832e-08,5.9941471627040586e-06,7.705146016660926e-06,0.9999862373171081
2011-05-05,4,Risk-Off,3.137945331469435e-09,2.3351127341399006e-09,4.004672740244819e-06,1.9108737251886253e-05,0.9999768811174722
2011-05-06,4,Risk-Off,2.882913220364588e-09,2.0463983902948414e-09,3.764895862553303e-06,1.9820651707056735e-05,0.9999764095227417
2011-05-09,4,Risk-Off,2.395373433511298e-09,1.6689464430092212e-09,3.0631743154287307e-06,2.20987264351658e-05,0.9999748340343835
2011-05-10,4,Risk-Off,7.805444876352748e-09,5.434340507996169e-09,9.912763822997577e-06,3.1267464405568266e-05,0.9999588065319651
2011-05-11,4,Risk-Off,5.239440700338622e-09,3.886552836613869e-09,6.188609102847827e-06,1.776200095897542e-05,0.9999760402639393
2011-05-12,4,Risk-Off,2.2439370163885253e-09,1.5651395724243719e-09,2.8347787694916987e-06,2.3583320574597498e-05,0.9999735780909766
2011-05-13,4,Risk-Off,8.465058720474297e-09,5.892253292849325e-09,1.0300034140476177e-05,1.3415875394369694e-05,0.9999762697330756
2011-05-16,4,Risk-Off,1.7057475539123392e-09,1.2804516627045717e-09,2.104096384220676e-06,3.173182750707618e-05,0.9999661610904914
2011-05-17,4,Risk-Off,7.66463289707674e-09,5.15701109748126e-09,9.201640871271493e-06,3.478020406458546e-05,0.9999560053330246
2011-05-18,4,Risk-Off,2.0339066017374084e-08,1.5708669154479816e-08,2.1916045453580622e-05,1.3697020162324976e-05,0.9999643508860381
2011-05-19,4,Risk-Off,6.1592399796316216e-09,5.22147181386002e-09,6.045860909773438e-06,6.47629065595959e-06,0.9999874664684845
2011-05-20,4,Risk-Off,3.839896048248083e-09,3.0316034815891897e-09,4.598696833105504e-06,1.4837133675556829e-05,0.9999805572986776
2011-05-23,4,Risk-Off,1.4037585955476006e-09,1.042545817641263e-09,2.023538250587448e-06,0.00011043107693119542,0.9998875429383207
2011-05-24,4,Risk-Off,1.2437835961560492e-09,9.169424813683103e-10,1.8289974145666349e-06,0.00013537348106048015,0.9998627953611158
2011-05-25,4,Risk-Off,8.09239059337505e-10,5.853833882916784e-10,1.2465599123604296e-06,0.0001779453797484032,0.9998208066653264
2011-05-26,4,Risk-Off,3.128684323027559e-09,2.22187244610424e-09,4.247360503522581e-06,6.992323681770703e-05,0.9999258240522478
2011-05-27,4,Risk-Off,8.214380186825649e-09,5.917505874502481e-09,9.627236691605137e-06,1.4342285407547645e-05,0.9999760163466209
2011-05-30,4,Risk-Off,9.94430349243231e-09,6.3765525700916185e-09,8.77414763752868e-06,5.8914283844836944e-06,0.9999853181038866
2011-06-01,4,Risk-Off,1.579101970218699e-07,4.4253495674696744e-08,3.977832994618296e-05,6.139076889481944e-06,0.9999538804289612
2011-06-02,4,Risk-Off,2.468069566572825e-06,8.126938756653735e-07,0.0004590413560763088,5.640401394291364e-06,0.9995320374782795
2011-06-03,4,Risk-Off,1.5003531326847635e-05,5.010886588690322e-06,0.0002538514374942259,4.334355287875034e-06,0.9997217997901683
2011-06-06,4,Risk-Off,1.7462475489809815e-05,1.7221208944063975e-05,0.0011610675407919646,6.411595524038694e-06,0.9987978371790848
2011-06-07,4,Risk-Off,1.6950250026287053e-05,1.776101050841199e-05,0.00036723044441649977,2.6399660080548967e-06,0.9995954183284902
2011-06-08,4,Risk-Off,4.99580013194492e-06,1.1312040269957192e-05,0.0002728748830126913,2.2956308473316264e-06,0.9997085216456336
2011-06-09,4,Risk-Off,2.816619951857894e-06,4.550583275222193e-06,0.00036465885415485754,2.5556561476372655e-06,0.9996254182863679
2011-06-10,4,Risk-Off,2.3402785941237286e-06,1.7642997940273508e-06,9.170004279595208e-05,2.0638448991593205e-06,0.9999021315343587
2011-06-13,4,Risk-Off,3.964918629402746e-06,2.918780729246197e-06,0.0005251315891990212,2.4809180218462637e-06,0.9994655037932112
2011-06-14,4,Risk-Off,1.0635012757663917e-05,5.799605059193171e-06,0.00027681995039518197,1.8467806394517265e-06,0.9997048986504519
2011-06-15,4,Risk-Off,8.192863135522745e-06,1.0322536086988325e-05,0.0005455858097102641,3.071292717591339e-06,0.9994328274978237
2011-06-16,4,Risk-Off,5.492291590955657e-06,7.938227522040304e-06,0.00034512888551632486,2.0045371496363513e-06,0.9996394360577461
2011-06-17,4,Risk-Off,1.0446412608258017e-06,3.0595045411139293e-06,0.00016910896584259905,1.5405285274072229e-06,0.9998252463600312
2011-06-20,4,Risk-Off,9.262423091457307e-08,1.847654232359148e-07,2.977211624629562e-05,2.0160007129481732e-06,0.9999679344939697
2011-06-21,4,Risk-Off,1.1402414363911523e-07,3.4443668074230216e-08,2.054437595647328e-05,2.199827843859683e-06,0.9999771073290661
2011-06-22,4,Risk-Off,9.847759939182607e-06,9.094832848898233e-07,0.00029956720457034844,2.5839517604652867e-06,0.9996870916008803
2011-06-23,4,Risk-Off,0.0004120184290672793,4.489556895754546e-05,0.006396625130856223,3.0254810555237145e-05,0.9931162060596939
2011-06-24,4,Risk-Off,0.010305058633191764,0.0011868537984710205,0.12403729192790584,0.00016657648551620535,0.8643042191556295
2011-06-27,4,Risk-Off,0.11442066922635619,0.019650567804632372,0.08433015881768492,0.00012115950233966552,0.7814774446498269
2011-06-28,4,Risk-Off,0.08261606146906675,0.10571705674589678,0.06187431462722465,5.9746802892627214e-05,0.7497328203546518
2011-06-29,4,Risk-Off,0.06945758829530933,0.09108619540030322,0.13316825643218497,6.283369560157363e-05,0.7062251261759391
2011-06-30,4,Risk-Off,0.127280502012458,0.08445888996673451,0.10306518830633637,2.8559585383052147e-05,0.6851668601287166
2011-07-01,4,Risk-Off,0.10661137233131002,0.12925455087670665,0.11647009006552454,3.546589864416947e-05,0.6476285208282908
2011-07-04,4,Risk-Off,0.1235915645887999,0.1218577599152672,0.17404861005324793,6.226210442801869e-05,0.5804398033376592
2011-07-05,4,Risk-Off,0.17483063214644898,0.1397509451656631,0.15761194429408362,6.674907076951124e-05,0.5277397293226492
2011-07-06,4,Risk-Off,0.16629162836737083,0.1854038021700677,0.20387514979979418,8.665462749068653e-05,0.44434276503516923
2011-07-07,2,Transitional,0.21611316609866557,0.18866224230354278,0.33991424202528775,0.00028589819390776455,0.2550244513788607
2011-07-08,0,Risk-On,0.3405724199466165,0.23906471889454972,0.2149230735131095,9.347451948914134e-05,0.20534631312652862
2011-07-11,1,Late-Cycle,0.23117909619108898,0.34985049900503845,0.24332986363128617,6.296324994348678e-05,0.1755775779222643
2011-07-12,2,Transitional,0.25436604006488206,0.2622857706677089,0.30760082713119097,8.013121798045062e-05,0.17566723091743697
2011-07-13,0,Risk-On,0.32003429653609766,0.2806553227422249,0.2907444581722467,0.00018644533057203194,0.10837947721926108
2011-07-15,1,Late-Cycle,0.3029046436325841,0.3414178118448797,0.2996563388305673,0.00013439610910314831,0.055886809583524474
2011-07-18,2,Transitional,0.3225300342311447,0.3193312188860353,0.3389880795808296,7.702856181014271e-05,0.019073638740911558
2011-07-19,0,Risk-On,0.3619307378894263,0.35712083292940067,0.2788721485126933,3.895520880153862e-05,0.002037325459835694
2011-07-20,1,Late-Cycle,0.2928757424711803,0.39576313672681174,0.31129834464061085,5.212631709507407e-06,5.75635288578191e-05
2011-07-21,2,Transitional,0.34821710243344245,0.3007048194404617,0.3510585425426488,4.1190662336143893e-07,1.912367761451881e-05
2011-07-22,0,Risk-On,0.3782368845746407,0.4049403027053089,0.2167682195335051,2.9402239582813325e-07,5.429916465104499e-05
2011-07-25,1,Late-Cycle,0.2136530975617706,0.41827479088142316,0.36308625812555484,2.793815112755967e-07,0.004985574050643796
2011-07-26,2,Transitional,0.057907789706029736,0.215420079436342,0.28941491736060687,6.035428837593482e-08,0.4372571531434537
2011-07-27,4,Risk-Off,0.009013536263544406,0.05085512899706743,0.10477809730281995,1.7198919444850105e-06,0.8353515175454603
2011-07-28,4,Risk-Off,0.0007029851639984142,0.005649701584242011,0.014167687566015297,2.881556859438359e-06,0.9794767441284552
2011-07-29,4,Risk-Off,2.6400110712183417e-05,0.00025147345397449536,0.000767169535586852,2.274087472225367e-06,0.9989526828120058
2011-08-01,4,Risk-Off,6.897229725367237e-07,5.8984823052768045e-06,7.01397842621543e-05,2.688947502154494e-06,0.9999205830622677
2011-08-02,4,Risk-Off,5.9476230578806236e-08,1.2964414185571104e-07,3.162869124916452e-05,5.1015488281397925e-05,0.9999171667007234
2011-08-03,4,Risk-Off,2.7832114916279337e-08,2.5060884940791184e-08,2.1054529606686978e-05,0.0021537356335539454,0.9978251569442643
2011-08-04,4,Risk-Off,2.3827627702893033e-08,2.073905293180109e-08,2.3095181820816515e-05,0.05103301858950153,0.9489438416615769
2011-08-05,4,Risk-Off,7.867618961687851e-11,6.761426666258555e-11,8.502778824136388e-08,0.3181868828206603,0.6818130320060124
2011-08-08,3,Post-Shock,5.8217629666407096e-12,3.990412107115397e-12,1.0768415660765928e-08,0.9534114538121374,0.046588535409259446
2011-08-09,3,Post-Shock,2.687541690033243e-12,2.5905965012161755e-12,5.884874065456582e-09,0.9899906960149466,0.01000929809431742
2011-08-10,3,Post-Shock,8.320612519837348e-12,4.4358645070898176e-11,6.126605875642988e-08,0.9917306735508995,0.008269265130152909
2011-08-11,3,Post-Shock,7.693158269349219e-12,4.585476346019849e-11,5.403998203286998e-08,0.9931402603755335,0.006859685530042794
2011-08-12,3,Post-Shock,2.818743013760518e-13,7.058823096332333e-13,1.0246642140588648e-09,0.9975569211124862,0.0024430778618998623
2011-08-16,3,Post-Shock,4.272090960590723e-14,2.335362064756553e-13,3.503192047385039e-10,0.9996004055756553,0.0003995940737973999
2011-08-17,3,Post-Shock,2.8592666916576865e-16,9.959605291967472e-15,1.3363964437869592e-11,0.9998448305433596,0.00015516944378647863
2011-08-18,3,Post-Shock,1.1698417063159145e-20,5.970092240172434e-19,1.0742296160583419e-15,0.9999988507304134,1.1492701531972435e-06
2011-08-19,3,Post-Shock,2.514749399554761e-22,6.890682303318561e-19,1.3612381334225026e-15,0.9999999915671651,8.431985386441629e-09
2011-08-22,3,Post-Shock,1.4903285403457168e-21,6.098613045057636e-18,1.1615961070389218e-14,0.9999996745864866,3.254143768015228e-07
2011-08-23,3,Post-Shock,7.429080777130257e-23,2.6458885914840187e-19,5.027660325166782e-16,0.9999998668881833,1.3311125708017912e-07
2011-08-24,3,Post-Shock,4.226118118908982e-25,1.583152055244808e-21,3.693569093806163e-18,0.9999999872088666,1.2792006117234366e-08
2011-08-25,3,Post-Shock,4.618002086753237e-26,2.10194124233141e-22,3.809972795909187e-19,0.9999999985229806,1.477718238972075e-09
2011-08-26,3,Post-Shock,4.823013343523946e-25,2.0894463380274453e-21,4.633728948135663e-18,0.999999999827196,1.720913582720204e-10
2011-08-29,3,Post-Shock,1.9468715528246903e-22,7.302018248268373e-19,1.585985081564844e-15,0.9999999682731873,3.1726621611970986e-08
2011-08-30,3,Post-Shock,3.817290892584434e-21,1.3542374328666051e-17,2.8344672609145243e-14,0.9999998816238146,1.1837545794960385e-07
2011-09-02,3,Post-Shock,8.213879202810892e-21,2.6515084486809738e-17,5.775454573004297e-14,0.999999556015708,4.439842671514568e-07
2011-09-05,3,Post-Shock,6.650819522637998e-21,1.9076594149996415e-17,3.7681018185440546e-14,0.9999996081515604,3.918483340506073e-07
2011-09-06,3,Post-Shock,5.51496054766038e-19,1.6457457850003944e-15,2.6846216137616363e-12,0.9999998420517056,1.5794471434086482e-07
2011-09-07,3,Post-Shock,1.1597401509936162e-16,3.035167816453529e-13,4.5104719467372887e-10,0.999996088220007,3.911327833018388e-06
2011-09-08,3,Post-Shock,5.294870405874559e-14,1.9432608337526704e-11,2.3016770903649718e-08,0.9999746492206333,2.53277425664028e-05
2011-09-09,3,Post-Shock,9.857830594515073e-14,1.2389325197501517e-12,1.4151364961118066e-09,0.9999598525265636,4.014605610155925e-05
2011-09-12,3,Post-Shock,3.668176238662402e-14,3.223322261381125e-13,3.891147672906153e-10,0.9999979921851411,2.0074249327068586e-06
2011-09-13,3,Post-Shock,2.7881173455756197e-15,5.881122085224183e-13,8.289835555177228e-10,0.9999892262238181,1.0772946304257402e-05
2011-09-14,3,Post-Shock,8.4521003971418e-15,1.316128574176019e-12,1.8258926123954355e-09,0.9999776360282002,2.2362145315143802e-05
2011-09-15,3,Post-Shock,1.2267947748103011e-13,4.56822754818036e-12,5.523740702600744e-09,0.9999885624692233,1.143200278523227e-05
2011-09-16,3,Post-Shock,5.127595686690673e-13,6.630925589182634e-12,7.459426367158765e-09,0.9999906814953083,9.311038178739046e-06
2011-09-19,3,Post-Shock,4.6668394625603355e-14,3.196794010624177e-13,3.532543917765889e-10,0.9999936724089016,6.327237796174879e-06
2011-09-20,3,Post-Shock,1.1108206036216674e-13,1.4362953247190774e-12,1.140117519081736e-09,0.9999988854912616,1.1133677060541726e-06
2011-09-21,3,Post-Shock,4.32612882481823e-12,1.0865466727834935e-11,7.33619824440562e-09,0.9999997529121479,2.3973584863387983e-07
2011-09-22,3,Post-Shock,1.5120802989386287e-14,1.880197610152686e-14,1.1222368516308376e-11,0.9999995319013765,4.6808801173601365e-07
2011-09-23,3,Post-Shock,2.786196140903494e-18,5.704102048853774e-16,1.0167736080723409e-12,0.9999996538372815,3.4616213020800664e-07
2011-09-26,3,Post-Shock,8.00077601174237e-20,7.129114644881698e-17,1.175836093830688e-13,0.9999998239491261,1.7605042887152317e-07
2011-09-27,3,Post-Shock,4.499826903599592e-21,1.956896341279296e-18,2.6935848170268927e-15,0.9999999836691132,1.6331014366334964e-08
2011-09-28,3,Post-Shock,9.665715097109095e-18,6.509347629009284e-15,8.982116892787723e-12,0.999999999656211,3.355896593859986e-10
2011-09-29,3,Post-Shock,3.232344135970511e-15,3.2188502849999467e-12,4.07888182307379e-09,0.9999984189611261,1.5769564773298627e-06
2011-09-30,3,Post-Shock,3.3077680593663987e-14,5.078337163645594e-13,6.771953807461747e-10,0.9999923651612751,7.634161130088972e-06
2011-10-03,3,Post-Shock,1.863151824716778e-16,7.350356511297942e-15,1.2451841019822016e-11,0.9999960881708945,3.9118172982888995e-06
2011-10-04,3,Post-Shock,2.9864781504692737e-18,1.1806131542027846e-15,2.2661103403734006e-12,0.9999989891135208,1.0108844668932787e-06
2011-10-05,3,Post-Shock,5.201454797983192e-20,7.578019636974171e-17,1.5809665814820665e-13,0.9999987461732092,1.2538259854153364e-06
2011-10-07,3,Post-Shock,2.1290288668968804e-20,3.2542761634752316e-17,7.205503238986003e-14,0.9999998480634646,1.5193634250807436e-07
2011-10-10,3,Post-Shock,3.12118939000668e-20,7.463877479955541e-17,1.7544997902447578e-13,0.9999997642353542,2.357646718039815e-07
2011-10-11,3,Post-Shock,3.434297328296285e-20,7.434303426155794e-17,1.423058237200828e-13,0.999999761306782,2.386930514980823e-07
2011-10-12,3,Post-Shock,4.911016888035277e-19,5.618818220152647e-16,9.736559199290747e-13,0.9999999567953646,4.320369634893585e-08
2011-10-13,3,Post-Shock,1.4186144076920386e-18,3.1244848275390307e-16,5.387040990775546e-13,0.9999999655246944,3.447448729958653e-08
2011-10-14,3,Post-Shock,5.167169904733226e-19,1.7730916513135337e-16,2.9387902940580113e-13,0.9999999699011828,3.009801793771651e-08
2011-10-17,3,Post-Shock,2.7245656612462105e-18,1.1830552897575767e-15,1.862179562743061e-12,0.999999980123903,1.9874157571036754e-08
2011-10-18,3,Post-Shock,8.079460098262896e-20,6.23628216921296e-17,1.2357629329725813e-13,0.9999997079940357,2.9200659929139223e-07
2011-10-19,3,Post-Shock,1.2049715868181075e-18,9.681523811210736e-16,1.8477748614427782e-12,0.9999999774718165,2.2526857899025098e-08
2011-10-20,3,Post-Shock,1.2232515820693523e-18,1.030004583188956e-15,1.9921456945775707e-12,0.9999996806000636,3.1939714181556003e-07
2011-10-21,3,Post-Shock,3.007384976302783e-18,2.3102853087105836e-15,4.697356827007133e-12,0.9999996755287228,3.2446699054671607e-07
2011-10-24,3,Post-Shock,1.70085335389673e-17,2.2822067865427373e-14,2.553431862400214e-11,0.9999986650354729,1.3349394065079999e-06
2011-10-25,3,Post-Shock,1.6369324392632177e-18,3.1708187739314743e-18,1.4822453326852788e-15,0.9999999897845555,1.0214553753550377e-08
2011-10-28,3,Post-Shock,1.1514957092503283e-17,1.044896575239056e-16,1.4106753792481976e-13,0.999999999998181,1.951503465751805e-12
2011-10-31,3,Post-Shock,3.029226367346198e-17,1.202261076229127e-14,1.396728861334435e-11,0.9999999903448042,9.64154962544505e-09
2011-11-01,3,Post-Shock,6.159821762125779e-15,5.5612855167186775e-14,6.444919943482309e-11,0.9999999834344636,1.6500297068090157e-08
2011-11-02,3,Post-Shock,8.076870986008902e-15,5.1599740198778924e-14,5.413932613790037e-11,0.9999999379342644,6.201101290400795e-08
2011-11-03,3,Post-Shock,5.893075908618868e-13,2.0299232512436275e-13,6.374797991230987e-11,0.9999999783231035,2.161178151126558e-08
2011-11-04,3,Post-Shock,5.525400260640308e-11,2.1524398023288507e-11,3.0724217733034445e-09,0.9999999959818524,8.694985561975859e-10
2011-11-08,3,Post-Shock,2.768393242090541e-09,9.86895102418803e-10,2.2638904032408334e-07,0.9999997697432529,1.1244033746905581e-10
2011-11-09,3,Post-Shock,2.1661477142051147e-07,5.055588376653385e-08,1.59483836467587e-05,0.9999837843357078,1.0939508368338107e-10
2011-11-11,3,Post-Shock,1.4216885628086392e-05,5.835899776399748e-06,0.0004248740695400815,0.9995473503971748,7.722747663708224e-06
2011-11-14,3,Post-Shock,0.00018169758682717803,7.504714043600477e-05,0.0022143278046279614,0.9954894946754144,0.00203943279181129
2011-11-15,3,Post-Shock,3.4946648269760566e-05,0.0001288369438283529,0.0011658677486334292,0.983528262054881,0.015142086604422454
2011-11-16,3,Post-Shock,9.291922498288053e-07,6.9490507415690435e-06,0.00011411280836677045,0.9668376973102794,0.03304031163895843
2011-11-17,3,Post-Shock,1.7886107847693e-08,6.040785968779275e-08,3.482564747214947e-06,0.9661424930753715,0.033853946065540375
2011-11-18,3,Post-Shock,1.8763409663896134e-10,4.280360454382747e-10,2.1620848243700656e-07,0.9721244452928722,0.027875337882232943
2011-11-21,3,Post-Shock,1.597208345732784e-11,1.6632971918212515e-11,2.821276790140865e-08,0.9912740454905888,0.008725926264512688
2011-11-22,3,Post-Shock,7.083591740205689e-13,2.0214937816921386e-12,2.884126918385657e-09,0.9949044643376282,0.005095532775579187
2011-11-23,3,Post-Shock,1.654237830189651e-14,3.378283022386007e-14,5.796983033203178e-11,0.9998715511858352,0.00012844875630468836
2011-11-25,3,Post-Shock,1.1372897182854462e-14,7.002443072779763e-13,9.703761298881952e-10,0.999993427983777,6.571044711271019e-06
2011-11-28,3,Post-Shock,2.933837153048988e-15,3.8459305617457967e-13,5.577377775880308e-10,0.9999811725346046,1.8826907537773107e-05
2011-11-29,3,Post-Shock,5.236114841822581e-15,2.15182524666184e-13,3.302075815205916e-10,0.9999962924917388,3.707176928212143e-06
2011-11-30,3,Post-Shock,1.731288793894297e-15,3.1085061084572817e-13,4.939135374180175e-10,0.9999917292385422,8.27026759562555e-06
2011-12-01,3,Post-Shock,4.998508204765463e-15,1.3898123766457904e-12,2.04807591461961e-09,0.9999771848471659,2.281310261252495e-05
2011-12-02,3,Post-Shock,9.608613777285848e-14,1.7659213943744034e-11,2.465740976217716e-08,0.9999245321971383,7.544312702115221e-05
2011-12-05,3,Post-Shock,9.004820341072114e-13,3.763386049063439e-11,4.7630342064482865e-08,0.9998181362198625,0.00018181611101356087
2011-12-07,3,Post-Shock,3.4531294675728085e-13,4.452749295726653e-12,5.331365577865803e-09,0.9998373165739022,0.0001626780907939158
2011-12-08,3,Post-Shock,1.1812979748392012e-15,1.0050813415533871e-14,1.5368347276367886e-11,0.9999832529157983,1.6747068377109202e-05
2011-12-09,3,Post-Shock,2.8626463236947762e-19,5.196400581026914e-17,1.0016064342413178e-13,0.9999992540199909,7.459799015362912e-07
2011-12-12,3,Post-Shock,2.0679740866352298e-21,3.133855194442614e-18,7.956303786285096e-15,0.9999999464052977,5.3595245555290726e-08
2011-12-13,3,Post-Shock,3.7561445219464095e-20,1.219901085399702e-16,2.580187309303193e-13,0.999999783107365,2.1689208119388794e-07
2011-12-14,3,Post-Shock,1.616109572379766e-19,3.966937549056259e-16,8.280624576627715e-13,0.9999995937142473,4.0628512414122995e-07
2011-12-15,3,Post-Shock,2.536850829114353e-20,5.541889713941429e-17,1.1793462297185926e-13,0.9999990404162474,9.595833133959631e-07
2011-12-16,3,Post-Shock,3.212591421547273e-20,6.559448541627464e-17,1.4774845334816064e-13,0.9999997222730984,2.777272226015527e-07
2011-12-19,3,Post-Shock,1.6029118334800274e-20,4.204097397349059e-17,9.693550539897632e-14,0.999999551855681,4.481450210576355e-07
2011-12-20,3,Post-Shock,2.946642697782314e-21,7.987664900645725e-18,1.7090599480048735e-14,0.9999993765343003,6.234651161462524e-07
2011-12-21,3,Post-Shock,2.2834920077714945e-20,5.129175526571946e-17,1.1070922320940071e-13,0.9999999349056473,6.509338410938995e-08
2011-12-22,3,Post-Shock,2.6482796844198828e-18,7.928641581883753e-15,1.2476938745712445e-11,0.9999995037779948,4.962094051642138e-07
2011-12-23,3,Post-Shock,2.817564817904288e-17,9.840120096234517e-15,1.607794260796619e-11,0.9999993410021841,6.589819527750168e-07
2011-12-27,3,Post-Shock,2.897136588779508e-16,1.667162409104657e-13,2.1944509321331758e-10,0.9999984850012532,1.5147785861837197e-06
2011-12-28,3,Post-Shock,1.0135834634931396e-14,3.334316996233531e-13,4.4599156149667976e-10,0.9999990859982602,9.135556135903221e-07
2011-12-29,3,Post-Shock,4.05675750856562e-15,4.3206758335072605e-13,5.820395777426066e-10,0.9999944085950006,5.590821823089185e-06
2011-12-30,3,Post-Shock,1.0478484724576716e-15,2.2443524899538439e-13,3.0141424881159743e-10,0.9999817971949228,1.820250264736506e-05
2012-01-03,3,Post-Shock,2.7280905702639253e-15,1.7248176518967472e-13,2.6264013079978987e-10,0.9999964424450425,3.5572925114668493e-06
2012-01-04,3,Post-Shock,2.8476972981075525e-15,3.8434217775252043e-13,5.680634713077166e-10,0.9999951588187147,4.8406124808621654e-06
2012-01-05,3,Post-Shock,1.6380422811498045e-15,4.885681954305497e-13,7.475661703500036e-10,0.9999739245848108,2.6074666523665123e-05
2012-01-06,3,Post-Shock,3.1429879886331172e-15,5.333578207161938e-13,7.992933301268519e-10,0.9999675306240517,3.2468576792999364e-05
2012-01-09,3,Post-Shock,6.108868868762097e-15,8.150205284536706e-13,1.2450338836937849e-09,0.9999712380638754,2.8760689827554182e-05
2012-01-10,3,Post-Shock,1.417718696117563e-13,3.4001358779624055e-11,4.054446714410142e-08,0.9998996407571201,0.00010031866513071136
2012-01-11,3,Post-Shock,8.49919828985323e-11,1.5024790749315372e-10,5.591197367162165e-08,0.9999473958081018,5.254804501361114e-05
2012-01-12,3,Post-Shock,2.873510256899539e-09,5.353884686186864e-09,2.3244114557324797e-06,0.9999690456886765,2.8621673171798997e-05
2012-01-13,3,Post-Shock,2.0042370396504593e-08,1.5973349014390308e-08,1.4154532283084748e-06,0.9999584872615964,4.0061270351277025e-05
2012-01-16,3,Post-Shock,4.561207866190364e-09,6.886252625161873e-09,1.7159338391738587e-07,0.9999713841772833,2.8432782641826115e-05
2012-01-17,3,Post-Shock,8.232206264277755e-09,3.389584964055875e-09,3.286407293020988e-08,0.9999978132988224,2.1422148395565194e-06
2012-01-18,3,Post-Shock,1.6926726048148074e-08,8.825668431749502e-09,6.271169746355871e-08,0.9999996476272538,2.6390869603404243e-07
2012-01-19,3,Post-Shock,5.81110797730774e-08,2.01695155441385e-08,1.0516742840752355e-07,0.9999998067542224,9.79822782352635e-09
2012-01-20,3,Post-Shock,1.0304543069552609e-07,5.876912393176217e-08,3.6613882863745545e-07,0.999999471883851,1.6248179604361519e-10
2012-01-23,3,Post-Shock,3.363352743879166e-07,1.4002210942199156e-07,2.9447662608361225e-06,0.9999962331383364,3.4573742574821274e-07
2012-01-24,3,Post-Shock,2.6954568208093475e-06,5.08400670030698e-07,5.574120636471464e-07,0.9999961131728063,1.255576935902417e-07
2012-01-25,3,Post-Shock,6.820800106343188e-07,2.434344564863375e-06,6.965139105395286e-07,0.9999961140641077,7.299687013226387e-08
2012-01-27,3,Post-Shock,8.279067998876725e-07,9.607807493732814e-07,2.0987855929388335e-06,0.9999961073156832,5.211986428259571e-09
2012-01-30,3,Post-Shock,1.3931784604357011e-06,9.427260380393965e-07,7.209702333075984e-07,0.9999960166757982,9.264493208909815e-07
2012-01-31,3,Post-Shock,8.077271111509183e-07,1.337504272278517e-06,9.315584184673282e-07,0.9999969229167667,2.9304555138553297e-10
2012-02-01,3,Post-Shock,1.0328379487316392e-06,8.793235461561979e-07,1.4052223253822858e-06,0.9999966826108448,4.6477264075623735e-12
2012-02-02,3,Post-Shock,1.4223122430481377e-06,1.174716557158637e-06,1.0209536777198123e-05,0.9999871930214531,4.1206834425387096e-10
2012-02-03,3,Post-Shock,9.591218297932663e-06,2.1714312127328307e-06,8.522845572493185e-06,0.9999797144575763,4.727086274592942e-11
2012-02-06,3,Post-Shock,8.639614898453905e-06,9.070592193481005e-06,2.5868384207542707e-05,0.9999564213995368,9.522278491008112e-12
2012-02-07,3,Post-Shock,2.4869278188536895e-05,1.1456936301125385e-05,0.00018814042627979808,0.9997755332640427,9.582328792881718e-11
2012-02-08,3,Post-Shock,0.00017671336323990482,3.924665892422571e-05,0.000956361391424094,0.9988276785744007,1.2791112979388783e-11
2012-02-09,3,Post-Shock,0.0008920591682276704,0.0002788213963217097,0.009889218528257249,0.9889399007076631,1.9994080929906372e-10
2012-02-10,3,Post-Shock,0.009158953747134622,0.0016302703264648463,0.011812707720695556,0.9773980656347586,2.5703908318405828e-09
2012-02-13,3,Post-Shock,0.011618506378740142,0.008809893331297284,0.00935312315733139,0.9702184755623477,1.570298035977463e-09
2012-02-14,3,Post-Shock,0.009962488065904997,0.01201564523302296,0.018764282325714317,0.9592575839472732,4.2802747999936593e-10
2012-02-15,3,Post-Shock,0.019088651144005122,0.01137414618925604,0.019706834402421897,0.9498303682631566,4.827615616382685e-13
2012-02-16,3,Post-Shock,0.02041516485082813,0.020078628430232115,0.11207780212029317,0.8474284044701147,1.279978952446953e-10
2012-02-17,3,Post-Shock,0.10551496185878902,0.030410713184837304,0.10470913744736221,0.7593651874942323,1.5000169493470867e-11
2012-02-21,3,Post-Shock,0.10641069908139347,0.10057933312164075,0.24433295129350838,0.5486769965438917,1.995930805003519e-08
2012-02-22,3,Post-Shock,0.23795440737948934,0.12926259243400368,0.45646062254561415,0.17632230532040172,7.231994341969467e-08
2012-02-23,2,Transitional,0.4467548803956149,0.2512310422644527,0.25692732436491084,0.04508657019231499,1.827818869932617e-07
2012-02-24,0,Risk-On,0.289068747133879,0.4365037942965204,0.265219987460819,0.009206956921500862,5.141863839924841e-07
2012-02-27,1,Late-Cycle,0.29501113326052686,0.34891827121935687,0.3499828164091867,0.005900627644705803,0.00018715146599328187
2012-02-28,2,Transitional,0.35077200795907476,0.326890981451085,0.31873243534775836,0.0034475147428348883,0.00015706049850451232
2012-02-29,0,Risk-On,0.35471479634420583,0.32877913126450525,0.31511984849167585,0.0013835243215298643,2.699578389354269e-06
2012-03-01,1,Late-Cycle,0.35169025390472075,0.4117146879787637,0.23303402296373374,0.0010986373119312044,0.002462397840838386
2012-03-02,2,Transitional,0.1631847824580488,0.41982977496913315,0.33865086740557804,0.0010153241850695469,0.07731925098288604
2012-03-05,4,Risk-Off,0.013825624372135152,0.13736337844907212,0.3293384923794767,0.0011832095644690925,0.5182892952356976
2012-03-06,4,Risk-Off,0.0007449360946710626,0.003063554261366278,0.009919529302958122,0.004601548732645942,0.9816704316087247
2012-03-07,4,Risk-Off,0.0004147198336973859,0.0006090900886179335,0.0001868842747909023,0.11968198463029017,0.8791073211717226
2012-03-09,3,Post-Shock,0.0001828736533916162,0.0004194996066559821,0.0033418370292705646,0.9944832856149499,0.0015725040964681002
2012-03-12,3,Post-Shock,0.0011498687744230973,0.00016590751091459673,0.0002149117101819831,0.9950962589385904,0.0033730530660908936
2012-03-13,3,Post-Shock,0.0002307538650668384,0.0012078170380822055,8.208015420790041e-05,0.9984059072942335,7.34416488214037e-05
2012-03-14,3,Post-Shock,3.6647961047929744e-05,0.0002683182235643623,0.0011800294095437262,0.9984549751519491,6.0029253399661325e-05
2012-03-15,3,Post-Shock,3.3569257214760368e-06,1.2992495674187337e-05,2.8959036743964864e-05,0.9984367326739317,0.0015179588671939206
2012-03-16,3,Post-Shock,1.1738754095793888e-07,1.6020470871524751e-06,4.074550528337927e-06,0.9998619733910813,0.0001322326245615787
2012-03-19,3,Post-Shock,4.5715351774120915e-10,4.151746604564315e-09,2.114974196421743e-08,0.9999811566460315,1.8817595611392183e-05
2012-03-20,3,Post-Shock,1.1158159484045743e-11,6.090264292094087e-11,2.654211638552741e-09,0.99999881389774,1.1833768329057948e-06
2012-03-21,3,Post-Shock,3.8049271960367224e-12,1.2472671585051396e-11,4.617776123053516e-09,0.9999995968047091,3.9856124936761926e-07
2012-03-22,3,Post-Shock,4.653077441136061e-13,1.0317303585702207e-12,6.719048455254803e-10,0.9999994060310146,5.932955745148082e-07
2012-03-23,3,Post-Shock,5.4450965895186065e-14,5.268493726878812e-12,5.510524577399803e-09,0.9999928870364007,7.107446940885047e-06
2012-03-26,3,Post-Shock,1.9310601515574572e-13,5.633796524119105e-13,4.659266691664282e-10,0.9999975592502551,2.4402823416372546e-06
2012-03-27,3,Post-Shock,3.382295975098601e-12,2.7673388585979093e-11,2.3747507955277975e-08,0.9999985339138053,1.4423069307894661e-06
2012-03-28,3,Post-Shock,1.7849558804274107e-09,1.3757438361150763e-09,2.2728509682940205e-07,0.9999879387996543,1.1830755280983916e-05
2012-03-29,3,Post-Shock,1.6810179756092257e-07,2.7637673262845736e-08,1.845824535010578e-06,0.9999966959967436,1.2624401344808872e-06
2012-03-30,3,Post-Shock,1.4247613211572534e-06,3.0265151241789716e-07,1.9715022778671947e-05,0.9999547081731865,2.3849391208507634e-05
2012-04-02,3,Post-Shock,1.6748008707897633e-05,4.776274826920544e-06,0.00017402085236501341,0.9997667058194205,3.774904549297841e-05
2012-04-03,3,Post-Shock,0.00015196502613033696,3.0305929327044764e-05,0.00131092877547351,0.9983224409222253,0.00018435934614722123
2012-04-04,3,Post-Shock,0.0012683555763250021,0.00019174523158901947,0.003193289491144948,0.9951788238080859,0.0001677858933717407
2012-04-09,3,Post-Shock,0.0025842700164690376,0.001826464667465001,0.0038229554150650473,0.9906286025871245,0.0011377073145348085
2012-04-10,3,Post-Shock,0.0006467770470895222,0.002225935290220875,0.04212531034276648,0.9093047122068112,0.04569726511359775
2012-04-11,4,Risk-Off,0.00029279444436474734,0.0003615087225329924,0.004603171115348404,0.36656404442882123,0.6281784812889023
2012-04-12,4,Risk-Off,7.192868230982823e-05,0.0002589337425865835,0.01291123133401996,0.25756951066021727,0.7291883955804235
2012-04-13,4,Risk-Off,2.3435893390720277e-06,5.405520544844472e-06,0.00029232648468401437,0.07155515067501848,0.9281447737305665
2012-04-16,4,Risk-Off,3.81595642824703e-07,6.374015667850604e-07,0.0001746864657640932,0.031019400752112507,0.9688048937855916
2012-04-17,4,Risk-Off,2.5666943366467077e-06,2.092101579979906e-06,0.0009378297024173417,0.010456440572965648,0.9886010709295754
2012-04-18,4,Risk-Off,1.5445516612772914e-05,6.1187120464723355e-06,0.00042774591393068725,0.001564932139616407,0.9979857577177678
2012-04-19,4,Risk-Off,1.369411090416781e-05,1.572058591957872e-05,0.0007595420334593517,0.00031281679372614215,0.9988982264766126
2012-04-20,4,Risk-Off,4.982860226280128e-06,1.1036990003642911e-05,0.0004665091911668867,6.309799362462711e-05,0.999454372965134
2012-04-23,4,Risk-Off,3.7248267324847687e-07,6.024610655539655e-07,2.4715894257581003e-05,1.2813478873194466e-05,0.9999614956824
2012-04-24,4,Risk-Off,1.0026874014992635e-06,5.33482088917636e-07,0.00028343750381823246,4.48561137779151e-06,0.9997105407156629
2012-04-25,4,Risk-Off,6.716544040816406e-06,2.056644587433712e-06,0.00015891455942127438,3.816970708937539e-06,0.9998284952819578
2012-04-26,4,Risk-Off,1.583471830196622e-05,9.722877255054097e-06,0.001311005754325724,6.199733633166952e-06,0.9986572369170245
2012-04-27,4,Risk-Off,6.121209538416497e-05,2.0852038216466354e-05,0.00032191849230502447,2.6416055348140446e-06,0.9995933757682635
2012-04-30,4,Risk-Off,4.6286264679921606e-05,6.140716059097553e-05,0.000962499421070132,4.322136667621495e-06,0.998925485016545
2012-05-02,4,Risk-Off,3.242182324589603e-05,5.602550652949919e-05,0.0014135867880993261,4.696634605071711e-06,0.9984932692472224
2012-05-03,4,Risk-Off,2.8444973887586115e-06,1.3226567494013485e-05,0.00013383319164599213,1.4989404050621691e-06,0.9998485968037902
2012-05-04,4,Risk-Off,1.2068633092499252e-07,5.082476674574877e-07,4.385649235906307e-05,4.146358119318988e-06,0.999951368216209
2012-05-07,4,Risk-Off,4.510713125387929e-08,5.060858768791006e-08,3.20952568913474e-05,4.249509073677729e-06,0.999963559517749
2012-05-08,4,Risk-Off,1.1839758155049291e-08,1.0223270412325994e-08,1.0060302262205937e-05,1.1722477093383357e-05,0.9999781951568237
2012-05-09,4,Risk-Off,1.9939434174462265e-08,1.5876975850232438e-08,2.039434365616489e-05,5.5112132675704706e-06,0.9999740586262917
2012-05-10,4,Risk-Off,7.48368761474652e-09,6.252225564187129e-09,6.868824552634802e-06,6.096933848038636e-06,0.9999870205052654
2012-05-11,4,Risk-Off,1.4434118241350382e-08,1.1269922485167435e-08,1.6266540119307434e-05,9.705191057195246e-06,0.9999740025646753
2012-05-14,4,Risk-Off,2.9144844007985773e-09,2.374270838227855e-09,3.1786435838244377e-06,1.2627054422082104e-05,0.999984189012533
2012-05-15,4,Risk-Off,8.150503926215635e-09,6.287775704874664e-09,9.21017619094986e-06,4.343753314340689e-06,0.9999864316316337
2012-05-16,4,Risk-Off,3.6786728998500278e-09,2.8806792773059295e-09,4.509427040770624e-06,2.2995748320809475e-05,0.9999724882655895
2012-05-17,4,Risk-Off,1.447027904987762e-09,1.1127676910857311e-09,1.9741554724307018e-06,5.431997133491376e-05,0.9999437033133434
2012-05-18,4,Risk-Off,2.024818560642439e-09,1.5167303664853302e-09,2.808546504959224e-06,7.417800440759655e-05,0.9999230099081894
2012-05-22,4,Risk-Off,1.0893570434819315e-09,8.148972859625902e-10,1.6241697363422773e-06,0.00018146682911899514,0.9998169070965743
2012-05-23,4,Risk-Off,1.1837770883788218e-09,8.958637622511965e-10,1.721259887741628e-06,0.00019543835986395787,0.9998028383009312
2012-05-24,4,Risk-Off,5.563859540251088e-09,4.32333847098922e-09,6.663920555239548e-06,1.6554191244855473e-05,0.9999767720006455
2012-05-25,4,Risk-Off,5.171301826000969e-09,3.7628537531822e-09,5.3737150867059424e-06,6.488401661599754e-06,0.9999881289490743
2012-05-28,4,Risk-Off,2.7361256835856898e-08,1.8220651308216082e-08,2.4329777259768436e-05,3.727856772623962e-06,0.9999718967848823
2012-05-29,4,Risk-Off,5.0155087075001e-08,4.233248735117154e-08,4.162686870021336e-05,4.292916388081019e-06,0.999953987728022
2012-05-30,4,Risk-Off,1.284006500941119e-08,1.2449060425161998e-08,1.0027964095701646e-05,7.837946851611932e-06,0.9999821088003739
2012-05-31,4,Risk-Off,5.7670439741674824e-09,4.650219874498789e-09,6.609665206274025e-06,1.0693277564580538e-05,0.9999826866394802
2012-06-01,4,Risk-Off,1.8371603931237814e-09,1.358218842191169e-09,2.423445871182435e-06,3.221003502951989e-05,0.9999653633236056
2012-06-04,4,Risk-Off,1.3681953780545524e-08,3.791033347468211e-09,5.7645495537966465e-06,1.896066155622883e-05,0.9999752573153876
2012-06-05,4,Risk-Off,4.492470921481869e-06,3.9724015577612365e-07,0.00016713182285949747,1.8015673364721532e-05,0.9998099627923459
2012-06-06,4,Risk-Off,0.0006387967294107812,4.858173859039518e-05,0.016862416440108878,0.00025362752003604616,0.9821965775719685
2012-06-07,2,Transitional,0.030998889750524172,0.003027271283035879,0.4177548662620666,0.000440685499495656,0.5477782872054383
2012-06-08,0,Risk-On,0.38850961787983757,0.06375103229823836,0.21149223288971772,0.00024597347472418355,0.3360011434566273
2012-06-11,1,Late-Cycle,0.22753954331133305,0.35215066715243987,0.2803499470478391,0.00017648477223055175,0.13978335771549785
2012-06-12,2,Transitional,0.30480378084279874,0.27196625245136546,0.4031691133143602,0.00010592195632890664,0.019954931434855456
2012-06-13,0,Risk-On,0.4081088503734989,0.33781967332683643,0.2519740706451853,2.3003967866308837e-05,0.0020744016857973235
2012-06-14,1,Late-Cycle,0.2830079672284966,0.41298475894763614,0.3031960372424256,4.087148257804094e-06,0.0008071494328391193
2012-06-15,2,Transitional,0.32841062217982786,0.33395633155710963,0.3375942121499023,1.3196720228725598e-06,3.7514441978543344e-05
2012-06-18,0,Risk-On,0.35560709620566616,0.3542658454618665,0.29004510064763983,2.125830612089627e-07,8.174510165974655e-05
2012-06-19,1,Late-Cycle,0.3173415595048928,0.37738540265193243,0.3052173252309275,1.278429807494701e-07,5.5584770126361013e-05
2012-06-20,2,Transitional,0.3275576223700324,0.3540608372378607,0.3183636086768897,9.085438435080528e-08,1.7840861229933555e-05
2012-06-21,0,Risk-On,0.3420336916224614,0.3501165319122991,0.3078411911369864,5.4608631515048344e-08,8.530718877446574e-06
2012-06-22,1,Late-Cycle,0.33439695025307165,0.36864883460601144,0.2969038308701649,1.07401326184494e-08,5.037353055475618e-05
2012-06-25,2,Transitional,0.31965950753947403,0.3721904714827505,0.30780793713916005,4.558235377299007e-08,0.00034203825677045285
2012-06-26,0,Risk-On,0.3276671879841325,0.34913725103228993,0.3223314871831789,1.8646110251281332e-07,0.000863887339492443
2012-06-27,1,Late-Cycle,0.34913205494366806,0.3559911176811395,0.29466542625311354,4.378360342693253e-07,0.00021096328585857053
2012-06-28,2,Transitional,0.31490593169245124,0.39189737888734955,0.293190859128786,1.5459095045278418e-07,5.675700724147262e-06
2012-06-29,0,Risk-On,0.32162008479566934,0.33997419105676474,0.33840063746763666,7.148541467049909e-08,5.015193964843595e-06
2012-07-02,1,Late-Cycle,0.3610710401776001,0.35243064916546457,0.28649805970977327,4.07584678839316e-08,2.1018883439801497e-07
2012-07-03,2,Transitional,0.3117084583454191,0.3836862059616091,0.3046051998254202,1.2403188296687118e-08,1.2346443503386873e-07
2012-07-04,0,Risk-On,0.3348243104559003,0.3363578842212362,0.32881765216433445,3.0688972959686658e-09,1.5008955622960723e-07
2012-07-05,1,Late-Cycle,0.35420699846385856,0.3681684338608343,0.2776223479310749,1.8172095831282703e-10,2.2195620443450603e-06
2012-07-06,2,Transitional,0.30474493275635867,0.39128860036482477,0.3039420423079062,7.213387321519175e-10,2.4423849689960586e-05
2012-07-09,0,Risk-On,0.3303451555385017,0.3437999648937402,0.3258020675137353,5.437757977861588e-09,5.280661570003101e-05
2012-07-10,1,Late-Cycle,0.3516485878014315,0.3679624533686091,0.2803680623215514,2.4965381242586475e-08,2.087154266971815e-05
2012-07-11,2,Transitional,0.30209023961085046,0.390699299060717,0.3070366093000171,6.7356053496144534e-09,0.0001738452930667456
2012-07-12,0,Risk-On,0.33461556119432656,0.3317805146837569,0.3328925383864964,3.905098472137882e-08,0.0007113466853373665
2012-07-13,1,Late-Cycle,0.35477808289515095,0.3785434696352985,0.26513126231543926,1.0964724509971769e-07,0.00154707550634572
2012-07-16,2,Transitional,0.2745820459724502,0.39343895326644907,0.31879452923798424,5.6450234637163985e-08,0.013184415073532503
2012-07-17,0,Risk-On,0.3413006125857007,0.2997335442082636,0.3376432722217818,2.9671194288034423e-07,0.021322274271422206
2012-07-18,1,Late-Cycle,0.34142933805183123,0.39215637613066673,0.21572098014207397,3.164420650576022e-07,0.05069298923277915
2012-07-19,2,Transitional,0.16923055245704327,0.39622511131157684,0.318043861895469,7.157217964370658e-07,0.11649975861439213
2012-07-20,4,Risk-Off,0.06112292870268863,0.172285418580225,0.28038507683976216,4.435387030364818e-07,0.4862061323378513
2012-07-23,4,Risk-Off,0.03859357287947387,0.059435426567205546,0.0668212684513945,1.1039115103444298e-06,0.8351486281906378
2012-07-24,4,Risk-Off,0.017537381747897252,0.0429242443784676,0.037825203027017626,3.857367690462921e-06,0.9017093134791486
2012-07-25,4,Risk-Off,0.003411601514012473,0.01699411964382836,0.03154941816845314,5.270960388829742e-06,0.9480395897137305
2012-07-26,4,Risk-Off,0.0005498672318183638,0.0025737274023196173,0.00522662298756588,3.5300398547088938e-06,0.9916462523377154
2012-07-27,4,Risk-Off,7.676407251412423e-05,0.0004091246843936822,0.0012846031381041716,3.0285830736621773e-06,0.9982264795211048
2012-07-30,4,Risk-Off,2.037886331910448e-05,4.7898512780675615e-05,0.0002843418395809006,1.6831335938295782e-06,0.9996456976507372
2012-07-31,4,Risk-Off,3.240628882556932e-05,2.0890688741856656e-05,0.00039187403305956074,2.0259997925310717e-06,0.9995528029901797
2012-08-01,4,Risk-Off,0.0002147282679338107,5.213460426860201e-05,0.002642758856654181,7.348397668641984e-06,0.9970830298733174
2012-08-02,4,Risk-Off,0.0013758555660886725,0.0003302182026965367,0.002763624065729637,7.655446916930838e-06,0.9955226467177758
2012-08-03,4,Risk-Off,0.0026175544841431472,0.0014407807469582134,0.013248721318846468,3.253203064237171e-05,0.9826604114187156
2012-08-06,4,Risk-Off,0.016736354232797433,0.0037498089502656143,0.11975156373765425,0.0001490402605980666,0.8596132328189325
2012-08-07,2,Transitional,0.1400278929843196,0.028703340622148205,0.7874679149382826,0.0003327798345215753,0.04346807162004326
2012-08-08,0,Risk-On,0.7301131331664117,0.1852083585277174,0.0533418612478321,3.205132621341444e-05,0.03130459573221698
2012-08-09,1,Late-Cycle,0.10898276463668172,0.661462929134546,0.22925413011727783,1.3451242356933446e-05,0.0002867248689861496
2012-08-10,2,Transitional,0.27113227906435583,0.23385043251624923,0.4949726890509488,3.752221134196154e-07,4.422414663811478e-05
2012-08-13,0,Risk-On,0.49029592474089134,0.3107645910523891,0.19892991223079654,1.3138788864262692e-08,9.558837066123007e-06
2012-08-14,1,Late-Cycle,0.24197446514437243,0.4937105446630925,0.2643141411148902,1.4590219797988083e-09,8.476193640738759e-07
2012-08-16,2,Transitional,0.2976142515456031,0.3246922181169129,0.3776905230031099,1.4145443304575235e-10,3.0071933979643435e-06
2012-08-17,0,Risk-On,0.39334918658402684,0.33717941637218307,0.2694475031151625,3.952137706346919e-10,2.389353342809575e-05
2012-08-21,1,Late-Cycle,0.30174730263047705,0.4222535410802992,0.27599828907733287,3.3162956665323445e-09,8.638957284386602e-07
2012-08-22,2,Transitional,0.30690209595088797,0.3604464509849212,0.33265079159618355,1.6237790804155083e-10,6.61306252472339e-07
2012-08-23,0,Risk-On,0.3584242910519737,0.35008570651522686,0.2914890794503796,8.722693173513863e-11,9.2289465991036e-07
2012-08-24,1,Late-Cycle,0.32173453388687484,0.3973369773315293,0.2809278907279107,1.0722091490385201e-10,5.979459564198425e-07
2012-08-27,2,Transitional,0.3107440352543712,0.3718873789290709,0.31736670563053754,6.914737598632589e-11,1.8801177556181104e-06
2012-08-29,0,Risk-On,0.34484527864443815,0.35368246475442394,0.30147111570358065,1.9202094365531617e-10,1.1407058013331333e-06
2012-08-30,1,Late-Cycle,0.3323179187430422,0.3875467603972696,0.28013360938482035,1.2446502564284977e-10,1.711350912119215e-06
2012-08-31,2,Transitional,0.3066289444316044,0.38561145073960823,0.30747232021275356,2.7657325232931906e-10,0.0002872843396166258
2012-09-03,0,Risk-On,0.32079006652702124,0.3539823725462505,0.3099472724949902,6.977401965569827e-09,0.01528028145479147
2012-09-04,1,Late-Cycle,0.32242060493747027,0.36446387470150676,0.2889546141894061,5.358109116350139e-07,0.02416037035983104
2012-09-05,2,Transitional,0.3077559643192147,0.36088127355229926,0.30381063993285584,1.5126180571408655e-06,0.02755060957749034
2012-09-06,0,Risk-On,0.3246768070756125,0.3526333596948401,0.30300282333238177,2.7243843509413457e-06,0.01968428551295914
2012-09-07,1,Late-Cycle,0.32320108558399835,0.36599891949809954,0.2932523142093492,1.8182887698978584e-06,0.017545862420192224
2012-09-10,2,Transitional,0.314697582831967,0.36506845281306843,0.3084702186726209,2.1869198821643596e-06,0.011761558762199557
2012-09-11,0,Risk-On,0.33168950363926736,0.3556106629570275,0.30758570795540424,1.6666155827043353e-06,0.005112458832296705
2012-09-12,1,Late-Cycle,0.33123494234054457,0.3750857361865693,0.2918790437209734,7.597237824900774e-07,0.0017995180282452167
2012-09-13,2,Transitional,0.3151350691033306,0.374162394261431,0.3098336301864338,3.0659050907820326e-07,0.0008685998574694194
2012-09-14,0,Risk-On,0.336366439999013,0.3547934919330693,0.3088311897507745,1.549453138733148e-07,8.723371671367852e-06
2012-09-17,1,Late-Cycle,0.3368604154627933,0.37534052791688527,0.287797223494999,5.1847092896932714e-09,1.8279405543758601e-06
2012-09-18,2,Transitional,0.3145443322999759,0.381635003181247,0.30381392864684925,4.989447915300788e-10,6.7353733470077545e-06
2012-09-20,0,Risk-On,0.32941649588808786,0.3523818230494887,0.31807875851155115,1.792289422965638e-09,0.0001229207588398381
2012-09-21,1,Late-Cycle,0.3424681994123481,0.3675114155168513,0.29001928741437744,5.5610195846404686e-08,1.0420469714407281e-06
2012-09-24,2,Transitional,0.3166912537586419,0.37562624071654477,0.30768150190571064,3.5566383697832748e-09,1.0000615878752684e-06
2012-09-25,0,Risk-On,0.336789928411104,0.3525064503473005,0.31069954375142295,6.582556575525183e-10,4.076832700595908e-06
2012-09-26,1,Late-Cycle,0.3329835939746318,0.37683826693949873,0.2901764323329398,1.989636573514411e-09,1.7047641469355357e-06
2012-09-27,2,Transitional,0.3172859567977408,0.36073111222018944,0.32197616778463833,9.545408074329293e-10,6.76224360106845e-06
2012-09-28,0,Risk-On,0.3504571133005339,0.35151441007532774,0.2980282924754423,5.2037249429279646e-09,1.7894474674355053e-07
2012-10-01,1,Late-Cycle,0.3230042460224904,0.3861932321081328,0.29080246678395216,5.864402929016069e-10,5.449831942905726e-08
2012-10-03,2,Transitional,0.32176939047065456,0.352498018931189,0.325732512949831,1.580488643766074e-10,7.748978862751014e-08
2012-10-04,0,Risk-On,0.3538266610362686,0.35797770386961214,0.2881956343107554,2.3010249726551037e-10,5.539315794748976e-10
2012-10-05,1,Late-Cycle,0.3170192632799576,0.3869949079571968,0.29598581317946987,3.788365131150251e-11,1.554505329650658e-08
2012-10-08,2,Transitional,0.3241506286615601,0.3507528579058249,0.3250961766793031,3.225705057001839e-11,3.367216791206749e-07
2012-10-09,0,Risk-On,0.3505429006929645,0.3543582789433444,0.29509861309049,5.588674083030674e-10,2.0671431389586567e-07
2012-10-10,1,Late-Cycle,0.321266280391733,0.3790700419272073,0.2996542517773542,1.1129713677787043e-10,9.425792778025687e-06
2012-10-11,2,Transitional,0.3282145106857406,0.35740296936588134,0.3143800592558934,3.996722264082725e-09,2.456694931147455e-06
2012-10-12,0,Risk-On,0.33941651817052193,0.36473991313433995,0.29584174997186474,9.180404809625502e-10,1.817805604453665e-06
2012-10-15,1,Late-Cycle,0.32375162953621633,0.37357446919618964,0.3026729608780712,4.943580482822548e-10,9.398949976829064e-07
2012-10-16,2,Transitional,0.33227614997105936,0.3644783533100735,0.30324497977011133,2.8246403168349617e-10,5.166663469848338e-07
2012-10-17,0,Risk-On,0.32926454674062294,0.37772192770726115,0.29300887914751855,1.0403035089081547e-10,4.6463000160156235e-06
2012-10-18,1,Late-Cycle,0.32005185217923465,0.3767039134714898,0.30322500618222115,8.429084387121288e-10,1.9227323861099018e-05
2012-10-19,2,Transitional,0.3268448893941173,0.36516947271989664,0.3079582809190431,3.829194980027766e-09,2.7353138502952617e-05
2012-10-22,0,Risk-On,0.3347682978332125,0.36627885073963806,0.29894175367310916,3.865657184413178e-09,1.1093888208034242e-05
2012-10-23,1,Late-Cycle,0.3266310477898342,0.3795952390791441,0.29376627816134643,3.0982145210316593e-09,7.4318723326840206e-06
2012-10-25,2,Transitional,0.3199863058331663,0.3827558803888107,0.2969912434332919,1.492446717713116e-09,0.0002665688531422494
2012-10-29,0,Risk-On,0.31445399716402267,0.36780851058632125,0.3153647759005771,2.933222622539746e-08,0.0023726870174632744
2012-10-30,1,Late-Cycle,0.3398119994940823,0.3481862806246702,0.3075039362210536,3.7968427537700417e-07,0.004497403975900261
2012-10-31,2,Transitional,0.3256096682460737,0.3941783447486919,0.27897312098196925,1.7454042063024476e-06,0.0012371206199376374
2012-11-01,0,Risk-On,0.29709083164795863,0.364529904479992,0.32924969094170564,2.2657279462113656e-07,0.009129346357296998
2012-11-02,1,Late-Cycle,0.35040050148394547,0.34063668733065156,0.30260499442301797,1.492360146943014e-06,0.006356324402694336
2012-11-05,2,Transitional,0.3183998900615042,0.3952346824359528,0.2700739112279433,4.130994089327e-07,0.016291103174307695
2012-11-06,0,Risk-On,0.2671234625553986,0.36727736217331697,0.32362992059215384,1.153104779098415e-06,0.04196810157512284
2012-11-07,1,Late-Cycle,0.15427545855279762,0.3073909901494689,0.2508338825442899,2.5704636815904843e-07,0.2874994117071897
2012-11-08,2,Transitional,0.059344898281480145,0.16234969220186166,0.2194372289300841,1.1780927887992767e-06,0.5588670024941749
2012-11-09,4,Risk-Off,0.018749869098220687,0.05940743919436271,0.07080479693471789,1.2725867457798046e-06,0.8510366221856586
2012-11-12,4,Risk-Off,0.003293720524111469,0.01805041262666151,0.03311979402940507,3.1673858026139027e-06,0.9455329054332825
2012-11-15,4,Risk-Off,0.00033066454252863334,0.0022892947814755625,0.005039486700623076,1.7703055558240146e-06,0.9923387836694159
2012-11-16,4,Risk-Off,4.240905159936431e-05,0.00019605229700638723,0.0005697573666306375,1.599299507845264e-06,0.9991901819844259
2012-11-19,4,Risk-Off,1.606534491530902e-05,3.339435866648437e-05,0.0002956119506663018,2.0664097162839156e-06,0.9996528619354372
2012-11-20,4,Risk-Off,2.534615929463973e-05,1.9101902524270175e-05,0.0006881703870515165,2.995940833576843e-06,0.9992643856099018
2012-11-21,4,Risk-Off,8.40461731172199e-05,3.263482127317472e-05,0.0007720460026323278,2.3703498917479913e-06,0.9991089026530717
2012-11-22,4,Risk-Off,0.0002476244981815153,9.500258910675968e-05,0.0010650751879249902,5.813238585296722e-06,0.998586484486316
2012-11-23,4,Risk-Off,0.0011603888835572324,0.0003312000738965389,0.009572116490145947,1.4853086991110758e-05,0.9889214414645097
2012-11-26,4,Risk-Off,0.010724712141347773,0.002019723991481483,0.059455406498495865,8.395848634476411e-05,0.9277161988830391
2012-11-27,4,Risk-Off,0.07158993635012796,0.01601095081015928,0.43830488978741583,0.000137468004910039,0.47395675504763635
2012-11-29,2,Transitional,0.42206830073461643,0.1017105023691882,0.43334554860404917,6.73776116530706e-05,0.04280827068073293
2012-11-30,0,Risk-On,0.4338621350135456,0.41183812792837515,0.15424311290386652,5.371073530938775e-06,5.125308083912735e-05
2012-12-03,1,Late-Cycle,0.20762045381326358,0.46176125381002314,0.33061804559115304,8.202539364952371e-08,1.6476069500694629e-07
2012-12-04,2,Transitional,0.3569454071007465,0.29448403714254723,0.3485693354384969,1.2465073175354314e-09,1.2190713458673001e-06
2012-12-05,0,Risk-On,0.366551778978723,0.3851506798877404,0.2482792725087297,1.9326506923535308e-10,1.8268430892893257e-05
2012-12-06,1,Late-Cycle,0.28379548712881975,0.4013270506967381,0.314854824921287,2.4135356789459536e-09,2.263483880630303e-05
2012-12-07,2,Transitional,0.34059463240510374,0.3413762354261725,0.3180243872027024,2.310039740077978e-09,4.742656852102813e-06
2012-12-10,0,Risk-On,0.3445084484440754,0.37848361207994924,0.2770032309144744,5.190686413560358e-10,4.708041646875969e-06
2012-12-11,1,Late-Cycle,0.30702548027256843,0.39318518420127335,0.29978650198171636,5.738891717925078e-10,2.832969879741041e-06
2012-12-12,2,Transitional,0.3269773061088138,0.35876129666797385,0.3142377895032057,3.393804149967173e-10,2.3607380203588322e-05
2012-12-13,0,Risk-On,0.3390745192031563,0.3705962045740972,0.2903102125937986,2.66472986903411e-09,1.906096437894933e-05
2012-12-14,1,Late-Cycle,0.31871573727466207,0.38224016950987116,0.2990224454159898,2.3165308889626424e-09,2.164548280228986e-05
2012-12-17,2,Transitional,0.32563484118688896,0.3656992085580189,0.3086030132542007,5.082301937052386e-09,6.293191816355433e-05
2012-12-18,0,Risk-On,0.3343601228395518,0.3692132281928207,0.29641996462833187,1.5435684521698576e-08,6.668903069777991e-06
2012-12-19,1,Late-Cycle,0.3254570994770414,0.37346207504486423,0.30107717197786477,2.9646164352541558e-09,3.6505349645438017e-06
2012-12-20,2,Transitional,0.32982382970954666,0.37016120248846096,0.3000115860631185,9.573580237379135e-10,3.380782261339117e-06
2012-12-21,0,Risk-On,0.32673490335160305,0.3725452192173535,0.3006645998552171,7.240647262284216e-10,5.527685137707649e-05
2012-12-24,1,Late-Cycle,0.32728210841819005,0.3713297469178048,0.30134321082276727,8.973341721590073e-09,4.492486770164143e-05
2012-12-26,2,Transitional,0.3276241651492091,0.3703914371815954,0.3019583705736401,1.0241727267829881e-08,2.601685386776485e-05
2012-12-27,0,Risk-On,0.32967587743830673,0.3691937378418421,0.30106013193031744,5.340632474886854e-09,7.024744843090082e-05
2012-12-28,1,Late-Cycle,0.3264737612158995,0.37604453376510716,0.29724821113844574,1.2566392037212524e-08,0.00023348131437987796
2012-12-31,2,Transitional,0.3214987697981773,0.3703381141396766,0.30733185117096046,5.882553671706997e-08,0.0008312060657604764
2013-01-02,0,Risk-On,0.33155391706256226,0.36756619041826544,0.30054747172655816,1.3436767372396587e-07,0.00033228642543407246
2013-01-03,1,Late-Cycle,0.32571394731962244,0.3745281994567983,0.2994719835407027,5.5318621789907803e-08,0.0002858143643490199
2013-01-04,2,Transitional,0.325429717163682,0.3702354949818835,0.30369850165130424,4.566989597843656e-08,0.0006362405335377649
2013-01-07,0,Risk-On,0.3269697755337036,0.37228660297081917,0.29939966460975215,7.165559313777153e-08,0.001343885230046206
2013-01-08,1,Late-Cycle,0.3214880669489745,0.37010949679876676,0.3048863750746372,1.1670698823756127e-07,0.003515944470415409
2013-01-09,2,Transitional,0.32741623694197913,0.3654240297228376,0.3016387398097598,2.9940232877059285e-07,0.0055206941226696995
2013-01-10,0,Risk-On,0.3221297451938533,0.37346540415000906,0.29743540502373195,8.379957222494165e-07,0.006968607637351294
2013-01-11,1,Late-Cycle,0.31943759962680374,0.36646904960655585,0.30830065818804125,1.1454286084701254e-06,0.005791547149943024
2013-01-14,2,Transitional,0.3319158947862398,0.36246569598444384,0.30341832467822666,1.3869349469273917e-06,0.002198697615651999
2013-01-15,0,Risk-On,0.32896281362113455,0.3764289911548482,0.29416041655998626,5.04249988695692e-07,0.0004472744140765771
2013-01-16,1,Late-Cycle,0.31917296225688996,0.3737950500749672,0.30650269651322365,8.411365713252193e-08,0.0005292070411590933
2013-01-17,2,Transitional,0.33091945751431445,0.3631832368631283,0.3055919431998975,9.94207666008074e-08,0.00030526300190802523
2013-01-18,0,Risk-On,0.33216585248316133,0.3729604424095693,0.29449220622628797,7.172361671199153e-08,0.00038142715726646617
2013-01-21,1,Late-Cycle,0.31822606239680334,0.3817893489909734,0.29947820351133153,1.0761155435339997e-07,0.0005062774899333158
2013-01-22,2,Transitional,0.3234643002152482,0.3614900975570628,0.31456650077204656,8.862296007853415e-08,0.0004790128325147643
2013-01-23,0,Risk-On,0.3414978678533283,0.36517880491783505,0.29326886740905916,6.7817027514497e-08,5.439200262247546e-05
2013-01-24,1,Late-Cycle,0.31991025275927215,0.3879849434990447,0.29201359184395126,9.617512374996897e-09,9.120228077502598e-05
2013-01-25,2,Transitional,0.31618459610558886,0.36581486491437215,0.317779145028455,1.5805374152643303e-08,0.00022137814627089174
2013-01-28,0,Risk-On,0.34577233985424244,0.35558703010051024,0.298309523076011,2.3976681601071607e-08,0.0003310829923010185
2013-01-29,1,Late-Cycle,0.3169103279138012,0.39525556583725846,0.27582270408383275,1.0158789344472955e-08,0.012011392006495829
2013-01-30,2,Transitional,0.22734451621340096,0.36999073316420317,0.3061060337435309,1.9575305994968166e-07,0.09655852112578325
2013-01-31,4,Risk-Off,0.10185905060638391,0.2530000551316786,0.25456066512900755,6.2153942039114e-07,0.3905796075938693
2013-02-01,4,Risk-Off,0.036158799114521016,0.10369323168939966,0.15501582372117262,1.7778895701158153e-06,0.7051303675850592
2013-02-04,4,Risk-Off,0.01434890479224768,0.03576327471524778,0.04315144680598384,3.3915707972901097e-06,0.9067329821160545
2013-02-05,4,Risk-Off,0.005476066693596964,0.01465711610095141,0.020202907033746637,3.7883147734463198e-06,0.9596601218563995
2013-02-06,4,Risk-Off,0.0017075206555975438,0.0054747019461404995,0.007886290543390562,3.747681697162169e-06,0.9849277391726976
2013-02-07,4,Risk-Off,0.0003618856831116479,0.0015842751136113827,0.003436823441050196,3.65823652026004e-06,0.9946133575263315
2013-02-08,4,Risk-Off,7.0742562836462e-05,0.0002916196403769084,0.0008273488860065718,2.9162767490942733e-06,0.9988073726335394
2013-02-11,4,Risk-Off,1.3695377858892542e-05,5.65983837678899e-05,0.0004697074362957753,3.458137851342487e-06,0.9994565406633767
2013-02-12,4,Risk-Off,4.396410539832756e-06,1.027086674170159e-05,0.000256878849603111,5.968603592705933e-06,0.9997224852695245
2013-02-13,4,Risk-Off,2.466162785931371e-06,3.4009297299892765e-06,0.0001944694018895315,6.280506195825827e-06,0.9997933829987512
2013-02-14,4,Risk-Off,2.088376352154993e-06,2.5320588731803067e-06,0.0002812425059536316,5.723338358669891e-06,0.9997084137200855
2013-02-15,4,Risk-Off,1.8747900632207502e-06,1.7764212314905048e-06,0.00015505437706834203,9.401501429465258e-06,0.9998318929100034
2013-02-18,4,Risk-Off,3.0412701822133964e-06,1.922803356822857e-06,0.0002016595843985077,9.247035846575262e-06,0.9997841293064942
2013-02-19,4,Risk-Off,6.692818839875345e-06,4.7935337269163385e-06,0.0005304477515073434,1.1058158659567175e-05,0.9994470077377394
2013-02-20,4,Risk-Off,5.0264412582205e-06,7.361024850345036e-06,0.00038331349406621197,7.038607805705296e-06,0.9995972604318738
2013-02-21,4,Risk-Off,1.1244091467958562e-06,2.323016855145552e-06,0.00010560445075492042,3.975031309416728e-06,0.9998869730913655
2013-02-22,4,Risk-Off,5.338637228117808e-07,7.875993533611691e-07,0.00013982612477855295,3.6563743369590547e-06,0.9998551960384209
2013-02-25,4,Risk-Off,3.252528106571084e-07,4.5091856095456376e-07,0.00010855508422612576,6.568070541683863e-06,0.9998841006738531
2013-02-26,4,Risk-Off,6.4135707319122e-08,8.479400237682163e-08,2.6202631434351187e-05,6.159189853507894e-06,0.9999674892488442
2013-02-27,4,Risk-Off,4.426656875164186e-08,4.5485281033686295e-08,3.388643694088127e-05,4.157847035256165e-06,0.9999618659635214
2013-02-28,4,Risk-Off,1.5225522710974932e-08,1.343854323946138e-08,1.051833016687112e-05,1.2085605345550635e-05,0.999977367400432
2013-03-01,4,Risk-Off,5.044656180383854e-08,3.8409708398148655e-08,4.197749784548915e-05,6.509997078494112e-06,0.9999514236490357
2013-03-04,4,Risk-Off,6.100269672855975e-08,4.965923001218888e-08,3.389793200542709e-05,4.22515761033088e-06,0.9999617662485111
2013-03-05,4,Risk-Off,1.1030048307641367e-07,8.230698727240596e-08,5.476109415125132e-05,1.6499714146430646e-06,0.9999433963270993
2013-03-06,4,Risk-Off,2.7931504594851587e-07,1.5781842985514293e-07,7.190793541123128e-05,1.4972310165976862e-06,0.9999261576993314
2013-03-07,4,Risk-Off,1.8939622924504722e-06,5.782878281067461e-07,0.00014729992764062842,1.3551671525064287e-06,0.999848872655456
2013-03-08,4,Risk-Off,1.1918813692031731e-05,4.423301287713081e-06,0.0006257346180228427,2.260412037271884e-06,0.999355662854585
2013-03-11,4,Risk-Off,2.4716880964678782e-05,1.7903473738035113e-05,0.0006494482543487508,2.9471218666932897e-06,0.999304984269594
2013-03-12,4,Risk-Off,9.492451329133224e-06,2.0364000531386787e-05,0.00046187293557887864,2.660661810539091e-06,0.9995056099509898
2013-03-13,4,Risk-Off,3.787372596437882e-06,5.8074985459679105e-06,0.00015417945042507156,1.5054590624805448e-06,0.9998347202195488
2013-03-14,4,Risk-Off,3.0363868910564025e-06,3.6643727036511314e-06,0.00037480415555124675,2.0509768242869546e-06,0.9996164441073058
2013-03-15,4,Risk-Off,2.9916232326275374e-06,3.252041810348144e-06,0.00024208149376952362,1.877175831561741e-06,0.9997497976647719
2013-03-18,4,Risk-Off,9.527219712884459e-07,2.0004126503880545e-06,0.00018724974724615992,1.65546473865786e-06,0.9998081416532788
2013-03-19,4,Risk-Off,1.5599783037759922e-07,2.825662627884026e-07,4.649346187071373e-05,1.7567348773691482e-06,0.9999513112391386
2013-03-20,4,Risk-Off,2.6663927961995425e-08,3.179659473048917e-08,1.8772794477689832e-05,2.5361672246517703e-06,0.999978632577953
2013-03-21,4,Risk-Off,1.02537250559974e-08,8.316513286826723e-09,8.823196413144707e-06,3.860594202017403e-06,0.9999872976392943
2013-03-22,4,Risk-Off,2.8314184257512207e-08,2.170345814058605e-08,2.5192380591335386e-05,1.8025503542863418e-06,0.9999729550510117
2013-03-25,4,Risk-Off,2.5719032704194543e-08,2.1757803208439054e-08,1.9500728613339902e-05,2.3606415364144835e-06,0.9999780911529208
2013-03-26,4,Risk-Off,4.1649215903982324e-08,2.411868498367209e-08,2.076187269823573e-05,2.6963436467212715e-06,0.9999764760161519
2013-03-28,4,Risk-Off,3.8359513363920806e-07,1.6483080402446414e-07,0.00011926198552476257,1.5096861091673752e-06,0.9998786799026418
2013-04-01,4,Risk-Off,2.838988648986574e-06,8.997951572398314e-07,0.00014667136487107635,1.5836500611632057e-06,0.9998480062020543
2013-04-02,4,Risk-Off,6.567376257275313e-06,5.494637941742012e-06,0.0009280637199813423,3.4898795607086386e-06,0.9990563843861904
2013-04-03,4,Risk-Off,3.836888886741881e-06,5.847218817760244e-06,0.00019944927919995377,1.6489223995949998e-06,0.9997892176912808
2013-04-04,4,Risk-Off,3.269607662824344e-07,1.2877201177238e-06,8.713988009214293e-05,5.971667087999634e-06,0.9999052737724037
2013-04-05,4,Risk-Off,4.221891855828715e-08,6.337527038237833e-08,2.1265218080384335e-05,1.8786783845624524e-06,0.9999767505097852
2013-04-08,4,Risk-Off,1.4681830712447378e-08,1.4086345024041848e-08,1.299285276678853e-05,2.620143669468325e-06,0.9999843582359129
2013-04-09,4,Risk-Off,5.8743659294448515e-09,4.9587493348653736e-09,6.177220994833664e-06,6.006930056531256e-06,0.9999878050164253
2013-04-10,4,Risk-Off,5.933150422373077e-09,4.6604338853083585e-09,6.658142804577721e-06,7.194806428685312e-06,0.9999861364573579
2013-04-11,4,Risk-Off,8.747133935242101e-09,7.007688800711497e-09,9.598043758485071e-06,4.874638181344107e-06,0.9999855115633208
2013-04-12,4,Risk-Off,4.815966383046162e-09,3.800242475074359e-09,5.197384560405274e-06,7.03972820643928e-06,0.999987754270879
2013-04-15,4,Risk-Off,1.300757443227179e-08,9.515281302809932e-09,1.2388750308617861e-05,2.692399814611032e-06,0.9999848963265432
2013-04-16,4,Risk-Off,1.2923859489786042e-07,2.4686808729845906e-08,2.0708002165226737e-05,2.8489706486778233e-06,0.9999762891012154
2013-04-17,4,Risk-Off,1.5284828580562518e-05,1.3215960711575134e-06,0.00042654902591983233,8.2923527526626e-06,0.999548552196558
2013-04-18,4,Risk-Off,0.0013821857496208747,0.00011827979948695297,0.030620835885831022,8.759373512846246e-05,0.9677911048302991
2013-04-22,4,Risk-Off,0.040631519375794366,0.004635929369157182,0.34621933031922714,0.0002463258357406759,0.6082668951005693
2013-04-23,2,Transitional,0.33668787402471384,0.06567774635650758,0.46499432121677414,0.00019832924313958157,0.13244172915921182
2013-04-25,0,Risk-On,0.453562601077605,0.3353586835729797,0.19746750078666045,0.0001503684210725065,0.013460846141757023
2013-04-26,1,Late-Cycle,0.23706536350863852,0.4532716757112495,0.30791278824617957,1.6115418034081947e-05,0.0017340571157984375
2013-04-29,2,Transitional,0.333048923331267,0.3035674384017788,0.36315343565201663,3.173434681315676e-06,0.0002270291800636425
2013-04-30,0,Risk-On,0.3776785829340109,0.360258511797188,0.2619982791111052,4.325980291861839e-07,6.419355940662351e-05
2013-05-02,1,Late-Cycle,0.2938604667538901,0.3992004329710832,0.30690538342376167,1.0007566164710341e-07,3.3616775178832404e-05
2013-05-03,2,Transitional,0.3308303569412126,0.34078632824547145,0.32823467153026403,3.366003818674098e-08,0.00014860962283660303
2013-05-06,0,Risk-On,0.3469810730729102,0.3600828723028554,0.292803636934573,8.565733264325674e-08,0.00013233203173652566
2013-05-07,1,Late-Cycle,0.3212133127056935,0.37247194830007546,0.3063092265809097,1.3466383307910986e-07,5.3777492740806824e-06
2013-05-08,2,Transitional,0.3329403287644649,0.35884426015013865,0.3082148668807443,6.856645856905592e-08,4.7563747629225e-07
2013-05-09,0,Risk-On,0.3341294760091129,0.36727271021769603,0.2985974011367881,2.317367204994756e-08,3.894620631441418e-07
2013-05-10,1,Late-Cycle,0.3253139006877483,0.3652981816209721,0.30938777462177686,1.6584835969180994e-08,1.264843815742199e-07
2013-05-13,2,Transitional,0.33718627871361717,0.3567965886954526,0.3060164487741534,1.0525766892724175e-08,6.732916785341412e-07
2013-05-14,0,Risk-On,0.3297155367454526,0.37257750956389235,0.2977053815182329,1.496076629203881e-08,1.5572119080689202e-06
2013-05-15,1,Late-Cycle,0.3245515388106428,0.3565001718827146,0.3189479180741813,1.3299813702072537e-07,2.3823486420558202e-07
2013-05-16,2,Transitional,0.34184523214053547,0.35069315692887365,0.3074614625332213,1.3033041558373776e-07,1.8067170651346363e-08
2013-05-17,0,Risk-On,0.33336724721767397,0.3594176103847244,0.30721504898671975,7.874813934586194e-08,1.466267733256844e-08
2013-05-20,1,Late-Cycle,0.3362081878189394,0.3574786856750494,0.30631221231133066,1.1917909914338695e-08,9.022769004180372e-07
2013-05-21,2,Transitional,0.3336257659373114,0.37415210915385305,0.29221836426553677,3.2958093811501927e-09,3.75734818974017e-06
2013-05-22,0,Risk-On,0.3128456516474423,0.36964259609644096,0.317422108732088,1.599632364435922e-09,8.96419245933452e-05
2013-05-23,1,Late-Cycle,0.3475302369760814,0.33687404367200324,0.3125936340467964,2.090329496984538e-08,0.003002064402340958
2013-05-24,2,Transitional,0.324948623777249,0.40226960211382423,0.2676290164817332,1.156100998813253e-06,0.005151601526170975
2013-05-27,0,Risk-On,0.28179865828352857,0.34312701210242574,0.36883276405494697,3.945864671667735e-06,0.006237619694354084
2013-05-28,1,Late-Cycle,0.4078645380827706,0.298896197125113,0.28501462405252964,2.2451662872191472e-06,0.008222395573728006
2013-05-29,2,Transitional,0.22518603554554292,0.4874961902244262,0.19643118684432648,1.0985124863650298e-06,0.09088548887393276
2013-05-30,4,Risk-Off,0.03824441069223258,0.2224305167714385,0.43987233587100666,2.810191936008747e-06,0.29944992647251534
2013-05-31,4,Risk-Off,0.0036987552145595396,0.023066818506210028,0.05519137051885124,2.1875236117916883e-06,0.9180408682374246
2013-06-03,4,Risk-Off,0.00026480909592272123,0.0020160176194056337,0.0055684969612754265,5.539203094079814e-06,0.9921451371201434
2013-06-04,4,Risk-Off,8.341833738906265e-06,7.988616001320608e-05,0.00030455571228589387,5.02976076398648e-06,0.9996021865326765
2013-06-05,4,Risk-Off,2.3315525591464566e-07,1.4773920551906048e-06,4.675448146977286e-05,3.622525561715793e-06,0.9999479124449878
2013-06-06,4,Risk-Off,5.51986303500489e-08,6.939375337697562e-08,3.48538842739842e-05,3.1799869374176605e-06,0.9999618415372445
2013-06-07,4,Risk-Off,3.167800185608043e-08,2.8558237997144582e-08,2.3561967241132406e-05,4.449296971609886e-06,0.9999719284998907
2013-06-10,4,Risk-Off,1.797739493332487e-08,1.4847696251398698e-08,1.4883519105170737e-05,5.064770643179566e-06,0.9999800188847895
2013-06-11,4,Risk-Off,2.2488776292880132e-08,1.7549100530306982e-08,1.973665634421777e-05,3.3644780310771865e-06,0.9999768588280916
2013-06-12,4,Risk-Off,2.0945806673431644e-08,1.7538112987950123e-08,1.9546827456009936e-05,4.1299764603041865e-06,0.999976284712098
2013-06-13,4,Risk-Off,2.7348754574799442e-09,2.3685616615269066e-09,2.978748632909482e-06,1.4897217224293755e-05,0.9999821189301447
2013-06-14,4,Risk-Off,3.9374558742953555e-09,2.884586858883348e-09,4.684921192813728e-06,7.760323254344597e-06,0.9999875479327262
2013-06-17,4,Risk-Off,9.566500550414321e-09,6.784655633365199e-09,1.0367557229326564e-05,7.400049817798153e-06,0.9999822160424381
2013-06-18,4,Risk-Off,2.1400191920506515e-08,1.4285949766046896e-08,1.8893253829181818e-05,1.356959010848066e-05,0.9999675014702367
2013-06-19,4,Risk-Off,5.3632343168612576e-08,4.5250703192638963e-08,5.100330381977072e-05,1.860081001477909e-05,0.999930297003736
2013-06-20,4,Risk-Off,1.876603149537591e-09,1.654426422374592e-09,1.7381004908156455e-06,5.1253699671843716e-05,0.9999470046696356
2013-06-21,4,Risk-Off,5.049770634832408e-09,3.6239084436812182e-09,6.1918114567276926e-06,1.5599936584736542e-05,0.9999781995786905
2013-06-24,4,Risk-Off,4.462719609553161e-09,3.2333223927719756e-09,5.807357988136802e-06,6.254201875120141e-05,0.9999316429265994
2013-06-25,4,Risk-Off,1.0984912912454145e-09,8.278463992219409e-10,1.5455096086609796e-06,0.00012959403294504374,0.9998688585306571
2013-06-26,4,Risk-Off,8.405297746382221e-10,6.030356466412589e-10,1.3022066040870653e-06,0.0001757895708488103,0.9998229067782474
2013-06-27,4,Risk-Off,1.4316052185299607e-09,1.0261614054299115e-09,2.0401122118244753e-06,0.00011281182491119339,0.9998851456045276
2013-06-28,4,Risk-Off,5.316817271452599e-09,2.5873432231085205e-09,4.776130247633763e-06,5.9096538064598774e-05,0.9999361194272745
2013-07-01,4,Risk-Off,1.226986312726795e-07,7.29852807926988e-08,0.00010437686436573723,2.3415270185494e-05,0.9998720121823256
2013-07-02,4,Risk-Off,1.0847445089649094e-07,1.0079627905619065e-07,5.030864468684735e-05,3.0016234474771845e-05,0.9999194658501163
2013-07-03,4,Risk-Off,3.3141020765004356e-08,2.66620523260055e-08,1.9265393523300347e-05,0.00018018189150674908,0.9998004929119675
2013-07-04,4,Risk-Off,1.2031802614127646e-07,5.866777299215424e-08,6.0097665137568156e-05,0.0011838557072763004,0.9987558676424799
2013-07-05,4,Risk-Off,3.7366649284375516e-07,2.6305862873814186e-07,0.0001849943429802572,0.006364343910830647,0.993450025021763
2013-07-08,4,Risk-Off,8.593179761575524e-07,2.49372391934829e-07,5.49620243926327e-05,0.02057197281290517,0.9793719564731744
2013-07-09,4,Risk-Off,1.6817387505908538e-05,2.0054172016851645e-06,0.00046219425837501775,0.08787047022862833,0.9116485127087488
2013-07-10,4,Risk-Off,0.0004252887316292204,5.293275515475587e-05,0.004564851347999492,0.2612524710910645,0.7337044560734195
2013-07-11,3,Post-Shock,0.006048973992871082,0.0008267289010180425,0.05912830040228325,0.7101584368121968,0.2238375598917607
2013-07-12,3,Post-Shock,0.05632113005344894,0.010245804286167105,0.06161152466816356,0.8559880103675711,0.015833530624085133
2013-07-15,3,Post-Shock,0.06042191118123039,0.05259177046826744,0.04219126377364033,0.8370730796669833,0.007721974910183022
2013-07-16,3,Post-Shock,0.04584347798372474,0.06011652601153668,0.06353065551990188,0.8189849225345647,0.01152441795087852
2013-07-17,3,Post-Shock,0.06308516422394755,0.05511291724547613,0.10336082461651643,0.768515622767779,0.009925471146481894
2013-07-18,2,Transitional,0.10296489697888092,0.06453748985233641,0.29559965026561513,0.5340173764536863,0.002880586450285767
2013-07-19,0,Risk-On,0.2883892203196185,0.11679882009063768,0.3690596302637312,0.2256570287622528,9.530056335202399e-05
2013-07-22,1,Late-Cycle,0.35313732323342495,0.3111337876405896,0.2241535648550575,0.11152755753514672,4.776673553426129e-05
2013-07-23,2,Transitional,0.24753267233568318,0.3299983601642776,0.36465730375126376,0.05781085324381629,8.10505460787128e-07
2013-07-24,0,Risk-On,0.409437786995701,0.27412395226163394,0.2751187883008154,0.04122306447395356,9.640796701271876e-05
2013-07-25,1,Late-Cycle,0.2597810874170935,0.48577180064065767,0.21599254494518166,0.03206198588080107,0.006392581117124467
2013-07-26,2,Transitional,0.03346890981046587,0.23457254363767827,0.4587863370763549,0.011741769640650527,0.26143043983531566
2013-07-29,4,Risk-Off,0.0017845629609465992,0.01812459939190845,0.049639816602711176,0.00039093289239266744,0.9300600881528395
2013-07-30,4,Risk-Off,4.895869861110404e-05,0.0003601386675851807,0.001031255210832753,1.2055244784275808e-05,0.9985475921782286
2013-07-31,4,Risk-Off,2.9844209823050045e-06,1.8833027856910105e-05,0.0001533327329532182,3.1079500375397324e-06,0.9998217418679778
2013-08-01,4,Risk-Off,5.278440260155862e-07,1.6358446755501323e-06,0.00015023166824557944,2.6931273595605227e-06,0.9998449115158426
2013-08-02,4,Risk-Off,1.2504573962780732e-07,1.6450527570401005e-07,3.551027171213413e-05,1.9407758686440464e-06,0.9999622594014599
2013-08-05,4,Risk-Off,9.066415414507889e-08,9.422835884141416e-08,6.124185781588727e-05,2.4447792037911753e-06,0.999936128470712
2013-08-06,4,Risk-Off,3.126458394422844e-08,3.16790746359118e-08,2.1447740299801912e-05,8.222439934364834e-06,0.9999702668756308
2013-08-07,4,Risk-Off,4.35571495291948e-09,3.647894120868624e-09,4.19848692202257e-06,1.9897998908446057e-05,0.9999758955104223
2013-08-08,4,Risk-Off,1.5380860325476892e-08,1.1834690200701362e-08,1.6746709474527998e-05,9.617868690886699e-05,0.999887047388687
2013-08-12,4,Risk-Off,9.00465556644129e-09,7.77948560932656e-09,9.004557223159442e-06,0.00036515803423022995,0.9996258206252878
2013-08-13,4,Risk-Off,6.03962277497761e-09,4.84054878149305e-09,6.633893766906055e-06,0.0018727989487651972,0.9981205562779164
2013-08-14,4,Risk-Off,2.81116810645809e-09,2.19828188603744e-09,3.132186718093553e-06,0.03076637340686669,0.969230489397442
2013-08-16,3,Post-Shock,1.2384121759218205e-12,8.626174689260742e-13,1.845046719764486e-09,0.7246785655898494,0.2753214325622192
2013-08-19,3,Post-Shock,1.0185450006029195e-14,6.821884242329241e-15,2.0047395114513078e-11,0.9980194634340198,0.0019805365462587715
2013-08-20,3,Post-Shock,1.4378247862094158e-18,7.477084266830382e-18,1.4837489415436803e-14,0.9999765831211911,2.3416878933305004e-05
2013-08-21,3,Post-Shock,5.865948734352774e-21,1.99337038634314e-18,4.290722796286461e-15,0.9999999526153271,4.738455949428912e-08
2013-08-22,3,Post-Shock,5.771949998483863e-21,2.0786604212896553e-17,4.445259473029329e-14,0.9999995436283957,4.563716558764751e-07
2013-08-23,3,Post-Shock,7.513709457010236e-21,2.2278000275658588e-17,4.650392416927704e-14,0.9999996154893609,3.8451027785347653e-07
2013-08-26,3,Post-Shock,3.2379017522754616e-21,1.0668687209375534e-17,1.800312464338203e-14,0.9999995440122023,4.559874492493544e-07
2013-08-27,3,Post-Shock,1.263510698723715e-23,2.99881056158511e-20,8.021646912343114e-17,0.999999961002687,3.899816647140908e-08
2013-08-28,3,Post-Shock,1.5763534315010286e-22,5.399292239239505e-19,1.3383425196265614e-15,0.9999999871288311,1.2870682032087207e-08
2013-08-29,3,Post-Shock,3.2129501025384965e-20,9.971574727963509e-17,2.413219369731007e-13,0.999999676634668,3.2336554070766896e-07
2013-08-30,3,Post-Shock,5.932770865008019e-19,1.5089222346145796e-15,3.127968268561477e-12,0.9999988889691654,1.1110275068800427e-06
2013-09-02,3,Post-Shock,6.382968769057965e-22,7.015678006870166e-19,1.4148162294593493e-15,0.9999989236790833,1.07632058794685e-06
2013-09-03,3,Post-Shock,6.880415317083432e-25,4.762507190564966e-22,1.5483187364096422e-18,0.9999999997471605,2.534756658427354e-10
2013-09-04,3,Post-Shock,2.3049870300507194e-24,5.562882172353774e-21,1.873807550129308e-17,0.9999999955052772,4.494551335598772e-09
2013-09-05,3,Post-Shock,4.1224012240603967e-25,8.988512767488303e-22,3.345857269372539e-18,0.9999999989595381,1.0395738419714641e-09
2013-09-06,3,Post-Shock,1.4695971280585433e-27,3.411127277105323e-24,9.719357157105702e-21,0.9999999994397513,5.597992291784575e-10
2013-09-10,3,Post-Shock,8.811606357951149e-29,1.530226238572566e-25,6.120042073190224e-22,1.0,8.343368262925483e-14
2013-09-11,3,Post-Shock,8.669367201881554e-28,1.6034067838448153e-24,6.362583082286233e-21,1.0,2.5312789294674e-13
2013-09-12,3,Post-Shock,1.9674165660687617e-27,3.660201931708274e-24,1.5240455050379312e-20,0.999999999998181,2.18118680667289e-12
2013-09-13,3,Post-Shock,2.3795394995131796e-26,4.6076666825666015e-23,1.8099488923003773e-19,0.999999999992724,7.207480858703985e-12
2013-09-16,3,Post-Shock,3.36684793168162e-26,6.561254471663996e-23,2.6651871311374497e-19,0.9999999999672582,3.215882745558235e-11
2013-09-17,3,Post-Shock,4.502632751096041e-25,1.1178901387512009e-21,2.5185231946177447e-18,0.9999999999326974,6.679383332447017e-11
2013-09-18,3,Post-Shock,1.310657442970022e-30,2.3801832824291953e-27,5.026029563789528e-24,0.999999999996362,3.0465474698359594e-12
2013-09-19,3,Post-Shock,8.708487218457812e-33,1.1149811655317948e-29,3.470644848320741e-26,1.0,4.1627880230257755e-18
2013-09-20,3,Post-Shock,2.119229217273579e-29,4.17412982461216e-26,1.3379793218097493e-22,1.0,1.2424500473622056e-17
2013-09-23,3,Post-Shock,2.071258789428733e-27,4.281331016649955e-24,1.3116023127575273e-20,1.0,7.725229839642786e-14
2013-09-24,3,Post-Shock,6.859805097035578e-27,1.4520257959135044e-23,4.281148199019918e-20,1.0,7.161400366229865e-13
2013-09-25,3,Post-Shock,3.37083966544264e-28,7.009119222562117e-25,2.0741650413488816e-21,0.999999999998181,1.1313866944708483e-12
2013-09-26,3,Post-Shock,8.642164254020026e-27,2.0459691752713348e-23,4.2591380376502724e-20,1.0,3.184677237967525e-14
2013-09-27,3,Post-Shock,2.902169520798339e-23,6.412178428594763e-20,1.369564294261413e-16,1.0,1.64889004717097e-13
2013-09-30,3,Post-Shock,4.862258719970178e-22,1.0873812317255063e-18,2.1937940026530033e-15,0.9999999996416591,3.583626791338384e-10
2013-10-01,3,Post-Shock,3.7426877725845755e-22,3.3302022798524973e-19,6.556246238390299e-16,0.9999999994997779,5.00039649521749e-10
2013-10-03,3,Post-Shock,8.243218679552761e-22,6.497520156748903e-20,4.912511783217026e-17,0.9999999999308784,6.899374422594229e-11
2013-10-04,3,Post-Shock,3.934696069684997e-17,5.495840836616992e-15,2.185640148350178e-12,0.999999999990905,6.2068307946339854e-12
2013-10-07,3,Post-Shock,2.059058655400533e-12,2.935408404126727e-11,9.641643529218096e-09,0.9999999894589564,8.672530960603791e-10
2013-10-08,3,Post-Shock,8.836845389659288e-09,2.1764259761810834e-08,6.158830861569794e-06,0.9999937709429388,3.962574890312467e-08
2013-10-09,3,Post-Shock,5.696543536016693e-06,1.0332825918602795e-06,0.00019141912210100942,0.9997993610958603,2.48995623198257e-06
2013-10-10,3,Post-Shock,0.0001713429131178662,5.5189715731613174e-05,0.00801098838701975,0.9909917733400934,0.0007707056443447639
2013-10-11,3,Post-Shock,0.007305616463469222,0.0009041508896000779,0.018360726545590123,0.9726970189567041,0.0007324871450261745
2013-10-14,3,Post-Shock,0.017353472376433456,0.007719222466147451,0.03448082492765257,0.9402842952202898,0.0001621850092787639
2013-10-15,3,Post-Shock,0.033384830451267465,0.018270360844683,0.03146865188116958,0.9167211955612719,0.0001549612619105357
2013-10-17,3,Post-Shock,0.031764117977662105,0.03356665089849483,0.036446287792365334,0.8978873204863771,0.00033562284461090513
2013-10-18,3,Post-Shock,0.037602518434336145,0.0333033614471008,0.05889750376684013,0.8701259903137997,7.062603858931243e-05
2013-10-21,3,Post-Shock,0.05930226127238319,0.03967250727650232,0.14849969499388976,0.7511729505990953,0.001352585857921036
2013-10-22,2,Transitional,0.13953373181369527,0.07092852735743001,0.5377238689683619,0.21829239448351886,0.033521477376186555
2013-10-23,0,Risk-On,0.5068486358662446,0.17059729720282565,0.2742792679010729,0.03183563267187703,0.016439166357616376
2013-10-24,1,Late-Cycle,0.2987642676541577,0.47977752753196884,0.21986422111173695,0.0012047853825035333,0.00038919831882693577
2013-10-25,2,Transitional,0.2573472641529043,0.35725143919616775,0.3852015181740678,6.883180810795466e-05,0.00013094666794342808
2013-10-28,0,Risk-On,0.39771452124573253,0.30449603896607313,0.2976709096556762,3.1460385242953426e-06,0.00011538409333853802
2013-10-29,1,Late-Cycle,0.32599909745087857,0.4120192300489301,0.2619813238113379,2.6410178420524916e-07,8.458734126774426e-08
2013-10-30,2,Transitional,0.29694307693032646,0.37236057545456064,0.3306961897582408,2.5351404286980172e-08,1.3250631227648098e-07
2013-10-31,0,Risk-On,0.35067465575672124,0.3387387473903559,0.31058658715900156,4.654761315185112e-09,5.039704734648967e-09
2013-11-01,1,Late-Cycle,0.3450409514709592,0.3651706834775575,0.28978834365130873,4.77697668481037e-10,2.092166877889298e-08
2013-11-05,2,Transitional,0.3198377913456514,0.39521524341600184,0.28494685255284774,1.5521199399619755e-11,1.1267070168102176e-07
2013-11-06,0,Risk-On,0.3109211296075839,0.36448240983072516,0.32459640871272893,1.626145195964414e-11,5.183205540832151e-08
2013-11-07,1,Late-Cycle,0.363357873958727,0.3457804799304168,0.290861593931685,7.362566149292164e-12,5.21724241471341e-08
2013-11-08,2,Transitional,0.31611391585330784,0.4315410538784123,0.25234499983274483,1.8122138311455057e-11,3.041652051659711e-08
2013-11-11,0,Risk-On,0.27316962270161343,0.3630939273994941,0.35466237060405287,2.573505480950173e-12,0.009074079293047817
2013-11-12,1,Late-Cycle,0.30949399727103516,0.31569802192483676,0.28155017318238335,1.216739232875128e-07,0.09325768594809307
2013-11-13,2,Transitional,0.2812386620286998,0.3362954649858929,0.2712181271932138,9.808453460265231e-06,0.1112379373389151
2013-11-14,0,Risk-On,0.29330539315291687,0.3136587990760403,0.3781151221963598,7.45341625372168e-05,0.014846151412785799
2013-11-18,1,Late-Cycle,0.3943144125532748,0.33520753147250054,0.27046182230004634,1.5077834969328521e-05,1.1558386027653466e-06
2013-11-19,2,Transitional,0.3032679287760755,0.42922716844622266,0.2675030497486309,1.5259589568364633e-06,3.2707057301499136e-07
2013-11-20,0,Risk-On,0.2920635714711906,0.36406478307371987,0.3416573643766674,6.759457214073532e-07,0.0022136051328781746
2013-11-21,1,Late-Cycle,0.35120075712657445,0.33282584121506914,0.31425128802713564,4.27197884723169e-05,0.00167939384252802
2013-11-22,2,Transitional,0.33576310290306993,0.37282951478208404,0.2911195704505258,6.461064570904357e-05,0.00022320121810281133
2013-11-25,0,Risk-On,0.3118909831485847,0.38639051654116,0.30127667395942503,4.011386858514364e-05,0.00040171248192389183
2013-11-26,1,Late-Cycle,0.31120738372266277,0.3461587477258523,0.33795336037695317,2.527452258613686e-05,0.00465523365151058
2013-11-27,2,Transitional,0.359610399330202,0.327613958001773,0.30932497924080743,2.8197422759478234e-05,0.003422466004525714
2013-11-28,0,Risk-On,0.3274201594663987,0.4019850740640281,0.2705467478868642,2.7480730934977544e-05,2.053785181749925e-05
2013-11-29,1,Late-Cycle,0.2922183801878811,0.36244047922648526,0.3417172968801571,8.848376351112352e-06,0.003614995328300877
2013-12-02,2,Transitional,0.3569752898902355,0.32857915790378706,0.31224097383359034,1.1475447791810347e-05,0.002193102924316066
2013-12-03,0,Risk-On,0.3333743462165606,0.3822261088821114,0.284004779462115,2.082311595258627e-05,0.0003739423226467764
2013-12-04,1,Late-Cycle,0.3045219041587066,0.37642776650368887,0.318996733043672,1.5235529897296968e-05,3.836076360982646e-05
2013-12-05,2,Transitional,0.338244037123102,0.3421982899051995,0.31875078987041866,3.7951134582298053e-06,0.0008030879887195753
2013-12-06,0,Risk-On,0.33632124280212056,0.36833751911040274,0.29510666605226527,1.691537515766573e-06,0.0002328804984661477
2013-12-09,1,Late-Cycle,0.3211165857852136,0.36379268708756335,0.3147027196549728,6.658840179868582e-07,0.0003873415881803839
2013-12-10,2,Transitional,0.3330628226457622,0.35690731184793073,0.30848890813927704,8.946363423945147e-07,0.0015400627305929683
2013-12-11,0,Risk-On,0.3273667101976632,0.3556879625493903,0.3138136879904862,6.184846367228177e-06,0.003125454416974617
2013-12-12,1,Late-Cycle,0.33086949496194296,0.3626219256247044,0.286082137116771,2.386993411081137e-06,0.02042405530390616
2013-12-13,2,Transitional,0.23983374047659198,0.3782063238732833,0.29475971665562656,2.6558369919098003e-06,0.0871975631572685
2013-12-16,4,Risk-Off,0.14513482534261002,0.23856571439340454,0.3160258663124815,3.0250765275750512e-06,0.3002705688756748
2013-12-17,4,Risk-Off,0.12101752590965033,0.1519862605093478,0.13861249750601454,5.260143549255942e-06,0.5883784559318029
2013-12-18,4,Risk-Off,0.13239484450456526,0.13466066184625927,0.13760024565422949,4.568371071149164e-05,0.5952985642835036
2013-12-19,4,Risk-Off,0.14566548995066758,0.14531571616327943,0.20719701098512158,0.0002597429571719268,0.5015620399440649
2013-12-20,2,Transitional,0.22424743879492542,0.16668243662412907,0.5698401298832118,0.00027269084089418563,0.038957303857692395
2013-12-23,0,Risk-On,0.5554062391261791,0.25541546803747,0.1859981182417039,5.1806470454637735e-05,0.003128368124767175
2013-12-24,1,Late-Cycle,0.22690301625648357,0.5400988827851687,0.2322636463088812,2.691266196584254e-06,0.000731763383921262
2013-12-26,2,Transitional,0.2599414569510574,0.30968264671226237,0.4301463137388135,2.6186814941425137e-07,0.00022932073044078252
2013-12-27,0,Risk-On,0.44749320002705356,0.2843958504068661,0.2681104474163763,2.5318614368549484e-08,4.768313041935209e-07
2013-12-30,1,Late-Cycle,0.3120571766507721,0.4802065092660629,0.20770348279037582,1.0475676931998632e-09,3.283024539125531e-05
2013-12-31,2,Transitional,0.21153157241550508,0.3993917558325239,0.3875427172321184,9.66868442417749e-09,0.0015339448518038293
2014-01-02,4,Risk-Off,0.16082560004006333,0.21836766183590253,0.2957120390635592,5.96256913657799e-09,0.32509469309839545
2014-01-03,4,Risk-Off,0.21669322937211924,0.16715163984159473,0.14748128188138668,1.2514660593616528e-06,0.4686725974392912
2014-01-06,4,Risk-Off,0.11603423886007695,0.2665150049274503,0.11116592523663071,9.348752241356888e-06,0.5062754822227483
2014-01-07,4,Risk-Off,0.014894003693896108,0.11533850861963296,0.23828016533807034,1.2119701043571888e-05,0.6314752026479886
2014-01-08,4,Risk-Off,0.0010626268840381416,0.0073676341428892955,0.017278212330279815,1.0773385263357717e-06,0.9742904493047599
2014-01-09,4,Risk-Off,0.00032107552537639407,0.0006104968178780502,0.0011740096739777423,1.9740505748547612e-06,0.997892443932586
2014-01-10,4,Risk-Off,0.00033820642285169324,0.0003353673171313905,0.0011084997253855452,3.674595325717122e-06,0.9982142519384724
2014-01-13,4,Risk-Off,0.0012846364897953183,0.00046030308749118423,0.01219283903370558,1.5921170018021646e-05,0.9860463002181425
2014-01-14,4,Risk-Off,0.014441633267019749,0.0023167700434878397,0.08952930358951625,7.858593658837437e-05,0.8936337071626347
2014-01-15,4,Risk-Off,0.09642079289825574,0.02191500379318358,0.3090874456037558,0.00011763816582536443,0.5724591195387454
2014-01-16,4,Risk-Off,0.287154075913606,0.11712469352195135,0.18552987522593256,0.00010378423957165653,0.41008757109878957
2014-01-17,4,Risk-Off,0.2053618294671213,0.26370163624283244,0.1706075949678914,1.7859723971495935e-05,0.36031107959780134
2014-01-20,4,Risk-Off,0.18847159186093537,0.2635327676217632,0.21027892819759397,1.683574493180934e-05,0.3376998765744232
2014-01-21,4,Risk-Off,0.20353248310414243,0.22162937459383072,0.2786081435399602,1.1249219073054475e-05,0.2962187495428133
2014-01-22,4,Risk-Off,0.30636899306505755,0.18986799182215833,0.2098240003273319,4.684354089301449e-06,0.2939343304311725
2014-01-23,4,Risk-Off,0.17806508055180445,0.3948292991265813,0.0749535545269256,4.598836393861086e-06,0.3521474669580521
2014-01-24,4,Risk-Off,0.02813577873239039,0.1930919955653229,0.38823779726092444,1.5046805219726526e-05,0.3905193816363244
2014-01-27,4,Risk-Off,0.0012756601092759703,0.013561669681529116,0.03306474391904314,1.0258316595488203e-06,0.9520969004587351
2014-01-28,4,Risk-Off,5.34416300316426e-05,0.0003711271844911098,0.0010092662796249553,1.3721360307118285e-06,0.998564792770192
2014-01-29,4,Risk-Off,3.0464546267440976e-06,2.534461014099042e-05,0.00021478122834210455,2.2381933989597082e-06,0.9997545895141049
2014-01-30,4,Risk-Off,3.1256125890281187e-07,8.841780439954228e-07,5.824799880391013e-05,2.1090401870328033e-06,0.9999384462217108
2014-01-31,4,Risk-Off,1.9194611557189575e-07,2.5046800964154823e-07,9.327796033896466e-05,2.6117363647137867e-06,0.9999036678891509
2014-02-03,4,Risk-Off,1.019563589378325e-07,8.776259519360687e-08,3.0368898082381172e-05,1.755144932330345e-06,0.9999676862371925
2014-02-04,4,Risk-Off,3.077093873327454e-07,1.7493080921423193e-07,0.00010613521537789413,2.257986200897394e-06,0.9998911241575574
2014-02-05,4,Risk-Off,1.234033200502545e-06,6.113052362532177e-07,0.00014941731884888574,1.8655596610809866e-06,0.9998468717823275
2014-02-06,4,Risk-Off,1.965858001544851e-06,1.9544685673299715e-06,0.00040376708377277113,3.861475665885482e-06,0.9995884511145627
2014-02-07,4,Risk-Off,1.5252868350494591e-06,1.3936870465625054e-06,0.00010447293593575816,1.3797629173882523e-06,0.9998912283270192
2014-02-10,4,Risk-Off,2.004042999230483e-06,1.3868698519067738e-06,0.0001569436886559916,1.827165244094585e-06,0.9998378382335277
2014-02-11,4,Risk-Off,3.212135167811766e-06,3.580982087778798e-06,0.0007137340938368889,1.2668215835785237e-05,0.9992668045723004
2014-02-12,4,Risk-Off,9.64174802924663e-07,1.8359557090173545e-06,9.312103869897715e-05,1.5471678298849903e-06,0.9999025316638487
2014-02-13,4,Risk-Off,3.298381881284904e-08,8.338600960123842e-08,1.5748271974795894e-05,2.781862594102628e-06,0.9999813534951938
2014-02-14,4,Risk-Off,3.9268420033502025e-08,2.3777927528535923e-08,2.009876276858046e-05,2.1359555147139757e-06,0.999977702236117
2014-02-18,4,Risk-Off,2.7814089994932933e-07,1.6349763198374572e-07,0.00012125962667608204,1.417929461863977e-06,0.9998768808055205
2014-02-19,4,Risk-Off,4.0063670597714036e-07,4.2621722502952445e-07,0.00013293517960132664,1.664620249177716e-06,0.9998645733463856
2014-02-20,4,Risk-Off,1.9457238580393702e-07,1.495161352166739e-07,3.4542921905963044e-05,3.5934266333851447e-06,0.9999615195629926
2014-02-21,4,Risk-Off,3.2424251397512173e-06,4.2066880530568157e-07,0.00012452942563234644,2.063315127894477e-06,0.9998697441645049
2014-02-24,4,Risk-Off,0.00013973732034831812,1.4792726626772037e-05,0.002486412107804661,1.4754923521379116e-05,0.9973443029211405
2014-02-25,4,Risk-Off,0.005696748564341942,0.0005724251034972181,0.09937693929975254,8.889619207171023e-05,0.8942649908408628
2014-02-26,4,Risk-Off,0.11039753725820817,0.014580016046938883,0.4754589585579582,0.0001535354431437815,0.3994099526939059
2014-02-28,2,Transitional,0.4549352596765235,0.14055125267524987,0.3767804547740746,5.51055383801575e-05,0.027677927336417663
2014-03-03,0,Risk-On,0.38296306395581753,0.44077877182890446,0.16775771158007038,5.442831743810436e-06,0.008495009802854536
2014-03-04,1,Late-Cycle,0.21587575348924548,0.4182733287910924,0.3656275682548213,1.1262464502455138e-06,0.00022222321819117885
2014-03-05,2,Transitional,0.38494506560443625,0.2898954667456905,0.3251093727135884,5.63289218733777e-08,5.003860664766158e-05
2014-03-06,0,Risk-On,0.34456839835357195,0.40783776898215396,0.24758942642635237,2.9467360961062062e-08,4.376769740977119e-06
2014-03-07,1,Late-Cycle,0.2854183398367023,0.38067520876555444,0.3339063065833756,5.673116157187214e-09,1.3914174416899344e-07
2014-03-10,2,Transitional,0.3581963908653941,0.33450223911402904,0.30730082878632137,8.619240864680435e-10,5.403715528019083e-07
2014-03-11,0,Risk-On,0.3324056886479459,0.38715896646204145,0.28043412341469376,6.948292624395014e-10,1.2207811146533084e-06
2014-03-12,1,Late-Cycle,0.3121754783052665,0.3712360261762636,0.31658724820085643,5.754770959788028e-10,1.2467427300481054e-06
2014-03-13,2,Transitional,0.34212995754534037,0.35508956376029355,0.30277773068852265,8.279668295211956e-10,2.747178250749023e-06
2014-03-14,0,Risk-On,0.32938328507164233,0.3774171726702808,0.2931972315991703,1.4507968321274818e-09,2.3092090030799625e-06
2014-03-18,1,Late-Cycle,0.3216893956107373,0.36736344917414926,0.3109449472738144,1.0404478882634825e-09,2.206899953688988e-06
2014-03-19,2,Transitional,0.33875772485605304,0.36036697823851765,0.30087494742759946,2.399357777451587e-09,3.470777752834102e-07
2014-03-20,0,Risk-On,0.32846148162027006,0.37637147958394235,0.2951648890236918,5.226490727330366e-10,2.1492489194921357e-06
2014-03-21,1,Late-Cycle,0.3241161930862991,0.37211386088988035,0.3037668295658957,3.9538338590070654e-10,3.116062123610825e-06
2014-03-24,2,Transitional,0.33095704560709516,0.3662808416745784,0.30276136499969614,7.498828085948954e-10,7.469685639077463e-07
2014-03-25,0,Risk-On,0.33210749034307513,0.3676002376735237,0.300292129865583,3.2205001138824893e-10,1.417952010868973e-07
2014-03-26,1,Late-Cycle,0.33061068587807624,0.3719608608856751,0.2974266190386384,9.919474475181358e-11,1.834099297170452e-06
2014-03-27,2,Transitional,0.32341069242840836,0.3769980609338289,0.29958949776372135,1.1519360401080432e-09,1.7477217870670053e-06
2014-03-28,0,Risk-On,0.3273483734745133,0.3599050478707298,0.31274627113058,6.85017636102632e-10,3.068393206102947e-07
2014-03-31,1,Late-Cycle,0.34524987575947624,0.36335033663607974,0.2913997404311148,8.193772899855131e-11,4.709068023002044e-08
2014-04-01,2,Transitional,0.32174306163524863,0.3947163215212999,0.2835406158592145,1.2104497699249011e-11,9.714167030457825e-10
2014-04-02,0,Risk-On,0.31940732886482753,0.36880686668026175,0.31178580055408234,9.79362803764632e-13,3.899481158877556e-09
2014-04-03,1,Late-Cycle,0.33974612209424404,0.368154599181776,0.29209927240582795,7.377437781247264e-13,6.317196820551273e-09
2014-04-04,2,Transitional,0.32741473453024383,0.38087309012882836,0.2917121281360008,7.663449053481073e-13,4.720368865107538e-08
2014-04-07,0,Risk-On,0.3219697327563545,0.38567005485938355,0.2923601800067958,5.634273765984952e-12,3.2372539353369655e-08
2014-04-09,1,Late-Cycle,0.32302291632496355,0.37109824744803505,0.30587719657695606,4.1486755171583895e-12,1.6396454497555288e-06
2014-04-10,2,Transitional,0.3334759620570053,0.37166125944239153,0.29486225595576054,1.9483100458568554e-10,5.223494638556954e-07
2014-04-11,0,Risk-On,0.32647113276488443,0.379149790824144,0.2943781791666742,6.864017842969574e-11,8.971747539964197e-07
2014-04-15,1,Late-Cycle,0.3226681337970296,0.3795889776017783,0.29764346673554926,1.9772619084078767e-10,9.942166783996205e-05
2014-04-16,2,Transitional,0.3180306734115638,0.3700607483852731,0.31170401210810583,2.0744267737206645e-08,0.00020454534998415232
2014-04-17,0,Risk-On,0.34228854202836206,0.3511728443819428,0.3064873277056876,3.574410599262578e-08,5.1250140789845784e-05
2014-04-21,1,Late-Cycle,0.3337024605890485,0.3955813650497404,0.2707161489498921,6.518773455354408e-09,1.8891823973140395e-08
2014-04-22,2,Transitional,0.30394699784490986,0.38177067311730234,0.31428179061948985,8.872231596762443e-11,5.383300426494686e-07
2014-04-23,0,Risk-On,0.34315317621451363,0.35542719789544236,0.30141917636987364,6.639655797762197e-11,4.4945326994614003e-07
2014-04-25,1,Late-Cycle,0.32931769900313745,0.38611838456508446,0.2845057511406552,1.3660423977859616e-10,5.8165154305265874e-05
2014-04-28,2,Transitional,0.308084729790945,0.37865894288163227,0.3129909445800674,1.0867213906129049e-08,0.00026537187943702855
2014-04-29,0,Risk-On,0.3393955106371813,0.3465750857415645,0.3138340537364048,3.427268991251371e-08,0.0001953156118671169
2014-04-30,1,Late-Cycle,0.3407384118139591,0.3862587037159282,0.27300190373345234,3.159950234480169e-08,9.491367494835362e-07
2014-05-02,2,Transitional,0.30200869882865444,0.39582989816794806,0.3021572551567063,1.063082044086778e-09,4.146784462109561e-06
2014-05-05,0,Risk-On,0.32681085788305075,0.35461406923327454,0.31854201037967733,1.0689779502944283e-09,3.3061434196594485e-05
2014-05-06,1,Late-Cycle,0.3435158202322164,0.3715276385401919,0.28494017434053986,8.486614898602548e-09,1.6358399723030373e-05
2014-05-07,2,Transitional,0.31060873028982955,0.39510645621089374,0.29428010703965857,9.815279655694506e-09,4.6966450421636906e-06
2014-05-08,0,Risk-On,0.31914297329082897,0.36382936620278056,0.31702089890520646,3.644899852533161e-09,6.757955660618724e-06
2014-05-09,1,Late-Cycle,0.3421871376722251,0.36886803817856334,0.2889447460506537,2.2734743161711028e-09,7.582517460692028e-08
2014-05-12,2,Transitional,0.3199831793315438,0.3891110084674104,0.2909058075399602,1.8278682161690408e-10,4.477914035178998e-09
2014-05-13,0,Risk-On,0.32015062735663513,0.3686032565585466,0.3112458744068973,1.8657014950681607e-11,2.41659203654011e-07
2014-05-14,1,Late-Cycle,0.3322930536560861,0.3549233563248126,0.3127425090905864,1.1208352717737743e-10,4.108081599389707e-05
2014-05-15,2,Transitional,0.3409585559064172,0.35770296165992604,0.301320713163668,1.6935775786872185e-08,1.7752333771674438e-05
2014-05-16,0,Risk-On,0.3264369442704959,0.3826560397923938,0.2909069693969407,1.1816662420756935e-08,3.472282997737324e-08
2014-05-19,1,Late-Cycle,0.32109310977800126,0.35838917334442993,0.32051766539095244,1.315051732271975e-09,5.0171403892653823e-08
2014-05-20,2,Transitional,0.34909089834026746,0.35670045332438816,0.294208647661375,2.5058299931600627e-10,4.2266846574464596e-10
2014-05-21,0,Risk-On,0.32698701135410785,0.3852885351982658,0.2877244464725733,1.3247674893504288e-11,6.961707261026334e-09
2014-05-22,1,Late-Cycle,0.31723756523901586,0.3757886770444334,0.306973742924996,3.3947078437338816e-12,1.4787381688128093e-08
2014-05-23,2,Transitional,0.33570819728418094,0.35536325561892096,0.30892852334105203,1.075345229512106e-11,2.3744236787914584e-08
2014-05-26,0,Risk-On,0.33728811805430736,0.370008341915205,0.29270348918088346,1.492059342476429e-11,5.083520858286274e-08
2014-05-27,1,Late-Cycle,0.32114024916062633,0.37418702415957195,0.3046726525792513,3.580983170533961e-11,7.406561577652785e-08
2014-05-28,2,Transitional,0.3326486933648483,0.355215346648168,0.3121358872718078,7.232993335114868e-11,7.264326867337898e-08
2014-05-29,0,Risk-On,0.3409973325265462,0.3649464441021377,0.29405618660627125,1.6557837305265322e-10,3.659994500559746e-08
2014-05-30,1,Late-Cycle,0.3225924672684093,0.3785331047572301,0.2988743612324916,7.203950126172187e-10,6.602204176242206e-08
2014-06-02,2,Transitional,0.32534026989089165,0.3567365177243031,0.3179232016885885,9.729669357100698e-09,9.656672369920333e-10
2014-06-03,0,Risk-On,0.34991259116890383,0.34995593016959076,0.30013146862579326,9.788559657152421e-09,2.4657300217385235e-10
2014-06-04,1,Late-Cycle,0.3283696817302472,0.38804027380823386,0.2835900342419787,9.721945136046635e-09,4.980994705753325e-10
2014-06-05,2,Transitional,0.30924755329000125,0.35883773375095873,0.33191470234657555,9.829949506111265e-09,7.830636935391487e-10
2014-06-06,0,Risk-On,0.3590951112038219,0.3258224551602408,0.3150824239876673,9.632188941039245e-09,1.6916289585264067e-11
2014-06-09,1,Late-Cycle,0.3422576289780385,0.3807106979390523,0.27703166900390397,4.064667989566127e-09,1.3566445200783315e-11
2014-06-10,2,Transitional,0.3159273783992078,0.3760944289540743,0.3079781849982229,2.966577336820365e-10,7.352598273085963e-09
2014-06-11,0,Risk-On,0.33350574427809393,0.37045029037552496,0.29604395437774894,1.034189611173476e-11,1.0957665953035356e-08
2014-06-12,1,Late-Cycle,0.3285902361946646,0.3664887660086108,0.30492057890527996,3.611758789946407e-12,4.1888862454417573e-07
2014-06-13,2,Transitional,0.33303323997194767,0.37550504565048043,0.2914614738821577,7.037150748490885e-11,2.404246373724122e-07
2014-06-16,0,Risk-On,0.3193188685962139,0.37389658014224647,0.3067787606338712,3.354420394949753e-11,5.790594223429256e-06
2014-06-17,1,Late-Cycle,0.3353474626905889,0.3609204055576977,0.30372605878516956,9.3179808945626e-10,6.072034115421372e-06
2014-06-18,2,Transitional,0.3292496283552862,0.3778076385066144,0.29294141862592693,9.225695058999682e-10,1.3135903986209845e-06
2014-06-19,0,Risk-On,0.3232974455754251,0.36953028792980597,0.3071659521946362,2.1774559097824468e-10,6.3140822621435954e-06
2014-06-20,1,Late-Cycle,0.3322873676936697,0.37048685473352705,0.297195556190916,1.1514668491501844e-09,3.022022986764086e-05
2014-06-23,2,Transitional,0.3202576907012184,0.37111071880359975,0.3085672758395867,5.3521385004077595e-09,6.430930274204008e-05
2014-06-24,0,Risk-On,0.3377619554491813,0.35851412700790347,0.30369643650715245,1.045129042581427e-08,2.747058376321907e-05
2014-06-25,1,Late-Cycle,0.32720312227375314,0.38600479359089857,0.2867906198451115,4.550970719062614e-09,1.4597384195293703e-06
2014-06-26,2,Transitional,0.3163983270682472,0.36478208537769335,0.31874085419655307,4.2005105983364067e-10,7.87329368189901e-05
2014-06-27,0,Risk-On,0.34132615449191744,0.3643096152902719,0.29435993784208614,1.0880829774078843e-08,4.281495384375e-06
2014-06-30,1,Late-Cycle,0.3234468757913981,0.37564328798909646,0.300907073523951,1.0301538804712716e-09,2.761666233779195e-06
2014-07-01,2,Transitional,0.32939105568308025,0.3667106624724452,0.3038749962167208,3.939317507311549e-10,2.3285234492012696e-05
2014-07-02,0,Risk-On,0.3281845011584944,0.37464970766799155,0.29715322985007275,3.419201081814491e-09,1.2557904960251104e-05
2014-07-03,1,Late-Cycle,0.32457928451228596,0.36439855255219605,0.31101441904310273,1.6197213440964615e-09,7.742273116735878e-06
2014-07-04,2,Transitional,0.3417688453216268,0.3664755018375255,0.29170439066619747,1.0632217505325888e-09,5.126111170511557e-05
2014-07-07,0,Risk-On,0.3118143273435884,0.39356739302766713,0.29291065965186913,3.751290237880655e-09,0.0017076162256533748
2014-07-08,1,Late-Cycle,0.29511501371747506,0.3470270801307855,0.3259759693558465,3.8618978715418244e-08,0.0318818981772598
2014-07-09,2,Transitional,0.3384646196083209,0.334445277536565,0.28662826492831095,2.270465362363641e-06,0.04045956746118286
2014-07-10,0,Risk-On,0.2936835017388585,0.3798519888299985,0.27589933656715165,3.2839606662573244e-06,0.05056188890324488
2014-07-11,1,Late-Cycle,0.2866822498793205,0.3242197745690245,0.3290005677105936,1.1599640131991009e-05,0.060085808200908516
2014-07-14,2,Transitional,0.34700731646778765,0.32273903057786074,0.3082143650279995,3.249101709534705e-05,0.02200679690975186
2014-07-15,0,Risk-On,0.32612682133801396,0.38665616632530775,0.2845120763142297,1.3128940199032676e-05,0.0026918070814339282
2014-07-16,1,Late-Cycle,0.3079149840558772,0.36262436558071626,0.3272640800755784,1.58953435045856e-06,0.0021949807527603376
2014-07-17,2,Transitional,0.3497842042702695,0.3487029134127467,0.301163328232399,5.565438866680691e-07,0.00034899754153819187
2014-07-18,0,Risk-On,0.3253014725654999,0.38998998831029563,0.2846848610889387,9.280881866295022e-08,2.3585225745144358e-05
2014-07-21,1,Late-Cycle,0.311490097829062,0.36878347513714443,0.3196309442674278,6.762653514530087e-09,9.54760028556546e-05
2014-07-22,2,Transitional,0.3434499578959666,0.353109076377838,0.30337230543346877,1.9284589278716607e-08,6.864100869904493e-05
2014-07-23,0,Risk-On,0.32834354577645825,0.37954428220065184,0.29210951976121435,1.0444170756364145e-08,2.6418180414493675e-06
2014-07-24,1,Late-Cycle,0.3252051792753898,0.37131488650458533,0.3034319776048238,7.375565712391406e-10,4.7955877135055944e-05
2014-07-25,2,Transitional,0.3209475147540962,0.3789188805408014,0.30013329085746787,6.462747541833426e-09,3.073840958102126e-07
2014-07-28,0,Risk-On,0.33858218374620724,0.3443215702113059,0.3170390367553136,1.4341487748442454e-10,5.720914291823779e-05
2014-07-30,1,Late-Cycle,0.3387912835583567,0.4065441508243543,0.2511469260117495,3.613929726042743e-09,0.003517635992496739
2014-07-31,2,Transitional,0.25063478993329086,0.3816019808193457,0.3535241376360819,1.428454911426254e-07,0.014238948766622544
2014-08-01,0,Risk-On,0.3275784505784008,0.2562710537996896,0.3108086191068566,1.9958677252359844e-07,0.10534167692800087
2014-08-04,1,Late-Cycle,0.28460671757320916,0.404319752616768,0.16044229610604835,2.9005610602066176e-06,0.15062833314223686
2014-08-05,2,Transitional,0.14159355950150304,0.3017511602391281,0.39066894176592903,1.771000761382032e-05,0.16596862848503824
2014-08-06,4,Risk-Off,0.11839480854985497,0.14375626338458047,0.15129501762273972,1.441972738584875e-06,0.5865524684694384
2014-08-07,4,Risk-Off,0.14220104813132314,0.13692762000681738,0.1233581653629574,9.593775580164663e-06,0.5975035727233287
2014-08-08,4,Risk-Off,0.12776132596665396,0.15591363229982017,0.15134430116300757,7.746148850931523e-05,0.5649032790817886
2014-08-11,4,Risk-Off,0.16523384032501123,0.14691336182287326,0.3254054271839463,8.433341561595744e-05,0.36236303725284846
2014-08-12,2,Transitional,0.3314947486746436,0.19486744445706158,0.4205692369310298,8.266972713058367e-05,0.052985900210822306
2014-08-13,0,Risk-On,0.42194052850290276,0.3508329174989331,0.2219947656661769,1.2572377800236724e-05,0.005219215954810767
2014-08-14,1,Late-Cycle,0.2598036333693393,0.43569563507271725,0.30381889737785894,1.2472635302217642e-06,0.0006805869170670767
2014-08-18,2,Transitional,0.3310888993496576,0.326579213227882,0.34219077759368544,1.2802103968580543e-07,0.00014098180782685813
2014-08-19,0,Risk-On,0.359363572390125,0.36748737120265984,0.27284432272936077,3.460425756674249e-08,0.0003046990744555756
2014-08-20,1,Late-Cycle,0.30332211712161816,0.3918727067332034,0.30431128088588005,5.223093145188125e-08,0.0004938430289064793
2014-08-21,2,Transitional,0.32758523363825204,0.3570673651306803,0.31463947710389606,8.579058810748452e-08,0.0007078383373200519
2014-08-22,0,Risk-On,0.3353677353033077,0.36441393988682924,0.2992990431594924,1.143373834913634e-07,0.0009191673137854387
2014-08-25,1,Late-Cycle,0.3273977160887771,0.37391983610265556,0.2985649462224341,1.4707855507862442e-07,0.00011735450804683876
2014-08-26,2,Transitional,0.32308260302840386,0.37896640752013794,0.29788678330338914,2.7348634143849225e-08,6.417879907771599e-05
2014-08-27,0,Risk-On,0.320916422835357,0.36697995806414835,0.3112247181777038,1.1123636992863803e-08,0.0008788897985829536
2014-08-28,1,Late-Cycle,0.33552808724868655,0.36189523095539505,0.3020831374919107,1.5675559927251719e-07,0.0004933875489688196
2014-09-01,2,Transitional,0.327487847064269,0.3787200771392996,0.2937786425214772,5.910157905282801e-08,1.3374174132537246e-05
2014-09-02,0,Risk-On,0.32304240224920233,0.3702008772612939,0.30675199167912004,2.570887577780046e-09,4.7262391928230675e-06
2014-09-03,1,Late-Cycle,0.33482664060827216,0.367940291820533,0.2972299984186707,2.325633797935798e-09,3.0668276570528526e-06
2014-09-04,2,Transitional,0.32351747109561785,0.37765234824143684,0.2988183768081032,8.318180744023381e-10,1.1803023382061802e-05
2014-09-05,0,Risk-On,0.32787066019134425,0.36442149207726354,0.3076742549787378,3.1889392205795597e-09,3.3589564495720716e-05
2014-09-08,1,Late-Cycle,0.3346373335326226,0.37642265114769596,0.28893780213864934,4.5260987476619963e-08,2.167919312195393e-06
2014-09-09,2,Transitional,0.3159517130878057,0.3807701203391483,0.3032761650678972,8.715255007655518e-09,1.992790752554417e-06
2014-09-10,0,Risk-On,0.33354609869865753,0.3598104228387497,0.30664220543857607,1.262729158673819e-09,1.2717616891238029e-06
2014-09-11,1,Late-Cycle,0.33304360665630534,0.3772337125485883,0.28971863864891584,4.821631791282868e-10,4.0416633039136065e-06
2014-09-12,2,Transitional,0.31780864507254974,0.37347340262108036,0.30870548249125535,1.2796936211644386e-09,1.2468535106092918e-05
2014-09-15,0,Risk-On,0.33816452457594254,0.3612339586282744,0.30045717580015124,5.635660322107163e-09,0.00014433536012093217
2014-09-16,1,Late-Cycle,0.3233245231812125,0.3919422355778798,0.2828860441603596,1.8253243257132517e-08,0.0018471788270093734
2014-09-17,2,Transitional,0.3000901784255507,0.3681476797881558,0.32785403855650336,2.4232802918597145e-07,0.003907860901021789
2014-09-18,0,Risk-On,0.35814771484769486,0.332192452076321,0.3047960028980931,2.174975232600338e-07,0.0048636126800427415
2014-09-19,1,Late-Cycle,0.3188674221005768,0.41778277487485,0.2474555380758554,2.108289476198021e-07,0.015894054119603148
2014-09-22,2,Transitional,0.2147331545281829,0.36356612644294384,0.3452144300216884,4.563198393780069e-07,0.07648583268814707
2014-09-23,4,Risk-Off,0.09783606726832059,0.24031242673062486,0.22343634453079356,4.00978295617803e-07,0.43841476049180544
2014-09-24,4,Risk-Off,0.031081566879975018,0.10033433248521378,0.15785928005457664,1.4830523097360032e-06,0.7107233375276006
2014-09-25,4,Risk-Off,0.008938609177875487,0.028867007792247292,0.03814522942548635,2.4390188154072903e-06,0.9240467145850559
2014-09-26,4,Risk-Off,0.002114524503637839,0.008511281273138356,0.014614110734348557,2.1566089414418386e-06,0.974757926879126
2014-09-29,4,Risk-Off,0.00031043414122317725,0.0017704844616850712,0.0036751665042271736,3.854488470412249e-06,0.9942400604046975
2014-09-30,4,Risk-Off,2.819967033549621e-05,0.00020763827026354964,0.0007194392272932099,1.4882830029579036e-06,0.9990432345491768
2014-10-01,4,Risk-Off,1.9567623062781075e-06,1.3352546093298374e-05,0.00016462969744051434,1.2847573948685683e-06,0.9998187762369442
2014-10-07,4,Risk-Off,2.1390633931014002e-07,5.684457483064707e-07,5.5268480478125365e-05,1.4826783591426481e-06,0.9999424664891369
2014-10-08,4,Risk-Off,1.503961475888441e-07,1.3254790350765355e-07,5.388865708307962e-05,1.419084108182781e-06,0.9999444093145818
2014-10-09,4,Risk-Off,2.813066475055334e-07,2.387816665954038e-07,0.00011448074240235364,1.3789162736717082e-06,0.9998836202526995
2014-10-10,4,Risk-Off,2.1070973263435877e-07,2.3998765719739043e-07,8.056294750892265e-05,3.473018717314016e-06,0.9999155133358509
2014-10-13,4,Risk-Off,7.322234741157633e-08,8.035779356481764e-08,3.13016836682833e-05,1.558626068443368e-06,0.9999669861110317
2014-10-14,4,Risk-Off,6.717262942772222e-08,6.598222882587807e-08,4.664061402136305e-05,1.3867148801989517e-06,0.9999518395153812
2014-10-16,4,Risk-Off,2.3187614036986337e-08,2.295466266941148e-08,1.5425376656251496e-05,3.074545890203685e-06,0.9999814539342828
2014-10-17,4,Risk-Off,2.6580963491781426e-08,1.6918423528390877e-08,1.6452706878476476e-05,2.471187597693395e-06,0.9999810326060322
2014-10-20,4,Risk-Off,3.2966221474581446e-07,1.0445382495057439e-07,7.368870449603581e-05,1.6642556830834814e-06,0.9999242129231621
2014-10-21,4,Risk-Off,3.1606025488456245e-06,1.1418387100112846e-06,0.00034519654038351493,2.155458996477117e-06,0.999648345559045
2014-10-22,4,Risk-Off,1.645510655265487e-05,5.56266707031737e-06,0.0004627391431656652,2.6454567121552595e-06,0.9995125976265932
2014-10-27,4,Risk-Off,7.405097863029195e-05,2.0378700396219775e-05,0.0004835514678057401,5.223293954228395e-06,0.9994167955590088
2014-10-28,4,Risk-Off,0.000522450936058736,0.00011140002101493979,0.005831461214856235,1.080679950236618e-05,0.9935238810293904
2014-10-29,4,Risk-Off,0.007549299983972928,0.0011104276663114216,0.06429105812635387,7.662108796671036e-05,0.9269725931357088
2014-10-30,2,Transitional,0.07885094543397851,0.013784342999918034,0.5254630928517464,0.00016071335842165213,0.381740905355911
2014-10-31,0,Risk-On,0.5002028846028604,0.11297198260301426,0.3577052219088054,9.934229677196056e-05,0.02902056858900985
2014-11-03,1,Late-Cycle,0.3690117767653322,0.4724828373098233,0.15735617714689387,1.855166928357938e-05,0.0011306571087347625
2014-11-05,2,Transitional,0.20548807695629803,0.41160967862120645,0.38278255827390595,1.3509448007269215e-06,0.00011833520418872105
2014-11-07,0,Risk-On,0.39809900616075794,0.2754390816415213,0.3264357758122895,5.461015967798201e-08,2.6081774547585723e-05
2014-11-10,1,Late-Cycle,0.34988931586742744,0.41151669278034053,0.23857816696451853,6.906678778443795e-09,1.5817481680891738e-05
2014-11-11,2,Transitional,0.27251112070509176,0.3956964838317413,0.33177920907938313,1.9285292435934844e-08,1.3167097931203887e-05
2014-11-12,0,Risk-On,0.35567225985682316,0.32684118012726643,0.31748609227780794,2.9819206471357653e-09,4.647558161591799e-07
2014-11-13,1,Late-Cycle,0.34606409231151014,0.38338735386749095,0.2705481432197586,1.5305900886673715e-10,4.1044821479125594e-07
2014-11-14,2,Transitional,0.30227547474428396,0.3926736223718568,0.3050506064421992,5.294110194690796e-11,2.9638851618792706e-07
2014-11-17,0,Risk-On,0.3345053619056548,0.34954758435175726,0.3159466188244549,7.325257261208162e-11,4.348449337645417e-07
2014-11-18,1,Late-Cycle,0.3435024286917119,0.37333401765455787,0.2831631848102146,8.673239927269616e-11,3.687566314826198e-07
2014-11-19,2,Transitional,0.3136605335326064,0.3850042548684382,0.301334278553859,8.212127825743724e-11,9.329633918283648e-07
2014-11-20,0,Risk-On,0.3296454421448567,0.3576484328216233,0.3127058873718465,8.654876039926989e-10,2.3679663938743916e-07
2014-11-21,1,Late-Cycle,0.3411458295259339,0.36561426577840217,0.2932397272417679,5.833455884341125e-10,1.7687098936138008e-07
2014-11-24,2,Transitional,0.3220469304858548,0.3824135862118565,0.29553942656004006,1.329877558648827e-10,5.660976807604196e-08
2014-11-25,0,Risk-On,0.32621075233212676,0.3601872043684841,0.31359957640728736,3.457438290014784e-11,2.466857775925388e-06
2014-11-26,1,Late-Cycle,0.34265647351196055,0.3730700968305409,0.2842682931187293,8.693332500515346e-10,5.135669815160689e-06
2014-11-27,2,Transitional,0.3073344070816458,0.3892272058077224,0.30343432952440713,3.871703359232091e-09,4.053714643642233e-06
2014-11-28,0,Risk-On,0.33646562473510716,0.34166134728216707,0.3218718279116854,1.2832821483392341e-09,1.198787038481717e-06
2014-12-01,1,Late-Cycle,0.3510762149720111,0.3854321618634652,0.2634914273963402,2.138405053534551e-10,1.9555486814780447e-07
2014-12-02,2,Transitional,0.289153307619492,0.4000734086056057,0.31072915589258293,8.850281431022569e-11,4.4127794077372894e-05
2014-12-03,0,Risk-On,0.3395926167391665,0.3296037147287833,0.33064944035147126,8.978127165084616e-09,0.0001542192023621993
2014-12-04,1,Late-Cycle,0.3561028636168251,0.3870817449434668,0.2527818820294178,2.9518272100077307e-08,0.004033479892892267
2014-12-05,2,Transitional,0.2470106901457277,0.4159910402441283,0.30653302841337765,1.8057820755690767e-07,0.0304650606179242
2014-12-08,4,Risk-Off,0.11268553900256449,0.2763371225311402,0.3002233024653334,2.394064338641539e-07,0.31075379659505603
2014-12-09,4,Risk-Off,0.03249996214202674,0.11585318495501347,0.15738495024852822,1.0572962453957957e-06,0.6942608453578974
2014-12-10,4,Risk-Off,0.005974017246056549,0.02951136850348324,0.05388478979161488,2.081919987269978e-06,0.9106277425382754
2014-12-11,4,Risk-Off,0.0009523132766856419,0.004666723806932123,0.007949090265199446,2.918413058337542e-06,0.9864289542382902
2014-12-12,4,Risk-Off,9.995697491069645e-05,0.0007454828784809412,0.002062183419111961,2.5661250311335006e-06,0.997089810602299
2014-12-15,4,Risk-Off,5.067993431229709e-06,4.821861256500382e-05,0.0002601882539090048,1.809077735282362e-06,0.999684716063161
2014-12-16,4,Risk-Off,1.1884902983226028e-07,6.660015231422085e-07,2.7850652901909382e-05,2.1968894841564623e-06,0.9999691676063127
2014-12-17,4,Risk-Off,3.487637790310137e-08,3.5564987041293015e-08,2.1575130987148878e-05,6.2314547146283056e-06,0.9999721229735213
2014-12-18,4,Risk-Off,1.1662090627551386e-07,7.14654646877001e-08,5.284084780205368e-05,1.6381258937540893e-06,0.9999453329392038
2014-12-19,4,Risk-Off,3.280125929878763e-07,2.4164899525234637e-07,0.0001205016838593683,1.403423711675494e-06,0.9998775252307028
2014-12-22,4,Risk-Off,3.2440638489137696e-07,3.58571925479095e-07,0.00010391183215836255,1.3136797924398945e-06,0.9998940915091508
2014-12-23,4,Risk-Off,1.0791732118088602e-07,1.436666066109597e-07,4.320419696410189e-05,3.3060762390714543e-06,0.9999532381427095
2014-12-24,4,Risk-Off,4.9824071126924495e-08,4.8504847170953276e-08,2.7913428199680658e-05,2.040237905619294e-06,0.9999699480054066
2014-12-26,4,Risk-Off,6.99839701692038e-08,5.7885779463530044e-08,4.4404888908603263e-05,1.5368633598517969e-06,0.9999539303779267
2014-12-29,4,Risk-Off,6.984517044800354e-08,6.617099319250243e-08,4.204988008886452e-05,1.4066598400952254e-06,0.9999564074430395
2014-12-30,4,Risk-Off,4.0756670894992065e-08,3.5555776693239834e-08,2.3108478765905498e-05,1.7124171532449621e-06,0.9999751027924352
2014-12-31,4,Risk-Off,1.2563343568616695e-07,6.143996902769572e-08,4.144524001251853e-05,1.4421033830473913e-06,0.9999569255833641
2015-01-02,4,Risk-Off,5.614527340879092e-07,4.0469691753556327e-07,0.00023174583431719018,1.9767118078658115e-06,0.999765311304709
2015-01-05,4,Risk-Off,3.7663645192223185e-07,5.183225815101109e-07,9.685148982114504e-05,1.5811801398358456e-06,0.9999006723703477
2015-01-06,4,Risk-Off,1.099836322423329e-08,1.6920714054704853e-08,6.3435054253583415e-06,1.372415558383752e-05,0.999979904419899
2015-01-07,4,Risk-Off,6.223767018288699e-09,4.242228275201869e-09,6.305445609258206e-06,7.20183728846569e-06,0.9999864822516042
2015-01-08,4,Risk-Off,7.515618205180526e-08,2.6104868411579727e-08,3.0848002323603515e-05,4.7279395285910845e-06,0.9999643227963865
2015-01-09,4,Risk-Off,3.1648099452960394e-06,3.978225054322087e-07,0.00017403952536936256,9.497497463325196e-06,0.999812900344575
2015-01-12,4,Risk-Off,0.00010031246777281823,1.1650614927417704e-05,0.0015079883191238116,8.356082088720999e-05,0.9982964877764615
2015-01-13,4,Risk-Off,0.0016034369220362674,0.0002283034563504505,0.012375764770824273,0.00016098157744297002,0.9856315132736916
2015-01-14,4,Risk-Off,0.015531574578076008,0.0028072254896802677,0.13493521809746492,0.0010620262193565312,0.8456639556148121
2015-01-15,2,Transitional,0.15355323479019725,0.025968109354585444,0.7960482805963461,0.0029092039928932086,0.021521171266533315
2015-01-16,0,Risk-On,0.7394493769912471,0.19950050809945283,0.060440922824612706,0.0005270438629145177,8.214822211727603e-05
2015-01-19,1,Late-Cycle,0.11986289555273938,0.6461805405637752,0.2338573404321261,9.856049345145669e-05,6.62958457204589e-07
2015-01-20,2,Transitional,0.2778190995831502,0.22818362250503396,0.49397750281492653,1.927510695793512e-05,4.999898961123661e-07
2015-01-21,0,Risk-On,0.48669843799179857,0.31099918336544935,0.20229658873468034,3.2274011440636326e-06,2.562507823162507e-06
2015-01-22,1,Late-Cycle,0.24322178680656795,0.4658620807696866,0.29090398608764606,4.498958983504206e-07,1.1696440665126521e-05
2015-01-23,2,Transitional,0.3212839058799794,0.30901389267912033,0.36970176736453025,1.064150920397228e-07,3.276618727255815e-07
2015-01-27,0,Risk-On,0.3834576596583266,0.34737202729751454,0.26917020364516236,3.499748197398726e-08,7.440166251323468e-08
2015-01-28,1,Late-Cycle,0.30440603535002314,0.39062602199030594,0.30496774064638954,1.1292071952016087e-08,1.9072162504773231e-07
2015-01-29,2,Transitional,0.33130744298838316,0.3508595058389398,0.31783300555137123,5.045242268895131e-09,4.0575199490116926e-08
2015-01-30,0,Risk-On,0.34017093221092043,0.35511435781118716,0.30470196330244786,3.2619145240494877e-09,1.2743413802814163e-05
2015-02-02,1,Late-Cycle,0.3299574432646064,0.3665849931898689,0.3034258756747286,5.970184715749033e-08,3.162816867236769e-05
2015-02-03,2,Transitional,0.32378852234598443,0.36059708001195745,0.3153982380970927,7.547925821150587e-08,0.00021608406522329756
2015-02-04,0,Risk-On,0.33931304261306,0.3472915132958281,0.3132935171581804,2.529342154257171e-07,0.00010167399848576305
2015-02-05,1,Late-Cycle,0.33714349661066845,0.3698467784881766,0.2930058710576888,9.135912312342121e-08,3.7624843700874166e-06
2015-02-06,2,Transitional,0.3237060705355413,0.3699165958236303,0.3063709634687953,1.3258531480538283e-08,6.356913392631389e-06
2015-02-09,0,Risk-On,0.3306823014861457,0.36936643629257654,0.29972488668563224,7.87585557548566e-09,0.00022636765963083457
2015-02-10,1,Late-Cycle,0.32070183075200365,0.37314377075415545,0.3057700266033822,1.1315166187439929e-07,0.00038425873854953626
2015-02-11,2,Transitional,0.3310538273741543,0.3535870473619994,0.3151167235882498,2.4486622445533686e-07,0.00024215680900348613
2015-02-12,0,Risk-On,0.34166459156941137,0.3736634603856212,0.28462627365960563,1.1608612806816386e-07,4.5558299298668545e-05
2015-02-13,1,Late-Cycle,0.30378749459679527,0.3816014378698894,0.31459233778228446,4.6863129850538346e-08,1.8682888712749024e-05
2015-02-16,2,Transitional,0.34601190798019354,0.3231405723544366,0.3303717873981203,6.521340797590004e-09,0.0004757257451346567
2015-02-18,0,Risk-On,0.36029962848070596,0.40473667415726766,0.23168712071390943,4.87788631786338e-08,0.0032765278693947823
2015-02-19,1,Late-Cycle,0.20221170429199448,0.42165936358644834,0.3310367267760751,1.9405006749500322e-07,0.04509201129622444
2015-02-20,2,Transitional,0.05765933573599409,0.21068573410786118,0.29226095950872144,2.818395655637606e-07,0.4393936888070992
2015-02-23,4,Risk-Off,0.013708244451944794,0.05388047133748386,0.08775102860643022,1.0772322748367146e-06,0.8446591783714307
2015-02-24,4,Risk-Off,0.0023574774503705275,0.011933726174019358,0.02117817256772928,1.6167056366270793e-06,0.9645290071014093
2015-02-25,4,Risk-Off,0.00020007679984236266,0.0016900935021212883,0.0040819568966582245,1.5767619423857313e-06,0.9940262960398167
2015-02-26,4,Risk-Off,1.8548002997206517e-05,8.673454392857945e-05,0.000273017936931685,4.206685180677263e-06,0.9996174928312429
2015-02-27,4,Risk-Off,1.3565540641418803e-05,1.4974684383441755e-05,0.0002781850473368739,2.2129013262871623e-06,0.9996910618256525
2015-03-02,4,Risk-Off,8.33912334861485e-05,2.1937008849459892e-05,0.0008691721127237153,3.400066590306026e-06,0.999022099579229
2015-03-03,4,Risk-Off,0.0005804942270262574,0.0001354883978757874,0.004525139065469975,6.688296882920154e-06,0.9947521900128921
2015-03-04,4,Risk-Off,0.0013917338530126222,0.0007686645823855748,0.0017525325330910815,5.094312435167512e-06,0.9960819747185643
2015-03-05,4,Risk-Off,0.00029110950099125137,0.0012319601342077374,0.0032558227118737477,6.500576619833917e-06,0.995214607075759
2015-03-09,4,Risk-Off,0.00013448457336293068,0.00026375415534211964,0.0009228315780059546,3.453888029700078e-06,0.9986754758051469
2015-03-10,4,Risk-Off,0.00015821013311658155,0.00011768588522961666,0.0007316103954742849,3.827512383279519e-06,0.9989886660729227
2015-03-11,4,Risk-Off,0.00044067503895488437,0.0002095214229463576,0.001781504724820314,5.795823934241716e-06,0.9975625029893254
2015-03-12,4,Risk-Off,0.0011678432757011871,0.0006175163392971645,0.011439397202629483,1.542605609203538e-05,0.9867598171254475
2015-03-13,4,Risk-Off,0.002558161532637421,0.0011882037603240297,0.0017826948681131578,4.8613931680248235e-06,0.994466078445369
2015-03-16,4,Risk-Off,0.0010729361766267655,0.0023834702213302323,0.00235386167925701,5.173257508873873e-06,0.9941845586658548
2015-03-17,4,Risk-Off,0.001205481723381551,0.0016261102629941218,0.007008619545538541,2.0794021419465185e-05,0.990138994446862
2015-03-18,4,Risk-Off,0.0002543602314235577,0.0011236247882497438,0.0033835149123330023,1.4727342303429621e-05,0.9952237727258032
2015-03-19,4,Risk-Off,3.915506202161869e-06,6.041811736188235e-05,0.00016152677024697834,2.20624729294459e-06,0.9997719333583186
2015-03-20,4,Risk-Off,1.429454831197175e-07,7.978110271690654e-07,4.0722273343608836e-05,6.4397127837633485e-06,0.9999518972582394
2015-03-23,4,Risk-Off,8.342758375650079e-08,8.285880701436241e-08,4.751428577054917e-05,3.0897206682039645e-06,0.9999492297075548
2015-03-24,4,Risk-Off,9.105184416063571e-08,8.314689846087167e-08,4.7716038015471313e-05,8.177163024108796e-06,0.9999439326004461
2015-03-25,4,Risk-Off,8.131032291678673e-08,8.544303660583963e-08,5.104894876990389e-05,1.5335385602833778e-06,0.999947250758614
2015-03-26,4,Risk-Off,1.2107348405100893e-08,1.2195154111074002e-08,8.467964998053911e-06,4.006376887734683e-06,0.9999875013562646
2015-03-27,4,Risk-Off,1.624708714633715e-08,1.1236482314631882e-08,1.443453584366477e-05,4.1850943915400035e-06,0.9999813528858437
2015-03-30,4,Risk-Off,4.816609547435595e-08,3.804038586080356e-08,4.1156796869383444e-05,4.356982490488714e-06,0.999954400014007
2015-03-31,4,Risk-Off,2.0804141973395123e-08,1.9270881041346126e-08,1.4844604676202647e-05,2.5497222376030362e-06,0.9999825655987523
2015-04-01,4,Risk-Off,1.7836301343332224e-08,1.3251612144948128e-08,1.4135731373646925e-05,2.501719859475612e-06,0.9999833314602674
2015-04-06,4,Risk-Off,5.251547447036478e-08,3.905794711260217e-08,4.258406181367739e-05,3.2218559601134693e-06,0.9999541025082543
2015-04-07,4,Risk-Off,5.59755957779704e-08,4.370124119568643e-08,3.012363016168837e-05,1.985039193348191e-06,0.9999677916533225
2015-04-08,4,Risk-Off,3.1044782091174003e-07,8.273759440792317e-08,4.3417308046089845e-05,2.8264070296259393e-06,0.9999533630996269
2015-04-09,4,Risk-Off,8.241204545305885e-06,1.476938497396274e-06,0.0004915997462364847,2.5094146812003896e-06,0.9994961726951991
2015-04-10,4,Risk-Off,5.728915438686094e-05,2.0718690568771177e-05,0.0007712548795028581,6.2113187093754475e-06,0.9991445259571354
2015-04-13,4,Risk-Off,3.6627207232826236e-05,6.157393831703455e-05,0.001395568356481669,8.066937432407992e-06,0.9984981635608292
2015-04-16,4,Risk-Off,9.852126925326249e-06,2.2292965984532587e-05,0.00020859506317589003,1.9311574881630506e-06,0.999757328685528
2015-04-17,4,Risk-Off,1.31516070758605e-06,6.116377271497965e-06,0.0002744132318913576,4.694502918825271e-06,0.999713460727608
2015-04-20,4,Risk-Off,2.227439093777724e-07,4.303745502510957e-07,5.054211396359751e-05,2.0259334973423197e-06,0.9999467788340867
2015-04-21,4,Risk-Off,2.4982162843557585e-08,3.135249319238609e-08,1.5288965159293673e-05,2.4315727383599138e-06,0.9999822231272759
2015-04-22,4,Risk-Off,3.7951766172777674e-08,2.885316257782797e-08,2.8872333695369203e-05,2.046031865428659e-06,0.9999690148286581
2015-04-23,4,Risk-Off,7.138849462886861e-08,4.5513964590019085e-08,3.400434697947538e-05,2.014095318069917e-06,0.9999638646548812
2015-04-24,4,Risk-Off,1.7418211258529614e-07,1.5768899676005528e-07,0.00012244958909407146,4.983101799551235e-06,0.99987223543836
2015-04-27,4,Risk-Off,3.7524764682371844e-08,3.8278060458031696e-08,1.450896219942604e-05,2.8428411975577263e-06,0.9999825723943783
2015-04-28,4,Risk-Off,5.0680582849081306e-08,3.99693459091139e-08,4.142668511899295e-05,3.0608643322764224e-06,0.9999554217997829
2015-04-29,4,Risk-Off,9.457021539446151e-08,3.9260091961714864e-08,2.251776020131344e-05,1.0667893359119575e-05,0.9999666805163959
2015-04-30,4,Risk-Off,9.022444697798546e-07,4.911185289623067e-07,0.0003014310061572768,5.044208568285569e-05,0.9996467335460162
2015-05-04,4,Risk-Off,1.4248997328624862e-06,1.4800176579358903e-06,0.00021904628764472515,6.452926553817775e-06,0.9997715958691287
2015-05-05,4,Risk-Off,2.56211720732274e-07,5.357072819538339e-07,6.885385216469422e-05,1.7416602309420916e-06,0.9999286125692195
2015-05-06,4,Risk-Off,1.549014435934766e-08,2.0797560540279285e-08,1.0413704912094564e-05,6.901114419325529e-06,0.9999826488924662
2015-05-07,4,Risk-Off,3.4965486820189086e-09,2.7302871704831112e-09,4.096540762645409e-06,1.8633308318539915e-05,0.9999772639241101
2015-05-08,4,Risk-Off,4.913386817769577e-09,3.5758454287188212e-09,5.86467192288323e-06,7.302196689652445e-05,0.999921104872649
2015-05-11,4,Risk-Off,1.0417861796490357e-08,7.384815330771887e-09,1.1908983189200427e-05,0.0001589119356726439,0.9998291612782202
2015-05-12,4,Risk-Off,4.432363166149647e-09,3.0990868247686315e-09,5.901154827736753e-06,0.0014048939696784226,0.9985891973433287
2015-05-13,4,Risk-Off,1.2909108999764635e-09,8.908369370853251e-10,1.8734052569531898e-06,0.0019130271603341486,0.9980850972521408
2015-05-14,4,Risk-Off,1.259265577758423e-09,8.648423706445105e-10,1.944875215618674e-06,0.0021889585442041587,0.997809094456421
2015-05-15,4,Risk-Off,1.2660369876962645e-09,9.003615496902645e-10,1.9708727191134498e-06,0.0018761729788088907,0.9981218539815313
2015-05-18,4,Risk-Off,5.9031440865760345e-09,4.470172683626205e-09,8.016507154445358e-06,0.0006777458212825279,0.9993142272976311
2015-05-19,4,Risk-Off,2.6300003067654733e-08,1.1779739969082608e-08,1.63576227356227e-05,0.0001985043068339906,0.9997850999902482
2015-05-20,4,Risk-Off,7.131815478353815e-07,1.8743972481984173e-07,0.0001213402462212843,4.8317164727123216e-05,0.9998294419676663
2015-05-21,4,Risk-Off,3.823072240368245e-06,2.253946211275208e-06,0.0007558182033301177,4.077207119885655e-05,0.999197332706404
2015-05-22,4,Risk-Off,3.252439153872323e-06,3.5212586358743557e-06,0.0002109049979939565,2.0976233585036567e-05,0.9997613450713935
2015-05-25,4,Risk-Off,1.034719161353762e-06,1.323112934214745e-06,0.00010920314716356134,2.002393657026947e-05,0.9998684150847399
2015-05-26,4,Risk-Off,3.362046115481563e-06,1.3711371730707045e-06,0.00024938440364284724,2.0902963323147757e-05,0.99972497944975
2015-05-27,4,Risk-Off,1.944904298807561e-05,6.094953830180678e-06,0.0007586667013198914,3.6851199896170055e-05,0.9991789381027273
2015-05-28,4,Risk-Off,0.0001279716180300394,2.6389614760460814e-05,0.0006118799177948197,8.532246998107024e-05,0.9991484363797315
2015-05-29,4,Risk-Off,0.00025837945449706047,0.00016076640673527544,0.0023147195810484605,0.0005727600271289025,0.9966933745310678
2015-06-01,4,Risk-Off,0.0002140644821215446,0.0003038778023262349,0.0033486364371610694,0.0015199690990773283,0.9946134521795991
2015-06-02,4,Risk-Off,1.3367487093331689e-05,0.0001055097786150979,0.00040447095422231524,0.0017959497729097588,0.9976807020063002
2015-06-03,4,Risk-Off,5.895503891912898e-07,1.8823661903938584e-06,3.623774145422691e-05,0.0006346367013361434,0.9993266536409101
2015-06-04,4,Risk-Off,1.743559076636486e-06,1.074223069148669e-06,0.00040601069836472596,0.00016109618041654087,0.9994300753390476
2015-06-05,4,Risk-Off,3.114094147245322e-06,3.084429561704244e-06,0.000355630249838785,2.6979753318178088e-05,0.9996111914727164
2015-06-08,4,Risk-Off,5.273103607123059e-07,1.2238747758586751e-06,9.04839329444339e-05,1.7503772057194673e-05,0.9998902611105103
2015-06-09,4,Risk-Off,2.2578118468436184e-07,1.3188777830254753e-07,2.012685651780683e-05,6.135118074342383e-06,0.9999733803557018
2015-06-10,4,Risk-Off,1.3465089644632837e-06,1.102975825923679e-06,0.0008163607192584517,3.4137278054813654e-06,0.9991777760674065
2015-06-11,4,Risk-Off,4.283687947045519e-07,5.80585471915312e-07,3.704359987858589e-05,7.198130250949961e-06,0.9999547493150452
2015-06-12,4,Risk-Off,4.935421942512068e-08,8.36197750725149e-08,3.131157825738906e-05,1.9459538420350372e-06,0.9999666094945047
2015-06-15,4,Risk-Off,4.254496904170005e-08,3.833250432203005e-08,2.997171764736319e-05,1.8644274456636226e-06,0.9999680829769624
2015-06-16,4,Risk-Off,2.891634914582448e-08,2.5065306855875903e-08,1.9888844924052242e-05,3.450174726163817e-06,0.9999766069985062
2015-06-17,4,Risk-Off,4.6028688839885823e-08,3.672856872241779e-08,3.237680687987428e-05,4.027972887245494e-06,0.999963512462209
2015-06-18,4,Risk-Off,6.922217264452521e-08,5.407547935588032e-08,4.075012309197974e-05,1.6500743428010716e-06,0.9999574765043897
2015-06-19,4,Risk-Off,1.3041744653180913e-07,8.03885825960662e-08,4.886708174892848e-05,1.7365210489934933e-06,0.9999491855920267
2015-06-22,4,Risk-Off,8.394738806002514e-07,2.7877506390875793e-07,0.00011019485928789475,2.1464416557119747e-06,0.9998865404500794
2015-06-23,4,Risk-Off,6.031044645194318e-06,2.1656664043887953e-06,0.0004990866704891209,3.081868717457264e-06,0.9994896347499117
2015-06-24,4,Risk-Off,2.991887347747168e-05,9.739571221408017e-06,0.0004448530293989511,3.1606200188182904e-06,0.9995123279056214
2015-06-25,4,Risk-Off,9.121399337762329e-05,3.4729819871918666e-05,0.0009255185307163821,4.776689226964537e-06,0.998943760965898
2015-06-26,4,Risk-Off,0.0004394636982312542,0.0001215744686292511,0.0021154843592717317,6.2745395329969845e-06,0.9973172029346641
2015-06-29,4,Risk-Off,0.0016512772857596191,0.0005486382542271574,0.006474252023873526,1.8789332693650423e-05,0.9913070431040518
2015-06-30,4,Risk-Off,0.008436977416019937,0.0021667486912712902,0.07645949159759648,0.00012333990692757628,0.912813442388495
2015-07-01,4,Risk-Off,0.09675428095822551,0.015655541127297543,0.6595687653882387,0.00016719456260266418,0.22785421796388203
2015-07-02,2,Transitional,0.6170935027221748,0.14242168529388002,0.22474876791510537,4.128606067142018e-05,0.015694758008530027
2015-07-03,0,Risk-On,0.2548520691228845,0.5653571478054635,0.17874253107650384,4.992550898027452e-06,0.0010432594448175601
2015-07-06,1,Late-Cycle,0.23015458071613676,0.3304690316162805,0.439317158554726,4.530588338723511e-07,5.877605434013794e-05
2015-07-07,2,Transitional,0.44387178910568065,0.2950961238976427,0.2610145018362585,4.478993309634881e-08,1.7540371001592442e-05
2015-07-08,0,Risk-On,0.2906418351027515,0.4487845724117982,0.2605238067252197,4.6583175440654305e-09,4.97811023080758e-05
2015-07-09,1,Late-Cycle,0.29516134655287807,0.3455976670515893,0.3589620047542917,8.987335572709148e-09,0.00027897265462895385
2015-07-10,2,Transitional,0.37357716828504395,0.3465964952318356,0.2797906380951375,1.087482008874157e-07,3.558963966014066e-05
2015-07-13,0,Risk-On,0.31134689495616563,0.3984731447543225,0.2901734958503638,1.141202631718083e-08,6.453026483608155e-06
2015-07-14,1,Late-Cycle,0.32093470772909455,0.363687830908697,0.3153645260563992,1.8932469126391155e-09,1.293341332766607e-05
2015-07-15,2,Transitional,0.3366765784306783,0.365902027198451,0.29741339095813796,3.20011664017131e-09,8.000213228245608e-06
2015-07-16,0,Risk-On,0.32860757544303815,0.3660815627026679,0.30530509712176457,3.42876076862411e-09,5.761304554252584e-06
2015-07-17,1,Late-Cycle,0.33481453033575986,0.3796444927287078,0.2855138749993939,2.4169444726816054e-09,2.7099519712460092e-05
2015-07-20,2,Transitional,0.30455334333932566,0.38394136560619063,0.31117078638893875,6.908958341652905e-09,0.0003344977556895591
2015-07-21,0,Risk-On,0.3394252377145335,0.3318522303358987,0.3227534052083368,1.0543851037010409e-08,0.005969116198151863
2015-07-22,1,Late-Cycle,0.33769388352651203,0.39963556119090726,0.24391466298583397,1.7373201307881001e-07,0.018755718564949862
2015-07-23,2,Transitional,0.16134603098517855,0.3892032361170563,0.31397002074842056,4.4173289410207916e-07,0.13548027041735475
2015-07-24,4,Risk-Off,0.04245673177108764,0.16736862157795335,0.2592682229542174,5.890562016565196e-07,0.5309058346409664
2015-07-27,4,Risk-Off,0.011779011187671403,0.037537233718016594,0.06574150767792032,1.1091298718676285e-06,0.8849411382869192
2015-07-28,4,Risk-Off,0.003593408815372701,0.0108407785609425,0.01436171345691925,2.6773077557870304e-06,0.9712014218582334
2015-07-29,4,Risk-Off,0.0012040075884474485,0.003325901151046678,0.006297434096691645,2.3556881800338954e-06,0.9891703014759031
2015-07-30,4,Risk-Off,0.0008678047249856763,0.001181519434737325,0.001806508388466273,2.77841177696654e-06,0.9961413890400342
2015-07-31,4,Risk-Off,0.000909843776386442,0.0009581841583814788,0.0030981299315231106,6.157902349830034e-06,0.9950276842318303
2015-08-03,4,Risk-Off,0.001989529810385179,0.001095470587581593,0.005105069693752045,5.559170095992173e-06,0.9918043707373274
2015-08-04,4,Risk-Off,0.0031228696085478214,0.0021853698760002354,0.005093422407883909,6.275246988038452e-06,0.9895920628607853
2015-08-05,4,Risk-Off,0.005508505487201002,0.0031941639559646567,0.02572614028234304,1.7185139254810122e-05,0.9655540051345606
2015-08-06,4,Risk-Off,0.02644252641300295,0.007773300099134311,0.05335850885107548,8.880821309874942e-05,0.9123368564230661
2015-08-07,4,Risk-Off,0.04163212432680179,0.03130960565867628,0.023990008532003986,2.239901447064386e-05,0.9030458624674584
2015-08-10,4,Risk-Off,0.006253740636135952,0.03758922267404121,0.029091753049547756,7.929999697693369e-06,0.9270573536404669
2015-08-11,4,Risk-Off,0.0016970565708436768,0.007070286243416945,0.0165685602727429,2.071894386013662e-06,0.9746620250184488
2015-08-12,4,Risk-Off,0.000300803204290676,0.001480145680014516,0.0037859823501519008,2.949693986999843e-06,0.9944301190722981
2015-08-13,4,Risk-Off,2.1485045891166472e-05,0.0001439054451216983,0.0003767738139860479,1.406177359511325e-06,0.9994564295180826
2015-08-14,4,Risk-Off,4.7249503081223414e-06,1.5382522279850373e-05,0.0002489881226320719,1.59080148002977e-06,0.9997293136025273
2015-08-17,4,Risk-Off,2.88522958348107e-06,4.617491313080927e-06,0.0003755313947465527,2.707303479490247e-06,0.9996142585812335
2015-08-18,4,Risk-Off,1.7926164865659102e-06,1.977027033364004e-06,0.00012127272175089576,1.54471209982183e-06,0.9998734129223422
2015-08-19,4,Risk-Off,8.545621555472487e-07,1.556791246611944e-06,0.0002587956773281576,9.923018914785568e-06,0.9997288699511798
2015-08-20,4,Risk-Off,1.7610766428038842e-07,3.040800173861489e-07,4.489536160548929e-05,0.00039594065877569687,0.9995586837921577
2015-08-21,4,Risk-Off,1.1810480116132359e-09,1.6200202197790538e-09,8.029195717105981e-07,0.02382209431723051,0.9761770999630366
2015-08-24,3,Post-Shock,7.899848454949485e-13,6.041661803182748e-13,9.61388976076308e-10,0.9870331930215758,0.012966806016125518
2015-08-25,3,Post-Shock,1.3090274628791727e-13,1.6304012279507606e-13,3.7536138016813343e-10,0.9983402740951006,0.001659725528800076
2015-08-26,3,Post-Shock,3.567360844997865e-15,1.9488215321528147e-14,3.768986444912034e-11,0.9998799755415756,0.00012002442021752094
2015-08-27,3,Post-Shock,3.1582194452743437e-16,1.9536653333130424e-14,3.539945213889547e-11,0.9999895518249233,1.0448140024304704e-05
2015-08-28,3,Post-Shock,1.6734983325718692e-17,6.552736164149434e-15,1.1842969657767783e-11,0.9999945711098943,5.42887896986077e-06
2015-08-31,3,Post-Shock,7.870358029632884e-19,3.2632464992851973e-16,6.019615144443466e-13,0.9999988670376349,1.1329618638259948e-06
2015-09-01,3,Post-Shock,2.3906993944027767e-21,1.9326570704641394e-18,4.9167313301709314e-15,0.9999998887524333,1.1124804539403802e-07
2015-09-02,3,Post-Shock,2.317622909444228e-22,6.797925522085598e-19,1.8472493470199816e-15,0.9999999233205046,7.667935320634786e-08
2015-09-03,3,Post-Shock,7.227007370965548e-24,2.1779557805806213e-20,5.831136246113364e-17,0.9999999106476065,8.935319812318936e-08
2015-09-04,3,Post-Shock,1.2109107389182916e-26,3.400091736953849e-23,1.2062962654626835e-19,0.9999999973042577,2.6957179221675413e-09
2015-09-07,3,Post-Shock,1.0589710065468153e-26,3.07761735136041e-23,1.2046536484830728e-19,0.9999999995507096,4.4970271325137436e-10
2015-09-08,3,Post-Shock,6.713047314724143e-25,1.8451374384629575e-21,6.852002954704077e-18,0.9999999966767064,3.3232896149239925e-09
2015-09-09,3,Post-Shock,3.583970523854172e-24,9.642118844358858e-21,3.271909537306847e-17,0.9999999875835784,1.241703998937491e-08
2015-09-10,3,Post-Shock,1.281418016866965e-22,3.507595401524165e-19,1.0341710101455662e-15,0.9999999902956915,9.704156460343367e-09
2015-09-11,3,Post-Shock,3.456347760087559e-23,9.342244939462681e-20,2.8742618303132766e-16,0.9999999654810386,3.451833859765917e-08
2015-09-14,3,Post-Shock,1.0348679983612812e-22,2.8773666172082374e-19,8.440658935988047e-16,0.9999999825777196,1.7421757171636497e-08
2015-09-15,3,Post-Shock,1.3534145426738642e-23,3.7669987569200503e-20,1.1371984141370728e-16,0.999999965071766,3.492783850876593e-08
2015-09-16,3,Post-Shock,5.510058146662874e-23,1.622596180926689e-19,4.3701523229662926e-16,0.9999999932060746,6.794439144727229e-09
2015-09-18,3,Post-Shock,2.9885147525427945e-21,8.216307038826307e-18,2.3500153836123075e-14,0.9999999353676706,6.463282519726703e-08
2015-09-21,3,Post-Shock,2.2437960922778957e-17,6.106869293376713e-14,1.5018464091821456e-10,0.9999995275667267,4.722826138471498e-07
2015-09-22,3,Post-Shock,1.206942101644761e-14,1.007225457072367e-11,1.9801063229710898e-08,0.9996934702938851,0.00030650989465170363
2015-09-23,4,Risk-Off,2.195172824110865e-08,3.9232824212459764e-05,0.022471411505118888,0.43511017550570114,0.5423791582140433
2015-09-24,4,Risk-Off,0.00021133132943740996,0.0001357860294877271,0.010292096246768159,0.18501237768033094,0.8043484087136533
2015-09-28,4,Risk-Off,4.616718745546432e-05,9.322211078475132e-05,0.0018311196920273917,0.07535515487810149,0.9226743361317687
2015-09-29,4,Risk-Off,6.3830291233942e-05,3.309617518525128e-05,0.0008233439778681542,0.020808497688535727,0.9782712318663144
2015-09-30,4,Risk-Off,0.0005745101086973989,0.00011962535230774534,0.005769145011333425,0.014768503713126454,0.9787682158152441
2015-10-01,4,Risk-Off,0.008048290820672415,0.001129959566456438,0.09885655439433273,0.011234541272718352,0.8807306539450654
2015-10-05,2,Transitional,0.1190999756107161,0.01689376244298531,0.7478205603972405,0.008099317898828161,0.10808638364965373
2015-10-06,0,Risk-On,0.6905894615369387,0.16886606119572514,0.12994946945671693,0.0043200942659102175,0.006274913544849201
2015-10-07,1,Late-Cycle,0.1805899272407501,0.5952194587111993,0.22269531422683453,0.0008190050645107962,0.0006762947571131004
2015-10-08,2,Transitional,0.2677511009872813,0.2820012657659643,0.45016270308242046,8.478298829982182e-05,1.4717592899367224e-07
2015-10-09,0,Risk-On,0.4525730252784273,0.30895729825198875,0.2384355511181773,3.303651433906304e-05,1.0888368907382486e-06
2015-10-12,1,Late-Cycle,0.2741436918751446,0.452453902658014,0.27338844152958003,2.0089208324613065e-06,1.1955016223684183e-05
2015-10-13,2,Transitional,0.3040572919025574,0.33463255961552585,0.36119848843101043,8.469203052656246e-08,0.0001115753586043601
2015-10-14,0,Risk-On,0.37745759767815706,0.34351161505705186,0.27889402219955634,4.490489942601679e-08,0.0001367201603804872
2015-10-15,1,Late-Cycle,0.307909979609335,0.4049797680952197,0.2870671715685271,5.130962125549375e-08,4.302941711996622e-05
2015-10-16,2,Transitional,0.31297927059869884,0.35463764459606095,0.33232144699231264,1.6707687708731468e-08,6.162110463724356e-05
2015-10-19,0,Risk-On,0.35694743343703705,0.3479600905493586,0.295083586089301,1.4886704616699375e-08,8.875036880486045e-06
2015-10-20,1,Late-Cycle,0.3235844021936111,0.39308489396743923,0.2833186011069632,1.967716009287057e-09,1.210076424633644e-05
2015-10-21,2,Transitional,0.3084368322411296,0.3691982381754819,0.32218905168155515,2.6727562483544026e-09,0.00017587522967353356
2015-10-23,0,Risk-On,0.3470189087494999,0.34556836860752727,0.3072873949588313,5.876476157833807e-08,0.0001252689189111065
2015-10-26,1,Late-Cycle,0.334101698924199,0.38902927172193746,0.2768645181238406,2.3448318835301453e-08,4.487781739865581e-06
2015-10-27,2,Transitional,0.30364689320429666,0.37653285583792817,0.31981063636093404,1.0349781020376617e-09,9.613561327085315e-06
2015-10-28,0,Risk-On,0.35137639053169717,0.3414550705628723,0.3070444032639356,2.160171538592671e-09,0.00012413348210706923
2015-10-29,1,Late-Cycle,0.3289109526374332,0.4078585724359447,0.26283332185111263,1.7652155453023744e-08,0.0003971354231517861
2015-10-30,2,Transitional,0.27680064580889796,0.3656112412694905,0.348207991997416,1.0713853488455474e-08,0.009380110209946994
2015-11-02,0,Risk-On,0.33037981865009947,0.30713888506608744,0.2823503062612695,6.742868660204847e-08,0.08013092259298063
2015-11-03,1,Late-Cycle,0.18410400865752613,0.3982204619802128,0.19736236554557224,5.67957247264851e-07,0.22031259585873295
2015-11-04,2,Transitional,0.032593368220887854,0.19035529902334686,0.3299816401478657,3.9997590137561655e-06,0.4470656928493475
2015-11-05,4,Risk-Off,0.0029892320089992624,0.02299970694110868,0.053697323989412016,2.0149133305985633e-06,0.9203117221462696
2015-11-06,4,Risk-Off,0.00020331214028946416,0.0014901001225986917,0.0035024120825102147,2.852927283122494e-06,0.9948013227269313
2015-11-09,4,Risk-Off,8.49593912375509e-06,9.56991545249431e-05,0.000385251774481035,3.187409106228555e-06,0.9995073657221524
2015-11-10,4,Risk-Off,1.3063423926566325e-07,8.862318610434388e-07,2.3065971639444626e-05,5.286365205064335e-06,0.9999706307973621
2015-11-13,4,Risk-Off,5.4085813778637904e-08,4.627380223891253e-08,2.6168373585576104e-05,1.0148908032842463e-05,0.9999635823579669
2015-11-16,4,Risk-Off,2.0210183512544127e-07,1.7193448732090757e-07,0.00011848100179000711,4.759684645678045e-05,0.9998335481153403
2015-11-17,4,Risk-Off,1.449666726098215e-07,1.748278401163146e-07,5.666633363801993e-05,3.5060594869306465e-06,0.9999395078119098
2015-11-18,4,Risk-Off,2.7799559062177548e-08,2.951758790961604e-08,1.4691904636565741e-05,8.313393072599024e-06,0.9999769373847911
2015-11-19,4,Risk-Off,6.572933992809591e-08,5.452059829390745e-08,5.335251449576736e-05,5.013342687398757e-06,0.9999415138923556
2015-11-20,4,Risk-Off,4.15557650921893e-08,4.1078349186601445e-08,2.5748454964013903e-05,3.7271113718595683e-06,0.999970441799018
2015-11-23,4,Risk-Off,2.432692940519019e-08,2.2639655406540867e-08,1.914339600378113e-05,3.1527745224244684e-06,0.9999776568624391
2015-11-24,4,Risk-Off,1.9923541899256594e-08,1.7199971353171088e-08,1.6550212333770916e-05,3.324997194057541e-06,0.9999800876666829
2015-11-26,4,Risk-Off,2.732525350080284e-08,1.978780791532953e-08,1.8991783094868354e-05,3.0088641996231604e-06,0.9999779522397533
2015-11-27,4,Risk-Off,8.525847357012208e-08,6.670978636035309e-08,5.867891567708615e-05,2.2439798054413617e-06,0.9999389251358927
2015-11-30,4,Risk-Off,9.145438180752348e-08,7.568484550319416e-08,3.871753518785075e-05,1.6877469774190846e-06,0.9999594275786778
2015-12-01,4,Risk-Off,1.7310931664494851e-07,1.2520366395150454e-07,6.857898942793988e-05,1.6272136273272633e-06,0.9999294954840501
2015-12-02,4,Risk-Off,3.9043028391862137e-07,2.7207933025634255e-07,0.00010365183348606296,1.4547212195285429e-06,0.9998942309363011
2015-12-03,4,Risk-Off,7.471361130026335e-07,5.456230034277921e-07,0.00014368697946993544,1.760513354173981e-06,0.9998532597482026
2015-12-04,4,Risk-Off,1.0185169054577636e-06,9.267872657989908e-07,0.00019016253961381518,3.834649500456181e-06,0.9998040575062859
2015-12-07,4,Risk-Off,7.547133289445682e-07,9.465116449277166e-07,0.00015831219767820483,4.312272253198924e-06,0.9998356743059469
2015-12-08,4,Risk-Off,2.7195087559935077e-07,4.2200863814223937e-07,8.492447052340988e-05,4.044080414592535e-06,0.999910337490248
2015-12-09,4,Risk-Off,7.40477901663435e-08,8.597100963444888e-08,3.0469284385369487e-05,2.1607232528029262e-06,0.9999672099739678
2015-12-10,4,Risk-Off,1.9535221238445284e-07,8.119098691667517e-08,4.3239677079054394e-05,1.6628243130629521e-06,0.9999548209545226
2015-12-11,4,Risk-Off,2.168788250808387e-06,7.36229904563915e-07,0.0003215514343094413,1.0085445926315178e-05,0.9996654581022555
2015-12-14,4,Risk-Off,1.550198364496363e-05,4.8123962260550406e-06,0.0004373620118955961,2.6323913477509274e-06,0.9995396912166288
2015-12-15,4,Risk-Off,4.7889687608395734e-05,2.0189548666131387e-05,0.000492111334823852,1.9251905379466674e-06,0.9994378842381944
2015-12-16,4,Risk-Off,0.00012654281928603628,6.031832255676148e-05,0.001876559312855722,4.529286656831946e-06,0.9979320502578176
2015-12-17,4,Risk-Off,0.0004358292734074963,0.00015565106383156184,0.0010060658233777956,2.3739094714300276e-06,0.9984000799295716
2015-12-18,4,Risk-Off,0.0003923287039759156,0.00045403350445155286,0.002190086118703235,3.927529640258575e-06,0.9969596241424479
2015-12-21,4,Risk-Off,0.00048038186063853716,0.00045088575110827805,0.00265412502037319,4.491884108472573e-06,0.9964101154834873
2015-12-22,4,Risk-Off,0.00044972983317913767,0.00043600152419374477,0.0010296050215774354,2.088448777339258e-06,0.9980825751722474
2015-12-23,4,Risk-Off,0.0005667019349086917,0.0004827547696738442,0.0022629975945378214,3.0823872351222873e-06,0.9966844633144415
2015-12-24,4,Risk-Off,0.0014489148953983485,0.0007657109249526561,0.005500749080960897,7.176763946650347e-06,0.992277448335597
2015-12-28,4,Risk-Off,0.001979147912323937,0.001567866917504982,0.0035412180134378633,3.939202948076604e-06,0.992907827953665
2015-12-29,4,Risk-Off,0.0017290323166013273,0.001790090762111795,0.0031789380678762533,2.5648711914721976e-06,0.9932993739814444
2015-12-30,4,Risk-Off,0.0026173575992393832,0.002167032401041171,0.005302155957583023,7.8752653865524e-06,0.9899055787775403
2015-12-31,4,Risk-Off,0.0032030601473760035,0.0032715530298633357,0.01192436785610235,2.1358244523918814e-05,0.9815796607213261
2016-01-04,4,Risk-Off,0.0019191432320647263,0.002871761836257991,0.004042020878303109,1.2981016448069464e-05,0.9911540930364745
2016-01-05,4,Risk-Off,0.0004906291590151578,0.0018786378450596666,0.001536271233695324,3.48895302961531e-06,0.9960909728092947
2016-01-06,4,Risk-Off,9.34643215228315e-05,0.000531029361038606,0.004010562430833348,8.378415255909467e-06,0.9953565654720445
2016-01-07,4,Risk-Off,1.3202349894763841e-05,3.517192071949751e-05,0.00016584023280291028,2.9377131978209754e-06,0.9997828477840227
2016-01-08,4,Risk-Off,4.8717234483715694e-06,9.003823175941536e-06,0.00011161677468022678,3.5094365042173682e-06,0.9998709982424068
2016-01-11,4,Risk-Off,9.744153577121943e-06,9.521987419345386e-06,0.0021284044273287557,1.0742626597268709e-05,0.9978415868053078
2016-01-12,4,Risk-Off,8.419222399417388e-06,8.003393873212179e-06,0.000132711706180906,2.483808975571184e-06,0.9998483818681926
2016-01-13,4,Risk-Off,1.0962923462411848e-06,4.606064585191967e-06,0.00022218765229710844,4.266394136073953e-06,0.9997678435961949
2016-01-14,4,Risk-Off,5.493430067258126e-07,8.828284977150651e-07,0.00013169886124879328,1.597638488284689e-06,0.9998652713292923
2016-01-15,4,Risk-Off,5.649282408038942e-08,9.712632865199369e-08,2.3139872124972425e-05,2.748646317965716e-06,0.9999739578623548
2016-01-18,4,Risk-Off,8.869558068192575e-09,8.654805967228929e-09,8.01478230650906e-06,8.645091936770616e-06,0.9999833226019367
2016-01-19,4,Risk-Off,1.0378412275679136e-08,8.02960300535022e-09,1.023587652917642e-05,4.22980603855754e-05,0.9999474476556686
2016-01-20,4,Risk-Off,2.1290575922569667e-08,1.869434692855851e-08,2.337415625817731e-05,0.00024058769089828303,0.9997359981671782
2016-01-21,4,Risk-Off,2.5480903140134046e-09,2.231729798069799e-09,2.7109962429676137e-06,5.542518508249933e-05,0.9999418590382001
2016-01-22,4,Risk-Off,6.612917540857488e-09,4.86487139293056e-09,7.71118591438794e-06,8.171794272671926e-06,0.9999841055422515
2016-01-25,4,Risk-Off,5.66360514003584e-09,4.291921712625091e-09,6.422600234498473e-06,6.714301325523994e-06,0.9999868531422367
2016-01-27,4,Risk-Off,5.273611048837296e-09,4.109344314303405e-09,6.103279290094274e-06,1.274736455594309e-05,0.9999811399734889
2016-01-28,4,Risk-Off,3.969503485733415e-09,2.7935867980919254e-09,4.401997951539905e-06,1.0813250363495282e-05,0.9999847779885249
2016-01-29,4,Risk-Off,2.6887331606770057e-08,1.6427420240668888e-08,2.4419928493353032e-05,1.3273801484156302e-05,0.9999622629556311
2016-02-01,4,Risk-Off,6.340888402299614e-08,5.274644452335607e-08,5.76214644496419e-05,2.0542548581487217e-05,0.9999217198319102
2016-02-02,4,Risk-Off,3.6619186612803585e-09,3.456540475205337e-09,2.9705488944160146e-06,1.972461746872039e-05,0.9999772977147086
2016-02-03,4,Risk-Off,3.803200182971267e-09,2.7077331452520295e-09,4.519858578554977e-06,1.860584179965021e-05,0.9999768677882261
2016-02-04,4,Risk-Off,3.284410439380527e-08,9.791880610698879e-09,9.585820541067105e-06,7.549878803430067e-05,0.9999148727548463
2016-02-05,4,Risk-Off,8.105417830058645e-07,4.877441678102405e-07,0.0005710613550539172,0.0009671982505007544,0.9984604421091334
2016-02-08,4,Risk-Off,8.671805628040703e-07,7.224324624898965e-07,6.59893718259881e-05,0.0020752454571602115,0.9978571755580612
2016-02-09,4,Risk-Off,2.523755896261238e-07,4.862268545718185e-07,0.00015660468120939732,0.035589026012471936,0.9642536307031373
2016-02-10,4,Risk-Off,1.7345734714261988e-10,2.197410917916621e-10,6.591612538175752e-08,0.1440179131468956,0.8559820205443953
2016-02-11,3,Post-Shock,4.092586356164615e-12,4.2790963894599715e-12,4.599839313047188e-09,0.9978530712722358,0.0021469241199902895
2016-02-12,3,Post-Shock,9.369133082406791e-14,4.3865304451571474e-13,5.813601404306153e-10,0.9998124924744124,0.00018750694354404242
2016-02-15,3,Post-Shock,6.639914528774277e-17,2.5402228522789434e-15,2.6859165618398464e-12,0.999904426267654,9.557373010401479e-05
2016-02-16,3,Post-Shock,9.709963022424076e-15,4.851919847004378e-13,4.999754068638104e-10,0.9999999505034806,4.899533589453513e-08
2016-02-17,3,Post-Shock,3.3382408023617764e-14,5.688770334021453e-11,6.946781514816336e-08,0.9998118804285095,0.00018805004676590058
2016-02-18,3,Post-Shock,1.346533523743365e-11,1.347394725095124e-10,1.3796527456702116e-07,0.9998166964307185,0.00018316545627449914
2016-02-19,3,Post-Shock,1.0093468940185275e-10,3.2091194218963737e-09,2.853202768576469e-06,0.999075811497602,0.0009213319896904876
2016-02-22,3,Post-Shock,4.501743243301635e-09,8.466422963653006e-09,4.746996688089826e-06,0.99892695489345,0.0010682851414777065
2016-02-23,3,Post-Shock,9.617522205484995e-11,1.5693186775221878e-10,5.945998518387707e-08,0.9989182147012673,0.0010817255852886647
2016-02-24,3,Post-Shock,5.640549827439036e-13,3.2827466408712057e-12,3.786108122697015e-09,0.9995609460116437,0.0004390501977943068
2016-02-25,3,Post-Shock,6.886933914091286e-14,1.6735425253403961e-12,2.3367376551288304e-09,0.9998108441638629,0.00018915349678955015
2016-02-26,3,Post-Shock,7.374225033250628e-15,4.1101901066931343e-13,5.531437224029493e-10,0.9998737075704606,0.00012629187616642994
2016-02-29,3,Post-Shock,2.040767159857031e-15,8.13843751552464e-14,1.0964567048273278e-10,0.9999892926871581,1.0707202789429655e-05
2016-03-01,3,Post-Shock,5.059179293331297e-16,2.1399784237220083e-13,3.3716752111421094e-10,0.9999840285074587,1.5971154295081476e-05
2016-03-02,3,Post-Shock,6.065434183118179e-15,8.486070534522788e-13,1.2113526164240217e-09,0.999989786861392,1.0211926333473497e-05
2016-03-03,3,Post-Shock,1.9079532396876317e-14,2.797422394787343e-13,3.041030156431977e-10,0.9999964628995058,3.5367961350974607e-06
2016-03-04,3,Post-Shock,5.365279839911512e-13,4.174456030051505e-12,4.530015985863367e-09,0.9999996607603527,3.347041323846455e-07
2016-03-08,3,Post-Shock,1.7461961596808888e-11,1.5743715869185126e-11,8.377303869119778e-09,0.9999971365018681,2.855088098405553e-06
2016-03-09,3,Post-Shock,2.9163905638548396e-09,2.4488461652454287e-09,6.422350266056006e-07,0.9999951849392764,4.167460285800755e-06
2016-03-10,3,Post-Shock,5.641954018942923e-07,2.1657679313295692e-07,5.0228027097493304e-05,0.9999415176065147,7.4735935306451265e-06
2016-03-11,3,Post-Shock,4.644667348721087e-05,1.2901644160302131e-05,0.002830784568475478,0.9970838038829873,2.606323048003579e-05
2016-03-14,3,Post-Shock,0.0025939312441152513,0.0007561127003467177,0.1165868763167437,0.880061101826239,1.977912706299245e-06
2016-03-15,3,Post-Shock,0.10775634861488032,0.011989551016378724,0.25300446142027205,0.6272332162636473,1.6422685356328577e-05
2016-03-16,3,Post-Shock,0.23956126888906895,0.11365398927949719,0.467707516020402,0.17897199549061932,0.0001052303198258844
2016-03-17,2,Transitional,0.4513471754208989,0.25674243959418963,0.24028496320653564,0.05159944636664725,2.5975411965426695e-05
2016-03-18,0,Risk-On,0.27041804037170775,0.4311515812743049,0.2829161368588164,0.015510729018695041,3.5124764720862e-06
2016-03-21,1,Late-Cycle,0.3129797591694991,0.31799325338386264,0.3636769480001211,0.00534711536422941,2.9240824500288916e-06
2016-03-22,2,Transitional,0.3756772314124094,0.3417659035627858,0.28068935537604983,0.0018629298426395345,4.579806644137806e-06
2016-03-23,0,Risk-On,0.3108849250369173,0.3798181527839872,0.30860256721042323,0.0006848792723770413,9.475696702792702e-06
2016-03-28,1,Late-Cycle,0.33490310266380374,0.350325623086493,0.31449501565445404,0.00027466067216077645,1.597923343663531e-06
2016-03-29,2,Transitional,0.3335187226994873,0.36132490819695173,0.30498158586981866,0.00017453995474839583,2.432794108575312e-07
2016-03-30,0,Risk-On,0.3392391569615192,0.3470881747498005,0.3135203414915996,0.00015229325043042633,3.3547183701269706e-08
2016-03-31,1,Late-Cycle,0.3320295075337878,0.378894459238967,0.2889779789186554,9.805425555732498e-05,5.22567349548803e-11
2016-04-01,2,Transitional,0.3256763502530977,0.343721253655143,0.3305548250459478,4.755429003658687e-05,1.6756191081230558e-08
2016-04-04,0,Risk-On,0.35295916769045127,0.36920652313837704,0.2778320253991279,2.0732180014957534e-06,2.1055482931043737e-07
2016-04-05,1,Late-Cycle,0.3074020374176945,0.3816217457967696,0.31059561720813483,1.0752897562203985e-07,0.0003804920488896969
2016-04-06,2,Transitional,0.3344550934547493,0.3577944553584101,0.3072210180517919,6.586536744330812e-08,0.0005293672692482344
2016-04-07,0,Risk-On,0.32665023880990485,0.3734504683144806,0.2986598699850101,9.424820860517832e-08,0.0012393286416018136
2016-04-08,1,Late-Cycle,0.32324017468161503,0.36167542075088127,0.3134278496511151,2.1636052588563937e-07,0.001656338556648059
2016-04-11,2,Transitional,0.3356765049292298,0.3673570111284071,0.29643086377170735,4.406916974132006e-07,0.0005351794795871217
2016-04-12,0,Risk-On,0.3176490532387991,0.3720093252759211,0.31020531410819413,1.3138293665766953e-07,0.00013617599347830463
2016-04-13,1,Late-Cycle,0.3402934888931221,0.34828545405836847,0.3113760933806716,5.710957078978759e-08,4.49065575713989e-05
2016-04-18,2,Transitional,0.3329400218207914,0.38551591871770624,0.2815289807572199,2.3563310854877627e-08,1.505514021843284e-05
2016-04-20,0,Risk-On,0.30401666677336187,0.3603992663112677,0.33558078007454106,5.713487380024671e-09,3.2811279648813874e-06
2016-04-21,1,Late-Cycle,0.37376049148218576,0.3276119497845062,0.2986258009566398,9.682903581514237e-10,1.7568089625223533e-06
2016-04-22,2,Transitional,0.3187143544619531,0.43661972270590305,0.2446659217500197,1.0106355351744766e-09,7.098306695923687e-11
2016-04-25,0,Risk-On,0.2821740918191525,0.3554285668210712,0.36224616540227794,3.9423124332333393e-11,0.0001511759178382424
2016-04-26,1,Late-Cycle,0.37971414432277784,0.3372665423636321,0.282645359317528,4.6601759213424326e-08,0.00037390739392896387
2016-04-27,2,Transitional,0.3002586885810888,0.4056805918277764,0.29319948219262315,9.61466006317634e-08,0.0008611412524130119
2016-04-28,0,Risk-On,0.2816672644066253,0.33010494926453526,0.3221330143248962,2.7139405881242198e-08,0.06609474486507796
2016-04-29,1,Late-Cycle,0.29580661132439695,0.3320938586754916,0.2604699767182106,1.941304589905281e-06,0.11162761197787037
2016-05-02,2,Transitional,0.19072481293765195,0.30971786031267,0.2779163413322856,2.038178990350735e-06,0.2216389472382694
2016-05-03,0,Risk-On,0.15912663678843567,0.2071957610272997,0.2193946086391597,1.163611905113342e-06,0.41428182993376444
2016-05-04,1,Late-Cycle,0.1849203559869327,0.17774389220630724,0.16422283445246205,6.117043629156311e-06,0.47310680031111974
2016-05-05,2,Transitional,0.16774459114346726,0.20520371577758706,0.1730700309453666,7.106168824122301e-05,0.4539106004453973
2016-05-06,0,Risk-On,0.1863057170890307,0.18730605513077797,0.31483760042411235,0.00010791653174105271,0.3114427108236307
2016-05-09,1,Late-Cycle,0.3302238377717335,0.213374188948473,0.45143330040026997,4.9705112342499547e-05,0.004918967766376883
2016-05-10,2,Transitional,0.4518340042508543,0.36245595664075825,0.185668635430104,2.1181321474919613e-06,3.928554528186196e-05
2016-05-11,0,Risk-On,0.2231870975906925,0.46413614315817436,0.31258290592897353,1.4860591702294058e-07,9.370471557014813e-05
2016-05-12,1,Late-Cycle,0.3426705692399381,0.28693648559972895,0.37039096847577097,1.4899827116817641e-08,1.961785410645832e-06
2016-05-13,2,Transitional,0.3919796855404183,0.37799579537251926,0.23002451416483355,9.742418974674773e-10,3.947789820649905e-09
2016-05-16,0,Risk-On,0.2700953073225353,0.4499440088859217,0.2799606716156451,3.950216631417647e-11,1.2136786481839939e-08
2016-05-17,1,Late-Cycle,0.3028096485985342,0.3440405828835957,0.353149495273569,4.626872862675271e-12,2.7323887440443914e-07
2016-05-18,2,Transitional,0.38454802032177426,0.336999826997773,0.2783911334072886,1.2295671981386733e-10,6.1019149890147406e-05
2016-05-19,0,Risk-On,0.29459008175411777,0.4536608828014107,0.25174356540598414,2.0794694885665214e-07,5.262091629272769e-06
2016-05-20,1,Late-Cycle,0.23431019279249243,0.3406070209945778,0.36735858194442456,4.5930653397156975e-08,0.057724158338017695
2016-05-23,2,Transitional,0.2547176160001368,0.27150741688276886,0.2508172711841913,1.7427647363229915e-06,0.222955953168389
2016-05-24,0,Risk-On,0.26450374471000265,0.27327789690514787,0.26004135496280495,2.6581213510011905e-05,0.2021504222089986
2016-05-25,1,Late-Cycle,0.2841931482214389,0.30384483985460153,0.4079620458345862,0.0001285282456763021,0.003871437844587961
2016-05-26,2,Transitional,0.40808101489891085,0.33397824369760853,0.2579272416636502,8.788459395316846e-06,4.711279700108411e-06
2016-05-27,0,Risk-On,0.30035899585452003,0.4116249268328473,0.2880156328608268,1.7550937185006377e-07,2.689432932102454e-07
2016-05-30,1,Late-Cycle,0.3223141012421089,0.38065786559388637,0.297028025393792,7.091294438425975e-09,6.79385394588532e-10
2016-05-31,2,Transitional,0.31963646016931924,0.3758961006914854,0.30446743273682125,1.857247887517053e-10,6.2157790058942375e-09
2016-06-01,0,Risk-On,0.34441635798432696,0.3525039536712116,0.30307965904475914,4.8864648846221035e-12,2.929396807447076e-08
2016-06-02,1,Late-Cycle,0.33007060025386614,0.4108597851402153,0.2590696145847168,1.2760224629573119e-11,7.712483525926216e-12
2016-06-03,2,Transitional,0.29545590613601924,0.37641159226176274,0.3281324939077205,3.310532466234566e-13,7.694878815326535e-09
2016-06-06,0,Risk-On,0.35932408106701214,0.34704026587330844,0.2936356423879339,1.4780244010237387e-12,1.0669992145326751e-08
2016-06-07,1,Late-Cycle,0.32085216373730097,0.4067306198629103,0.2724171795947541,1.6075710527528015e-12,3.680311854850964e-08
2016-06-08,2,Transitional,0.30464033646024824,0.36574298042362247,0.32961665918944316,4.290376955081215e-12,2.3923197178137056e-08
2016-06-09,0,Risk-On,0.36625743813487316,0.35270499443973485,0.2810375544354649,3.3078616190087996e-12,1.2985779650219194e-08
2016-06-10,1,Late-Cycle,0.30565537895780925,0.4316641376871964,0.2626804776092792,2.860285029976877e-12,5.7419572598722185e-09
2016-06-13,2,Transitional,0.29424868361724016,0.35016623328551005,0.3555134846904887,1.0221398498499861e-12,7.159840535334929e-05
2016-06-14,0,Risk-On,0.37968535543582366,0.3391273974187266,0.28118674742805444,8.085835405895234e-09,4.916309130757164e-07
2016-06-15,1,Late-Cycle,0.31242546649782177,0.4240303613782331,0.26354415695629135,2.582674164114821e-10,1.4909651429257035e-08
2016-06-16,2,Transitional,0.29512908430243423,0.3704018985194122,0.334467806243512,7.350415147838238e-12,1.2109268598218856e-06
2016-06-17,0,Risk-On,0.3588022388198278,0.3397695641492805,0.30141079736254495,2.1863666821721517e-10,1.7399449668090494e-05
2016-06-20,1,Late-Cycle,0.32724496150374843,0.3948001459057184,0.27795142325563904,4.447754837595171e-09,3.4648872212015093e-06
2016-06-21,2,Transitional,0.3061335274269743,0.36579084174092635,0.32807528547535525,6.558671689189469e-10,3.4470110419801443e-07
2016-06-22,0,Risk-On,0.3630825703615656,0.3423608333668385,0.2945460867590442,1.261198039612665e-10,1.0509385864936093e-05
2016-06-23,1,Late-Cycle,0.3127019047517313,0.42118480973862377,0.2661114307384861,2.8068959789814935e-09,1.8519641236127042e-06
2016-06-24,2,Transitional,0.241186936085635,0.3504528729374958,0.3241676986318323,1.2064992254169074e-10,0.08419249222516227
2016-06-27,0,Risk-On,0.30687641033283036,0.2875068049135498,0.2792855665446144,1.1451168516095932e-06,0.1263300730917078
2016-06-28,1,Late-Cycle,0.2841547132005302,0.3339859692656928,0.24461742034989722,3.7076420857216966e-06,0.13723818954222208
2016-06-29,2,Transitional,0.2624151925265431,0.3211840485931781,0.2946079251749182,1.1908617046956286e-05,0.12178092508898969
2016-06-30,0,Risk-On,0.3139256332919333,0.3005913006544424,0.3175252821224848,1.8572507120243877e-05,0.06793921142320211
2016-07-01,1,Late-Cycle,0.33606713672607536,0.3517816786040059,0.3069725218336882,1.2527580773409442e-05,0.0051661352547359395
2016-07-04,2,Transitional,0.3288539104349286,0.3738348096915502,0.2972392759200189,9.734000073896483e-07,7.10305530833506e-05
2016-07-05,0,Risk-On,0.3305749493366288,0.3682033438629529,0.30120704931089226,3.1185698604835194e-08,1.4626303581362817e-05
2016-07-07,1,Late-Cycle,0.32305457552067673,0.3915913589147006,0.2853538360417883,4.859946572649727e-09,2.246625543970326e-07
2016-07-08,2,Transitional,0.3160072687280882,0.36567907889829465,0.31830392857388334,1.7939083246258005e-10,9.723619708301012e-06
2016-07-11,0,Risk-On,0.3435847457866813,0.3718080588280607,0.2846056911654422,1.4378374125034962e-09,1.5027818566755622e-06
2016-07-12,1,Late-Cycle,0.3089625887311333,0.38520677015403654,0.3058243432667197,2.390152752344764e-10,6.297608674177119e-06
2016-07-13,2,Transitional,0.33738376267481157,0.3436362996835389,0.3189667240108743,1.003248946339536e-09,1.3212627041992926e-05
2016-07-14,0,Risk-On,0.34497648472818543,0.3860687988061861,0.26895437854961074,2.163901019456173e-09,3.3575143459437026e-07
2016-07-15,1,Late-Cycle,0.2953659328857463,0.38565744224904436,0.318911138410052,1.2373957672635476e-10,6.548633180852699e-05
2016-07-18,2,Transitional,0.347533633254238,0.33448252551945096,0.3179340112423127,1.5035654118043794e-08,4.98149485076917e-05
2016-07-19,0,Risk-On,0.34369493061024725,0.3942612442163754,0.26204323839884913,6.369460605553951e-09,5.80405346663204e-07
2016-07-20,1,Late-Cycle,0.29002765449590573,0.3889642664479908,0.320925986714417,3.33116448211319e-10,8.209200821734603e-05
2016-07-21,2,Transitional,0.34691932461141956,0.3325109489356112,0.32055044082055223,8.66103714582752e-09,1.9276971129337224e-05
2016-07-22,0,Risk-On,0.3495879296798868,0.3869611584615742,0.26345088382460746,2.3183519895755487e-09,2.5714803995887906e-08
2016-07-25,1,Late-Cycle,0.2977846728977155,0.40584162641723553,0.2963736957658627,4.692390963277317e-11,4.872494295215446e-09
2016-07-26,2,Transitional,0.3281120864158073,0.3547901121662813,0.3170975311532696,1.7600730585321668e-12,2.702632173199048e-07
2016-07-27,0,Risk-On,0.34229698806765413,0.37154926613213407,0.2861535632484418,4.4673787775619325e-11,1.8250650718963166e-07
2016-07-28,1,Late-Cycle,0.31987095756623146,0.37948625082476545,0.3006426010038857,3.217573537056841e-11,1.9057341703302878e-07
2016-07-29,2,Transitional,0.3308744085597845,0.3713570886718484,0.29776844072409236,2.3223375110245658e-11,6.202178316726627e-08
2016-08-01,0,Risk-On,0.32916357187843454,0.378170186415709,0.29266599727088477,7.31026253111342e-12,2.4442735920967467e-07
2016-08-02,1,Late-Cycle,0.32266373296020606,0.38227604047582,0.29505891321801625,2.996441054370735e-11,1.313315399645203e-06
2016-08-03,2,Transitional,0.3215190862602826,0.3724315135866929,0.3059878452288842,1.9303062910021368e-10,6.155473052458177e-05
2016-08-04,0,Risk-On,0.33052537036327734,0.3663334060969196,0.30309118185238154,8.310874040164691e-09,5.003337593335508e-05
2016-08-05,1,Late-Cycle,0.33158934727986505,0.37207387437577283,0.29633286061734215,5.204192868213861e-09,3.912522394249315e-06
2016-08-08,2,Transitional,0.32589409735633795,0.37854956532382383,0.29555517138167614,4.951346985637536e-10,1.1654436198873102e-06
2016-08-09,0,Risk-On,0.3239192388950966,0.37289633998385047,0.3031501008357018,1.766962881228222e-10,3.432010854833025e-05
2016-08-10,1,Late-Cycle,0.3279368510158444,0.37238745759051595,0.2996531867950429,6.907543532125894e-09,2.249769149654142e-05
2016-08-11,2,Transitional,0.326160131117361,0.3745564699988481,0.2992683615029713,4.283329621176673e-09,1.5033098197432256e-05
2016-08-16,0,Risk-On,0.3259934870994928,0.3760174080197558,0.29796558499932385,2.9020267224024076e-09,2.351698009487649e-05
2016-08-17,1,Late-Cycle,0.32209125405600536,0.3754908142614147,0.3024127374462743,4.172396874004796e-09,5.190064251711766e-06
2016-08-18,2,Transitional,0.33302644190675795,0.36661723827142234,0.3003476120033812,7.224172067956125e-10,8.707096832117435e-06
2016-08-19,0,Risk-On,0.3256771651999885,0.38866627814279875,0.28564976681698323,1.4168832025558495e-09,6.788424079386491e-06
2016-08-22,1,Late-Cycle,0.31137343032627063,0.3725586793501637,0.3146255879812052,6.63230019319411e-10,0.0014423016782837519
2016-08-23,2,Transitional,0.3324963223681649,0.358832111120117,0.300543637590336,6.514472209386891e-08,0.00812786377698716
2016-08-24,0,Risk-On,0.3172118681546675,0.374984929022009,0.29263796862522823,4.7427215371384114e-07,0.015164759925863185
2016-08-25,1,Late-Cycle,0.31180228794782205,0.3613057926127082,0.3062369764387666,9.976165334901385e-07,0.020653945384762628
2016-08-26,2,Transitional,0.32113942025943215,0.3579001220466091,0.29599653609651005,3.3412325977918655e-06,0.024960580364186507
2016-08-29,0,Risk-On,0.3166783688831044,0.363294219763259,0.30423269451723384,4.3377965062610945e-06,0.015790379040360812
2016-08-30,1,Late-Cycle,0.32701849686331114,0.3583372147489924,0.3061316634898158,2.0884317791537085e-06,0.008510536466865502
2016-08-31,2,Transitional,0.3294479525294291,0.3704196703794734,0.2954645925486138,1.1039397520136365e-06,0.004666680602198415
2016-09-01,0,Risk-On,0.31832109686357696,0.3732520963616585,0.3049273316268096,9.696881699414049e-07,0.003498505459476
2016-09-02,1,Late-Cycle,0.3293825686073941,0.36257269181686236,0.3067204938218148,6.197683017119e-07,0.0013236259854997772
2016-09-06,2,Transitional,0.3312132970452242,0.3731894068679868,0.295595318210526,1.3934583817331067e-07,1.8385297585762708e-06
2016-09-07,0,Risk-On,0.33038392773502273,0.3693875297138401,0.3002281469000835,1.846677327618285e-09,3.938042094852791e-07
2016-09-08,1,Late-Cycle,0.329867014000799,0.38999072288899933,0.28014134490847464,7.930274059389683e-11,9.181216676658484e-07
2016-09-09,2,Transitional,0.30370496386361534,0.38188316802793965,0.3136518819406572,9.205069741780951e-11,0.000759986075501017
2016-09-12,0,Risk-On,0.3342689595880864,0.34260383039530573,0.31591220362161554,5.2375451606393215e-08,0.007214954019607024
2016-09-14,1,Late-Cycle,0.33522168168658273,0.3825613271190771,0.2763676794050558,1.3044956575845639e-06,0.005848007293566519
2016-09-15,2,Transitional,0.2974376144042081,0.37594920623171824,0.3233538074217939,9.680217074886298e-07,0.003258403920497632
2016-09-16,0,Risk-On,0.3531885615960138,0.33297731119448476,0.31339630359608545,3.992278730386904e-07,0.000437424385865829
2016-09-19,1,Late-Cycle,0.3377200457889255,0.4082632547132029,0.25320152768285464,6.876990626510377e-08,0.0008151030443415284
2016-09-20,2,Transitional,0.26651777702007695,0.3847915818891457,0.34595788337992356,9.198649065591688e-08,0.002732665723688204
2016-09-21,0,Risk-On,0.3815664904235796,0.285012475481619,0.3313177589351836,2.436129783960767e-07,0.002103031547139197
2016-09-22,1,Late-Cycle,0.35306714548962587,0.4523997350990927,0.19316333113515277,4.634275600235633e-07,0.0013693248476757303
2016-09-23,2,Transitional,0.1958052775875128,0.3991928335631156,0.40300719203458973,4.09923522687231e-07,0.001994286890608099
2016-09-26,4,Risk-Off,0.15337893381176287,0.2076726605903839,0.23743497729272722,2.0443039433792104e-08,0.4015134078628451
2016-09-27,4,Risk-Off,0.10023290729304753,0.18165554110260593,0.124931778474015,1.7329193561992152e-06,0.5931780402116094
2016-09-28,4,Risk-Off,0.022762405892269855,0.10365220760698945,0.1414964177509634,3.2995919305307846e-06,0.7320856691574155
2016-09-29,4,Risk-Off,0.003044830686356511,0.018449543614867406,0.04228629140848314,1.613425209226467e-06,0.9362177208654071
2016-09-30,4,Risk-Off,0.0007174740997285496,0.0020816105878275924,0.003278997695278654,1.3054932169133006e-06,0.993920612123232
2016-10-03,4,Risk-Off,0.00029549315902485207,0.0006505619050423092,0.0017777039833087418,2.751803585436835e-06,0.9972734891491599
2016-10-04,4,Risk-Off,0.000177609300819573,0.00031806597186111125,0.0007471950777514508,2.364050122372047e-06,0.9987547655987228
2016-10-05,4,Risk-Off,4.962349189440476e-05,0.00017461082562679828,0.002208004422894086,7.276828177459959e-06,0.9975604844307003
2016-10-06,4,Risk-Off,9.474875925288591e-06,3.0634306754614845e-05,0.00024702097085292114,2.653081594546835e-06,0.9997102167656456
2016-10-07,4,Risk-Off,5.783134023512769e-07,3.2444222119257062e-06,9.929431674578204e-05,1.4061880808460846e-06,0.9998954767602845
2016-10-10,4,Risk-Off,3.0199478960761985e-07,3.171246633047504e-07,6.537506927235129e-05,3.1865181200975964e-06,0.9999308192939099
2016-10-13,4,Risk-Off,9.252423368805243e-07,4.726182848526837e-07,0.00014865287693381616,3.4830805991123058e-06,0.9998464661826062
2016-10-14,4,Risk-Off,1.8592141312692265e-06,1.781009687524011e-06,0.00038668026779772543,2.1191516292909e-06,0.9996075603571001
2016-10-17,4,Risk-Off,1.2123068243250012e-06,1.2177142156729124e-06,8.888493459619042e-05,1.3290269901916143e-06,0.9999073560182248
2016-10-18,4,Risk-Off,8.757290307048425e-07,1.0536583870452357e-06,0.00020250784483427536,2.389063465253005e-06,0.9997931737036304
2016-10-19,4,Risk-Off,1.0408461193366864e-06,9.357150857991633e-07,0.00014510601985744548,1.373588380401083e-06,0.9998515438304789
2016-10-20,4,Risk-Off,1.1794975745136202e-06,9.274649328142591e-07,0.0001410928678126935,1.459745242368864e-06,0.9998553404252702
2016-10-21,4,Risk-Off,2.232694758433934e-06,1.588337737536415e-06,0.0002546245952160235,1.5861375900796693e-06,0.9997399682352075
2016-10-24,4,Risk-Off,2.2669887555683765e-06,2.7125328760690003e-06,0.0003173162439216256,1.6896719006009477e-06,0.9996760145626882
2016-10-25,4,Risk-Off,8.45936053873457e-07,1.2729924199081951e-06,0.00010302888269893162,1.2765613035547565e-06,0.9998935756275905
2016-10-26,4,Risk-Off,6.190092621259312e-07,5.297954712560586e-07,0.00010362587498842313,1.5263188403775192e-06,0.9998936990019749
2016-10-27,4,Risk-Off,2.5345804567937665e-06,1.0501840378857141e-06,0.00016506389183206055,1.508617894692596e-06,0.9998298427264304
2016-10-28,4,Risk-Off,5.4237931908275306e-06,4.692030448033833e-06,0.0008035073656595111,2.8734003891152976e-06,0.9991835034102274
2016-11-01,4,Risk-Off,4.93647148672665e-06,4.596726935989137e-06,0.00014609296724316762,1.4771974864478585e-06,0.9998428966375296
2016-11-02,4,Risk-Off,2.054845445886915e-06,3.714171135662066e-06,0.00028399598671052757,1.4699576985546422e-06,0.9997087650391544
2016-11-03,4,Risk-Off,1.900222373230152e-06,2.1398031672301003e-06,0.00020350323637328388,1.421310102247338e-06,0.9997910354278137
2016-11-04,4,Risk-Off,9.167760586733743e-07,1.3549574520437755e-06,0.00015749798294740035,3.5452315767634784e-06,0.9998366850527949
2016-11-07,4,Risk-Off,5.001203026597018e-07,6.494622822994625e-07,0.00011187952190268741,2.1059830052776742e-06,0.9998848649121748
2016-11-08,4,Risk-Off,2.8186362013413843e-07,3.5629210732383096e-07,8.622255673095406e-05,1.6627752309358561e-06,0.9999114765126842
2016-11-09,4,Risk-Off,1.867997691374837e-07,1.8064336596701875e-07,5.8247447537077154e-05,1.4800351200057835e-06,0.9999399050734317
2016-11-10,4,Risk-Off,1.9217169356602985e-07,2.1900607416845524e-07,0.00010118506830166855,1.2882703453594786e-06,0.9998971154834067
2016-11-11,4,Risk-Off,3.55815931711246e-08,4.2739647170065304e-08,1.847904313707924e-05,4.1318285179196635e-06,0.9999773108074972
2016-11-15,4,Risk-Off,6.937454955052139e-09,5.8602242532316255e-09,6.751384021744169e-06,6.318514039411999e-06,0.9999869173044275
2016-11-16,4,Risk-Off,1.3346958213411434e-08,9.986642135943231e-09,1.4974422112342614e-05,1.0599153903218548e-05,0.9999744030903522
2016-11-17,4,Risk-Off,7.2253150672115975e-09,5.839080573749084e-09,7.548968009293183e-06,7.203719405119147e-06,0.9999852342478908
2016-11-18,4,Risk-Off,2.8026251100240865e-09,2.22457604445045e-09,3.456983169203704e-06,3.778446105425569e-05,0.9999587535287988
2016-11-21,4,Risk-Off,1.117814036603144e-09,8.479884142948903e-10,1.6298825494138543e-06,0.0002340787333216733,0.9997642894185871
2016-11-22,4,Risk-Off,2.2556069334384244e-09,1.651479600755801e-09,3.284271933127079e-06,0.00017576587930087672,0.9998209459422206
2016-11-23,4,Risk-Off,1.9611152822788007e-09,1.4606022997003607e-09,2.7582870463784223e-06,0.00011328481201485714,0.9998839534801132
2016-11-24,4,Risk-Off,8.649426183537019e-10,6.292013437165169e-10,1.306932346833855e-06,0.00013276991476808808,0.9998659216579151
2016-11-25,4,Risk-Off,2.262994286811248e-09,1.5805405142445973e-09,3.1366816698468473e-06,5.006481054097255e-05,0.999946794663909
2016-11-28,4,Risk-Off,4.320704985812606e-09,3.073106893614072e-09,5.469654687216506e-06,1.8229180068028333e-05,0.9999762937722694
2016-11-29,4,Risk-Off,3.762258631053597e-09,2.7201601661109206e-09,4.4503938133672965e-06,2.0607350582922167e-05,0.9999749357733625
2016-11-30,4,Risk-Off,1.0520316422029672e-08,7.460767285125564e-09,1.2443885835200487e-05,1.30773854163477e-05,0.9999744607472041
2016-12-01,4,Risk-Off,4.66583990231676e-09,3.4635085516025116e-09,5.047911414469342e-06,1.2496921866753643e-05,0.999982447037278
2016-12-02,4,Risk-Off,1.0748295550310948e-08,7.553985453036404e-09,1.2553560996531523e-05,1.4514154959811156e-05,0.9999729139811615
2016-12-05,4,Risk-Off,8.54897278676491e-09,6.1513355732810656e-09,8.533303775085377e-06,9.16708020720924e-06,0.9999822849154304
2016-12-06,4,Risk-Off,1.8046477050185072e-08,1.38480895291958e-08,1.898400078538219e-05,2.1195806433367908e-05,0.9999597882988096
2016-12-07,4,Risk-Off,7.200710026345389e-09,5.2826095923797505e-09,6.498745101087851e-06,1.2817801083660208e-05,0.9999806709705787
2016-12-08,4,Risk-Off,4.992699205182277e-08,2.2826373426827478e-08,2.994613274691172e-05,1.501908861913941e-05,0.999954962025339
2016-12-09,4,Risk-Off,2.3011918412447176e-07,1.8275104105128963e-07,0.0001735399138726166,1.6688700544628973e-05,0.9998093585154143
2016-12-12,4,Risk-Off,1.0610445628862392e-07,4.7316309729855416e-08,1.4326749211436307e-05,9.391631927434128e-06,0.9999761281972409
2016-12-13,4,Risk-Off,3.3024139892751097e-06,4.723040514147147e-07,0.00017208001319643629,3.2282469218602955e-06,0.9998209170218307
2016-12-14,4,Risk-Off,7.225835910950638e-05,1.2861245118849654e-05,0.002034606901127763,4.632366740282865e-06,0.9978756411279753
2016-12-15,4,Risk-Off,0.0004015245374412956,0.00012634249595704701,0.0010281480566307988,3.355715955503538e-06,0.9984406291933696
2016-12-16,4,Risk-Off,0.000465067796012529,0.00036565886732640605,0.0030832701143275886,5.4042385420692264e-06,0.9960805989831459
2016-12-19,4,Risk-Off,0.0010635948441765288,0.0005890097613838529,0.001222185141923274,3.924152474586685e-06,0.9971212860993299
2016-12-20,4,Risk-Off,0.00048556502698683126,0.0010739764252436833,0.005983116045887546,7.84239903974955e-06,0.9924495001030096
2016-12-21,4,Risk-Off,0.00021244955908285878,0.00047908791138619964,0.001425741610633021,4.875855385292469e-06,0.9978778450627084
2016-12-22,4,Risk-Off,2.27704859260382e-05,0.00013511118183056437,0.00034974896289175763,2.2807662156938345e-06,0.9994900886035042
2016-12-23,4,Risk-Off,4.7917513683345045e-06,2.087978951996396e-05,0.0005669202319528805,2.1684979889120973e-06,0.999405239728407
2016-12-26,4,Risk-Off,1.5978755852018626e-06,2.1394830630211247e-06,7.506717683522691e-05,1.8090142795324764e-06,0.9999193864503509
2016-12-27,4,Risk-Off,3.079541836401843e-06,1.4800345293630434e-06,0.000191789582414887,1.6721995452954017e-06,0.999801978641811
2016-12-28,4,Risk-Off,3.897422783740696e-05,7.124265423706736e-06,0.0007314179612631072,2.5454719757818153e-06,0.9992199380727631
2016-12-29,4,Risk-Off,0.00035988144144882096,6.824012757376074e-05,0.0019027466301677703,5.519613593749242e-06,0.9976636121872953
2016-12-30,4,Risk-Off,0.0026866743289860177,0.0005352695207671596,0.02779894498878686,1.8570083585246546e-05,0.9689605410778165
2017-01-02,4,Risk-Off,0.028834786542398204,0.005114761974501208,0.09686970573267907,3.0321621323067872e-05,0.8691504241297413
2017-01-03,4,Risk-Off,0.08468630576372643,0.033642825744216134,0.030235781078668807,1.2020798739986743e-05,0.85142306661542
2017-01-04,4,Risk-Off,0.03486166372622409,0.07935634207530895,0.06368009933778501,2.020186198821633e-05,0.8220816929988763
2017-01-05,4,Risk-Off,0.06891598142570708,0.04960537059145235,0.1359979547168109,2.4143278602066756e-05,0.7454565499868402
2017-01-06,4,Risk-Off,0.12570117785858279,0.07946125841334503,0.07016572599106838,3.146148330840576e-05,0.7246403762537517
2017-01-09,4,Risk-Off,0.08098371400859733,0.1258430740184199,0.17576460974477182,5.384808664448578e-05,0.617354754141823
2017-01-10,4,Risk-Off,0.18457964571585975,0.10760682669918452,0.333478392732039,8.795768639829069e-05,0.37424717716702954
2017-01-11,2,Transitional,0.33094677150503565,0.20626064785774686,0.29590455372202185,7.869402168508663e-05,0.1668093328940914
2017-01-12,0,Risk-On,0.31204112319305477,0.3435188666742643,0.3087650175286123,3.362648885032657e-05,0.03564136611597764
2017-01-13,1,Late-Cycle,0.3326266323543785,0.35302009251165095,0.31182638048088124,5.248877192425042e-06,0.0025216457766033293
2017-01-16,2,Transitional,0.33628072503846107,0.3744503282330828,0.2890182846194062,4.7347513572273516e-07,0.0002501886341456505
2017-01-17,0,Risk-On,0.3159930733205105,0.3788403711517036,0.3050438103513629,8.188740079578802e-08,0.000122663288697479
2017-01-18,1,Late-Cycle,0.3318396214190486,0.36262087597695797,0.3055061624791008,2.0127308663073674e-08,3.3319998237808465e-05
2017-01-19,2,Transitional,0.33173511154221413,0.37425444093999194,0.2939767778213674,9.662571477619782e-09,3.366003301867428e-05
2017-01-20,0,Risk-On,0.3213610363146128,0.3763120949608332,0.30230533761216627,6.144308714252599e-09,2.1524967942280736e-05
2017-01-23,1,Late-Cycle,0.3293822443966794,0.3644112773703053,0.3061897077189531,4.7237147325197975e-09,1.6765791082076063e-05
2017-01-24,2,Transitional,0.33435300158657527,0.3716816560566647,0.2939647531950891,4.978000425741616e-09,5.841838392463642e-07
2017-01-25,0,Risk-On,0.32270480938354057,0.3744997059681796,0.3027944114035092,4.093304016067507e-10,1.0728361372810265e-06
2017-01-27,1,Late-Cycle,0.3323719732470062,0.36360204289098735,0.30402545347859106,4.1930018788386986e-10,5.299633366490218e-07
2017-01-30,2,Transitional,0.33244699225251884,0.3737660531065251,0.29378386385396504,2.0726015148929347e-10,3.090580505296032e-06
2017-01-31,0,Risk-On,0.32124071819302136,0.3762077757667835,0.3025254243133853,6.785574863099512e-10,2.6081047805513976e-05
2017-02-01,1,Late-Cycle,0.3297729082587726,0.3654327593137054,0.3047900065446012,9.151158763294965e-09,4.316732105629056e-06
2017-02-02,2,Transitional,0.3321482269995903,0.3694205131198111,0.29842856442793414,1.4342953952917703e-09,2.694017606446333e-06
2017-02-03,0,Risk-On,0.3274195488448043,0.3721918332045756,0.3003868240347584,7.031567215004966e-10,1.7932130248957363e-06
2017-02-06,1,Late-Cycle,0.32851637150104046,0.369514888335094,0.3019641375447224,5.626062806967243e-10,4.602056824918621e-06
2017-02-07,2,Transitional,0.3294058528643153,0.37059874908867596,0.29999290471677315,9.797747433769167e-10,2.492351315010566e-06
2017-02-08,0,Risk-On,0.3288019571159957,0.36911530172450424,0.3020820110498553,4.337196589141363e-10,7.296754180061159e-07
2017-02-09,1,Late-Cycle,0.3329164767893126,0.3705735519728891,0.2965096952072813,9.76039176307131e-11,2.759322072892174e-07
2017-02-10,2,Transitional,0.32676476672312094,0.3806198928806871,0.29261475873226617,3.208027482828911e-11,5.816310180145296e-07
2017-02-13,0,Risk-On,0.3208699675129187,0.3749891614006077,0.304138514366131,6.680348256795415e-11,2.356653133990015e-06
2017-02-14,1,Late-Cycle,0.33290386114669335,0.36362370060470267,0.30347127310549493,2.340610878158328e-10,1.16490862285008e-06
2017-02-15,2,Transitional,0.33499713062939473,0.37845064392131617,0.28655199879481236,1.1662956097236536e-10,2.2653732619376898e-07
2017-02-16,0,Risk-On,0.31627744430274196,0.3911680698181189,0.2925541259120892,2.702712666728835e-11,3.5993994125191573e-07
2017-02-17,1,Late-Cycle,0.3194349122070622,0.36281276347747016,0.31774695147463317,4.2713780549217164e-11,5.372797688703728e-06
2017-02-20,2,Transitional,0.3478917124779275,0.3578684845722715,0.2942388394003696,5.748621294093376e-10,9.629742007365432e-07
2017-02-21,0,Risk-On,0.3240428097295389,0.39682987077790055,0.2791273096532441,1.8424114769723002e-10,9.654596986376003e-09
2017-02-22,1,Late-Cycle,0.311397411959367,0.3702600975345336,0.3183421226788399,5.34855391750683e-12,3.678214611443652e-07
2017-02-23,2,Transitional,0.34723668698581517,0.35658323506707584,0.2961798107535551,4.234421719349698e-11,2.6715123381224343e-07
2017-02-27,0,Risk-On,0.32732491732875024,0.39252781685941635,0.2801460764003542,3.4044771853338184e-11,1.1893781570391298e-06
2017-02-28,1,Late-Cycle,0.3071288269546103,0.38313074635307104,0.3097387944021515,1.5754139141357256e-10,1.6321328697715974e-06
2017-03-01,2,Transitional,0.3397453121891896,0.35027926461385206,0.3099612975353428,2.037050369846726e-10,1.4125458303589579e-05
2017-03-02,0,Risk-On,0.3363663069235427,0.3893198928899788,0.2743136936812136,1.8299511613455924e-09,1.0467536651787559e-07
2017-03-03,1,Late-Cycle,0.30758355908137885,0.38369652270154797,0.3087159745120309,9.882792887939923e-11,3.943606680049909e-06
2017-03-06,2,Transitional,0.3329138048445858,0.3645527942610387,0.3025203221186432,1.0032595117494713e-09,1.307777243572761e-05
2017-03-07,0,Risk-On,0.3277415206962083,0.3712275472380616,0.30095427082602905,3.687264682784484e-09,7.665755260773814e-05
2017-03-08,1,Late-Cycle,0.32982612427119584,0.3718557132623616,0.298252396604886,2.6419340065887006e-08,6.573944233612665e-05
2017-03-09,2,Transitional,0.32022914633565963,0.38222205957797895,0.29754143003527284,2.2141141962429753e-08,7.341909163646168e-06
2017-03-10,0,Risk-On,0.3275821576893755,0.35712883919118815,0.3151909146833067,3.3712914561989836e-09,9.808506493467497e-05
2017-03-14,1,Late-Cycle,0.3400112479386025,0.38057702737722865,0.2794109835214046,1.31226555279233e-08,7.280405321185931e-07
2017-03-15,2,Transitional,0.30951634183348437,0.38307659904781916,0.30739764600060165,3.422711319148574e-10,9.412776006148572e-06
2017-03-16,0,Risk-On,0.33570263362312786,0.35900424925054436,0.3052860443478762,1.2458381125193169e-09,7.071533290598981e-06
2017-03-17,1,Late-Cycle,0.33159102749155067,0.3805177642121711,0.2878903958703562,8.724836884159393e-10,8.1155417695478e-07
2017-03-20,2,Transitional,0.3206908330771837,0.3754250400957289,0.3038800268185498,1.4643314894310707e-10,4.099861435131504e-06
2017-03-21,0,Risk-On,0.3293058127553439,0.37314138195560004,0.2975507645337756,5.837080018914654e-10,2.0401709502545866e-06
2017-03-22,1,Late-Cycle,0.3272718068676957,0.36909372025722914,0.30358921330114974,3.025195517494446e-10,4.5259270723704774e-05
2017-03-23,2,Transitional,0.3294049349998981,0.3800029938275213,0.2905908313154446,6.2849554348726835e-09,1.2335720797620094e-06
2017-03-24,0,Risk-On,0.32065806817355147,0.3756363382477466,0.3036674774965183,3.2017736998844966e-10,3.811576160683044e-05
2017-03-27,1,Late-Cycle,0.3270958431208846,0.37285915539588504,0.299998767447612,6.686682175434017e-09,4.622734840124479e-05
2017-03-28,2,Transitional,0.3258840482742498,0.3684647974053504,0.305494840354037,7.216203224050449e-09,0.00015630674939212186
2017-03-29,0,Risk-On,0.33197560475171883,0.37209061279648503,0.29591444150369306,1.980678873459379e-08,1.9321141649525765e-05
2017-03-30,1,Late-Cycle,0.32325079976218873,0.3775471982183665,0.2991619426163158,3.2367662695364644e-09,4.005616658824387e-05
2017-03-31,2,Transitional,0.3250177445904999,0.3688207001100339,0.3061225015714832,5.641349723056286e-09,3.9048086430510165e-05
2017-04-03,0,Risk-On,0.33399184438525753,0.3684517126457362,0.29755134088095736,4.6788480939659065e-09,5.097408718996443e-06
2017-04-05,1,Late-Cycle,0.3270044123127599,0.3803201990138244,0.29266474739081727,8.359719244080314e-10,1.0640446454473588e-05
2017-04-06,2,Transitional,0.3175420540815444,0.37541286273591284,0.30702025957183915,1.5810945951517577e-09,2.482202973284599e-05
2017-04-07,0,Risk-On,0.3359245996866387,0.3565252036938108,0.3075221365692587,3.063787884380849e-09,2.8056986662067925e-05
2017-04-10,1,Late-Cycle,0.335570855419241,0.38606266910643866,0.27836604407353055,3.5426487104462894e-09,4.278582025356774e-07
2017-04-11,2,Transitional,0.30792302738095223,0.3875657002507674,0.304508764582019,1.0660655540255591e-10,2.507679727741459e-06
2017-04-12,0,Risk-On,0.3321739985824158,0.3551822298147141,0.31258008362283557,3.6844817322122465e-10,6.368761224440783e-05
2017-04-13,1,Late-Cycle,0.33734060865702004,0.3777505830269064,0.2848747669430051,1.799099509783146e-08,3.402338232299325e-05
2017-04-17,2,Transitional,0.3105107008259894,0.3863312623747248,0.3025299104670191,9.346224330227861e-09,0.0006281169859858973
2017-04-18,0,Risk-On,0.3226898822565959,0.3576095229284393,0.31858958878625504,2.3439547060062223e-07,0.0011107716328066604
2017-04-19,1,Late-Cycle,0.3426598848386039,0.36079951578876396,0.29627457728018636,5.73975754291573e-07,0.0002654481164879418
2017-04-20,2,Transitional,0.3210138562968857,0.39280874905981433,0.2861628313795388,1.4627703744778178e-07,1.4416986865251106e-05
2017-04-21,0,Risk-On,0.3115071902557212,0.37012641437935395,0.31823342087829287,1.3856377575190226e-08,0.00013296063034336122
2017-04-24,1,Late-Cycle,0.34181775725045144,0.35697021824640585,0.3009891910227258,3.5412226584687374e-08,0.00022279806901610768
2017-04-25,2,Transitional,0.3262475714518452,0.3841471003661937,0.28959500590305365,3.7263675925515395e-08,1.0285015341918083e-05
2017-04-26,0,Risk-On,0.32047223579471534,0.3714358976280907,0.3080848406913283,2.291422158653579e-09,7.023594531862605e-06
2017-04-27,1,Late-Cycle,0.33484690706528625,0.3729729689936564,0.29217626711350897,1.3427537845951674e-09,3.855485063506986e-06
2017-04-28,2,Transitional,0.31879397586224545,0.37930142754878027,0.3016641258767424,2.4348523409427384e-09,0.0002404682764727238
2017-05-02,0,Risk-On,0.3260830006243721,0.3699258256266161,0.3038949083176202,5.479641087803555e-08,9.62106344163005e-05
2017-05-03,1,Late-Cycle,0.3290687033031455,0.36748996207497464,0.3022259968760762,2.5285899902153755e-08,0.0012153124602627056
2017-05-04,2,Transitional,0.32467513698192624,0.37769716505577716,0.2952439960738163,4.512141484751568e-07,0.0023832506734431146
2017-05-05,0,Risk-On,0.3161307681349954,0.3710279072444219,0.3065047476228032,4.667356378634139e-07,0.0063361102613470515
2017-05-08,1,Late-Cycle,0.3264918140823928,0.36291064923140015,0.3039544200519817,1.151574322926887e-06,0.00664196506007213
2017-05-09,2,Transitional,0.32612245489117864,0.3670752326916655,0.30215152957372166,1.673448347069794e-06,0.004649109395497854
2017-05-10,0,Risk-On,0.3264123274919912,0.3702088525769554,0.30189529891787803,2.465971800542536e-06,0.0014810550405614643
2017-05-11,1,Late-Cycle,0.32768314676783067,0.37362512602569126,0.29813870320392427,6.180745909336805e-07,0.0005524059272219246
2017-05-12,2,Transitional,0.321293033101168,0.37449930882169785,0.3038313846376028,1.593518428540239e-07,0.0003761140874882405
2017-05-15,0,Risk-On,0.32954623205219247,0.36186015042716047,0.30847980454263046,8.179863681986394e-08,0.00011373117957166136
2017-05-16,1,Late-Cycle,0.3369357233131198,0.3736125616405888,0.289450288163447,1.8775192680305694e-08,1.4081079002346215e-06
2017-05-17,2,Transitional,0.3193599277761682,0.38512988013242816,0.295509359855892,6.349577367116006e-10,8.316008765207406e-07
2017-05-18,0,Risk-On,0.3243295139630121,0.3675490815243589,0.30808857116689997,1.6221150960798994e-10,3.283318414341654e-05
2017-05-19,1,Late-Cycle,0.33252207927276695,0.37083614321219754,0.2965763206251416,7.293401308191648e-09,6.544959670134367e-05
2017-05-22,2,Transitional,0.32340533206979977,0.3734447935607556,0.30304825536373453,1.4839763124794772e-08,0.00010160416647851126
2017-05-23,0,Risk-On,0.33040388396795617,0.36955063322565535,0.29980094672985125,2.6770171960300392e-08,0.0002445093058314136
2017-05-24,1,Late-Cycle,0.3225150362347438,0.37908830223535706,0.2977315428229067,1.6616822819455485e-07,0.000664952538347788
2017-05-25,2,Transitional,0.3220484921139868,0.3694641404115398,0.3078809962644236,1.5502913698399086e-07,0.0006062161803811494
2017-05-26,0,Risk-On,0.33269515691095847,0.36554174293173125,0.3014051899069152,1.4108869993414202e-07,0.00035776916130004203
2017-05-29,1,Late-Cycle,0.32720809363528097,0.3779322865000332,0.29479877515373015,5.3206442573723713e-08,6.07915044588738e-05
2017-05-30,2,Transitional,0.3214539149443393,0.37150602069343813,0.3069420511993248,1.593307069910074e-08,9.79972289727715e-05
2017-05-31,0,Risk-On,0.3335143052900974,0.3668082281540048,0.2996538484895109,1.3003857164836958e-08,2.360506212187736e-05
2017-06-01,1,Late-Cycle,0.32705237803006304,0.37783541488176314,0.2950894948622431,3.416081613579242e-09,2.2708810723383307e-05
2017-06-02,2,Transitional,0.3220411209199345,0.37347775218137175,0.30434241969172404,6.398312308042691e-09,0.0001387008089023058
2017-06-05,0,Risk-On,0.3289083664967408,0.36934777137692265,0.3016970074979801,3.713538590254037e-08,4.68174925977094e-05
2017-06-06,1,Late-Cycle,0.3294086178623306,0.3685571142689076,0.3019510860718129,1.958020632216278e-08,8.316221633818581e-05
2017-06-07,2,Transitional,0.3293846735672592,0.38067613481727947,0.28993659854420584,1.1289212058096955e-08,2.5817823898505807e-06
2017-06-08,0,Risk-On,0.31766120985388063,0.37482814255480623,0.3072475457544898,1.473942849988743e-09,0.00026310036282547274
2017-06-09,1,Late-Cycle,0.33078579416793913,0.367862948491435,0.30102278073331085,6.013828988182056e-08,0.00032841646910969537
2017-06-12,2,Transitional,0.32521507978327635,0.37145444933422295,0.30263402433589015,8.892966170734373e-08,0.0006963576170706234
2017-06-13,0,Risk-On,0.3295473710635921,0.371341968867742,0.297807882218092,1.0267059898066821e-07,0.00130267517985833
2017-06-14,1,Late-Cycle,0.31692361901284544,0.37998775352133035,0.30004923485885715,1.7914040695474768e-07,0.0030392134670488096
2017-06-15,2,Transitional,0.3226017935235287,0.3537477708728063,0.31892370388228786,6.229793711271799e-07,0.0047261087419752466
2017-06-16,0,Risk-On,0.3446727466535116,0.37015943940201995,0.28193504773620925,2.2351899276626747e-06,0.0032305310174768893
2017-06-19,1,Late-Cycle,0.29949179698873635,0.3988007197178952,0.2990406495041905,1.1199629343962057e-06,0.002665713825644026
2017-06-20,2,Transitional,0.3253001283646175,0.32996598581973213,0.3398482462001687,4.4766008327680117e-07,0.004885191955438416
2017-06-21,0,Risk-On,0.36407869579946456,0.3768848088457938,0.24489999584170233,4.456611838107876e-07,0.01413605385102525
2017-06-22,1,Late-Cycle,0.21534627857202684,0.4305898130262585,0.2923005744245265,7.879491828234839e-07,0.06176254602746197
2017-06-23,2,Transitional,0.0743536055209286,0.22997749639284526,0.31886944494572494,1.5618150188324766e-06,0.3767978913247734
2017-06-27,4,Risk-Off,0.028263554334356168,0.07194439725742939,0.10641654018718089,9.740612747883296e-06,0.7933657676079144
2017-06-28,4,Risk-Off,0.015954588736550344,0.02818312587572146,0.03447688124139522,2.3869777610996425e-05,0.9213615343685542
2017-06-29,4,Risk-Off,0.01302432778417578,0.017007413388673065,0.018618551545324914,2.7397606614437012e-05,0.9513223096748407
2017-06-30,4,Risk-Off,0.013814886973116159,0.01448800574149013,0.01739632454715538,4.729312424220169e-05,0.9542534896142101
2017-07-03,4,Risk-Off,0.016331785277345964,0.015785953926439954,0.026739207993794704,9.313562139414412e-05,0.9410499171810398
2017-07-04,4,Risk-Off,0.02543736009013749,0.018769613280216146,0.036346759617669755,8.445679435269845e-05,0.9193618102172044
2017-07-05,4,Risk-Off,0.037221388599607386,0.028023322732897947,0.07104785282226593,0.00015827196910679655,0.8635491638753128
2017-07-06,4,Risk-Off,0.07322251683471746,0.04349951097351279,0.1547569671421708,0.00028946608297321076,0.7282315389662548
2017-07-07,4,Risk-Off,0.15456314359530812,0.0833224013817498,0.2124964223426034,0.0003246264063405467,0.5492934062735116
2017-07-10,2,Transitional,0.22025026234739917,0.16579458012066012,0.3500675263567168,0.00017804815993320157,0.26370958301499886
2017-07-11,0,Risk-On,0.3507644451021946,0.2471520128099539,0.2762156510481688,0.0001283059613203086,0.12573958507827163
2017-07-12,1,Late-Cycle,0.2973559538045927,0.3681811601055029,0.30414733143403366,6.479995905711591e-05,0.03025075469614286
2017-07-13,2,Transitional,0.3267989820076183,0.34561457977271137,0.32552028744819894,1.0180066178241668e-05,0.0020559707045892375
2017-07-14,0,Risk-On,0.35045182721977886,0.3631015352438815,0.28635714097636583,7.060340184365381e-07,8.879052517097559e-05
2017-07-17,1,Late-Cycle,0.3158806688117686,0.3962004244700405,0.28791590516351134,3.891248980903999e-08,2.962642716520381e-06
2017-07-18,2,Transitional,0.3154162444811091,0.3656722699389176,0.3186519329764468,3.823281245287537e-09,0.00025954877953269216
2017-07-19,0,Risk-On,0.3416277320143185,0.36340186898540827,0.2946422147768769,9.30309923933343e-08,0.0003280911916591929
2017-07-20,1,Late-Cycle,0.31908884396018716,0.3842455342369153,0.29632717727682556,1.7998640665382595e-07,0.000338264540042733
2017-07-21,2,Transitional,0.32307940265033824,0.3667971524505605,0.309964941602535,9.589717068730029e-08,0.00015840739883853035
2017-07-24,0,Risk-On,0.3344417527740168,0.3679978702723378,0.2974682588790195,5.5671422185936905e-08,9.206240245891561e-05
2017-07-25,1,Late-Cycle,0.32459100671929864,0.3771342528962283,0.2982339620691239,3.412300262411107e-08,4.074419152495271e-05
2017-07-26,2,Transitional,0.3251679648669479,0.37030534098443607,0.3045170638063657,2.220909935183664e-08,9.60813293963188e-06
2017-07-27,0,Risk-On,0.33212940293060905,0.36647205303744207,0.30139357662931154,4.8657216093641e-09,4.962537503362202e-06
2017-07-28,1,Late-Cycle,0.33018524158489715,0.37419109007971124,0.29561455018674754,3.351035989872219e-09,9.114798331030876e-06
2017-07-31,2,Transitional,0.3220494741746205,0.3778007783165415,0.3001490305913918,2.4904803533151633e-09,7.144271084273288e-07
2017-08-01,0,Risk-On,0.3309040993595493,0.35904171938074514,0.31005119530752145,2.80277685701153e-10,2.9856721054784207e-06
2017-08-02,1,Late-Cycle,0.3396001560309324,0.37851870056507886,0.28188006527058385,7.026310791927051e-10,1.0774306263372214e-06
2017-08-03,2,Transitional,0.3074010098374105,0.3875128770543794,0.3050370333664759,3.823406786034331e-10,4.907935903810248e-05
2017-08-04,0,Risk-On,0.3323407150792345,0.34746612992387665,0.3199935003937636,1.9093247681790756e-08,0.0001996355097456998
2017-08-07,1,Late-Cycle,0.3472319001727902,0.37868572867741024,0.2707762013079561,3.24813733474984e-08,0.0033061373608017264
2017-08-08,2,Transitional,0.2148732285681547,0.4064624350303994,0.2820700065474604,1.1756920214339575e-07,0.09659421228454765
2017-08-09,4,Risk-Off,0.0679104803972501,0.23922848304858757,0.29137598312796864,1.276092561073247e-06,0.40148377733323154
2017-08-10,4,Risk-Off,0.009916117168811429,0.06230864316810808,0.12239400295642362,2.564610679049287e-06,0.8053786720959245
2017-08-11,4,Risk-Off,0.0017394506867113664,0.006592178991617075,0.011713808554831553,2.107676779652199e-06,0.9799524540903749
2017-08-14,4,Risk-Off,0.0006687573409703541,0.0015522381153650743,0.0027965247380554795,2.2685439906630613e-06,0.9949802112611885
2017-08-16,4,Risk-Off,0.00031813694151144547,0.0006840368106925796,0.0012720719522422372,2.6141557175589567e-06,0.997723140140332
2017-08-17,4,Risk-Off,0.00012878699505639122,0.00033605775330100134,0.0017525063922739857,4.241428131158366e-06,0.9977784074313184
2017-08-18,4,Risk-Off,3.985143777773661e-05,0.00011361318158046263,0.000681282207590107,2.4328936054054912e-06,0.9991628202792314
2017-08-21,4,Risk-Off,7.1365939560308135e-06,2.6331684044944565e-05,0.0002846648092089802,3.176904684089274e-06,0.9996786900073967
2017-08-22,4,Risk-Off,4.0265407266009614e-06,5.562884592010269e-06,0.0002027904038582712,2.175835745603715e-06,0.9997854443346597
2017-08-23,4,Risk-Off,5.386284605376754e-06,4.745654751461526e-06,0.0004079097739570619,2.099327268552933e-06,0.9995798589600394
2017-08-24,4,Risk-Off,6.202775915250132e-06,6.1847709442420694e-06,0.00031883651510649394,4.69303440724783e-06,0.9996640829035681
2017-08-28,4,Risk-Off,3.5898647475214287e-06,5.28616743100441e-06,0.0002821844241493064,1.8837674652749032e-06,0.9997070557758304
2017-08-29,4,Risk-Off,2.658138431464334e-06,2.9434094784839543e-06,0.00018969607546408303,1.8292154668748112e-06,0.9998028731604464
2017-08-30,4,Risk-Off,2.2739686429391085e-06,2.6959672132512216e-06,0.0002953374551998154,1.6258647976929728e-06,0.9996980667436762
2017-08-31,4,Risk-Off,1.8872337267614162e-06,2.024670445690473e-06,0.0001612156772063073,2.6483794047976795e-06,0.9998322240396034
2017-09-01,4,Risk-Off,1.3565341770460384e-06,1.662969448254228e-06,0.00020346692513769604,3.467050142964215e-06,0.9997900465213055
2017-09-04,4,Risk-Off,2.1785112139497826e-06,1.3356908192576744e-06,0.0001392274763924862,1.925742995266276e-06,0.9998553325792852
2017-09-05,4,Risk-Off,8.68332671804385e-06,3.1146173402141456e-06,0.00038652074172721383,2.792817510965023e-06,0.9995988884967238
2017-09-06,4,Risk-Off,7.837134690212486e-05,1.5105859251808482e-05,0.0005993410746227623,3.4356593005750377e-06,0.9993037460596008
2017-09-07,4,Risk-Off,0.0006148724943092442,0.0001223883600183337,0.005798161589257274,1.1132150347840476e-05,0.9934534454069356
2017-09-08,4,Risk-Off,0.0074344581848451614,0.0012212674939038066,0.060336280550329836,5.597608716979948e-05,0.9309520176840737
2017-09-11,2,Transitional,0.06693176815996597,0.01267739286346835,0.3122121388952397,0.00014691100005581603,0.6080317890819292
2017-09-12,0,Risk-On,0.3095433562488594,0.08625176893665094,0.4668677017051675,0.00014543249900415427,0.1371917406094598
2017-09-13,1,Late-Cycle,0.45515091341285824,0.3232143246877046,0.21181951828304652,2.7837360236915352e-05,0.009787406255667203
2017-09-14,2,Transitional,0.24747386225666118,0.4574154644410052,0.2927790738578433,3.4358625584544907e-06,0.0023281635816351106
2017-09-15,0,Risk-On,0.3283564284757019,0.31784768570251265,0.35241435687910766,1.0834164702775802e-06,0.0013804455254010914
2017-09-18,1,Late-Cycle,0.3599456441645576,0.3873635674070402,0.2520553302399073,3.623866451278038e-07,0.0006350958013122638
2017-09-19,2,Transitional,0.280529076702021,0.3762953925574916,0.34294635771587373,1.0628299487303244e-07,0.00022906674141012006
2017-09-20,0,Risk-On,0.3849059669637525,0.3275881348433608,0.28672164073395195,5.58045129513508e-08,0.0007842016545182481
2017-09-21,1,Late-Cycle,0.2837298122996407,0.463850002676378,0.2397672691635738,6.025670043948026e-08,0.012652855603527318
2017-09-22,2,Transitional,0.09186990126101062,0.30325505681416975,0.3777903123958874,8.929785259346988e-08,0.22708464023129254
2017-09-25,4,Risk-Off,0.026086755109405647,0.09169739757581624,0.13845707724051096,8.163418344502227e-07,0.7437579537327281
2017-09-26,4,Risk-Off,0.005918087353406301,0.023996576902756132,0.04021526256807118,1.6881358452448657e-06,0.92986838504071
2017-09-27,4,Risk-Off,0.0010053017984880473,0.004916520872012454,0.008561145704150744,1.825611331387296e-06,0.9855152060137098
2017-09-28,4,Risk-Off,0.000146660098674024,0.0007926003413716079,0.0019543009005511276,2.0452031654167447e-06,0.9971043934561488
2017-09-29,4,Risk-Off,3.1860643128701976e-05,0.00010403370673462656,0.0004260137679343093,2.8745199218452583e-06,0.999435217362452
2017-10-03,4,Risk-Off,2.7078103588347336e-05,2.9462579537620994e-05,0.0003485855865717527,2.494091422529883e-06,0.9995923796388114
2017-10-04,4,Risk-Off,9.32329558967479e-05,3.6916284413873106e-05,0.0012154606826339438,2.909170780251734e-06,0.9986514809067457
2017-10-05,4,Risk-Off,0.0003880679796339628,0.0001315869033613461,0.0015713959856342137,3.551377997884903e-06,0.9979053977524664
2017-10-06,4,Risk-Off,0.0007085126456394854,0.0004201229595954309,0.00265814283164528,3.785543097820312e-06,0.9962094360199703
2017-10-09,4,Risk-Off,0.0012214128100796367,0.0007875854585701513,0.0026797610196635834,4.352847186499224e-06,0.9953068878638961
2017-10-10,4,Risk-Off,0.0016060654136632315,0.0012909875401619561,0.0043578086187894705,4.62198469583478e-06,0.9927405164421517
2017-10-11,4,Risk-Off,0.0028869853172207383,0.001809983553687164,0.005159579301396047,5.058857382383558e-06,0.9901383929694066
2017-10-12,4,Risk-Off,0.004838061848645677,0.003171233498240185,0.014562265022338554,1.0471630893693577e-05,0.9774179679992528
2017-10-13,4,Risk-Off,0.014612703582429075,0.005988496375097956,0.04008999991432556,2.331993552339883e-05,0.9392854801933824
2017-10-16,4,Risk-Off,0.03913150714994834,0.017143497919509726,0.06516419658779721,2.3857762573074333e-05,0.8785369405795848
2017-10-17,4,Risk-Off,0.063008668004471,0.04193307554681383,0.06777981174683374,2.396720796181631e-05,0.8272544774937188
2017-10-18,4,Risk-Off,0.06908374964336814,0.06650701374842513,0.08368245331547967,2.2391695099384565e-05,0.7807043915976638
2017-10-19,4,Risk-Off,0.08493247351788512,0.07875699867008124,0.10427173823013627,0.00011022622431445049,0.7319285633577554
2017-10-23,4,Risk-Off,0.10923868855570473,0.09596252733215609,0.17596796313861898,5.643444095882255e-05,0.6187743865319256
2017-10-24,2,Transitional,0.1822806245549857,0.12478170101166372,0.2991829753638215,9.267618999466133e-05,0.3936620228790782
2017-10-25,0,Risk-On,0.3089162741751678,0.2035472284157245,0.4400569288177301,9.68065835532549e-05,0.04738276200803811
2017-10-26,1,Late-Cycle,0.4398576793254964,0.33884434391104734,0.22028890410188226,1.3087923362549771e-05,0.0009959847385244652
2017-10-27,2,Transitional,0.2579585072106983,0.45082988192102347,0.29116325625294776,6.483828026072954e-07,4.770623317976768e-05
2017-10-30,0,Risk-On,0.324565370304278,0.3261940336136351,0.3492378983156678,7.296879826567332e-08,2.6247977760785545e-06
2017-10-31,1,Late-Cycle,0.3662811969903934,0.36613253597887896,0.267582736936418,4.045808907975052e-09,3.526048084668207e-06
2017-11-01,2,Transitional,0.30217448488352944,0.3924937240843136,0.305329742110998,2.116508950030452e-09,2.0468042397817634e-06
2017-11-02,0,Risk-On,0.3361192410190006,0.35810977043222586,0.305768968419065,6.105110820677644e-10,2.0195190840191816e-06
2017-11-03,1,Late-Cycle,0.32757203881558555,0.3803933571938253,0.29202577365335697,1.631465318071632e-09,8.828705017110668e-06
2017-11-06,2,Transitional,0.324894051894064,0.363887337604278,0.3112117218309592,4.413116119036272e-09,6.884256754165062e-06
2017-11-07,0,Risk-On,0.33838214800118094,0.37872808060047786,0.28281972375387393,2.6962299689107255e-09,7.004494790898248e-05
2017-11-08,1,Late-Cycle,0.30238228112680265,0.38646504536786214,0.3111041899209782,1.1302749853064596e-08,4.84722822886773e-05
2017-11-09,2,Transitional,0.34552492184463046,0.3303649550263911,0.32372356150676174,7.428181373618879e-09,0.0003865541935457766
2017-11-10,0,Risk-On,0.34763680520174695,0.40798181279648194,0.24084899577443356,1.505671473450735e-07,0.0035322356605512134
2017-11-13,1,Late-Cycle,0.22830737645524898,0.4020736735016307,0.3361137863070537,1.69183422841245e-06,0.033503471901757884
2017-11-14,2,Transitional,0.1781611642394182,0.2579155652087699,0.2724613670935434,4.2752323655314464e-07,0.29146147593442767
2017-11-15,4,Risk-Off,0.18625572013038375,0.20161041351032324,0.18670626070507604,3.6175886148129114e-06,0.4254239880661414
2017-11-16,4,Risk-Off,0.18411659962628935,0.20744642057541748,0.17180514242319733,9.931581763135909e-06,0.4366219057932408
2017-11-17,4,Risk-Off,0.1795802980661946,0.21078936169848084,0.19684137860399797,1.3575497846612e-05,0.41277538613368525
2017-11-20,4,Risk-Off,0.20221449359789123,0.20299479421819094,0.19884150118917016,1.5704973815074007e-05,0.39593350602093413
2017-11-21,4,Risk-Off,0.2058538172556639,0.2260866383589766,0.17653204504520775,8.576355494531045e-06,0.39151892298485225
2017-11-22,4,Risk-Off,0.159932665445525,0.2389374510684304,0.1800603998829555,5.7407452323932966e-06,0.4210637428584119
2017-11-23,4,Risk-Off,0.11097682524973507,0.1771578993390746,0.18642821930264286,4.028615347887057e-06,0.5254330274933569
2017-11-24,4,Risk-Off,0.06669947538358616,0.1235477994372496,0.10912069845314148,4.069684775630182e-06,0.7006279570417948
2017-11-27,4,Risk-Off,0.03550260107015557,0.0725667289235324,0.08587985234216441,4.572142019000217e-06,0.8060462455220373
2017-11-28,4,Risk-Off,0.013675560096740636,0.03806955498477295,0.03979232078455537,4.0714093130048144e-06,0.9084584927244139
2017-11-29,4,Risk-Off,0.0025581650604876143,0.013504149913745574,0.023818154162990646,4.565032451142131e-06,0.9601149658309281
2017-11-30,4,Risk-Off,0.0002348585699489253,0.0018625932461784627,0.004505215121955926,3.605664099093891e-06,0.9933937273974243
2017-12-01,4,Risk-Off,1.472709496790677e-05,0.0001098333093104048,0.0003878985997039579,2.6592855382316004e-06,0.9994848817096591
2017-12-04,4,Risk-Off,1.5699982465986765e-06,6.76405312006694e-06,0.00012473751150526583,2.8271933221912426e-06,0.9998641012444475
2017-12-05,4,Risk-Off,1.2568155660332544e-06,1.3300500717825011e-06,0.00019189533165188085,4.147829095139656e-06,0.9998013699740809
2017-12-06,4,Risk-Off,6.3873187767587265e-06,1.6999761152959403e-06,0.00016138660881490945,3.1425083640988545e-06,0.9998273835887116
2017-12-07,4,Risk-Off,6.590066109551107e-05,1.2283127354768203e-05,0.0011564221062701527,3.294991901270451e-06,0.9987620991132017
2017-12-08,4,Risk-Off,0.0007238385215591173,0.0001275532243956426,0.0031636796307175693,4.920659734629879e-06,0.9959800079635768
2017-12-11,4,Risk-Off,0.003038794349840766,0.0009196070702860154,0.01316997765007166,1.2498992598567362e-05,0.9828591219363035
2017-12-12,4,Risk-Off,0.013348387221749771,0.00400812088368491,0.04479159469505298,2.0194120816232134e-05,0.9378317030778797
2017-12-13,4,Risk-Off,0.04248691721845063,0.015839195053602415,0.054227053612493574,2.923214646548642e-05,0.8874176019694766
2017-12-14,4,Risk-Off,0.05711870392424042,0.04420131020239466,0.131754362968531,9.770291967197264e-05,0.7668279199852097
2017-12-15,4,Risk-Off,0.12942595584688577,0.06851902804789604,0.13956799967899156,3.450081219250106e-05,0.6624525156142322
2017-12-18,4,Risk-Off,0.1400695207742606,0.13387823507377916,0.12315008449982202,3.025939531466736e-05,0.6028719002568513
2017-12-19,4,Risk-Off,0.13350967695547492,0.15371794645989761,0.18425699210211993,2.811773364683488e-05,0.5284872667479665
2017-12-20,4,Risk-Off,0.1871127318926356,0.1581887548379051,0.17627644779375012,3.391516415579712e-05,0.47838815031115395
2017-12-21,4,Risk-Off,0.18484880805577894,0.2025201041491717,0.19932355412229458,3.062526412269384e-05,0.41327690840929443
2017-12-22,4,Risk-Off,0.21204861283184878,0.21017933552174586,0.25390599968287286,2.691441394254157e-05,0.323839137550009
2017-12-26,4,Risk-Off,0.2622193242393637,0.2405959603656831,0.23280023098310823,2.291149896059527e-05,0.2643615729135305
2017-12-27,4,Risk-Off,0.2472380068541884,0.2871364667963293,0.2547382039716931,2.396909872057319e-05,0.21086335327954453
2017-12-28,4,Risk-Off,0.2727954061577859,0.28216107663347184,0.3134595154547133,2.802175751918534e-05,0.13155597999631044
2017-12-29,2,Transitional,0.330148599890225,0.3097316892601465,0.31759249336839807,1.894726519801657e-05,0.04250827021623884
2018-01-02,0,Risk-On,0.33578612270681873,0.36554979525168313,0.28344318085817677,1.3601057342320241e-05,0.015207300126723326
2018-01-03,1,Late-Cycle,0.31054461910841524,0.37669794061409273,0.3106237891334203,5.3963809920007015e-06,0.00212825476267228
2018-01-04,2,Transitional,0.33627131475803157,0.35954231516555407,0.30406161779681623,4.541661457298064e-07,0.00012429811257996337
2018-01-05,0,Risk-On,0.32965754632981076,0.3775643986826624,0.2927445509400751,3.7495117546989214e-08,3.346655309265072e-05
2018-01-08,1,Late-Cycle,0.3214352570250053,0.37237075412407644,0.3061877585329018,1.0419070829558098e-08,6.219898183208201e-06
2018-01-09,2,Transitional,0.3344375355946248,0.36492106471786745,0.30063096033413045,1.4791044596497006e-09,1.0437875141705458e-05
2018-01-10,0,Risk-On,0.32787348436473124,0.37951435548470275,0.2925960139971422,2.0469312527197873e-09,1.614410702988703e-05
2018-01-11,1,Late-Cycle,0.3192288284301792,0.3732638081306243,0.3074447029208585,4.2166038661992786e-09,6.265630145804572e-05
2018-01-12,2,Transitional,0.3338797022513242,0.36295816504811024,0.3031401508946221,2.2670814900465303e-08,2.1959134392615862e-05
2018-01-15,0,Risk-On,0.3306034825096992,0.3760835386590022,0.2933099254517945,9.03136209821822e-09,3.0443476291966816e-06
2018-01-16,1,Late-Cycle,0.3217486345146387,0.37240691384964136,0.3058211041362757,1.9991149670773887e-09,2.3345499544694656e-05
2018-01-17,2,Transitional,0.33276067709548585,0.3679317586668656,0.2992815172234271,1.6908668327382045e-08,2.6030106136638733e-05
2018-01-18,0,Risk-On,0.3249446317985721,0.3784924019153574,0.29652732876445803,1.7736234232942196e-08,3.561978521472662e-05
2018-01-19,1,Late-Cycle,0.32304598150338815,0.3681059143862151,0.3088202935012204,1.51953636799877e-08,2.7795414534462563e-05
2018-01-22,2,Transitional,0.33698944532193137,0.36502625546322504,0.2979812569623287,8.50821358550162e-09,3.033743799353355e-06
2018-01-23,0,Risk-On,0.32665365871179697,0.3807121145735471,0.29263026389502267,2.900823400448178e-09,3.9599195673726525e-06
2018-01-24,1,Late-Cycle,0.31876275683215655,0.37196397845936235,0.3092668011833948,2.047262288247551e-09,6.46147842468067e-06
2018-01-25,2,Transitional,0.3388172134341701,0.3567995188406547,0.3043717199828301,3.1253496465046777e-09,1.1544617647479411e-05
2018-01-29,0,Risk-On,0.3321772384196491,0.38777313133082947,0.28004612653593874,1.6029651711726144e-08,3.4876833797555064e-06
2018-01-30,1,Late-Cycle,0.3041038053656201,0.3797253168521113,0.3161654246444971,1.5421362594542346e-09,5.451595564085604e-06
2018-01-31,2,Transitional,0.34868891274344216,0.33581632406234685,0.3154931757433211,7.727945205203072e-10,1.5866778502602245e-06
2018-02-01,0,Risk-On,0.348650072092641,0.40208201209540506,0.24891894425679384,1.0243873033979469e-09,0.0003489705311754998
2018-02-02,1,Late-Cycle,0.1966994745350161,0.4114026266504238,0.31115892117055655,5.750445961464182e-09,0.0807389718926674
2018-02-05,2,Transitional,0.05715674449184402,0.20882758793691494,0.2925840437906432,3.381924742974314e-07,0.4414312855879895
2018-02-06,4,Risk-Off,0.01125741656002674,0.05117796432129681,0.09071240199791786,9.73649431737593e-07,0.8468512434721148
2018-02-07,4,Risk-Off,0.0018614464566923908,0.009045816582278082,0.017293200726475763,1.8062762650221003e-06,0.9717977299587641
2018-02-08,4,Risk-Off,0.00022584326008388204,0.001373029040346939,0.0030127724850187794,1.5590928666263228e-06,0.9953867961211369
2018-02-09,4,Risk-Off,2.090187360960388e-05,0.0001397501470890366,0.0005470480973633288,1.8782530724044564e-06,0.9992904216286385
2018-02-12,4,Risk-Off,2.378178937447701e-06,1.108340898005026e-05,0.00017556540135591365,1.5696409945869454e-06,0.9998094033704171
2018-02-14,4,Risk-Off,7.491208952736032e-07,1.3744880628887794e-06,0.00012876089441606287,1.3943694261753498e-06,0.9998677211263484
2018-02-15,4,Risk-Off,5.299970384359887e-07,6.282188486441235e-07,0.00013109547487176226,1.4444640341012523e-06,0.9998663018449127
2018-02-16,4,Risk-Off,2.7524294630691436e-07,3.824780397465413e-07,9.590781962332888e-05,1.5398293999120498e-06,0.9999018946305667
2018-02-19,4,Risk-Off,4.967214207851922e-08,6.585010175797934e-08,2.2931317937185884e-05,1.7107866109542067e-06,0.9999752423727595
2018-02-20,4,Risk-Off,2.355276828296334e-08,2.1985238479543525e-08,1.9044080307924047e-05,1.923987943864342e-06,0.9999789863929982
2018-02-21,4,Risk-Off,1.737914795926426e-08,1.5195858574704443e-08,1.5228267721352327e-05,2.2104485783751486e-06,0.999982528708472
2018-02-22,4,Risk-Off,1.0983797990242555e-08,9.280880709709693e-09,1.0353219381347182e-05,3.144318254037177e-06,0.9999864821970353
2018-02-23,4,Risk-Off,1.2524490937712874e-08,9.433145347993523e-09,1.1275005765271208e-05,3.2100333022875953e-06,0.9999854930026221
2018-02-26,4,Risk-Off,3.463419069286216e-08,2.6848602025376783e-08,3.043563364095399e-05,2.9892200571040837e-06,0.9999665136642525
2018-02-27,4,Risk-Off,2.880200386275066e-08,2.6262117108014877e-08,2.2735140878454622e-05,2.7700798159356484e-06,0.9999744397147671
2018-02-28,4,Risk-Off,1.1468174564793395e-08,1.0107252293212077e-08,1.029213766959598e-05,4.568446409427456e-06,0.9999851178397515
2018-03-01,4,Risk-Off,1.189175953825041e-08,9.797435324422974e-09,1.1481319013484715e-05,1.0019396637383103e-05,0.9999784775942846
2018-03-05,4,Risk-Off,1.7328221390448594e-08,1.429622574397208e-08,1.816907012730673e-05,1.0222794716268262e-05,0.9999715765099184
2018-03-06,4,Risk-Off,5.115979477523455e-09,4.234055813933203e-09,5.269651973136618e-06,1.1698400439002033e-05,0.9999830225974248
2018-03-07,4,Risk-Off,1.177210636102106e-08,8.3824734965846e-09,1.0907521691669738e-05,4.189894230909548e-06,0.9999848824296741
2018-03-08,4,Risk-Off,5.645439760421356e-08,3.356521522053228e-08,3.402181015752095e-05,1.8592088107205145e-06,0.999964028961908
2018-03-09,4,Risk-Off,3.7225887740671963e-07,1.4855881804417573e-07,7.189487672483927e-05,1.8770954116779488e-06,0.9999257072108618
2018-03-12,4,Risk-Off,1.8392311106012995e-06,1.0546462334150404e-06,0.00036927083889425543,1.6656048692384668e-06,0.9996261696788111
2018-03-13,4,Risk-Off,3.558078619512899e-06,2.430058345141768e-06,0.00019090113114912538,1.3962223460971263e-06,0.9998017145095961
2018-03-14,4,Risk-Off,2.2471174544448118e-06,3.3514936905054248e-06,0.0003231470090243891,1.8721078049302162e-06,0.9996693822722609
2018-03-15,4,Risk-Off,9.250084725765945e-07,1.6780089756329404e-06,0.00014338223273675207,2.9306510392655e-06,0.9998510840983413
2018-03-16,4,Risk-Off,1.3648943359157348e-07,2.7207709085141477e-07,4.546130582556867e-05,2.1150729509404694e-06,0.9999520150539716
2018-03-19,4,Risk-Off,4.382287956356203e-08,4.350824703442492e-08,2.397060839042691e-05,1.964760156830344e-06,0.9999739772995696
2018-03-20,4,Risk-Off,9.941548057672434e-08,6.644947866539707e-08,4.9587183527599454e-05,1.4140177016419805e-06,0.9999488329334304
2018-03-21,4,Risk-Off,2.30504040081829e-07,1.8237328551577264e-07,9.612756839497992e-05,1.2623500910550945e-06,0.9999021972043647
2018-03-22,4,Risk-Off,2.2141789397238905e-07,2.2746167093641745e-07,7.805405148057318e-05,1.2738316462319183e-06,0.9999202232365993
2018-03-23,4,Risk-Off,1.289397191282639e-07,1.3631749856788791e-07,5.47953284123581e-05,2.3698323195475236e-06,0.9999425695817109
2018-03-26,4,Risk-Off,1.0265940548913627e-07,9.96866441136629e-08,5.049026374643965e-05,1.6278850323059706e-06,0.9999476795046329
2018-03-27,4,Risk-Off,7.822932571489188e-08,7.947693868739407e-08,4.530481003571485e-05,1.400453846875022e-06,0.9999531370298221
2018-03-28,4,Risk-Off,4.938481935510404e-08,3.4623627560766956e-08,2.0447286657400903e-05,2.1510506998829336e-06,0.999977317654018
2018-04-02,4,Risk-Off,2.4660545613677464e-07,1.5325397213290702e-07,0.0001260226372576154,3.358275975694789e-06,0.9998702192282191
2018-04-03,4,Risk-Off,1.1773237580114118e-06,3.620959829700241e-07,7.867793781234814e-05,1.5840406760756843e-06,0.9999181986012213
2018-04-04,4,Risk-Off,1.555876925106314e-05,2.7253376901433164e-06,0.0005448820756737887,9.540261295396089e-06,0.9994272935553028
2018-04-05,4,Risk-Off,0.00025525365609092913,3.810446469989274e-05,0.0018251732368938275,5.855325051454697e-06,0.9978756133166271
2018-04-06,4,Risk-Off,0.0015650165447801097,0.0003666609701290527,0.007875786621959136,1.0082773757637894e-05,0.9901824530897088
2018-04-09,4,Risk-Off,0.006695826653342158,0.0020235698829803067,0.013488365597809993,1.6167726492946726e-05,0.9777760701399401
2018-04-10,4,Risk-Off,0.01082739636998016,0.00703267291498526,0.012084823620395766,2.6931512836762386e-05,0.9700281755810561
2018-04-11,4,Risk-Off,0.011106379423729492,0.011134885803957086,0.019362394166117746,1.56116641805404e-05,0.9583807289426871
2018-04-12,4,Risk-Off,0.017472924769015425,0.012845961052104374,0.023843307247683968,2.2031729531268145e-05,0.9458157752008889
2018-04-13,4,Risk-Off,0.025160169390833608,0.019051290326325552,0.06634556839564425,4.278952181459005e-05,0.8894001823646037
2018-04-16,2,Transitional,0.06977061573438574,0.03096947717103391,0.19146244919751004,0.00013784409096314804,0.7076596138052001
2018-04-17,0,Risk-On,0.19396370890839137,0.0824999289346136,0.3869636461125509,0.00030816984499966714,0.33626454619871854
2018-04-18,1,Late-Cycle,0.3847000696402506,0.21211141986056672,0.38066985289782984,5.023168808069869e-05,0.022468425912759552
2018-04-19,2,Transitional,0.39139290858329406,0.3967867698865742,0.2114786569168334,3.98931989608891e-06,0.0003376752934195999
2018-04-20,0,Risk-On,0.2525702871926252,0.4217829897547935,0.32558460627811486,2.018176088888469e-07,6.191495771561211e-05
2018-04-23,1,Late-Cycle,0.3490600011871715,0.3205979405368275,0.3302941471975702,1.529418795523508e-08,4.789578485400969e-05
2018-04-24,2,Transitional,0.3510264393698377,0.3795752937086603,0.2693759043881681,9.4715810590306e-09,2.2353062201333467e-05
2018-04-25,0,Risk-On,0.30395548699307945,0.38788740901426255,0.3081520908348046,4.459273727092564e-09,5.008698905355071e-06
2018-04-26,1,Late-Cycle,0.3343060800079396,0.35810454605481656,0.3075802632184189,9.216346515931741e-10,9.109796993004594e-06
2018-04-27,2,Transitional,0.33324833125452313,0.372388719490837,0.2943457711576656,4.1856983357532045e-09,1.7173911076084408e-05
2018-04-30,0,Risk-On,0.3257240288398691,0.3791647908417641,0.29511036446712885,3.52585694682699e-09,8.123251325798767e-07
2018-05-02,1,Late-Cycle,0.32114079070033547,0.37287021362751804,0.305970563157416,3.9049910703972274e-10,1.8432123665562907e-05
2018-05-03,2,Transitional,0.33401079415113716,0.36151871298110716,0.3044354502271424,4.196998695903285e-09,3.503844414387767e-05
2018-05-04,0,Risk-On,0.3320290082347082,0.3813076132075989,0.2866623890973382,5.808683449160572e-09,9.836521888094376e-07
2018-05-07,1,Late-Cycle,0.3158622425827877,0.3760654606278154,0.3080632714535826,6.409131835866466e-10,9.024694530095862e-06
2018-05-08,2,Transitional,0.33463885035876795,0.36123880668729147,0.30410941223672855,3.548824427440217e-09,1.2927168350350892e-05
2018-05-09,0,Risk-On,0.3308904610422521,0.37616101309237077,0.2928951123504877,9.029531574373703e-09,5.340448582448755e-05
2018-05-10,1,Late-Cycle,0.3178131747299262,0.37703538825617416,0.30510893518776494,2.3496023487778598e-08,4.247833061168329e-05
2018-05-11,2,Transitional,0.3320387268354058,0.3570973480561241,0.3108366210865624,1.5615789382796322e-08,2.7288406117550542e-05
2018-05-14,0,Risk-On,0.3399115707585406,0.3754130511533248,0.28467064117009605,9.731979900103044e-09,4.727186683364991e-06
2018-05-15,1,Late-Cycle,0.31036716433106004,0.39042761006085386,0.29913606661426884,1.1890253608755625e-08,6.914710275505858e-05
2018-05-16,2,Transitional,0.32483590920488403,0.35959089943881756,0.31503820678571115,2.2052284726614418e-08,0.0005349625177678251
2018-05-17,0,Risk-On,0.33662630996236975,0.36846079247327507,0.2929379198884988,1.278763409454168e-07,0.001974849799735557
2018-05-18,1,Late-Cycle,0.315186248958376,0.3804337643454001,0.3011352696100279,3.0784624258303736e-07,0.0032444092391097673
2018-05-21,2,Transitional,0.32247846226142624,0.35859146604095826,0.3123279699624597,5.426634959717522e-07,0.006601559071875912
2018-05-22,0,Risk-On,0.33102715561093066,0.3684595107454956,0.2917471537517054,3.968849664765984e-06,0.008762211042817325
2018-05-23,1,Late-Cycle,0.3121963233856331,0.37990216092521445,0.3026424372616359,4.7535563585410414e-06,0.005254324871980578
2018-05-24,2,Transitional,0.3202881054543243,0.3554982523171947,0.31268462175929107,1.114282917199742e-06,0.011527906185863726
2018-05-25,0,Risk-On,0.3319740653129778,0.3650336899538733,0.29746039495337134,1.9268375519817136e-06,0.005529922941765838
2018-05-28,1,Late-Cycle,0.3222340522479634,0.3703882015011325,0.30039948037829534,4.7359054942405977e-07,0.006977792282933544
2018-05-29,2,Transitional,0.32001476180509286,0.3734127672921161,0.2969258764841531,7.644864615332425e-07,0.009645829932932384
2018-05-30,0,Risk-On,0.31300336975600535,0.36322222121262954,0.3142748211848811,1.8121614010672936e-06,0.009497775685211943
2018-05-31,1,Late-Cycle,0.3396382899075043,0.3475132020821513,0.3052245045294382,1.404428111581279e-06,0.007622599052597374
2018-06-01,2,Transitional,0.32655215760371736,0.3929012683646721,0.2795787068544269,2.5534414290236426e-06,0.0009653137359706064
2018-06-04,0,Risk-On,0.29011773835236454,0.3727981969089105,0.3157802453845578,1.4432722031105808e-07,0.021303675026527774
2018-06-05,1,Late-Cycle,0.3237643716005948,0.3330527598079941,0.3062089184194693,9.690093564755571e-07,0.03697298116238114
2018-06-06,2,Transitional,0.3237603980119044,0.36348928885623216,0.2809740024029266,3.608399127115004e-06,0.03177270232991726
2018-06-07,0,Risk-On,0.29609694208417925,0.365733528142645,0.29683329888165294,2.7947062514552654e-06,0.04133343618538527
2018-06-08,1,Late-Cycle,0.31478185471224546,0.3434515684240506,0.3034515308054742,2.293113029307049e-06,0.03831275294531762
2018-06-11,2,Transitional,0.32037627731318746,0.3524394838405555,0.2873496292639098,2.238819775283867e-06,0.0398323707624011
2018-06-12,0,Risk-On,0.3069775322714838,0.36376304141817956,0.2955480930151031,3.0289739809617222e-06,0.03370830432099492
2018-06-13,1,Late-Cycle,0.3148442187304,0.3476923533615365,0.30661646465028125,2.4698755167031644e-06,0.03084449338139454
2018-06-14,2,Transitional,0.32853483498131364,0.35550767731535643,0.2906122837522577,7.793571159818666e-06,0.025337410379314602
2018-06-15,0,Risk-On,0.31062730033229613,0.3791176734360765,0.2999460625980805,3.211366213822191e-05,0.010276849970709054
2018-06-18,1,Late-Cycle,0.3244755875709898,0.3569711174088347,0.31290236713884545,3.275196207929295e-06,0.005647652685817257
2018-06-19,2,Transitional,0.33558753445606676,0.36964993755473347,0.29154129894631053,1.6623495029666397e-06,0.0032195666940739655
2018-06-20,0,Risk-On,0.31477158668281957,0.3813844804180138,0.30263862136632336,1.6576114919013768e-06,0.0012036539212479903
2018-06-21,1,Late-Cycle,0.32956367177553525,0.36041037489961864,0.3096709860481466,2.695946916262596e-07,0.0003546976814042696
2018-06-22,2,Transitional,0.3342191177360435,0.37534120743472577,0.2898574111743037,1.5400126730653335e-07,0.0005821096539105656
2018-06-25,0,Risk-On,0.3136302740777735,0.3829003937110742,0.30107436729464004,9.016446489787286e-08,0.002394874752816513
2018-06-26,1,Late-Cycle,0.32127047212744203,0.36003436662186294,0.3150090698129106,3.086460689391391e-07,0.0036857827923404123
2018-06-27,2,Transitional,0.3393210122910795,0.35993613127728097,0.2969396504609169,6.802153073957542e-07,0.0038025257547762213
2018-06-28,0,Risk-On,0.3180418443455091,0.3907850402676754,0.29050425965966475,1.3158178031581928e-06,0.0006675399085699873
2018-06-29,1,Late-Cycle,0.3139607057958616,0.36027122080461843,0.3228832356643507,1.9722312587794512e-07,0.0028846405119473274
2018-07-02,2,Transitional,0.3444545393504869,0.36121723443981263,0.2939284352223139,9.30249849528116e-07,0.00039886073822527465
2018-07-03,0,Risk-On,0.31783990480102575,0.38867435008129214,0.29340872766707476,1.1282437361885862e-07,7.690462598168129e-05
2018-07-04,1,Late-Cycle,0.32127201747867445,0.36353645734339984,0.31453109044756805,1.5454494207703738e-08,0.000660419275851713
2018-07-05,2,Transitional,0.33574507190954683,0.3712840161409884,0.29212978640191023,1.1349551697566629e-07,0.0008410120518172549
2018-07-06,0,Risk-On,0.31395593092325397,0.3768451379047091,0.3054080466078273,1.0369113216926142e-07,0.003790780872277639
2018-07-09,1,Late-Cycle,0.327321075570885,0.3600311699884085,0.30897372928406264,5.554171472408131e-07,0.0036734697392497104
2018-07-10,2,Transitional,0.33193373333294124,0.3695032857286277,0.296381794367742,6.131125142831654e-07,0.002180573457873471
2018-07-11,0,Risk-On,0.32099778536458545,0.3760524751798073,0.3020619920618098,3.8755976715697443e-07,0.0008873598333149551
2018-07-12,1,Late-Cycle,0.32657017896043783,0.36650492390529765,0.3054582646538191,1.9355895602438088e-07,0.0014664389213499905
2018-07-13,2,Transitional,0.3279518495917749,0.37404643757693057,0.29702848879727667,2.249143367625645e-07,0.0009729991200100964
2018-07-16,0,Risk-On,0.3215257515317188,0.368329213322708,0.3087932111759515,1.739419558072507e-07,0.0013516500270773918
2018-07-17,1,Late-Cycle,0.33326589029718207,0.36855254222952777,0.2980725000960854,1.8754363081595937e-07,0.00010887983274789927
2018-07-18,2,Transitional,0.32480554646607307,0.3765696869738231,0.29839001491286826,2.110423975921612e-08,0.00023473054299241077
2018-07-19,0,Risk-On,0.3227907877610871,0.3719964719108603,0.3043928452878524,6.237006172416009e-08,0.0008198326694085032
2018-07-20,1,Late-Cycle,0.327404883716878,0.3696133843809044,0.30251224660516013,2.201893438524472e-07,0.00046926510755387684
2018-07-23,2,Transitional,0.3287383657920543,0.3693036562608598,0.30189568138398043,6.623385891897267e-08,6.223032889396215e-05
2018-07-24,0,Risk-On,0.33013304530667503,0.37443164165349396,0.2954099629674226,1.0009964881610222e-08,2.5340062869942875e-05
2018-07-25,1,Late-Cycle,0.32056437316984804,0.37769110077840745,0.30173345526848205,3.346760828294711e-09,1.1067437343396298e-05
2018-07-26,2,Transitional,0.3316244577966117,0.36082603964739063,0.30754474024770334,1.6949881588885263e-09,4.7606125612232295e-06
2018-07-27,0,Risk-On,0.3368866391108513,0.37911762463161736,0.28399562312176135,1.1552150877192495e-09,1.1198093759338352e-07
2018-07-30,1,Late-Cycle,0.31261033060823884,0.38107859381378206,0.3063076433727899,8.357499019382717e-11,3.432122049584274e-06
2018-07-31,2,Transitional,0.3349461362565874,0.35429231576321213,0.310759388075526,2.2524152756189165e-09,2.1576527129910426e-06
2018-08-01,0,Risk-On,0.33918594389135454,0.3768506817473657,0.2839626621758145,7.390618999690369e-10,7.114467204397243e-07
2018-08-02,1,Late-Cycle,0.3123705234726191,0.38295851597132574,0.30465625831410437,1.8210772703171379e-10,1.4702059894911363e-05
2018-08-03,2,Transitional,0.3323887478647374,0.3568858941532561,0.31072205234461786,3.3301839075203475e-09,3.3023065303231963e-06
2018-08-06,0,Risk-On,0.3400816894520417,0.3727033759486762,0.28720755493768463,1.8279373092041197e-09,7.377833884235374e-06
2018-08-07,1,Late-Cycle,0.313177164409677,0.39054403777460583,0.29627510881022656,1.4743119894775565e-09,3.6875316543296696e-06
2018-08-08,2,Transitional,0.3248037697262809,0.35123246311141715,0.3239589543581497,6.083307838653645e-10,4.812195346890473e-06
2018-08-09,0,Risk-On,0.3572770860948384,0.36782194136562274,0.2748986388089882,8.73512541618287e-10,2.332856553045331e-06
2018-08-10,1,Late-Cycle,0.2963858198874028,0.4152775805996059,0.2883319318786496,4.615040475755744e-10,4.667172737640708e-06
2018-08-13,2,Transitional,0.3183076102195706,0.32755075185434335,0.35405106736183733,9.2049723608492e-10,9.05696440625691e-05
2018-08-14,0,Risk-On,0.38709434871031095,0.3671578217281937,0.24574781229962575,1.700656319107799e-08,2.547946366563195e-10
2018-08-16,1,Late-Cycle,0.2794470281344559,0.4573128634832373,0.26324010459725244,5.304817878742982e-10,3.2538728154769928e-09
2018-08-17,2,Transitional,0.2905525462980556,0.34005197861968073,0.36939528941612004,8.784993857219501e-12,1.856571619034246e-07
2018-08-20,0,Risk-On,0.40655963690738306,0.32258916927735254,0.270851125078849,2.3473768941470977e-11,6.871384622082154e-08
2018-08-21,1,Late-Cycle,0.2972623427352022,0.4758279551382747,0.22690970209236877,3.398995990086701e-11,1.7387348334045675e-13
2018-08-23,2,Transitional,0.27435591995135844,0.35868690643184115,0.36695714529470624,6.048951462845991e-13,2.8321070375637475e-08
2018-08-24,0,Risk-On,0.38998292093877746,0.34371300912720487,0.266304051680694,4.603826035228978e-12,1.8248893662735706e-08
2018-08-27,1,Late-Cycle,0.2941277061585388,0.4320419185688407,0.2738303749348054,3.0645929734504707e-12,3.3521722712834626e-10
2018-08-28,2,Transitional,0.3227423473020262,0.3458281746445697,0.3314294697510926,8.80663153247291e-14,8.301739175865368e-09
2018-08-29,0,Risk-On,0.35380679252860164,0.4016610809684089,0.244532126492129,2.432722088017318e-12,8.879397132153898e-12
2018-08-30,1,Late-Cycle,0.2843349471551335,0.4051103705649612,0.31055136111108755,4.849830865896779e-14,3.3211696444303106e-06
2018-08-31,2,Transitional,0.3303172009109028,0.34978178777728836,0.31990058945702665,4.412245601149638e-10,4.214137789449813e-07
2018-09-03,0,Risk-On,0.35558908946172424,0.35853375154320705,0.28579768933119437,6.793453353783739e-11,7.946959627042329e-05
2018-09-04,1,Late-Cycle,0.30690868046531805,0.4263549726179081,0.2665600255252207,1.82014209725817e-08,0.0001763031897451478
2018-09-05,2,Transitional,0.28351265389899893,0.34128670434106956,0.37442980079104693,2.357259357925545e-08,0.0007708173964987764
2018-09-06,0,Risk-On,0.41084227353548386,0.3064394810222926,0.26649182143694594,1.7025542907842074e-08,0.016226406980209516
2018-09-07,1,Late-Cycle,0.2356271661519019,0.513377774847403,0.19182649081962633,3.600581651008217e-07,0.059168208123246024
2018-09-10,2,Transitional,0.038609425110520346,0.2415344114422886,0.45476727644735104,7.529515935415805e-07,0.26508813404743053
2018-09-11,4,Risk-Off,0.01153119649815497,0.025744791846899148,0.046355786286300875,5.01295619568632e-07,0.9163677240738657
2018-09-12,4,Risk-Off,0.006763672992104885,0.012463944445490779,0.0093496257241847,3.3104874760986728e-06,0.9714194463511379
2018-09-14,4,Risk-Off,0.001868426676696878,0.007147056268223033,0.011923495251306187,4.250654720828711e-06,0.9790567711482567
2018-09-17,4,Risk-Off,0.0002973143170432675,0.001629626154368841,0.003736136453257136,2.051858705898722e-06,0.9943348712165105
2018-09-18,4,Risk-Off,2.695571274433464e-05,0.00018731475348828845,0.0006138394806143817,1.4380750159997176e-06,0.9991704519777798
2018-09-19,4,Risk-Off,3.0195764634927683e-06,1.4357495783203066e-05,0.00017085994382977116,1.4574481565399422e-06,0.9998103055358203
2018-09-21,4,Risk-Off,7.40562455635122e-07,2.053553528265778e-06,0.00020930710186388616,4.83308255427234e-06,0.9997830656989397
2018-09-24,4,Risk-Off,1.1393494873068756e-07,1.814414483687268e-07,3.205327293033014e-05,5.0982682039765645e-06,0.999962553082629
2018-09-25,4,Risk-Off,4.1322067947999006e-08,4.4398283962663234e-08,2.9871117923101306e-05,2.7072220493888075e-06,0.9999673359403184
2018-09-26,4,Risk-Off,2.5550345271285695e-08,2.410496310421773e-08,1.9987069056063738e-05,5.012666011216272e-06,0.9999749506104872
2018-09-27,4,Risk-Off,1.0117566071589215e-08,9.075879027753603e-09,9.703058429495988e-06,0.00013520216778472883,0.9998550755805673
2018-09-28,4,Risk-Off,7.550031729274491e-09,4.6367475873602784e-09,5.718677151576958e-06,0.00223168175787087,0.997762587377946
2018-10-01,4,Risk-Off,9.085788903314673e-08,7.443249161006033e-08,9.711250675030547e-05,0.022355322268242554,0.977547399935398
2018-10-03,4,Risk-Off,2.4895543391879877e-09,2.7986693683097186e-09,1.4651786113280478e-06,0.08628741834535643,0.9137111111872267
2018-10-04,3,Post-Shock,1.606612049966924e-12,1.2109777271217785e-12,2.482444540928968e-09,0.6183576131542223,0.3816423843606759
2018-10-05,3,Post-Shock,1.1714652338632416e-13,8.761435719274377e-14,2.2403727171369414e-10,0.9984085637867047,0.0015914359897789242
2018-10-08,3,Post-Shock,1.2938658616717035e-14,9.686905446241884e-14,1.4756417185268398e-10,0.9998217465801392,0.00017825327225324544
2018-10-09,3,Post-Shock,8.4096420350734e-17,4.8549993329043755e-15,7.015486641556412e-12,0.9999689047341039,3.1095259331505204e-05
2018-10-10,3,Post-Shock,6.222133295802331e-18,1.6469550938515823e-15,2.0446360704515497e-12,0.999998735608532,1.2643885979907094e-06
2018-10-11,3,Post-Shock,1.5553597664430052e-18,2.319227464208863e-15,4.302467814658188e-12,0.9999992313117444,7.686833679384077e-07
2018-10-12,3,Post-Shock,1.0574168885025092e-16,3.054234335794245e-13,4.745381783714996e-10,0.9999813438510918,1.8655673554172398e-05
2018-10-15,3,Post-Shock,1.4135193942737157e-14,4.607427836333901e-12,6.031899384166229e-09,0.9999582504008385,4.174356298933607e-05
2018-10-16,3,Post-Shock,2.4535682541097394e-15,1.1287195459138838e-13,1.4596022545388468e-10,0.9999544758824171,4.552397102553968e-05
2018-10-17,3,Post-Shock,4.7083646958088315e-16,4.5865262534651885e-14,7.010597477838744e-11,0.9999954379849819,4.5619443358937094e-06
2018-10-19,3,Post-Shock,2.581889967786875e-17,1.445123760727492e-14,2.3641443989187042e-11,0.9999925546003172,7.445375882382069e-06
2018-10-22,3,Post-Shock,1.4824523259442802e-17,1.0698730685487224e-14,1.681700709837933e-11,0.9999926788600229,7.321122455554605e-06
2018-10-23,3,Post-Shock,2.086423419632308e-17,1.1027522244296813e-14,1.780448651227538e-11,0.9999978399469592,2.160035962359378e-06
2018-10-24,3,Post-Shock,2.985001705710947e-18,5.5833353812911544e-15,8.401024007233744e-12,0.9999798712913114,2.0128700259264055e-05
2018-10-25,3,Post-Shock,6.067503060216443e-17,1.7013139487249696e-14,2.0393616052135798e-11,0.9999993106232625,6.893564310274567e-07
2018-10-26,3,Post-Shock,2.3778235518275225e-17,3.1131903825017695e-14,4.772185153639467e-11,0.9999953503992266,4.649553139632652e-06
2018-10-29,3,Post-Shock,2.1547188341395314e-17,2.3079042023186017e-14,3.490851038303995e-11,0.9999777435408083,2.2256423890813484e-05
2018-10-30,3,Post-Shock,2.446359113073279e-15,5.457795080310385e-13,7.104902420051303e-10,0.9999977884132831,2.2108755262810953e-06
2018-10-31,3,Post-Shock,2.2888974730512726e-14,3.1975927877580324e-11,4.44053319573068e-08,0.9997875921861937,0.00021236337700780345
2018-11-01,3,Post-Shock,1.9525427681442044e-12,1.3981855168426876e-10,1.824089552359757e-07,0.9991538147129231,0.000846002736549293
2018-11-02,3,Post-Shock,2.904447622116897e-09,1.0513446324384045e-07,4.202748459746632e-05,0.9899279229907567,0.01002994148520279
2018-11-05,3,Post-Shock,3.490286577094786e-05,4.9647614787159516e-05,0.014283083010266097,0.9626557040967223,0.022976662412789943
2018-11-06,3,Post-Shock,0.01326455293338571,0.0024169650534573697,0.25566937034124915,0.7125160976627708,0.016133014009675362
2018-11-07,3,Post-Shock,0.2198040693482439,0.031398618894280195,0.120439325499895,0.5571317236876943,0.07122626257077319
2018-11-09,3,Post-Shock,0.12016975814897891,0.19904869205481968,0.1764981818687955,0.4104550264385007,0.09382834148977813
2018-11-12,3,Post-Shock,0.1746413952957073,0.14021596647221923,0.26597990762992635,0.30287004945807044,0.11629268114365118
2018-11-13,2,Transitional,0.2687280816533087,0.18962399104362176,0.4427844023289456,0.05152693290519654,0.047336592068568335
2018-11-14,0,Risk-On,0.43346816050786746,0.2972350256321302,0.237233491048661,0.004743578100631841,0.02731974471028731
2018-11-15,1,Late-Cycle,0.2654297266973534,0.43122824047251,0.2773978872693264,0.0006384310325065584,0.025305714529149564
2018-11-16,2,Transitional,0.30105363933252915,0.3235885903592121,0.36618344635586414,6.889791582657964e-05,0.00910542603684682
2018-11-19,0,Risk-On,0.37925957786268544,0.33172488685258844,0.2866724869497361,6.56620315431423e-06,0.0023364821312912344
2018-11-20,1,Late-Cycle,0.31798298061090974,0.3993487724698797,0.28201800348377615,1.7098499178987539e-06,0.0006485335861013022
2018-11-21,2,Transitional,0.3036399097047159,0.37370515671986504,0.3225460862300234,3.031100236445178e-06,0.00010581624552434611
2018-11-22,0,Risk-On,0.3477268756087645,0.3405663062692766,0.3115016347988731,4.875611970056344e-07,0.0002046957617246929
2018-11-26,1,Late-Cycle,0.3346894685003713,0.389043930923194,0.27624424245111157,1.478124997573562e-06,2.0880000321001824e-05
2018-11-27,2,Transitional,0.3028558555209396,0.38481650768673936,0.31231988919359793,4.826142365858679e-07,7.264984717616878e-06
2018-11-28,0,Risk-On,0.3376036633254992,0.3463703199648216,0.3160215727254076,6.388261178722827e-08,4.380101211063968e-06
2018-11-29,1,Late-Cycle,0.3425398473292631,0.37229715055755536,0.2851611849060037,2.1194479400526894e-09,1.8150885501013208e-06
2018-11-30,2,Transitional,0.31565264863487763,0.38328978305941397,0.3010571433869167,4.004834064161865e-10,4.245191011859648e-07
2018-12-03,0,Risk-On,0.3296375841691093,0.3588438728552532,0.31149314947243534,8.671698818110069e-11,2.539341560036636e-05
2018-12-04,1,Late-Cycle,0.33768418474424156,0.3743922691123235,0.28785247303804984,3.5584779956237994e-09,7.10695473597773e-05
2018-12-05,2,Transitional,0.3103045427650578,0.3799867109130553,0.30435001548069435,4.522550594540056e-09,0.005358726318211584
2018-12-06,0,Risk-On,0.32042433350244093,0.35896107545888867,0.3043159298601585,1.2812826990629917e-07,0.016298533050324967
2018-12-07,1,Late-Cycle,0.310480873966125,0.3632801136498486,0.2942412270434722,3.9598820068724645e-07,0.03199738935323212
2018-12-10,2,Transitional,0.2706297032348949,0.3443363535381847,0.2890183019329829,2.1758060125728664e-06,0.09601346548796058
2018-12-11,0,Risk-On,0.30117104576497233,0.3137170898893105,0.29231572701262104,7.2727513789187255e-06,0.0927888645816374
2018-12-12,1,Late-Cycle,0.308064225481759,0.33139591197733187,0.2921201154583367,1.1059875363930685e-05,0.06840868720762794
2018-12-13,2,Transitional,0.3138814982133775,0.3366041338287206,0.28994423795015245,8.72023360323595e-06,0.05956140977465393
2018-12-14,0,Risk-On,0.30783620234602677,0.35927048770132947,0.28468017441396737,7.098504937645293e-06,0.04820603703438474
2018-12-17,1,Late-Cycle,0.29986460534661297,0.33999377325665747,0.31942125714802644,4.337697970989545e-06,0.040716026550645074
2018-12-18,2,Transitional,0.3449804344133555,0.32442828957626213,0.28817740978546946,2.2275066697592767e-06,0.042411638719087465
2018-12-19,0,Risk-On,0.2982361936608993,0.401868162157665,0.2523329407160031,3.227104910811059e-06,0.04755947636128206
2018-12-20,1,Late-Cycle,0.15473141197381107,0.33325811291664575,0.32234285059185175,7.954840460144396e-07,0.18966682903306106
2018-12-21,2,Transitional,0.06298478889754205,0.16067956047754525,0.21387542964036033,1.0725713726644648e-06,0.5624591484132504
2018-12-24,4,Risk-Off,0.027220249557384814,0.061679582464235175,0.08731419184242245,2.9147194396954968e-06,0.8237830614161913
2018-12-26,4,Risk-Off,0.011788364200517416,0.02719355074616056,0.03098020355269811,3.3612830518353222e-06,0.9300345202174611
2018-12-27,4,Risk-Off,0.004412349318930126,0.011921377835701928,0.017456870189947876,4.356994437743847e-06,0.9662050456618416
2018-12-28,4,Risk-Off,0.0011965000584400005,0.0042415654071868624,0.006756552828437511,5.025232712709281e-06,0.9878003564730962
2018-12-31,4,Risk-Off,0.00018593836116843416,0.0010103838038436536,0.0026596764422510163,2.973657569359736e-06,0.9961410277349678
2019-01-02,4,Risk-Off,4.376403061316172e-05,0.00012138607539111314,0.00046520507504069344,1.894522641109859e-06,0.9993677502969962
2019-01-03,4,Risk-Off,5.150235405885278e-05,4.022506205839006e-05,0.00039166480020317966,3.3324633076033228e-06,0.9995132753210143
2019-01-04,4,Risk-Off,0.0003570367978079477,7.927013812727629e-05,0.0041423672825495386,1.4991099801307165e-05,0.9954063346808854
2019-01-07,4,Risk-Off,0.006462922547655261,0.0008171037814620835,0.07308937967575076,8.00429607282364e-05,0.919550551034282
2019-01-08,2,Transitional,0.07548882739356505,0.01304801422647492,0.23790131349671667,0.0002632187643781455,0.6732986261196682
2019-01-09,0,Risk-On,0.23093960497731755,0.08675662010100814,0.2768050529404732,0.0003200628938752987,0.4051786590881439
2019-01-10,1,Late-Cycle,0.287761784938617,0.2347804829628289,0.36159215533865313,9.662683017603612e-05,0.11576894992907182
2019-01-11,2,Transitional,0.36488859179797944,0.3254923099190758,0.2583853538612256,4.0316291900832287e-05,0.05119342812991295
2019-01-14,0,Risk-On,0.2847822571255087,0.3827811883352206,0.3168356048281305,1.0680604714252638e-05,0.015590269106500255
2019-01-15,1,Late-Cycle,0.34546500341748476,0.3389146859772596,0.30648686712749074,1.976645256232286e-06,0.009131466833055246
2019-01-16,2,Transitional,0.31578382256868887,0.3985390985015424,0.2725669415083477,5.617821566889881e-07,0.013109575639882284
2019-01-17,0,Risk-On,0.2939967494189828,0.3401595426215772,0.35044263789568497,7.93386407542857e-07,0.01540027667667614
2019-01-18,1,Late-Cycle,0.3817477273883552,0.33724580695494893,0.26922952323647253,2.464957372643309e-06,0.011774477463160215
2019-01-21,2,Transitional,0.2743726724351554,0.4510821341547572,0.27452976801884094,9.945711776727192e-06,5.479678676710255e-06
2019-01-22,0,Risk-On,0.2920611005251126,0.293495920052095,0.3739272833603011,6.494953929404225e-07,0.0405150465666114
2019-01-23,1,Late-Cycle,0.37998428991642486,0.3723941284686858,0.19976191834160043,5.912393995777752e-06,0.047853750878591485
2019-01-24,2,Transitional,0.19688773728542522,0.4195923807771884,0.33571073398677354,5.640460404168302e-06,0.047803507490846366
2019-01-25,4,Risk-Off,0.11031745027869858,0.21065226964087896,0.2659864204497213,4.818111234741511e-07,0.4130433778204036
2019-01-28,4,Risk-Off,0.11398840190534217,0.12490482502824166,0.12573402296744068,1.4983972118381138e-06,0.6353712517018956
2019-01-29,4,Risk-Off,0.10357452948613326,0.12528146386595482,0.10250040038153072,9.931442720725142e-06,0.6686336748236598
2019-01-30,4,Risk-Off,0.10160810353553565,0.11610681704977473,0.11854046964247088,3.225513364450993e-05,0.6637123546390428
2019-01-31,4,Risk-Off,0.1280452786498749,0.11723570064033985,0.23504492037311966,0.00017184824249898072,0.5195022520942819
2019-02-01,4,Risk-Off,0.24275917411961095,0.15278401470474304,0.3694975233993364,6.03566474156238e-05,0.23489893112879578
2019-02-04,4,Risk-Off,0.36351137459402777,0.26532010956310664,0.19936496836984885,1.547508242029765e-05,0.171788072391262
2019-02-05,4,Risk-Off,0.22595519987220355,0.3700162899056897,0.24406514625243309,8.544230752969282e-06,0.15995481973862075
2019-02-06,4,Risk-Off,0.260933587216113,0.28965723258417875,0.29634430386442995,7.295368490170196e-06,0.15305758096645072
2019-02-07,4,Risk-Off,0.2922303977713755,0.29348624794923867,0.2492482314261391,3.131388536693446e-06,0.16503199146409667
2019-02-08,4,Risk-Off,0.18921212229303477,0.3185193243469018,0.21394906494052715,1.0326137116578028e-06,0.2783184558057618
2019-02-11,4,Risk-Off,0.08545824678259592,0.2267150851676671,0.22391979198011328,1.4466490625863045e-06,0.4639054294204346
2019-02-12,4,Risk-Off,0.016324268105782355,0.08254663849990908,0.15410861518228097,1.4549054329583433e-06,0.7470190233070505
2019-02-14,4,Risk-Off,0.0025874535535983117,0.011830098476575556,0.016415401874765582,1.4149204350999138e-06,0.9691656311746458
2019-02-15,4,Risk-Off,0.00026124433418869337,0.002214597084292191,0.0060932736106076675,3.168644718301836e-06,0.9914277163254237
2019-02-18,4,Risk-Off,1.3388397471808989e-05,9.273814257719497e-05,0.0002879263640003338,1.6332402825043428e-06,0.9996043138549972
2019-02-19,4,Risk-Off,3.6688012120826104e-06,6.7921129546978145e-06,0.0001260765999244042,1.7555107380628777e-06,0.9998617069750506
2019-02-20,4,Risk-Off,2.767253347490955e-05,5.984131366000922e-06,0.0004742047230738739,7.495287103696827e-06,0.9994846433248377
2019-02-21,4,Risk-Off,0.000494389110943566,6.643945753441375e-05,0.005219780786990586,7.301475497875229e-06,0.9942120891685362
2019-02-22,4,Risk-Off,0.006200406713831939,0.0010046231366329136,0.04205201127189691,2.7152821395118687e-05,0.9507158060571448
2019-02-25,4,Risk-Off,0.04278605831866365,0.009540984466858908,0.1317598350541656,7.185653522917885e-05,0.8158412656243257
2019-02-26,2,Transitional,0.13866518887271398,0.049296525380089336,0.3791963845591024,0.0001160939247887007,0.43272580726307364
2019-02-27,0,Risk-On,0.3723344002929208,0.16407164348026168,0.4310980231238663,7.26055201412747e-05,0.032423327583347775
2019-02-28,1,Late-Cycle,0.4286179046849498,0.37985985124686394,0.17746248547670398,6.335523641214502e-06,0.014053423068688517
2019-03-01,2,Transitional,0.22302423839628893,0.446031349499535,0.32728026887208916,2.1694668379697037e-06,0.003661973764985412
2019-03-05,0,Risk-On,0.347780486901819,0.30455074000614657,0.347273137289923,6.041834453792282e-07,0.00039503161796059964
2019-03-06,1,Late-Cycle,0.36526410261561953,0.37437835150551974,0.2597434386927113,7.385182990409259e-08,0.000614033335189824
2019-03-07,2,Transitional,0.2916539362665577,0.40676997075874805,0.30148913706322233,9.810748577325914e-08,8.685780464690089e-05
2019-03-08,0,Risk-On,0.32534229458885777,0.3495061317466129,0.32363379780152024,1.2381939168338663e-08,0.0015177634817242088
2019-03-11,1,Late-Cycle,0.34105447247178244,0.36666915127882393,0.29000135971282504,1.9381763274093036e-07,0.0022748227192450803
2019-03-12,2,Transitional,0.31692162776423943,0.37736175981729686,0.3047564229804548,3.4216426274372186e-07,0.0009598472741869797
2019-03-13,0,Risk-On,0.33017782430081777,0.3655320471493449,0.3042073943058644,1.3708975221981333e-07,8.259715458810613e-05
2019-03-14,1,Late-Cycle,0.330158555198985,0.37053353797657634,0.2992762391044043,1.4980191025543315e-08,3.1652740465587074e-05
2019-03-15,2,Transitional,0.3284462463531695,0.37257609965126026,0.29897455414910007,4.986948069175521e-09,3.0948603308619417e-06
2019-03-18,0,Risk-On,0.32717002548221785,0.3732033651789348,0.29962474419994617,1.1066934436769405e-09,1.8640315411438358e-06
2019-03-19,1,Late-Cycle,0.32713905074316396,0.36776417626233987,0.3050960876847002,8.349305207785479e-10,6.844745211905785e-07
2019-03-20,2,Transitional,0.33556922015048285,0.36466111318616473,0.2997695864825292,3.935155966460619e-10,7.978691322734826e-08
2019-03-22,0,Risk-On,0.32976884034786363,0.3776471734475304,0.2925835741867543,8.416900668310046e-11,4.119329778037216e-07
2019-03-25,1,Late-Cycle,0.3184037624840863,0.372453630993991,0.30913659396531357,1.0216580754662336e-10,6.012453559537408e-06
2019-03-26,2,Transitional,0.3405681728820048,0.35572381068895176,0.3037060026894576,1.4457158061875692e-09,2.0122934073242905e-06
2019-03-27,0,Risk-On,0.33136622198176285,0.38898732739501674,0.279642437208279,2.1727733395365296e-09,4.011242967645662e-06
2019-03-28,1,Late-Cycle,0.3048114397101692,0.3812076983653649,0.3139781105531947,1.0320126640719342e-09,2.750340020196301e-06
2019-04-01,2,Transitional,0.3442818671467647,0.33678910861067923,0.3189286129535494,8.853762939226443e-10,4.104032204147963e-07
2019-04-02,0,Risk-On,0.35152865764327873,0.3868054362039639,0.2616659058370126,2.1585167175526576e-10,1.0008533405120576e-10
2019-04-03,1,Late-Cycle,0.29591497478830053,0.4060062904995637,0.2980787346632637,9.474247035226517e-12,3.892532824009533e-11
2019-04-04,2,Transitional,0.336230367679312,0.34685711785427387,0.31691248918582193,1.9891397722524131e-13,2.5280412104561037e-08
2019-04-05,0,Risk-On,0.3416497251749297,0.39226649502329825,0.2660837786010795,4.252776616935645e-12,1.196655971267367e-09
2019-04-08,1,Late-Cycle,0.3031370293456645,0.3831307647563941,0.313724836175734,2.583149285246978e-13,7.3697217935412775e-06
2019-04-09,2,Transitional,0.33623514602009763,0.36170349155066883,0.3020561030644149,1.2942754017986635e-09,5.258070704705684e-06
2019-04-10,0,Risk-On,0.3287046911297302,0.3657402919958902,0.3055501411166017,5.958679728850842e-10,4.875161717289798e-06
2019-04-11,1,Late-Cycle,0.34217038894486856,0.37076625317927464,0.28705930226805043,5.231833185239779e-10,4.055084513483632e-06
2019-04-12,2,Transitional,0.3075155666376205,0.406977661690197,0.2855066767821338,5.730141665715238e-10,9.431725454436405e-08
2019-04-15,0,Risk-On,0.32127329625421736,0.34149178074248765,0.337119417336716,3.431081437755914e-11,0.00011550563302412037
2019-04-16,1,Late-Cycle,0.3611916892837783,0.38380140098717075,0.25500609978075606,1.5322346002506583e-08,7.946259184400389e-07
2019-04-18,2,Transitional,0.2783691045213702,0.4051247419831542,0.3151038014912451,9.972655980829012e-10,0.0014023510075864126
2019-04-22,0,Risk-On,0.34086020845374465,0.3194163904535324,0.3323382842260344,6.394557230369819e-08,0.007385052921774789
2019-04-23,1,Late-Cycle,0.3481030926235775,0.3956291219275874,0.2456839397567815,7.469890929814563e-07,0.010583098703308516
2019-04-24,2,Transitional,0.2585568823270913,0.3907302531564352,0.344716835572805,3.164818154682177e-06,0.005992864126186805
2019-04-25,0,Risk-On,0.38544122482121024,0.27647801123512533,0.3362636425438614,6.654536604487872e-07,0.0018164559470126875
2019-04-26,1,Late-Cycle,0.3538950676264112,0.4644648014592583,0.1816376777905901,4.027288461481157e-07,2.0503947091811893e-06
2019-04-30,2,Transitional,0.1930413775304209,0.39318123640466246,0.4137764137183255,4.9923390158637275e-09,9.673538527541163e-07
2019-05-02,0,Risk-On,0.4816613862195941,0.1920298198391449,0.32630206783890187,5.0999519101403624e-11,6.726052019440115e-06
2019-05-03,1,Late-Cycle,0.3276460236242197,0.6162568838973903,0.05608032565440666,1.146979398157485e-08,1.6755353899182882e-05
2019-05-06,2,Transitional,0.038611780161286906,0.3481167212175417,0.6103942261708204,1.7713411735899796e-08,0.002877254737550301
2019-05-07,4,Risk-Off,0.003424118244721162,0.02192055568027964,0.05190000241082139,4.556116469608006e-09,0.9227553191082504
2019-05-08,4,Risk-Off,0.0002684112445574969,0.002132310116043668,0.005345745922267832,2.1819663310314694e-06,0.992251350751111
2019-05-09,4,Risk-Off,8.057646683415004e-06,8.586340192401114e-05,0.0002764016290801093,1.3732482099135251e-06,0.999628304074498
2019-05-10,4,Risk-Off,3.0514322675889646e-07,1.9989259023680534e-06,5.7365702637855346e-05,1.5883119537164037e-06,0.9999387419166595
2019-05-13,4,Risk-Off,9.343935921728419e-08,1.261643846765087e-07,4.7308765822022234e-05,2.0485294344221453e-06,0.9999504231011745
2019-05-14,4,Risk-Off,1.7319691361558928e-07,7.361620032895209e-08,3.297585159352512e-05,1.8744581601014536e-06,0.999964902877045
2019-05-15,4,Risk-Off,3.890084293536877e-06,7.008742699866344e-07,0.0003190610893167605,6.783857786707577e-06,0.9996695640947133
2019-05-16,4,Risk-Off,8.836153408495269e-05,1.1426514516555685e-05,0.000705175152443807,5.277991917416509e-06,0.9991897588067304
2019-05-17,4,Risk-Off,0.00132157453319421,0.00018934045097700826,0.020693182476985345,6.811395987062491e-05,0.9777277885790998
2019-05-20,4,Risk-Off,0.027586660094458405,0.0036160608928217423,0.2531368730854021,0.0014725328612545455,0.7141878730666656
2019-05-21,2,Transitional,0.25224880230218505,0.04640480688092952,0.6243712193969031,0.004993768510612733,0.07198140290860851
2019-05-22,0,Risk-On,0.5978195650619463,0.2659918640894079,0.1329850318038204,0.00232667626393623,0.000876862781721584
2019-05-23,1,Late-Cycle,0.1733821223883437,0.5770716194432968,0.2488335030866309,0.0007112790837763337,1.4759970771486335e-06
2019-05-24,2,Transitional,0.28300870860366095,0.2509796712530701,0.465733903754877,0.00015954447476396606,0.00011817191441660768
2019-05-27,0,Risk-On,0.4659033374442256,0.3149718678965175,0.21908400686944512,3.2450622089317054e-05,8.337168065766138e-06
2019-05-28,1,Late-Cycle,0.2537498804240668,0.4689064952038894,0.27733692950126126,5.812505972173678e-06,8.823643406695032e-07
2019-05-29,2,Transitional,0.30752058565488705,0.3130492936734169,0.37935228284313527,1.2749216956688578e-06,7.65629073081696e-05
2019-05-30,0,Risk-On,0.38744756344146297,0.3453939243553709,0.26706189900165045,3.8126464717747747e-07,9.623193759186907e-05
2019-05-31,1,Late-Cycle,0.2941629675690168,0.3961824833068973,0.3095862735173623,2.1473483493366184e-07,6.806087099429619e-05
2019-06-03,2,Transitional,0.3375276771766007,0.3357985581649961,0.3266679320683261,1.6917538421166718e-07,5.6634139741999395e-06
2019-06-04,0,Risk-On,0.3431767758675819,0.37307665922263517,0.2837369615513421,5.00678456351387e-08,9.553289709026757e-06
2019-06-06,1,Late-Cycle,0.3103338026138061,0.3608258529965146,0.32803723442425275,4.454113502940213e-08,0.0008030654242221218
2019-06-07,2,Transitional,0.34651929034714,0.34688037488991297,0.3063103201718476,2.305699766695011e-06,0.00028770889186061543
2019-06-10,0,Risk-On,0.3268713067713948,0.36551055475872213,0.30755196058816137,1.4130170960470508e-06,6.476486443599064e-05
2019-06-11,1,Late-Cycle,0.3361547363641306,0.3490702887796632,0.31477274082891604,3.7917186772801685e-07,1.8548561301252215e-06
2019-06-12,2,Transitional,0.3392872191497519,0.3710323526661434,0.2896708425465015,1.146158621788539e-07,9.471021183393992e-06
2019-06-13,0,Risk-On,0.30814121973419933,0.3673028928543917,0.3245412795841578,3.8959375995183366e-08,1.4568867722663586e-05
2019-06-14,1,Late-Cycle,0.35667507285556854,0.32111833448858756,0.3217035498670982,4.1461222000824826e-08,0.0005030013269241632
2019-06-17,2,Transitional,0.3242644624161448,0.4045987752397198,0.24758260771248997,1.5972677938016205e-07,0.023553994904016436
2019-06-18,0,Risk-On,0.208752220574352,0.35237093517935686,0.35846026113538093,2.4303777636079413e-06,0.08041415273371806
2019-06-19,1,Late-Cycle,0.07525225686775835,0.21719199815159004,0.23015912443450642,6.335445631166629e-07,0.47739598700180064
2019-06-20,2,Transitional,0.031182281805981267,0.0735172297801566,0.1267809536674194,1.5732860310716756e-06,0.7685179614595177
2019-06-21,4,Risk-Off,0.01528732308176043,0.032827440714466985,0.024968533383097048,2.5055337004192447e-06,0.9269141972872276
2019-06-24,4,Risk-Off,0.004339033364127744,0.015729777322780726,0.026849326934383744,4.584705043302897e-06,0.9530772776738569
2019-06-25,4,Risk-Off,0.001093025952600045,0.0038285255190476,0.006218749116248835,1.7414324658479275e-06,0.9888579579804682
2019-06-26,4,Risk-Off,0.00026199736385502297,0.000978717366699211,0.0020952277853970164,1.9344662931514464e-06,0.9966621230177638
2019-06-27,4,Risk-Off,9.655145735110399e-05,0.00022883020982073264,0.0008690892210950214,1.8000622163249118e-06,0.9988037290494078
2019-06-28,4,Risk-Off,9.790737009639783e-05,9.514129036981978e-05,0.0005511907433954589,1.8239401778411776e-06,0.9992539366559393
2019-07-01,4,Risk-Off,0.000133918687523418,0.00011981273728976402,0.001475688520062468,4.2015809879762405e-06,0.998266378474156
2019-07-02,4,Risk-Off,0.00013140385175405118,0.0001551867491031524,0.0017463919179105975,3.6954621744232164e-06,0.9979633220187841
2019-07-03,4,Risk-Off,7.552567728538353e-05,9.945384130038518e-05,0.00040760444885996146,1.9283002414009915e-06,0.9994154877329682
2019-07-04,4,Risk-Off,4.6103022235055914e-05,7.861030660657796e-05,0.0006007264553318555,2.3626956603703963e-06,0.999272197520506
2019-07-05,4,Risk-Off,2.2661279254688362e-05,5.57501537757392e-05,0.001847921821850724,4.390423828007853e-06,0.9980692763210891
2019-07-08,4,Risk-Off,2.1097193555066522e-06,6.593060125612382e-06,6.574602143752115e-05,1.4372104509584633e-06,0.9999241139885559
2019-07-09,4,Risk-Off,1.8662680354964322e-07,6.811848697633857e-07,8.102677179750603e-05,1.6476914525722718e-06,0.9999164577249129
2019-07-10,4,Risk-Off,1.2336609569401755e-07,1.2114684764520714e-07,4.721304485048428e-05,2.007945270498329e-06,0.9999505344978449
2019-07-11,4,Risk-Off,1.459415734166711e-07,1.2637711641440938e-07,6.532095648006998e-05,1.3131439297876885e-06,0.9999330935816712
2019-07-12,4,Risk-Off,3.0758157342369106e-07,1.5973019475370736e-07,6.773211575231121e-05,1.4606243238159137e-06,0.9999303399489021
2019-07-15,4,Risk-Off,5.261139052580727e-06,7.037337781958684e-07,0.00014194807660744833,1.5934190676963599e-06,0.99985049363154
2019-07-16,4,Risk-Off,7.283140866544188e-05,1.699487098392616e-05,0.0015396749074252022,3.753579964612626e-06,0.9983667452324646
2019-07-17,4,Risk-Off,0.0001666539284478004,0.0001314406394098853,0.0023855194759098298,4.975297283452137e-06,0.9973114106597349
2019-07-18,4,Risk-Off,1.7378722919921183e-05,0.00010853311489605277,0.00047254387842369844,1.7277799325384818e-06,0.9993998165031724
2019-07-19,4,Risk-Off,6.697542501384832e-07,3.681628511267843e-06,5.061708634182435e-05,1.5824940043644253e-06,0.9999434490366108
2019-07-22,4,Risk-Off,6.099543020226335e-07,6.251492245160046e-07,0.00016822499971705,3.2000248782180264e-06,0.9998273398713929
2019-07-23,4,Risk-Off,7.137994738841366e-07,9.048637918531494e-07,0.00020839573928433346,3.598564322581688e-06,0.9997863870332416
2019-07-24,4,Risk-Off,9.421551657889758e-08,1.4665527396059682e-07,2.4590994786242537e-05,2.2676949902656996e-06,0.9999729004391523
2019-07-25,4,Risk-Off,6.1411306894337e-08,5.0503958622359106e-08,3.509554616065508e-05,4.361130110726987e-06,0.9999604314077812
2019-07-26,4,Risk-Off,1.2640411720625104e-07,1.210834577210109e-07,8.965089674042611e-05,6.697948086145443e-06,0.9999034036682316
2019-07-29,4,Risk-Off,2.5591861617056402e-08,2.957412623584076e-08,1.3304914946733411e-05,3.7915009913243818e-06,0.9999828484176098
2019-07-30,4,Risk-Off,1.2499381565380538e-08,1.1100907182099967e-08,1.2976806764078222e-05,1.1416999719814872e-05,0.9999755825936292
2019-07-31,4,Risk-Off,5.4238668087907e-09,4.7011768527582415e-09,5.828353684149048e-06,1.4665613854075948e-05,0.9999794959068188
2019-08-01,4,Risk-Off,3.298876890871459e-09,2.628657330341177e-09,4.179509948410169e-06,3.572320725103699e-05,0.999960091355769
2019-08-02,4,Risk-Off,2.7634499693479435e-09,2.1523804694457226e-09,3.5610951586181067e-06,4.8030876706851755e-05,0.9999484031119497
2019-08-05,4,Risk-Off,1.2857278954436159e-08,4.128464253359684e-09,4.507926525757745e-06,6.650188222923841e-05,0.9999289732054808
2019-08-06,4,Risk-Off,5.592766726647416e-07,4.1885787716274876e-07,0.000486216280908376,8.825055781522832e-05,0.9994245550263382
2019-08-07,4,Risk-Off,2.1128389558330994e-07,2.5275931944553357e-07,3.134783565986638e-05,2.0688721731532393e-05,0.9999474993995611
2019-08-08,4,Risk-Off,4.686386851547273e-08,6.022901767836697e-08,3.2089310047652026e-05,2.2659440782769414e-06,0.9999655376531649
2019-08-09,4,Risk-Off,4.3006674243986376e-08,3.422334886804327e-08,2.4768283919130066e-05,2.021063462089274e-06,0.9999731334217613
2019-08-13,4,Risk-Off,8.310963594635335e-08,7.394713957462734e-08,6.813340294769694e-05,1.3142215055027448e-05,0.9999185673257515
2019-08-14,4,Risk-Off,2.7845883001235284e-08,2.6943568506975938e-08,1.537623507461413e-05,3.0946482579554595e-06,0.999981474326595
2019-08-16,4,Risk-Off,3.2432312188437655e-08,2.8069450893275903e-08,3.030243282902662e-05,5.968762682296092e-06,0.9999636683020899
2019-08-19,4,Risk-Off,1.1970447776186527e-08,1.0694699954597015e-08,9.785080984352747e-06,3.523558605471792e-06,0.9999866686955151
2019-08-20,4,Risk-Off,1.5284353898446636e-08,1.2025522630676118e-08,1.4482248093375966e-05,2.81683386095184e-06,0.9999826736084657
2019-08-21,4,Risk-Off,2.0245505217490204e-08,1.649229963167712e-08,1.7272507598676616e-05,2.887325173822927e-06,0.999979803429823
2019-08-22,4,Risk-Off,2.333646684703145e-08,2.0296668716853588e-08,2.0457368045672502e-05,3.414245293272981e-05,0.9999453565465769
2019-08-23,4,Risk-Off,2.934158790306407e-08,2.187811144284579e-08,1.991227575191967e-05,1.1372972875388811e-05,0.9999686635309056
2019-08-26,4,Risk-Off,1.2582522625274516e-07,6.874614812902611e-08,5.6376191593408135e-05,2.4967936218964023e-06,0.9999409324429148
2019-08-27,4,Risk-Off,3.6833400182745227e-07,2.748986701088037e-07,0.00014817179790961165,2.890738494234238e-06,0.9998482942316623
2019-08-28,4,Risk-Off,2.8798423259610284e-07,3.2314310821776187e-07,8.523245007823938e-05,1.2665426683831501e-05,0.9999014909964843
2019-08-29,4,Risk-Off,1.689284115813397e-07,1.4019733277861633e-07,4.648426686856977e-05,2.60226546797718e-06,0.9999506043417663
2019-08-30,4,Risk-Off,3.0086588685577123e-07,2.7901880851041034e-07,0.00015385354017876076,4.595717882649589e-06,0.9998409708577548
2019-09-03,4,Risk-Off,1.9095853754250125e-07,1.5783665172374899e-07,4.182330550905345e-05,2.6285254985245764e-05,0.9999315426434792
2019-09-04,4,Risk-Off,4.393937733679433e-07,2.5659600854513106e-07,0.00013259388132105284,2.1128977831366796e-05,0.9998455811513636
2019-09-05,4,Risk-Off,6.221885430515633e-06,8.158099618427271e-07,0.00015215377755784066,1.8199818172490173e-05,0.9998226087096378
2019-09-06,4,Risk-Off,9.05303553931607e-05,1.644709350686721e-05,0.0011280673627465255,4.629996590526789e-05,0.998718655221917
2019-09-09,4,Risk-Off,0.0004439939263695263,0.00018638069659838758,0.005590180011766655,4.7456982148350774e-05,0.9937319883833451
2019-09-11,4,Risk-Off,0.00025892962065917317,0.0004178255216731939,0.0012059262843990928,1.5997070358865865e-05,0.9981013215027994
2019-09-12,4,Risk-Off,7.014030213554295e-05,0.00015821750259539889,0.0005441242984759203,3.2663129370119578e-06,0.9992242515839563
2019-09-13,4,Risk-Off,9.542946495673426e-05,9.644423496880894e-05,0.00030158077698875656,6.409546944606589e-06,0.9995001359766342
2019-09-16,4,Risk-Off,6.0153752930783115e-05,0.00012233521902045848,0.009625969554985379,3.589041050574132e-05,0.9901556510629949
2019-09-17,4,Risk-Off,1.1688082085724296e-05,2.4086095090169797e-05,9.359668383867379e-05,5.760646346632664e-05,0.9998130226760122
2019-09-18,4,Risk-Off,1.311243850416685e-07,2.1685945737231345e-06,5.776000873997854e-05,0.0021766650931863817,0.9977632751782539
2019-09-19,4,Risk-Off,1.9699211598294337e-09,2.646991565356286e-09,1.2398030296914633e-06,0.08300557835960372,0.9169931772206821
2019-09-20,3,Post-Shock,4.125546777529222e-12,2.907350969462119e-12,3.668176764308112e-09,0.9622716404201102,0.037728355905312844
2019-09-23,3,Post-Shock,3.2960945955113896e-14,1.7148281584505808e-14,2.390947265342869e-12,0.9999944735452941,5.52645246081822e-06
2019-09-24,3,Post-Shock,9.801183102732131e-15,4.3708568768556865e-14,3.108452173249796e-11,0.9999999988594936,1.109552204837663e-09
2019-09-25,3,Post-Shock,1.9880872496846655e-14,1.4929694357381627e-13,1.670905077273206e-10,0.9999999650553951,3.47776533659565e-08
2019-09-26,3,Post-Shock,1.1383059351662263e-13,1.1576518404704525e-12,1.2992670518528e-09,0.999999782276087,2.164226161583476e-07
2019-09-27,3,Post-Shock,1.6639900072548953e-13,7.283391993200765e-13,7.527156257045515e-10,0.9999993481544457,6.510916736884358e-07
2019-09-30,3,Post-Shock,1.1061228477211446e-13,6.50733180935301e-13,6.920882717407831e-10,0.9999994657593169,5.335483901509672e-07
2019-10-01,3,Post-Shock,1.428909367309455e-13,8.455368818504397e-13,8.818707538957164e-10,0.9999994357023525,5.634139026795267e-07
2019-10-03,3,Post-Shock,5.740193806282229e-13,2.9547168923912664e-12,3.0675521518126733e-09,0.9999994501087406,5.468204763439129e-07
2019-10-04,3,Post-Shock,7.198059972127236e-13,3.218834389877595e-12,3.082439914024959e-09,0.9999985421556342,1.4547588719572408e-06
2019-10-07,3,Post-Shock,8.855557376779765e-14,2.7463193332716494e-13,2.268971186893178e-10,0.999999140253209,8.595198812396237e-07
2019-10-09,3,Post-Shock,1.626828778096054e-14,6.231515199366525e-14,3.0259272935320164e-11,0.9999997365849032,2.6338509512717874e-07
2019-10-10,3,Post-Shock,3.799380590262586e-13,3.4221549152186506e-12,3.4596992176406094e-09,0.9999999641931943,3.2343195136580794e-08
2019-10-11,3,Post-Shock,5.742220101546748e-13,2.1763425604259875e-12,2.2108301972992123e-09,0.9999986085541098,1.3892324759516419e-06
2019-10-14,3,Post-Shock,7.54529523221145e-14,3.952399737884507e-13,4.1634106818269106e-10,0.9999985655950978,1.433988210013704e-06
2019-10-15,3,Post-Shock,1.390226056963631e-13,1.0244854907074084e-12,1.1379955353153263e-09,0.9999996196293792,3.792318998403583e-07
2019-10-16,3,Post-Shock,3.8993863569407497e-13,4.3080860007414753e-13,2.7517756451956723e-10,0.99999938854508,6.111785780998474e-07
2019-10-17,3,Post-Shock,5.442125523002336e-11,2.3803318147524687e-11,7.0146808565095486e-09,0.9999998965049652,9.640237588404126e-08
2019-10-18,3,Post-Shock,6.444799438651389e-09,3.6010167283338942e-09,7.93243035847624e-07,0.9999991887656159,7.946255916859191e-09
2019-10-22,3,Post-Shock,7.213271718334844e-07,4.6735856755264973e-07,0.00011976446962252704,0.9998790246775944,2.21662203846449e-08
2019-10-23,3,Post-Shock,0.00011213866305511703,3.018461858546129e-05,0.008337983577127981,0.9915185274767112,1.165664245714253e-06
2019-10-24,2,Transitional,0.007625210677139222,0.0052165880538303745,0.900677530740457,0.06975632770091243,0.016724342828204616
2019-10-25,0,Risk-On,0.8131282808237417,0.08905882526250668,0.07360805774211289,0.003793798629808707,0.02041103754150682
2019-10-29,1,Late-Cycle,0.12326802136010379,0.7042341631566281,0.1605904732644063,0.00024654994084770464,0.011660792278419112
2019-10-30,2,Transitional,0.21487096521013366,0.24498220531477805,0.5398369009443784,6.007600306227664e-06,0.0003039209301802203
2019-10-31,0,Risk-On,0.5302691464676442,0.2684428902760459,0.20103316390411938,1.794205791559228e-07,0.00025461993116258425
2019-11-01,1,Late-Cycle,0.23629659991679675,0.5231498988318595,0.2404720662854328,4.60084324278745e-08,8.138895667083406e-05
2019-11-04,2,Transitional,0.27560688774922054,0.3063816293968755,0.41794117271731407,3.4590998660334387e-08,7.02755457946475e-05
2019-11-05,0,Risk-On,0.4351381767653664,0.3205571069017879,0.24430468286008605,7.373305283374376e-09,2.6100151970392775e-08
2019-11-06,1,Late-Cycle,0.28188594211859697,0.47078428353430335,0.24732977402833475,1.853674093639299e-10,1.3254426646851446e-10
2019-11-07,2,Transitional,0.286549897678491,0.35558007819117193,0.3578700221823499,5.8041495149979305e-12,1.9417555005413913e-09
2019-11-08,0,Risk-On,0.38267754325090036,0.33346520556770026,0.2838572110487217,4.534773427786956e-13,4.0131590136471096e-08
2019-11-11,1,Late-Cycle,0.3159735352106429,0.4190049438472248,0.2650210967784337,5.8988848862325695e-12,4.2415843302919277e-07
2019-11-13,2,Transitional,0.2940784263752171,0.3719976868624645,0.3339136670563269,2.6617873468964897e-10,1.0219439597498699e-05
2019-11-14,0,Risk-On,0.36053160118801775,0.33714892723450535,0.30230172260277877,3.2932311376261036e-09,1.774568157469143e-05
2019-11-15,1,Late-Cycle,0.3296986714119728,0.40571737695564125,0.26458371821792,2.3914113614622634e-09,2.3102336402374957e-07
2019-11-18,2,Transitional,0.29540857386429276,0.3773663485520482,0.327208924506957,8.240580370366855e-11,1.615299437287463e-05
2019-11-19,0,Risk-On,0.35409990130001245,0.341447665309756,0.3044466732718459,1.9138785074794427e-09,5.758204093835683e-06
2019-11-20,1,Late-Cycle,0.33300792655551065,0.39710450078364906,0.26988733181389246,7.809195560450358e-10,2.4006688039532745e-07
2019-11-21,2,Transitional,0.3020461406787449,0.3865656697605428,0.3113878603610269,4.9352966776480996e-11,3.2915048510694015e-07
2019-11-22,0,Risk-On,0.3411850988485617,0.3562863415902108,0.3025280251655012,4.5751970305280385e-11,5.343495343330734e-07
2019-11-25,1,Late-Cycle,0.33033799200745984,0.39244958501145955,0.2772123967665719,6.491429963368454e-11,2.6149158429528252e-08
2019-11-26,2,Transitional,0.3119612713834195,0.3804137448115314,0.3076247729248755,3.728877675208797e-12,2.108769753334821e-07
2019-11-27,0,Risk-On,0.3362019368467977,0.36928425497076284,0.29451356432837594,2.43991647159862e-11,2.4382879012073193e-07
2019-11-28,1,Late-Cycle,0.3225773141015644,0.38149236949873067,0.2959256758037993,4.210689008691228e-11,4.6405542081562174e-06
2019-11-29,2,Transitional,0.3246081287789698,0.3700703769774169,0.30531932571048775,8.072300286177274e-10,2.1677257478605494e-06
2019-12-02,0,Risk-On,0.3349043063050402,0.3759766613008628,0.28911858671717455,4.851899308901203e-10,4.451916398629309e-07
2019-12-03,1,Late-Cycle,0.3171565244763941,0.3920748318434607,0.2907682165931358,1.4033848974617914e-10,4.2694627656225373e-07
2019-12-04,2,Transitional,0.3185891719326133,0.37118913838518236,0.3101988875836714,1.1061279823826018e-10,2.2801987936572143e-05
2019-12-05,0,Risk-On,0.3330932407717847,0.36767664608996514,0.2992104410530447,5.555648479187268e-09,1.9666529656616666e-05
2019-12-06,1,Late-Cycle,0.3275358280394328,0.37554283811553507,0.2968974238434469,8.104030267367477e-09,2.390189737419607e-05
2019-12-09,2,Transitional,0.32112767035173656,0.38520614492099403,0.2933437353949012,1.171447162778765e-08,0.00032243761799541533
2019-12-10,0,Risk-On,0.3062768853269212,0.36968899994860077,0.314639742580799,3.325660396173182e-08,0.009394338886925747
2019-12-11,1,Late-Cycle,0.3362992347968024,0.3423666644177643,0.31284280690229327,2.8650481932307016e-06,0.008488428835011058
2019-12-12,2,Transitional,0.33766988337907283,0.3849147876146058,0.277376081706698,2.0288990641442617e-06,3.721840047637022e-05
2019-12-13,0,Risk-On,0.30363356485925325,0.3881602378729972,0.3081947446582725,5.0081446322516325e-08,1.1402527413156351e-05
2019-12-16,1,Late-Cycle,0.3369962331527005,0.34786940757543017,0.3150735557401736,3.0512687539169305e-09,6.080047960165229e-05
2019-12-17,2,Transitional,0.3392224574685241,0.38852181109344147,0.2722542347712394,8.360683055916363e-09,1.4883057439447702e-06
2019-12-18,0,Risk-On,0.30145807510549266,0.385142635496018,0.31339348063829026,3.2505204904441874e-10,5.808434460526539e-06
2019-12-19,1,Late-Cycle,0.343322877699019,0.35029403153921523,0.30637631520154474,7.278593330894147e-10,6.774832942074941e-06
2019-12-20,2,Transitional,0.33135855419916355,0.3959745524732976,0.2726661888357618,9.72949350106915e-10,7.035194877121375e-07
2019-12-23,0,Risk-On,0.30300518209728133,0.3786827759496073,0.3178525360496914,1.5449452706479237e-10,0.00045950574866366397
2019-12-24,1,Late-Cycle,0.3385926956827533,0.35400543378589044,0.30473175781783957,6.028515680025244e-08,0.002670052428678269
2019-12-26,2,Transitional,0.32476735342326823,0.37958178935874326,0.2911796888590727,4.176784371808012e-07,0.004470750681032562
2019-12-27,0,Risk-On,0.31507175952464694,0.36873731355393413,0.31253550431875465,5.384420522835834e-07,0.003654884160289243
2019-12-30,1,Late-Cycle,0.3359867587240216,0.35864555145324517,0.299983487844466,4.435524189975387e-07,0.005383758426371361
2019-12-31,2,Transitional,0.31947966843861564,0.38497256382751677,0.29001086734942244,1.487673284744912e-06,0.005535412711368667
2020-01-01,0,Risk-On,0.3124077980178767,0.3615167476376304,0.32295056247295834,2.755436824011598e-06,0.0031221364350559485
2020-01-02,1,Late-Cycle,0.3514305100977784,0.35688368741138055,0.2915021655056936,5.214029600529033e-07,0.0001831155824409349
2020-01-03,2,Transitional,0.3139353196295535,0.4035468786195759,0.28248628364856443,5.407073758087167e-08,3.1464031424507726e-05
2020-01-06,0,Risk-On,0.3053260746048218,0.3569817496811879,0.32606132076439254,5.521762355534812e-09,0.011630849427672308
2020-01-07,1,Late-Cycle,0.3389146081957065,0.362387459429822,0.288335004168676,1.1212885695670116e-06,0.010361806917011735
2020-01-08,2,Transitional,0.3107462891060361,0.36491940439250126,0.3168197839580105,1.4986161094050033e-06,0.007513023927234779
2020-01-09,0,Risk-On,0.3480955252639781,0.3556950374803326,0.2961939916207937,8.083593615040772e-07,1.463727644079722e-05
2020-01-10,1,Late-Cycle,0.32070276072574055,0.4039413816774059,0.27535236402596935,1.8432992127423393e-08,3.47513849027974e-06
2020-01-13,2,Transitional,0.29805188248027126,0.36501046139179216,0.3275701136165661,7.801515059384458e-10,0.009367541730575104
2020-01-14,0,Risk-On,0.3075924731658886,0.3462373175478895,0.2833172304940589,1.1265440632456141e-07,0.06285286613744255
2020-01-15,1,Late-Cycle,0.22487248259662151,0.3442599806023925,0.2678836318632453,5.716494196363795e-07,0.16298333328922227
2020-01-16,2,Transitional,0.09884092948583532,0.2552531468208789,0.2344428704128048,8.263434222437754e-07,0.4114622269371164
2020-01-17,4,Risk-Off,0.023198904441906802,0.10127789584099757,0.1655055536701332,1.3892839292529814e-06,0.7100162567628375
2020-01-20,4,Risk-Off,0.003297972746529934,0.018721587507883077,0.03531308696402485,1.27380912678309e-06,0.9426660789722958
2020-01-21,4,Risk-Off,0.000456922328653853,0.002335681497894214,0.00488961223330395,1.4707245835160873e-06,0.9923163132160541
2020-01-22,4,Risk-Off,0.00012430995793712076,0.000338501463973545,0.0008272269088165218,1.479501574844571e-06,0.9987084821669497
2020-01-23,4,Risk-Off,6.047602149599142e-05,0.0001243521961877381,0.0005933902962674813,1.9306163615940125e-06,0.9992198508693705
2020-01-24,4,Risk-Off,2.9979614977600686e-05,6.571946106914911e-05,0.0012752630973370148,5.218882833620841e-06,0.9986238189436502
2020-01-27,4,Risk-Off,9.916552306505424e-06,2.1192682728180325e-05,0.00025901268892070226,1.4807087312914798e-06,0.9997083973666837
2020-01-28,4,Risk-Off,2.9680205138035962e-06,5.888006973564821e-06,0.00016226764321520916,1.3507432546986783e-06,0.9998275255854422
2020-01-29,4,Risk-Off,3.5519782525377553e-06,3.7248742591954995e-06,0.00042943303025239597,1.687224523356865e-06,0.9995616028932751
2020-01-30,4,Risk-Off,2.4062098162986307e-06,3.4841053132020503e-06,0.00023364812426186762,1.4014465674799497e-06,0.9997590601138359
2020-01-31,4,Risk-Off,4.2289083191964955e-07,1.0538677623970392e-06,9.67651985742849e-05,1.425397002483686e-06,0.9999003326460361
2020-02-03,4,Risk-Off,1.82093683042904e-07,9.517865908832496e-08,1.9385990816047604e-05,2.0356667891970524e-06,0.9999783010706348
2020-02-04,4,Risk-Off,4.246995889320848e-06,9.132175881714269e-07,0.00047278131446673724,2.4868151445796043e-06,0.9995195716570022
2020-02-05,4,Risk-Off,3.245979352877249e-05,1.1485470983509869e-05,0.0005177734506896861,2.9943002339704844e-06,0.9994352869849479
2020-02-06,4,Risk-Off,2.0586051560187654e-05,3.427114257464799e-05,0.001241113890384662,4.335922104825912e-06,0.9986996929935847
2020-02-07,4,Risk-Off,4.66578985786342e-06,1.2207363392148973e-05,0.00019144412765285525,1.5615976783153254e-06,0.999790121120588
2020-02-10,4,Risk-Off,5.613080379633915e-07,1.5696321799836847e-06,8.342843021395764e-05,1.4412626621389366e-06,0.9999129993661006
2020-02-11,4,Risk-Off,1.2257076819747124e-06,6.2177704591333e-07,0.00011237539977369479,1.5497899163228102e-06,0.9998842273263266
2020-02-12,4,Risk-Off,2.8415288518731804e-06,2.557670878778415e-06,0.0006834596663949821,4.520968501710521e-06,0.9993066201654255
2020-02-13,4,Risk-Off,1.5508669846648738e-06,2.0700969591571284e-06,0.00011163838965271219,1.601911059377092e-06,0.9998831387350543
2020-02-14,4,Risk-Off,3.0354999833355515e-07,5.879854717898726e-07,8.030395428283341e-05,1.4462877726346984e-06,0.9999173582226413
2020-02-17,4,Risk-Off,3.3633799275695393e-07,2.848440006879721e-07,0.00010300867776613032,1.9977294308212024e-06,0.9998943724114366
2020-02-18,4,Risk-Off,1.0354435576036787e-06,4.07032530576196e-07,7.672274185728023e-05,1.6568813047205643e-06,0.9999201779000876
2020-02-19,4,Risk-Off,3.7357922066122725e-06,2.3857789469923658e-06,0.0007119667764165825,3.4533246886666346e-06,0.9992784583272943
2020-02-20,4,Risk-Off,3.0393098407261435e-06,4.495493853175647e-06,0.0002533639260652104,2.4946284088222275e-06,0.9997366066423559
2020-02-24,4,Risk-Off,2.2177814030327482e-07,5.176128059094011e-07,3.4758895994202316e-05,2.4527926872313504e-06,0.9999620489196103
2020-02-25,4,Risk-Off,1.9244653357544838e-07,2.165795548542589e-07,0.0001346266999404429,1.2185560205615255e-05,0.9998527787144084
2020-02-26,4,Risk-Off,5.091694710105788e-08,5.5394937861031646e-08,1.9489852954440218e-05,2.9250239548991262e-05,0.9999511535950153
2020-02-27,4,Risk-Off,2.9707104982296207e-08,2.795919327144892e-08,2.676345422502449e-05,0.0009247304770238639,0.9990484484029762
2020-02-28,4,Risk-Off,1.2292311558242302e-09,9.568834425533166e-10,1.5112520967907086e-06,0.033396442599272935,0.9666020439629055
2020-03-02,4,Risk-Off,1.1484015609244926e-09,7.556690923099999e-10,1.825829485429433e-06,0.053512840714279634,0.9464853315513257
2020-03-03,4,Risk-Off,2.161626932290046e-09,1.416754574889211e-09,3.077916142227838e-06,0.06695398580976462,0.9330429326949518
2020-03-04,4,Risk-Off,7.344675360381487e-09,5.135164685168443e-09,9.091608294622e-06,0.09355987480722126,0.9064310211044724
2020-03-05,4,Risk-Off,1.722660568217184e-09,1.3356193506489306e-09,1.9849734491248257e-06,0.2839180877937856,0.7160799241748952
2020-03-06,3,Post-Shock,9.628927417939599e-18,7.282009764371511e-18,1.440487726418295e-14,0.8789245255635812,0.12107547443554603
2020-03-09,3,Post-Shock,1.4340265947050403e-24,8.384098557043437e-25,5.056446552446343e-21,0.9999999775318431,2.2468555958842482e-08
2020-03-11,3,Post-Shock,2.4473305004633197e-42,3.3521170399030344e-39,1.3515189683354996e-35,0.9999999999363354,6.392648508915793e-11
2020-03-12,3,Post-Shock,3.876884525221587e-58,3.062112900510918e-56,4.351673998784489e-51,1.0,8.897850377232982e-25
2020-03-13,3,Post-Shock,1.0047456783899083e-58,1.5106929953609193e-60,7.887146170929682e-52,1.0,8.755226283946831e-26
2020-03-16,3,Post-Shock,3.443256522516579e-74,1.9856441664024787e-76,1.3544666108775088e-66,1.0,8.481418672435865e-40
2020-03-17,3,Post-Shock,2.2943752204127812e-77,1.272248753654073e-79,1.1669212248426223e-69,1.0,1.3580449267946402e-43
2020-03-18,3,Post-Shock,1.9435617359291348e-86,6.732911116490577e-89,2.448561119214456e-78,1.0,1.2122677941177442e-52
2020-03-19,3,Post-Shock,7.905347440135863e-89,2.5684570391642067e-91,1.2541263797908616e-80,1.0,2.681926052997093e-55
2020-03-20,3,Post-Shock,2.910823602420926e-90,4.885748430597849e-93,5.248607489395904e-82,1.0,5.856415340931889e-55
2020-03-23,3,Post-Shock,2.267011853663554e-132,2.828780432138284e-136,2.1176601489420006e-122,1.0,1.63328328711998e-97
2020-03-24,3,Post-Shock,7.291959759827624e-132,7.707858766885345e-136,6.27925113527186e-122,1.0,2.1807852579073967e-96
2020-03-25,3,Post-Shock,9.05642294151836e-134,4.030560611265994e-138,8.750504000828323e-124,1.0,5.1367889835265874e-96
2020-03-26,3,Post-Shock,1.4847669275887788e-133,4.6395082427802757e-138,1.4155448075546311e-123,1.0,1.1897557205550127e-94
2020-03-27,3,Post-Shock,1.2583989886668207e-132,4.0237735847653454e-137,1.0679132993598616e-122,1.0,9.067185569791622e-94
2020-03-30,3,Post-Shock,1.5851421906260705e-139,3.897146495505118e-144,2.51612773450302e-129,1.0,2.908486858746431e-101
2020-03-31,3,Post-Shock,1.0340815687393631e-133,2.1625145938593035e-138,9.848401490465866e-124,1.0,6.796052742269445e-94
2020-04-01,3,Post-Shock,1.261958090981085e-139,2.1330899697578284e-144,2.0302282799487248e-129,1.0,3.2140600205286217e-100
2020-04-03,3,Post-Shock,2.3027202924645305e-142,3.8207347492305196e-147,5.0455704967849745e-132,1.0,3.6409327216885716e-103
2020-04-07,3,Post-Shock,3.2786679792345046e-151,1.263622510243767e-156,1.4830245931629021e-140,1.0,5.584227069108807e-110
2020-04-08,3,Post-Shock,5.3884224918056185e-152,2.1439309221718344e-157,2.5368466481939576e-141,1.0,4.299398835328798e-111
2020-04-09,3,Post-Shock,1.9558616310500328e-149,6.119925257493926e-155,6.972236517886162e-139,1.0,4.668459040421136e-108
2020-04-13,3,Post-Shock,1.9815768075147898e-142,9.151463003538111e-148,3.638081699031983e-132,1.0,1.7914986929040154e-101
2020-04-15,3,Post-Shock,1.2846180740021204e-143,6.2711879093205996e-149,2.4543067960015305e-133,1.0,2.986195555138763e-103
2020-04-16,3,Post-Shock,1.1030737206603713e-124,1.8491033807116536e-129,3.3767896341138764e-115,1.0,1.4544599690645073e-86
2020-04-17,3,Post-Shock,1.977315548674823e-123,3.3956246399278115e-128,5.895272615237416e-114,1.0,1.1391523642903527e-84
2020-04-20,3,Post-Shock,2.800749985852526e-109,1.3840539622242193e-113,2.0038632436126846e-100,1.0,8.200039950032423e-74
2020-04-21,3,Post-Shock,2.2135649199468222e-110,1.0877712807136141e-114,1.6761590058534637e-101,1.0,4.780396893888133e-75
2020-04-22,3,Post-Shock,2.1258941772854312e-104,1.6021821086945827e-108,8.172287806013865e-96,1.0,4.403790496016309e-73
2020-04-23,3,Post-Shock,1.1350223979396806e-104,9.459934868191905e-109,3.868798476329733e-96,1.0,2.1325751662997753e-76
2020-04-24,3,Post-Shock,7.413055208272711e-98,1.055492317799033e-101,1.655015545631076e-89,1.0,2.6517838860826386e-65
2020-04-27,3,Post-Shock,6.137383566427398e-72,1.278503679952741e-74,8.703166805400362e-65,1.0,6.00175873200215e-53
2020-04-28,3,Post-Shock,1.2192007871278362e-69,2.7629872960889957e-72,1.5085449648002533e-62,1.0,3.787472766605608e-49
2020-04-29,3,Post-Shock,4.303456572453874e-60,2.094021520369436e-62,2.4014728319258796e-53,1.0,1.2796117174665983e-36
2020-04-30,3,Post-Shock,1.2141233387658244e-58,6.205191190060403e-61,6.2849530693616834e-52,1.0,1.7874048859049892e-34
2020-05-04,3,Post-Shock,1.261582246393173e-63,4.170546786127851e-66,1.128511090263852e-56,1.0,2.2049272001989463e-35
2020-05-05,3,Post-Shock,1.101664149847653e-60,8.195608445883968e-63,7.109207361577806e-54,1.0,1.177741588564274e-34
2020-05-06,3,Post-Shock,1.770039455250955e-57,1.063126521124374e-59,9.373552505255838e-51,1.0,1.3540947998371984e-29
2020-05-07,3,Post-Shock,1.1882548919800134e-55,8.221876626125306e-58,4.712843800776089e-49,1.0,2.2874943511628154e-30
2020-05-08,3,Post-Shock,1.8308392227975396e-45,9.83487651320582e-43,4.659453918722684e-38,1.0,2.8212788704331377e-33
2020-05-11,3,Post-Shock,5.83652212766218e-31,1.0377846105401646e-27,4.819086327008949e-24,1.0,6.67550461783946e-14
2020-05-12,3,Post-Shock,3.83046765722089e-28,6.916803853816261e-25,3.1417235608476286e-21,1.0,3.6007215579945344e-14
2020-05-13,3,Post-Shock,1.705098399774467e-26,3.6868241863654733e-23,1.2215731401343572e-19,0.9999999999690772,3.1649446019279524e-11
2020-05-14,3,Post-Shock,3.1289964880387966e-27,6.348250682528556e-24,2.4965526756462175e-20,0.9999999999872671,1.2255313942755223e-11
2020-05-15,3,Post-Shock,5.862473489906926e-28,1.1709281708427639e-24,4.573371895993157e-21,0.9999999999763531,2.288237116563138e-11
2020-05-18,3,Post-Shock,9.511963112365356e-30,1.6546690195886204e-26,1.0299410100156649e-22,0.999999999998181,1.5132169606207403e-12
2020-05-19,3,Post-Shock,2.2278015761947468e-30,4.427240857635712e-27,2.36329334959017e-23,0.9999999999799911,2.0349425227403635e-11
2020-05-20,3,Post-Shock,8.489890922356082e-29,1.64305394942803e-25,8.55445977774143e-22,0.999999999998181,1.2622017988311528e-12
2020-05-21,3,Post-Shock,3.61157765909045e-25,7.434262656148295e-22,2.8163486567872412e-18,0.9999999999090505,9.09336099837461e-11
2020-05-22,3,Post-Shock,1.1980375441718408e-25,2.699868022605172e-22,9.765427043446954e-19,0.9999999994633981,5.357078696375423e-10
2020-05-26,3,Post-Shock,5.077177350703893e-27,1.2135373395341672e-23,4.262614229346314e-20,0.9999999997125997,2.877470812377031e-10
2020-05-27,3,Post-Shock,6.138391785698897e-27,1.278133753244739e-23,4.751324058553098e-20,0.9999999999654392,3.47623424713402e-11
2020-05-28,3,Post-Shock,6.712504495839019e-27,1.3639404082876622e-23,5.2325875332254396e-20,0.9999999999836291,1.5477113337540615e-11
2020-05-29,3,Post-Shock,2.1077463621438312e-27,4.254898991457517e-24,1.647462785017231e-20,0.9999999999745341,2.5386457819564996e-11
2020-06-01,3,Post-Shock,3.5636626268407e-26,6.835623872297272e-23,2.8573196401699865e-19,0.999999999994543,5.9964030822955035e-12
2020-06-02,3,Post-Shock,1.563514205849732e-24,3.3331721023603797e-21,1.1690296738707906e-17,0.9999999997562554,2.4410792007009196e-10
2020-06-03,3,Post-Shock,2.8331471606525243e-20,9.223314988542437e-17,1.140457741360693e-13,0.9999999991232471,8.77073901138159e-10
2020-06-04,3,Post-Shock,8.684666143722661e-19,2.3417966397555948e-17,2.7830350232696397e-14,0.9999999995889084,4.1042582150967786e-10
2020-06-05,3,Post-Shock,1.124385263459225e-19,2.5562439898246785e-18,2.9396708344640705e-15,0.9999999999090505,9.047107820459368e-11
2020-06-08,3,Post-Shock,8.924615059325884e-19,4.623550332253059e-17,5.647951307274553e-14,0.9999999999781721,2.1099885631301437e-11
2020-06-09,3,Post-Shock,2.630211835721252e-19,1.4649014116254015e-17,1.799003330362957e-14,0.9999999995579856,4.4136452918695723e-10
2020-06-10,3,Post-Shock,1.4256728933251067e-18,4.7825760832135575e-17,5.868267308745361e-14,0.9999999999145075,8.60357644007729e-11
2020-06-11,3,Post-Shock,8.353562185852944e-18,4.528705648784346e-16,6.304216156114835e-13,0.9999999995379767,4.6194999910491183e-10
2020-06-12,3,Post-Shock,1.516334815014494e-17,1.7352313570296793e-15,2.2517790094863397e-12,0.9999999898282113,1.0168644207277655e-08
2020-06-15,3,Post-Shock,1.7338271606021057e-17,4.805326967977149e-16,5.49952742791009e-13,0.99999999193642,8.063220195934457e-09
2020-06-16,3,Post-Shock,1.647118111482016e-19,1.5423035603708678e-18,1.682617050439576e-15,0.9999999993688107,6.316509867956761e-10
2020-06-17,3,Post-Shock,2.727175853340196e-21,7.508170377840682e-20,6.512902761942369e-17,0.999999999994543,5.3986462337931004e-12
2020-06-18,3,Post-Shock,2.2070624513136843e-20,4.769834492823478e-20,2.5947970977911902e-17,1.0,1.0004927933460047e-13
2020-06-19,3,Post-Shock,8.32884473190893e-18,7.831332508764128e-17,2.3115695434156528e-14,1.0,1.9710573710522426e-13
2020-06-22,3,Post-Shock,2.1175673854769733e-14,1.936414608103532e-14,4.508689764977584e-12,0.999999999994543,1.7064113066227428e-13
2020-06-23,3,Post-Shock,4.130975497406355e-12,5.516764427072476e-12,1.4589204878375233e-09,0.9999999985320756,1.6668910762504613e-17
2020-06-24,3,Post-Shock,1.4413706856400215e-09,2.7989833351892927e-08,9.867356116901452e-06,0.9999901032132101,2.5970220334790855e-14
2020-06-25,3,Post-Shock,9.266736099071836e-06,6.93852672239142e-05,0.017151230023194575,0.9827701144393695,3.5336423649437934e-09
2020-06-26,3,Post-Shock,0.0157391374293658,0.0020213195908149154,0.14989613075135663,0.832343352159158,6.006845740566461e-08
2020-06-29,2,Transitional,0.13957943761449162,0.025870189209688803,0.3690997345440632,0.4654489420614983,1.6965693911579308e-06
2020-06-30,0,Risk-On,0.3483394595682959,0.15326163102268414,0.4190968142308964,0.0792479974287217,5.409774888737831e-05
2020-07-01,1,Late-Cycle,0.4166525019704527,0.3492319954422656,0.2209453039021879,0.013086815226777843,8.338345779722596e-05
2020-07-02,2,Transitional,0.2572107963530011,0.4190245025632091,0.3212936655394712,0.002439102300153469,3.193324483265987e-05
2020-07-03,0,Risk-On,0.34325688758906986,0.30993739168867945,0.3463689310647187,0.0004345609175628604,2.228739209692267e-06
2020-07-06,1,Late-Cycle,0.36662994352278094,0.35963027027772193,0.273644187889774,9.345753875345662e-05,2.1407718569369454e-06
2020-07-07,2,Transitional,0.3033087448076313,0.3899510886699748,0.3067194325791757,2.0390638299441703e-05,3.433040878558566e-07
2020-07-08,0,Risk-On,0.33202468700488913,0.3389527166064738,0.32901723796146076,4.272270846494239e-06,1.0861555828947593e-06
2020-07-09,1,Late-Cycle,0.3524903063718674,0.356157604413675,0.29135074003475053,9.757178317780116e-07,3.7346139860354676e-07
2020-07-10,2,Transitional,0.31870111361713377,0.37793989714635157,0.30335877619631946,1.8717931147891227e-07,2.5860053346538925e-08
2020-07-13,0,Risk-On,0.33415897679275547,0.34884411553722044,0.3169968103689672,2.8446234780660098e-08,6.885432320182422e-08
2020-07-14,1,Late-Cycle,0.34252859206044867,0.37050166621092084,0.2869697071542245,4.677956686935694e-09,2.989574024335521e-08
2020-07-15,2,Transitional,0.3133976891171072,0.37144767722559596,0.3151538949815101,5.534770383401164e-10,7.381217799535382e-07
2020-07-16,0,Risk-On,0.3442205751116423,0.3428916682147135,0.3128877277980941,1.3150831411755232e-09,2.7560463345942637e-08
2020-07-17,1,Late-Cycle,0.33980893206563745,0.377054897729698,0.28313614910529905,1.668891873716426e-10,2.0933125930550362e-08
2020-07-20,2,Transitional,0.31214098054329753,0.37387573472034247,0.3139832129828336,2.6881618540056938e-11,7.172662370252627e-08
2020-07-21,0,Risk-On,0.3438727601131783,0.34677836094760944,0.309348721691063,7.625427879992233e-11,1.5717279609781778e-07
2020-07-22,1,Late-Cycle,0.33259399007924223,0.3795741212401624,0.2878316184822023,6.271167294653817e-11,2.701352264688066e-07
2020-07-23,2,Transitional,0.3199297897741816,0.3624224632811805,0.31764770612865717,1.954912690149537e-10,4.0620084212541566e-08
2020-07-24,0,Risk-On,0.3471588937523886,0.36023058808237685,0.2926105092524123,4.366402103230121e-11,8.869183613865955e-09
2020-07-27,1,Late-Cycle,0.31984798147937127,0.3849620200577847,0.29518994323201875,5.268189096689165e-12,5.5224832656048795e-08
2020-07-28,2,Transitional,0.32740665109258604,0.3556810494336289,0.3169122850220396,7.45732685754858e-11,1.4376553005964629e-08
2020-07-29,0,Risk-On,0.34230755833474424,0.36533402678830684,0.2923584053054763,1.9777738181874083e-11,9.552397241713007e-09
2020-07-30,1,Late-Cycle,0.3231821279985792,0.37159655250194595,0.3052204640022221,4.041141577027775e-12,8.554929077856237e-07
2020-07-31,2,Transitional,0.33282980971946224,0.36617772728837894,0.30098940970754956,2.0294381196883042e-10,3.0530807921590256e-06
2020-08-03,0,Risk-On,0.32538890764852807,0.37192202388411694,0.30267814660657366,1.1874005058738054e-09,1.0920672612344775e-05
2020-08-04,1,Late-Cycle,0.3281594742740474,0.3619094057981264,0.3099111796031842,4.984332805022713e-09,1.9935339640237773e-05
2020-08-05,2,Transitional,0.33365947998784423,0.3645479900277234,0.30177601156862144,9.430482668430767e-09,1.6508985084461365e-05
2020-08-06,0,Risk-On,0.32677105087222824,0.36854817305375775,0.3046740903812807,7.302862002884556e-09,6.678389015179569e-06
2020-08-07,1,Late-Cycle,0.33118251407588,0.35980214425985785,0.3089614128282931,2.9292118968419996e-09,5.392590759640666e-05
2020-08-10,2,Transitional,0.3321139026401962,0.3696651720146102,0.2982179156040091,1.8583266663394322e-08,2.991157191618668e-06
2020-08-11,0,Risk-On,0.32658235861579954,0.3626504935643718,0.3107616470485531,1.8280120425656413e-09,5.498943684620712e-06
2020-08-12,1,Late-Cycle,0.33726943044704644,0.36634312954263887,0.29638706755250155,1.5979488008687436e-09,3.708604827383322e-07
2020-08-13,2,Transitional,0.32511412271482804,0.3725155948278005,0.30236983216971935,1.4886342756651068e-10,4.5013898180857833e-07
2020-08-14,0,Risk-On,0.33183410577406586,0.36457062112210825,0.30359007751550426,9.28530319354225e-11,5.1954954178179605e-06
2020-08-17,1,Late-Cycle,0.32781315744151596,0.3768671489265125,0.2953134032047162,8.922746519959462e-10,6.289534244096118e-06
2020-08-18,2,Transitional,0.32291615656099804,0.3657319429756056,0.3113339132865251,1.0781036011056126e-09,1.798609888527241e-05
2020-08-19,0,Risk-On,0.33811877240846383,0.365702763410737,0.2961509467750889,3.128408193540807e-09,2.7514277759678557e-05
2020-08-20,1,Late-Cycle,0.3196708691242897,0.38411893614854725,0.29617551331365477,6.361350636590029e-09,3.4675051978676594e-05
2020-08-21,2,Transitional,0.3212169022212877,0.3591506199319625,0.3194228815979002,7.119135373534188e-09,0.00020958913060887012
2020-08-24,0,Risk-On,0.344002684058423,0.36255583362682325,0.29339686499738166,3.8947513329033653e-08,4.4578370749533334e-05
2020-08-25,1,Late-Cycle,0.317909557979697,0.3854030264691534,0.2966709475290007,8.261373877503353e-09,1.6459760030059815e-05
2020-08-26,2,Transitional,0.32479120469010575,0.35653442459999957,0.3185714871822678,2.6179826516498135e-09,0.00010288091044264631
2020-08-27,0,Risk-On,0.34327523561009093,0.37139271000124763,0.2853300041930639,1.236689833549275e-08,2.0378289693775892e-06
2020-08-28,1,Late-Cycle,0.3147007631719319,0.38576216662608864,0.29953125616705506,5.224669499729386e-10,5.81351293263831e-06
2020-08-31,2,Transitional,0.32598736430385034,0.359373285698016,0.3146276901090344,1.2287910876869397e-09,1.1658660207206273e-05
2020-09-01,0,Risk-On,0.33958881889495984,0.36584295272203937,0.2945661063665346,1.8633498296754706e-09,2.1201530413968534e-06
2020-09-02,1,Late-Cycle,0.3247549593991068,0.37586849379311194,0.29937343393438554,2.4546769960772735e-10,3.112628025559146e-06
2020-09-03,2,Transitional,0.3293229708085436,0.3749566266306998,0.2957156728145481,3.7294983767060723e-10,4.72937239451514e-06
2020-09-04,0,Risk-On,0.31920795123407053,0.3776374827168763,0.3025755103450616,8.501851823889409e-10,0.000579054853231082
2020-09-07,1,Late-Cycle,0.32227103442037525,0.3592296790930925,0.3176197312462733,9.297543675921197e-08,0.0008794622649407501
2020-09-08,2,Transitional,0.3454295078812223,0.35465087269346396,0.29930019955116915,1.942381938751095e-07,0.0006192256359974451
2020-09-09,0,Risk-On,0.3201999624278744,0.39971330938493355,0.27889089188436816,2.0272574074275564e-07,0.0011956335775039502
2020-09-10,1,Late-Cycle,0.29329923761363147,0.3606475048329339,0.3456465699403882,2.7818757586554996e-07,0.00040640942548896296
2020-09-11,2,Transitional,0.38317466646548154,0.3091700260872485,0.3072418831391983,7.916241907642041e-08,0.0004133451455966441
2020-09-14,0,Risk-On,0.3239327827403336,0.4567811791182478,0.21927371688918346,1.3026189306114388e-07,1.2190990014975529e-05
2020-09-15,1,Late-Cycle,0.2340083852190864,0.354321707886201,0.4116077066961296,4.025735671188707e-09,6.219617371753192e-05
2020-09-16,2,Transitional,0.464872009490562,0.2403898896567601,0.2946700581194667,5.546198606380809e-09,6.803718666992511e-05
2020-09-17,0,Risk-On,0.3015558440914243,0.574509547309833,0.1226903651187656,2.7020028965835772e-08,0.001244216460834342
2020-09-18,1,Late-Cycle,0.07469016045811211,0.32521418892111353,0.5444436329465465,4.181471558127099e-08,0.055651975858797276
2020-09-21,4,Risk-Off,0.014557478182344845,0.06297085902373611,0.10200861579277883,2.1471239261356006e-07,0.820462832289475
2020-09-22,4,Risk-Off,0.0011443126953160135,0.011207680601411292,0.030403164363032392,1.253316971603685e-05,0.9572323091712244
2020-09-23,4,Risk-Off,1.4731481233286829e-05,0.000175241788303158,0.0005360412158038163,2.31442177276147e-06,0.9992716710919868
2020-09-24,4,Risk-Off,1.7160572666343856e-08,1.4699704690673158e-07,3.4377101549660185e-06,2.0597347863215422e-05,0.999975800785199
2020-09-25,4,Risk-Off,7.837508400263554e-09,5.489941959580053e-09,9.356519834697193e-06,2.3388977472577855e-05,0.9999672411758894
2020-09-28,4,Risk-Off,2.299663038397953e-08,9.632628070355948e-09,1.3366633323047567e-05,2.620773472248392e-05,0.9999603930031594
2020-09-29,4,Risk-Off,3.8096833664395765e-07,1.700755771341437e-07,0.00018755825244388114,2.029706354865963e-05,0.9997915936410009
2020-09-30,4,Risk-Off,4.15038409063318e-06,6.912918606064508e-07,0.00011438708912621532,2.6720633449018294e-05,0.9998540506018005
2020-10-01,4,Risk-Off,7.266672880135222e-05,9.62012411618357e-06,0.001343809109422153,0.0001757909824206903,0.9983981130560257
2020-10-05,4,Risk-Off,0.002429179395451027,0.0002495676648871549,0.04169915815715302,0.0012681639337463798,0.9543539308496302
2020-10-06,4,Risk-Off,0.055433189710443885,0.006665521417012695,0.49680253685328785,0.004131818670184322,0.43696693334976777
2020-10-07,2,Transitional,0.4701801701418971,0.09044705302119183,0.40558310476838066,0.003587227101386251,0.030202444966631246
2020-10-08,0,Risk-On,0.41089003059921597,0.431109274898724,0.15387541128545593,0.0018502448652709291,0.0022750383518924584
2020-10-09,1,Late-Cycle,0.19974995157208955,0.42545583925054486,0.3738374651240633,0.0009430569361579002,1.368711724060836e-05
2020-10-12,2,Transitional,0.3880366207255195,0.2572380857008489,0.35406432440472035,0.0005571121745860297,0.00010385699450190652
2020-10-13,0,Risk-On,0.37200341807818543,0.39200413949208335,0.2353556197186091,0.00046342438564953215,0.0001733983262082088
2020-10-14,1,Late-Cycle,0.2619474182860448,0.3997969956806675,0.334177929234377,0.00044343507496176883,0.003634221724192424
2020-10-15,2,Transitional,0.3307606069428747,0.2964903168082486,0.34370410764546483,0.0004653783154484082,0.02857959028824374
2020-10-16,0,Risk-On,0.3498029048853547,0.33986091902685267,0.27454281342443115,0.0007895412718825956,0.03500382139094456
2020-10-19,1,Late-Cycle,0.2939662202895312,0.36439268361369676,0.3213705564694437,0.00141396091517172,0.01885657871164015
2020-10-20,2,Transitional,0.3390632100201559,0.3126136626666001,0.3397867412245292,0.001313516142786088,0.007222869945193836
2020-10-21,0,Risk-On,0.359755047582755,0.35363314388208533,0.2856066335821958,0.000758124306179536,0.0002470506467024851
2020-10-22,1,Late-Cycle,0.3105007824461183,0.3826363791494591,0.30647984564212855,0.0003670198410838428,1.597292136559691e-05
2020-10-23,2,Transitional,0.32860836877528676,0.3362513993220071,0.33497341610794057,0.00015840008156988767,8.415713801512125e-06
2020-10-26,0,Risk-On,0.3606841678853351,0.34698943918428793,0.2922958930707165,3.020495958188782e-05,2.9489948915026727e-07
2020-10-27,1,Late-Cycle,0.32211893316886314,0.392207626107284,0.2856716218425388,1.7061703420224998e-06,1.127117395068769e-07
2020-10-28,2,Transitional,0.3141693762104087,0.36335569814247803,0.3224137338923585,7.539483612633622e-08,6.111635966671274e-05
2020-10-29,0,Risk-On,0.344507598825148,0.3543357944194562,0.3010289313829697,2.2555512271598845e-08,0.00012765281767978493
2020-10-30,1,Late-Cycle,0.325545409105775,0.37671321908744376,0.2974789948432643,3.715483385143306e-08,0.0002623398084101545
2020-11-02,2,Transitional,0.32228707379524263,0.36417510826596805,0.3128543657884063,4.819023987896606e-08,0.000683403959388571
2020-11-03,0,Risk-On,0.335564048503481,0.362764350429746,0.30058868250092896,1.700712379315992e-07,0.0010827484939858033
2020-11-04,1,Late-Cycle,0.32197714114417963,0.37378612314722137,0.30319122656916603,2.201438688274778e-07,0.0010452889963020297
2020-11-05,2,Transitional,0.32843970024177765,0.35743822449713525,0.313564612918836,4.0651540406078093e-07,0.0005570558261976716
2020-11-06,0,Risk-On,0.3365630069559159,0.3683608650041404,0.2950398274701406,1.7220662750047013e-07,3.612836311893328e-05
2020-11-09,1,Late-Cycle,0.32042976966721576,0.370071960931912,0.30948320131551854,2.3519294576342348e-08,1.504456673182128e-05
2020-11-10,2,Transitional,0.3359574230342379,0.3540745740958217,0.30996426653918663,1.1123345292485055e-08,3.7252070035987807e-06
2020-11-11,0,Risk-On,0.33468930959658294,0.3687846904280035,0.2965255881248196,4.1931788443393944e-09,4.0765679599870506e-07
2020-11-12,1,Late-Cycle,0.32426772871884885,0.36335173715362673,0.3123777006134117,7.005807683315998e-10,2.832813089989314e-06
2020-11-13,2,Transitional,0.3379667685257625,0.35867239331646333,0.3033606750122268,2.9928495124081206e-09,1.6015222791845582e-07
2020-11-17,0,Risk-On,0.33263799241156344,0.3671880846765345,0.3001738963166502,6.334798938547544e-10,2.596127876082379e-08
2020-11-18,1,Late-Cycle,0.32906131231427077,0.36818678402254634,0.30275182599335804,9.571051054178599e-11,7.757430269460982e-08
2020-11-19,2,Transitional,0.32941855361042044,0.36366014049602835,0.3069207203150082,4.9514163301352384e-11,5.855283075970057e-07
2020-11-20,0,Risk-On,0.33500561112241617,0.3615333399636137,0.3034607663160602,4.00655334767685e-10,2.821967400931449e-07
2020-11-23,1,Late-Cycle,0.3310853468148687,0.36995586950283793,0.29895870091836857,4.2553047343340173e-10,8.233903371742884e-08
2020-11-24,2,Transitional,0.32567677954921487,0.3632248624570978,0.31109831493201817,3.609119157267659e-10,4.2700790878833686e-08
2020-11-25,0,Risk-On,0.33972509750693547,0.3532615005609532,0.3070133398398629,4.336684529251914e-10,6.165907125905389e-08
2020-11-26,1,Late-Cycle,0.3342896206735905,0.3726894074207272,0.2930209586462802,1.761161669863992e-09,1.149865419159128e-08
2020-11-27,2,Transitional,0.3216714824653951,0.3654575596489773,0.31287094658432535,2.901552225196854e-09,8.39951485299486e-09
2020-12-01,0,Risk-On,0.34153764540130893,0.35162710146281884,0.306835247728519,4.9304777785786115e-09,4.760205404222791e-10
2020-12-02,1,Late-Cycle,0.3326426167036675,0.3696403670652221,0.29771701117133587,4.8240874104470716e-09,2.3542613281520733e-10
2020-12-03,2,Transitional,0.32639306641278887,0.35544296369486217,0.3181639646178569,4.410337788512024e-09,8.64623977997488e-10
2020-12-04,0,Risk-On,0.346194957172141,0.35371136578707907,0.3000936733227529,3.458757998112803e-09,2.592986323975094e-10
2020-12-07,1,Late-Cycle,0.3286287808012643,0.3748587232275489,0.29651249367016064,2.152612451455403e-09,1.491286795635824e-10
2020-12-08,2,Transitional,0.3256161090437361,0.3581489682389754,0.3162349143454557,4.935209877759464e-10,7.87913811710208e-09
2020-12-09,0,Risk-On,0.3472487521717546,0.35797790248577366,0.29477334387677673,9.225742169263412e-11,1.3739180069369165e-09
2020-12-10,1,Late-Cycle,0.32414937217156764,0.3866944163765478,0.2891561998549243,4.571230403743536e-12,1.1592959716482687e-08
2020-12-11,2,Transitional,0.3211047906829046,0.364470623177983,0.31442405559908965,2.552283698104459e-12,5.305372288840161e-07
2020-12-14,0,Risk-On,0.3421760051292946,0.36550126340490174,0.29232207898814944,8.698091297573339e-11,6.523914609033538e-07
2020-12-15,1,Late-Cycle,0.3204434394968333,0.3826742921284615,0.2968818483224297,1.3519543757021363e-10,4.1991637038551527e-07
2020-12-16,2,Transitional,0.32761269968312373,0.35980204029042423,0.3125851716306872,9.850748698390116e-11,8.829795811074178e-08
2020-12-17,0,Risk-On,0.3439538960765954,0.3692645191511752,0.2867814945057864,1.6361336942271167e-11,9.024970838405705e-08
2020-12-18,1,Late-Cycle,0.31555311386020235,0.3924181076048694,0.292028592136057,1.4858607888541482e-11,1.8638316254066392e-07
2020-12-21,2,Transitional,0.3214409358736303,0.3568827890287572,0.32166860061023234,4.5793242869501184e-11,7.674441728526242e-06
2020-12-22,0,Risk-On,0.34527123778613056,0.36239470228758874,0.2923317215693417,2.0649252515038213e-09,2.3362924483348136e-06
2020-12-23,1,Late-Cycle,0.3197569848856575,0.3783211279174212,0.301916432033018,8.8603326444752e-10,5.454278298481736e-06
2020-12-24,2,Transitional,0.3282465105144699,0.3575605079142485,0.3141903564239386,1.8233879449023082e-09,2.623324417234897e-06
2020-12-28,0,Risk-On,0.34152724337363366,0.36213775159609285,0.29633480997260053,1.5012361755371296e-09,1.9355670315196147e-07
2020-12-29,1,Late-Cycle,0.32464277825315724,0.3762833973053492,0.29907344626531973,1.512658354134648e-10,3.7802549279713456e-07
2020-12-30,2,Transitional,0.32749772784757347,0.36173916891110364,0.31076286174897283,1.8504031964218953e-10,2.413073451851317e-07
2020-12-31,0,Risk-On,0.3388155564032169,0.36233735545682133,0.2988461261329365,7.282431960576661e-11,9.619344734686162e-07
2021-01-01,1,Late-Cycle,0.32703911279217107,0.3777350477255018,0.2952254511299158,2.927620334465352e-10,3.880595393798332e-07
2021-01-04,2,Transitional,0.32290448707483954,0.3650484452737172,0.3120467991692599,1.718431752606789e-10,2.68310971875188e-07
2021-01-05,0,Risk-On,0.34130078148042137,0.3564624678815985,0.30223627330659397,8.570211668515099e-11,4.772452249924708e-07
2021-01-06,1,Late-Cycle,0.33063142283675345,0.3816222714598217,0.28774611015523455,9.933358103341192e-11,1.9544828565643388e-07
2021-01-07,2,Transitional,0.3168828134183788,0.3726615020150699,0.3104516942554665,4.668898781326288e-11,3.990263567524443e-06
2021-01-08,0,Risk-On,0.3355301516070686,0.35695459284677666,0.3075134539701105,1.0492728919400925e-09,1.800527188845316e-06
2021-01-11,1,Late-Cycle,0.33641591057914194,0.3676140432769742,0.2959695853479695,8.761611800543915e-10,4.5991893502768803e-07
2021-01-12,2,Transitional,0.32317084549620184,0.3753115679519758,0.3015175126167706,2.6970960402606037e-10,7.366614668330769e-08
2021-01-13,0,Risk-On,0.3312143577424482,0.3561923754441845,0.3125930207448897,4.269503261850466e-11,2.4602511149192263e-07
2021-01-14,1,Late-Cycle,0.3415443210898365,0.36960970076466354,0.2888458682860063,1.1064945476476276e-10,1.097494879262803e-07
2021-01-15,2,Transitional,0.31479234318435134,0.38040094255591306,0.30480058226617623,4.1073399615658805e-11,6.1319523351240305e-06
2021-01-18,0,Risk-On,0.33099300199757903,0.3484109266982934,0.32059026038996735,1.6996676280803075e-09,5.809214327606622e-06
2021-01-19,1,Late-Cycle,0.34976026721739406,0.36765470286219615,0.28258290276786713,3.748947584696683e-09,2.1234038182711653e-06
2021-01-20,2,Transitional,0.3017666157926651,0.3914183974814336,0.30681496674704983,2.9783535094871508e-09,1.7000047519067602e-08
2021-01-21,0,Risk-On,0.3446973285667494,0.315344123083715,0.33995851704702873,9.534777421279389e-11,3.1207171032121125e-08
2021-01-22,1,Late-Cycle,0.37775265361640564,0.4003336885730844,0.2218944315469465,1.3974020642952866e-11,1.922624939607336e-05
2021-01-25,2,Transitional,0.21281357281985924,0.44634062699333954,0.3240915166050565,2.2125163510195756e-09,0.016754281369657904
2021-01-27,4,Risk-Off,0.049751995952375956,0.22314079409807436,0.32298894160868574,2.5027097759437054e-06,0.4041157656314591
2021-01-28,4,Risk-Off,0.003360789855549001,0.03869687154217162,0.1038639609243334,0.0008368481292415216,0.8532415295487825
2021-01-29,4,Risk-Off,1.4363539118362469e-05,0.0001639484966307978,0.00047479362732560167,0.03622967538550095,0.9631172189517105
2021-02-01,3,Post-Shock,7.397321496668729e-08,5.6375364407891e-07,2.6202819189409045e-06,0.9441442067139783,0.055852535277542435
2021-02-02,3,Post-Shock,2.006100619663515e-09,1.0443545036490227e-08,3.780209828528196e-08,0.9998863190350964,0.00011363071308437243
2021-02-03,3,Post-Shock,4.782107564215845e-11,4.306739182817217e-10,2.06059039759252e-09,0.9999997193463454,2.781150655706687e-07
2021-02-04,3,Post-Shock,5.572948253089555e-13,3.4806367982453506e-12,2.57612158209884e-10,0.9999998742441755,1.2549354636867624e-07
2021-02-05,3,Post-Shock,1.372843920852297e-13,1.2407368502948523e-13,3.279565033266687e-11,0.9999999587525972,4.1214474636300196e-08
2021-02-08,3,Post-Shock,8.118486725765276e-13,9.211871697557642e-13,4.094900666910561e-10,0.9999999946085154,4.980854287331495e-09
2021-02-09,3,Post-Shock,2.1208884843098622e-12,5.641183515746721e-12,4.039761111903273e-09,0.999999874822614,1.2113040094812566e-07
2021-02-10,3,Post-Shock,5.4323845422886864e-12,7.315974592108484e-12,3.7248375738346375e-09,0.9999994033498257,5.92912427221228e-07
2021-02-11,3,Post-Shock,8.078016639865092e-12,1.5407186938331414e-11,8.255808414627539e-09,0.9999995306735592,4.6104783952073363e-07
2021-02-12,3,Post-Shock,7.100297365696881e-13,1.2678800394949683e-12,6.416201329978072e-10,0.9999990733744853,9.259815315539458e-07
2021-02-15,3,Post-Shock,4.590464725543589e-13,2.8344440565435223e-13,9.697441218324154e-11,0.9999999144856738,8.541696677835999e-08
2021-02-16,3,Post-Shock,6.4642650817544534e-12,2.6594118387322306e-12,5.893414619477624e-10,0.9999999877527445,1.1649641105136234e-08
2021-02-17,3,Post-Shock,6.154134583507896e-11,3.567617536240237e-11,5.633739912697277e-09,0.9999999452466014,4.9022296480082024e-08
2021-02-18,3,Post-Shock,1.2724395563301116e-10,2.1021011162694796e-10,7.95747326276888e-08,0.9999993792991625,5.407886430872952e-07
2021-02-19,3,Post-Shock,6.277630928292106e-11,8.253923787231225e-11,1.8721303566438715e-08,0.9999966112484919,3.3698850747916967e-06
2021-02-22,3,Post-Shock,8.602594811290447e-12,1.683992177939203e-11,4.705977106652078e-09,0.9999988275255925,1.1677437083783309e-06
2021-02-23,3,Post-Shock,1.529326927715727e-13,5.513550861376807e-13,3.7923110901424486e-10,0.9999985836012483,1.416018717371963e-06
2021-02-24,3,Post-Shock,8.133117243989854e-14,6.791825863757349e-14,2.5321051168662604e-11,0.9999999638585002,3.611578884120891e-08
2021-02-25,3,Post-Shock,4.3578713992905693e-13,2.289606541043971e-13,8.211617325292208e-11,0.9999999965875759,3.330529451533796e-09
2021-02-26,3,Post-Shock,8.439812947250835e-12,2.3929363777160177e-12,2.532346296585581e-10,0.9999999921274139,7.608211064510139e-09
2021-03-01,3,Post-Shock,2.3544365838207286e-10,5.022929965064266e-10,2.714716844346662e-07,0.9999997276427537,1.4846340597937088e-10
2021-03-02,3,Post-Shock,2.5988202810243097e-07,7.257842229170534e-07,0.00023481686806126748,0.9997545414809297,9.65598478962938e-06
2021-03-03,3,Post-Shock,0.0001950784708135705,3.390126881512992e-05,0.00032444387221656373,0.9993326822481028,0.00011389413948335795
2021-03-04,3,Post-Shock,0.00012588647520460185,0.00018673761991819083,0.0013332510120189342,0.997015764227735,0.0013383606646197724
2021-03-05,3,Post-Shock,4.788391590192752e-05,9.552970510424089e-05,0.0006324943151051385,0.9862491625247645,0.01297492953977522
2021-03-08,3,Post-Shock,2.8626984343232728e-05,4.14422881668413e-05,0.0007493401533085261,0.9753200752072863,0.0238605153674079
2021-03-09,3,Post-Shock,3.184967257953948e-05,3.074199292753536e-05,0.0008014429285442971,0.9617005523038354,0.037435413101855684
2021-03-10,3,Post-Shock,2.298719041819833e-05,3.189493547772741e-05,0.0012463486798706394,0.9467091774970863,0.05198959169761491
2021-03-12,3,Post-Shock,1.0600424333980012e-05,1.6901854928868733e-05,0.0006278864189811609,0.9277036763505117,0.07164093495208472
2021-03-15,3,Post-Shock,3.0025979177325923e-06,6.5452489187336265e-06,0.00047916736588786814,0.9087468627802147,0.09076442200738093
2021-03-16,3,Post-Shock,8.611485541474375e-07,2.039974054124385e-06,0.0004511226405527828,0.8812520398926761,0.11829393634442507
2021-03-17,3,Post-Shock,2.704303096050411e-08,4.928328732354284e-08,1.6833171283436307e-05,0.853157189231218,0.14682590127061773
2021-03-18,3,Post-Shock,9.176204772618315e-09,3.593804085530046e-08,3.561148951660569e-05,0.840778240421831,0.15918610297491134
2021-03-19,3,Post-Shock,5.9263680134624516e-08,4.264635158005138e-07,0.0004197522237857922,0.7972240647224266,0.202355697326938
2021-03-22,3,Post-Shock,3.8480056580561805e-07,1.2019561000868297e-06,0.0009733219034362942,0.6533073755677425,0.34571771577289945
2021-03-23,4,Risk-Off,9.781020979034296e-07,2.18150117416031e-06,0.001430279196977283,0.4268545045815666,0.5717120566176991
2021-03-24,4,Risk-Off,1.7116113185465061e-06,3.109739017639706e-06,0.001565772589975895,0.2763157988354461,0.7221136072245274
2021-03-25,4,Risk-Off,2.435666588355857e-07,3.899486751429321e-07,0.0001606374967142918,0.1773187789752578,0.8225199500128252
2021-03-26,4,Risk-Off,2.0675090102928456e-08,7.194478250297882e-08,6.508280722103171e-05,0.10798376660096655,0.8919510579718121
2021-03-30,4,Risk-Off,1.4669320010700145e-07,1.504101983716781e-07,0.00011740288751483591,0.06991461966288276,0.929967680347105
2021-03-31,4,Risk-Off,4.722323475886371e-06,6.3293254611334115e-06,0.002490429524766384,0.01586424833776721,0.9816342704880661
2021-04-01,4,Risk-Off,2.527334556828103e-05,2.500117589930585e-05,0.0015141077830974601,0.003169934792777321,0.99526568290251
2021-04-05,4,Risk-Off,6.421893621018705e-07,3.036345771259278e-06,4.708681095236051e-05,0.0003076630286646505,0.9996415716254934
2021-04-06,4,Risk-Off,2.558220278082177e-08,4.737595863697484e-08,1.4464237816386066e-05,2.1045715413993464e-05,0.9999644170894374
2021-04-07,4,Risk-Off,1.360721811585656e-07,6.858323837178628e-08,6.658850440805883e-05,5.147889026019648e-06,0.9999280589503594
2021-04-08,4,Risk-Off,4.248629460607063e-07,2.99294149298359e-07,0.00015211647501287598,4.983430329778015e-06,0.9998421759382814
2021-04-09,4,Risk-Off,3.063618148521034e-07,3.8383122250934823e-07,0.00011156724796842963,8.900088793251426e-06,0.9998788424696599
2021-04-12,4,Risk-Off,7.363106843299697e-09,8.778025737202212e-09,4.5551049109051394e-06,0.00010331886953626569,0.9998921098847589
2021-04-13,4,Risk-Off,3.5466796159727198e-09,2.2584669349782237e-09,4.6496358532467516e-06,0.00013368448027284156,0.9998616600788962
2021-04-15,4,Risk-Off,9.51457701405985e-09,5.813960022708885e-09,1.0875521041220926e-05,0.00012274912572613126,0.9998663600247868
2021-04-16,4,Risk-Off,2.331629555706615e-08,1.5582756023259478e-08,2.532948610734535e-05,0.00012692147521215088,0.9998477101392766
2021-04-19,4,Risk-Off,8.486381822103053e-09,5.839413751476151e-09,8.786183714856165e-06,0.00021050497922488613,0.9997806945105512
2021-04-20,4,Risk-Off,1.2768021933577467e-08,7.503657366114886e-09,1.3079777614406617e-05,0.00020470637321080257,0.9997821935776339
2021-04-22,4,Risk-Off,4.506440960500931e-08,2.927981504727914e-08,4.400199898749818e-05,0.00023371295345659058,0.9997222107038453
2021-04-23,4,Risk-Off,2.8909401872825398e-08,2.1434222830996615e-08,2.189142374754092e-05,0.00029467672814397004,0.9996833815049794
2021-04-26,4,Risk-Off,4.093679639247285e-08,2.2450668680095638e-08,2.785706681585195e-05,0.0005847360745137522,0.9993873434705871
2021-04-27,4,Risk-Off,1.2156945683571674e-06,1.037317290734337e-07,7.266384820715456e-05,0.001308697370872257,0.9986173193539478
2021-04-28,4,Risk-Off,4.112710459250953e-05,7.432433054047753e-06,0.0009197045610670929,0.0026225467655976525,0.9964091891358974
2021-04-29,4,Risk-Off,0.00013267924754593578,9.374218668286246e-05,0.0059679654585321675,0.0029087992913780485,0.9908968138155978
2021-04-30,4,Risk-Off,2.1994535036895888e-05,6.642856880088105e-05,0.0003605040067913231,0.0013343090654787586,0.9982167638234092
2021-05-03,4,Risk-Off,3.2165578298980917e-07,3.1437886607655287e-06,5.367069545613405e-05,0.00023146081482552884,0.9997114030456803
2021-05-04,4,Risk-Off,1.4339775027897135e-07,1.6908091465470311e-07,8.149967499633582e-05,4.168474337945282e-05,0.9998765031025707
2021-05-05,4,Risk-Off,1.9803737623778216e-07,9.22319605906408e-08,3.963705848207636e-05,1.6306839639541223e-05,0.9999437658321293
2021-05-06,4,Risk-Off,1.6475104930033254e-06,5.578196379030749e-07,0.000282547401534774,2.6674504694223726e-05,0.9996885727634415
2021-05-07,4,Risk-Off,1.2340264346308845e-05,3.5918823008095556e-06,0.0004016903567264865,2.6879820929777842e-05,0.9995554976760342
2021-05-10,4,Risk-Off,6.062005927613754e-05,1.6397449045203635e-05,0.000787169887369149,3.2380943706939374e-05,0.9991034316600804
2021-05-11,4,Risk-Off,0.00031071017368498036,8.296279206705635e-05,0.0017206945200949019,7.95466738156884e-05,0.9978060858410751
2021-05-12,4,Risk-Off,0.0019951777794596326,0.0004091892875539393,0.01905086049154984,0.00041950591205877635,0.9781252665287088
2021-05-14,4,Risk-Off,0.03448774924649459,0.004573214371833475,0.43901031762590415,0.00032319349000950844,0.5216055252656939
2021-05-17,2,Transitional,0.41315102489620753,0.06876994470443906,0.3044083630147156,0.0002389232977541568,0.2134317440872562
2021-05-18,0,Risk-On,0.31442185093498376,0.3844623367709897,0.2507279220440935,0.000101191349825132,0.050286698899788713
2021-05-19,1,Late-Cycle,0.28083732094848224,0.35011736090594786,0.3499222659451859,2.8667901693414713e-05,0.01909438429815624
2021-05-20,2,Transitional,0.3645994938198404,0.32667087273984735,0.3059184295740877,8.501783545662767e-06,0.0028027020826800206
2021-05-21,0,Risk-On,0.33201003070578466,0.3846783283646557,0.2832436989955132,3.737830285466239e-06,6.420410391143803e-05
2021-05-24,1,Late-Cycle,0.31110931963993876,0.37216058342581904,0.3167018730619257,7.805070909188588e-07,2.7443364594064437e-05
2021-05-25,2,Transitional,0.33946959924716547,0.35261067961223996,0.30790381372621967,8.005734691973026e-08,1.5827356789973294e-05
2021-05-26,0,Risk-On,0.33297007985635496,0.3674529231747979,0.29955420125974624,1.2930163203794562e-08,2.278277969452158e-05
2021-05-27,1,Late-Cycle,0.32795411519348583,0.3690178844261317,0.3029636508221545,9.315652870203235e-09,6.434024227891471e-05
2021-05-28,2,Transitional,0.3249661292401645,0.371304645749051,0.30355213141780285,3.2708776466422306e-08,0.00017706088334417544
2021-05-31,0,Risk-On,0.32905109629169965,0.35984776104047916,0.31102056019797136,7.892900291048616e-08,8.050354167111841e-05
2021-06-01,1,Late-Cycle,0.3376935809432283,0.36821517566332984,0.29408478066442956,3.3071891618260824e-08,6.429656354396525e-06
2021-06-02,2,Transitional,0.32064445543055037,0.37732206560858317,0.3020267246383457,4.827082450586935e-09,6.749495294365484e-06
2021-06-03,0,Risk-On,0.32988140972537244,0.35917924015401437,0.3109386844696173,5.459739698185676e-09,6.601909726423457e-07
2021-06-04,1,Late-Cycle,0.33939994458159967,0.3665634960338835,0.2940341215078103,1.0185746983358497e-09,2.4368575693901227e-06
2021-06-07,2,Transitional,0.32120711741173363,0.38387518624230044,0.29491646055115356,4.74111258930889e-09,1.2310545567996119e-06
2021-06-08,0,Risk-On,0.323913163539351,0.3676179503286823,0.3084608389767047,9.53537704321932e-10,8.046201004609664e-06
2021-06-09,1,Late-Cycle,0.3330044911441159,0.368410968975461,0.2985374584822582,2.502706033234048e-09,4.7078896330789605e-05
2021-06-10,2,Transitional,0.32494986602483017,0.372871129683919,0.302169020157345,1.510837206985928e-08,9.969024806272888e-06
2021-06-11,0,Risk-On,0.3309282694531812,0.36472783128722985,0.3043427477249952,5.424833289268433e-09,1.1461092307762309e-06
2021-06-14,1,Late-Cycle,0.3323789826787821,0.3714889083976601,0.2961311159102157,1.9262145789050307e-09,9.910874633097081e-07
2021-06-15,2,Transitional,0.3241812755832806,0.37574291100800883,0.3000715123700353,7.827209385199018e-10,4.300255655586236e-06
2021-06-16,0,Risk-On,0.3283973652645991,0.36967303821495323,0.30188987102073783,1.269955009671061e-09,3.972423016157657e-05
2021-06-17,1,Late-Cycle,0.3268471474288365,0.3761173665539933,0.2970070873951444,2.4884028679216264e-08,2.837373735056221e-05
2021-06-18,2,Transitional,0.32533726191178425,0.37212502146274157,0.3025226887461785,1.4845327462677985e-08,1.501303349398882e-05
2021-06-21,0,Risk-On,0.329136673209016,0.37211198349292657,0.29870945177980457,1.6586604321709828e-08,4.187493088163974e-05
2021-06-22,1,Late-Cycle,0.3245529330540023,0.3776547067543103,0.2977397698146747,3.4899331403941585e-08,5.2555478015396005e-05
2021-06-23,2,Transitional,0.3231477885864209,0.37005334456883965,0.30669596945443217,2.833732721331331e-08,0.00010286905212602812
2021-06-24,0,Risk-On,0.33353485838994834,0.36768059604219083,0.29877853962703577,1.8719259524312435e-08,5.987221944443342e-06
2021-06-25,1,Late-Cycle,0.328378379350351,0.37850117064407934,0.29309345825699007,1.9117143439194395e-09,2.6989837072679528e-05
2021-06-28,2,Transitional,0.3170385998847673,0.3785629339402963,0.3034147092013829,1.5481172176898556e-08,0.0009837414932466224
2021-06-29,0,Risk-On,0.32481338362997664,0.36361282767770875,0.3059634646931305,1.713603879238613e-07,0.005610152639700281
2021-06-30,1,Late-Cycle,0.32318624157565173,0.3715612039982004,0.29508843889130265,1.375734415548679e-06,0.01016273980061203
2021-07-01,2,Transitional,0.31450401879398493,0.36614898437104526,0.30471682954448664,1.6517780345635841e-06,0.014628515512817087
2021-07-02,0,Risk-On,0.3236817579911535,0.35864574942028876,0.30026808924254944,6.89792085091947e-06,0.01739750542497748
2021-07-05,1,Late-Cycle,0.3196255243427008,0.3713140167761251,0.2925305712877308,6.7112405443488775e-06,0.016523176352508728
2021-07-06,2,Transitional,0.3125889338431787,0.3628618319552471,0.3086780625516189,4.4843104269940795e-06,0.01586668733935769
2021-07-07,0,Risk-On,0.33065015382273455,0.35394369037702816,0.30304146345029975,6.069633889461236e-06,0.012358622716137095
2021-07-08,1,Late-Cycle,0.32542068073630054,0.37684582043028897,0.2896635892433651,3.5987831042596167e-06,0.008066310807284215
2021-07-09,2,Transitional,0.30935968250519247,0.36995337273090856,0.31551400302118904,3.210703564064642e-06,0.005169731039282118
2021-07-12,0,Risk-On,0.33691998479900664,0.34707522465203205,0.3015579789058277,1.229554369865166e-06,0.014445582089103565
2021-07-13,1,Late-Cycle,0.3148155194563179,0.3951848632387502,0.27687116140863544,2.875080201120777e-06,0.013125580815577558
2021-07-14,2,Transitional,0.2948700844161202,0.3434530289452058,0.34550661813492956,2.0074653489949693e-06,0.01616826103807805
2021-07-15,0,Risk-On,0.3774784895104235,0.33336551361318867,0.27605730512254906,2.4278607168230203e-06,0.013096263892551814
2021-07-16,1,Late-Cycle,0.2702051758161552,0.447035949596472,0.24538654969309587,8.743574461749947e-07,0.03737145053606226
2021-07-19,2,Transitional,0.14818834262479144,0.29636092739978853,0.37173813505338726,5.564963479276743e-07,0.18371203842632705
2021-07-20,4,Risk-Off,0.11782964303372524,0.15781387709288025,0.16211217149009982,9.476625226490694e-07,0.5622433607215361
2021-07-22,4,Risk-Off,0.10536563915214883,0.1329875096936836,0.11296780334621163,4.727444548219261e-06,0.6486743203641411
2021-07-23,4,Risk-Off,0.0897075194476877,0.1180300714729021,0.10653887592171664,6.16014471646451e-06,0.6857173730136922
2021-07-26,4,Risk-Off,0.08399079493322734,0.10132223857332107,0.09284023617264278,6.6932248175701144e-06,0.7218400370954333
2021-07-27,4,Risk-Off,0.08497031235876897,0.09516560397011074,0.08828029931230168,1.1058183369344663e-05,0.7315727261746875
2021-07-28,4,Risk-Off,0.08966524318491274,0.09622962183661365,0.1065490046577428,4.771700588846875e-05,0.7075084133143832
2021-07-29,4,Risk-Off,0.11454608639036391,0.10269189795633586,0.20927007476854123,6.578413528628848e-05,0.5734261567500746
2021-07-30,4,Risk-Off,0.20946453768077822,0.13440293055192784,0.20647667000582015,0.00013394137728706107,0.44952192038480054
2021-08-02,4,Risk-Off,0.21999857418290125,0.22320691242472265,0.36715062464185805,0.00025852342303471347,0.1893853653272522
2021-08-03,2,Transitional,0.374201773009734,0.2585740741481645,0.34984856721393864,2.9838882622517904e-05,0.017345746745672425
2021-08-04,0,Risk-On,0.36661469225366833,0.3938650972160839,0.2386962090618838,2.614418704543129e-06,0.0008213870496652794
2021-08-05,1,Late-Cycle,0.27441809878730006,0.40742356911493655,0.3181308744017773,1.3492438532471224e-07,2.7322771598946165e-05
2021-08-06,2,Transitional,0.3436014583909185,0.3328857720449985,0.32347481667688405,5.577579961756049e-09,3.7947309113857694e-05
2021-08-09,0,Risk-On,0.34650757999224185,0.3833322841386997,0.2701575033644144,4.0769509721535114e-09,2.628427601688145e-06
2021-08-10,1,Late-Cycle,0.30382092232678176,0.389454840275621,0.30671452730457816,3.8796445391821993e-10,9.709704338272584e-06
2021-08-11,2,Transitional,0.3317704972104635,0.35900571678339777,0.309138081990799,3.1893739602530014e-09,8.570082569481842e-05
2021-08-12,0,Risk-On,0.3328252230651542,0.3734240063032211,0.29367376175432536,1.495648310299972e-08,7.69939216839437e-05
2021-08-13,1,Late-Cycle,0.3227289789185759,0.37353059167857466,0.3037257823160149,1.001285965616055e-08,1.4637073370813859e-05
2021-08-16,2,Transitional,0.3318930485587865,0.36963158790858325,0.29847197048505364,1.6912458002179297e-09,3.3913571803659885e-06
2021-08-17,0,Risk-On,0.32680237071616164,0.3775368540718147,0.2956597910544853,3.7388709264345283e-10,9.837828115339702e-07
2021-08-18,1,Late-Cycle,0.3265519787530856,0.37273721404026,0.3007087573761506,1.5662496129891431e-10,2.0496729696953257e-06
2021-08-20,2,Transitional,0.3273670728931195,0.3744075647566179,0.29821251026457085,1.2125225159942591e-09,1.2850872367256872e-05
2021-08-23,0,Risk-On,0.3253628458005765,0.37261269484408405,0.301986855967208,4.805893628700048e-09,3.7598581533280706e-05
2021-08-24,1,Late-Cycle,0.32850523943539994,0.3711588505247406,0.30031606149017437,1.945669336142477e-08,1.9829092442358424e-05
2021-08-25,2,Transitional,0.32806700385968574,0.37366434639097057,0.2982534565533824,9.30237892073342e-09,1.5183894455558215e-05
2021-08-26,0,Risk-On,0.3247253713936087,0.37367189026845316,0.30159555324107756,1.1446484012268256e-08,7.173651054628766e-06
2021-08-27,1,Late-Cycle,0.3305915179455685,0.36793752764102494,0.3014686377488492,3.601675574478828e-09,2.3130628779667363e-06
2021-08-30,2,Transitional,0.3288997789294424,0.37355908755802386,0.29754032294270744,4.35223588577006e-09,8.062177340670004e-07
2021-08-31,0,Risk-On,0.32781564233485116,0.373865278168975,0.29831906938524605,6.897149357592105e-10,9.421189156169582e-09
2021-09-01,1,Late-Cycle,0.3284538968306532,0.3674873560835306,0.3040583596367107,3.247779676378458e-11,3.874172496346806e-07
2021-09-02,2,Transitional,0.3332952692833919,0.3707802845144455,0.2959242052314617,9.450095248985519e-11,2.4087637742096014e-07
2021-09-03,0,Risk-On,0.3261748250183619,0.3756833231354009,0.29814145307683604,5.895858757935243e-11,3.987105025652606e-07
2021-09-06,1,Late-Cycle,0.3274995852376782,0.37056551978940233,0.30193458676935875,9.61291577506091e-11,3.0810683774441706e-07
2021-09-07,2,Transitional,0.33191975519575134,0.36923910242848945,0.2988407601530143,9.421163950211272e-11,3.82129283608781e-07
2021-09-08,0,Risk-On,0.3278091705098399,0.37520926777898456,0.2969809642724793,1.1428119044222749e-10,5.973237128514403e-07
2021-09-09,1,Late-Cycle,0.3258103542648463,0.369436228285304,0.3047523660619021,1.9082186247166037e-10,1.0511974166242808e-06
2021-09-13,2,Transitional,0.33435900773984284,0.36691665605979024,0.29872282450920135,3.478115223427647e-10,1.5113434585131539e-06
2021-09-14,0,Risk-On,0.3264317778617126,0.37857721561337576,0.2949900282712682,3.7139325640886314e-10,9.778825848485368e-07
2021-09-15,1,Late-Cycle,0.3245597396737352,0.3668225465676608,0.3086143157654754,3.0863468566804635e-10,3.397684414986011e-06
2021-09-16,2,Transitional,0.33754277442452224,0.3689074942631234,0.29354917195564423,8.401575910892788e-10,5.585165677482254e-07
2021-09-17,0,Risk-On,0.32189498183824494,0.38024143208290856,0.29786072208179365,1.6088145213748965e-10,2.8638358213904155e-06
2021-09-20,1,Late-Cycle,0.32660496011883083,0.36443389996366427,0.30895658042405366,4.0364542762157544e-10,4.559088999405429e-06
2021-09-21,2,Transitional,0.33856660432662444,0.3705039605065429,0.29092924125673614,9.491710103009834e-10,1.929617482353326e-07
2021-09-22,0,Risk-On,0.3201151994507521,0.3825087635563853,0.29737527344175385,6.514244236596683e-11,7.634851975124401e-07
2021-09-23,1,Late-Cycle,0.32648855642301605,0.3625921979868152,0.310918788124818,1.901855124294715e-10,4.572755234843088e-07
2021-09-24,2,Transitional,0.34090383897963805,0.36598420390628955,0.2931117439215561,1.1536018744511036e-10,2.130774346780288e-07
2021-09-27,0,Risk-On,0.3223767830234903,0.3847622748963662,0.29286057322504416,6.354592254555782e-11,3.6879176307404524e-07
2021-09-28,1,Late-Cycle,0.3206484628174092,0.3634783828802395,0.31587110435367904,6.683836938263966e-11,2.049881098274692e-06
2021-09-29,2,Transitional,0.3473919286969244,0.3592335961271667,0.29337035669350486,2.3273198535429664e-10,4.118249345352743e-06
2021-09-30,0,Risk-On,0.3200682564281032,0.4007213717124584,0.2792094640278693,5.40718810073198e-10,9.072904390433584e-07
2021-10-01,1,Late-Cycle,0.30805672692862296,0.3678103108081856,0.32398865912836744,1.675862255812638e-10,0.00014430296699660512
2021-10-04,2,Transitional,0.34796212137004257,0.35504139723566647,0.29696843993996974,1.783178654922421e-08,2.80236221957683e-05
2021-10-05,0,Risk-On,0.324976267648531,0.3893041545532809,0.2857096943329208,3.641646296688751e-09,9.879823644365466e-06
2021-10-06,1,Late-Cycle,0.31393552423733495,0.3751279786446848,0.31091068454692794,1.5153217678912545e-09,2.5811056036540748e-05
2021-10-07,2,Transitional,0.3355466667690167,0.3624515011983002,0.30196531144976646,3.1670111558421944e-09,3.651741627313864e-05
2021-10-08,0,Risk-On,0.3285325851506829,0.37700980921708405,0.2944433444756138,4.016803340685846e-09,1.4257138946609724e-05
2021-10-11,1,Late-Cycle,0.3235807390157251,0.3740096173900215,0.30240059017051907,1.5764946537807188e-09,9.051847213433282e-06
2021-10-12,2,Transitional,0.3291538642070591,0.3717951456217135,0.299043701919828,1.000184947291995e-09,7.28725192300317e-06
2021-10-13,0,Risk-On,0.326678073668991,0.37217244060199317,0.3011360072467774,9.742547165380948e-10,1.3477507335031599e-05
2021-10-14,1,Late-Cycle,0.32859820946425206,0.37004742641611693,0.3013234345859691,2.6856562945639734e-09,3.0926847712133544e-05
2021-10-18,2,Transitional,0.3271625247764218,0.37261335807673474,0.30021066558826764,4.5570575346948666e-09,1.3447001406658796e-05
2021-10-19,0,Risk-On,0.32851612019220616,0.3664170151436864,0.30505000615726524,2.0560592354926684e-09,1.6856450231948382e-05
2021-10-20,1,Late-Cycle,0.3330053454406484,0.37317949445795945,0.2938123116924607,2.048223416342728e-09,2.846360217747038e-06
2021-10-21,2,Transitional,0.32180561485951564,0.37659514685095136,0.3015752788781973,3.706764130983629e-10,2.3959040208558737e-05
2021-10-22,0,Risk-On,0.3282201895900402,0.3676325427253327,0.3041001147701589,3.01997892533037e-09,4.714989511759373e-05
2021-10-25,1,Late-Cycle,0.3297977352352279,0.37174058211518374,0.29841232542161705,6.854976768823422e-09,4.935037218256999e-05
2021-10-26,2,Transitional,0.32551595845170395,0.37627718456285003,0.29813506411283575,6.4870751643250936e-09,7.178638497682306e-05
2021-10-27,0,Risk-On,0.32280593615486053,0.37267117443013414,0.3036957660930145,7.645985883050285e-09,0.0008271156761699611
2021-10-28,1,Late-Cycle,0.3256710958109178,0.36651647077820454,0.3045308070724503,7.37377809912908e-08,0.003281552601546157
2021-10-29,2,Transitional,0.3243906823032173,0.3693478492774139,0.30329358895426317,6.424459718659514e-07,0.0029672370193384607
2021-11-01,0,Risk-On,0.32521083368750375,0.3628308243369122,0.31178837763895595,5.114357261788153e-07,0.00016945290136389545
2021-11-02,1,Late-Cycle,0.3429224421167474,0.36135954194494113,0.2955714332434474,4.019280731172959e-08,0.00014654250220454539
2021-11-03,2,Transitional,0.3149879314505645,0.3993796421357867,0.2853308576004805,3.54786047620996e-08,0.00030153333413257186
2021-11-04,0,Risk-On,0.3056342357399972,0.34904418700182704,0.3421499300438187,2.2254449778092303e-08,0.003171624959609435
2021-11-08,1,Late-Cycle,0.3698749124801672,0.3419048702644516,0.282118404695397,1.3595837558141412e-07,0.0061016766011764475
2021-11-09,2,Transitional,0.28166140782394233,0.4284514873858079,0.2609392531146691,1.270079255089162e-07,0.028947724667722243
2021-11-10,4,Risk-Off,0.1856717039495496,0.31398748181050784,0.3512103861909652,1.8826612384134424e-07,0.14913023978333714
2021-11-11,4,Risk-Off,0.24417232189437038,0.19367219861588972,0.22903785739239016,5.826784443292383e-07,0.3331170394181431
2021-11-12,4,Risk-Off,0.1725635752557956,0.29255209188833137,0.11721851214429402,2.811780466143243e-06,0.41766300893093145
2021-11-15,4,Risk-Off,0.042417948680642234,0.18626728166723103,0.2592938360731084,7.86337718573689e-06,0.5120130702023689
2021-11-16,4,Risk-Off,0.004147657545098467,0.03468875278385466,0.0810992117813969,2.3184794496001015e-06,0.8800620594095572
2021-11-17,4,Risk-Off,0.00019455734962865178,0.0017879364028862905,0.004803890195167295,2.3588137818206094e-06,0.9932112572386674
2021-11-18,4,Risk-Off,4.4321823678797875e-06,5.278450406016122e-05,0.00019833570413931733,1.1895165102066325e-05,0.9997325524437236
2021-11-22,4,Risk-Off,4.482295413129567e-08,2.755978424764492e-07,1.321016948272393e-05,3.4161692984066718e-06,0.9999830532396005
2021-11-23,4,Risk-Off,3.153686179534686e-08,2.8354185970844812e-08,2.57282478407271e-05,4.033848251556312e-06,0.9999701780133687
2021-11-24,4,Risk-Off,3.6298210671787064e-08,3.146586395945e-08,2.6279299407510497e-05,5.6118102450770885e-06,0.9999680411269908
2021-11-25,4,Risk-Off,3.522186297227727e-08,3.3428526055174286e-08,2.826967762317054e-05,4.358813979121868e-06,0.9999673028576203
2021-11-26,4,Risk-Off,3.4619691556030013e-09,3.1562000992066134e-09,3.5615548236543732e-06,9.370586594651661e-05,0.9999027259602901
2021-11-29,4,Risk-Off,3.6570644792436363e-09,2.7089339009546343e-09,4.496198385405816e-06,8.631771543484618e-05,0.9999091797206694
2021-11-30,4,Risk-Off,1.3384517412323556e-08,9.626105312928984e-09,1.3050122557996697e-05,3.065608659208945e-05,0.9999562707810566
2021-12-01,4,Risk-Off,4.886919864245736e-08,3.0514860539255155e-08,3.0874558529452054e-05,6.831812305605501e-06,0.9999622142449343
2021-12-02,4,Risk-Off,1.1772142897491093e-07,1.1164931839856375e-07,8.590217161297138e-05,3.405093130620693e-05,0.9998798175267567
2021-12-03,4,Risk-Off,2.6155644528238788e-08,2.7709480984828473e-08,1.4112971250893967e-05,7.024909378228336e-06,0.9999788082540302
2021-12-06,4,Risk-Off,1.337099695648792e-08,1.158123876710601e-08,1.3714260220978135e-05,7.005936158362619e-05,0.9999162014252866
2021-12-07,4,Risk-Off,1.054203625345402e-08,8.014871690558544e-09,1.0288339298775601e-05,2.487595005680659e-05,0.9999648171529059
2021-12-08,4,Risk-Off,1.9219865885413985e-08,1.417903865618405e-08,1.909332510667238e-05,2.9282160482379168e-05,0.9999515911152689
2021-12-09,4,Risk-Off,1.9789964925375004e-08,1.468804291176067e-08,1.7413238631421546e-05,1.0452162414366e-05,0.9999721001203759
2021-12-10,4,Risk-Off,2.4875753846530443e-08,1.846166173790107e-08,2.1555696930960797e-05,1.7656224118834865e-05,0.9999607447418223
2021-12-13,4,Risk-Off,2.945360777879059e-08,2.4141810725973037e-08,2.6528386849418487e-05,2.649035333712603e-05,0.9999469276649843
2021-12-14,4,Risk-Off,1.0016166531989798e-08,8.338889493785944e-09,9.339141356275147e-06,8.867168448884063e-06,0.9999817753347063
2021-12-15,4,Risk-Off,4.920681147030496e-09,3.5333135308352347e-09,5.339579774928978e-06,1.1433354547880911e-05,0.9999832186120522
2021-12-16,4,Risk-Off,1.575473161420935e-08,1.1298723378111253e-08,1.789288303686251e-05,1.1211462606056917e-05,0.9999708686014428
2021-12-17,4,Risk-Off,3.970469090858656e-09,3.0989226235287144e-09,4.377582786374277e-06,2.7318032563125185e-05,0.9999682973143985
2021-12-20,4,Risk-Off,1.3769630189620438e-09,9.007305408924e-10,1.917165853983045e-06,8.904307881203793e-05,0.999909037477714
2021-12-21,4,Risk-Off,9.744913445840437e-09,5.689171591535651e-09,9.569946855381116e-06,8.32380231604624e-05,0.9999071765951982
2021-12-22,4,Risk-Off,5.91554546550522e-08,3.997851945651934e-08,5.248904170585051e-05,0.000401765527814835,0.9995456462970533
2021-12-23,4,Risk-Off,7.125102624161489e-08,6.101300023227045e-08,4.671654845548678e-05,0.00018550630739995255,0.9997676448795675
2021-12-24,4,Risk-Off,1.1613283544708184e-07,3.525125241932015e-08,2.2078210795278928e-05,3.258430387163068e-05,0.9999451861020466
2021-12-27,4,Risk-Off,4.676649145602201e-06,7.648833322035254e-07,0.0003618967350107614,1.139798682040587e-05,0.9996212637465964
2021-12-28,4,Risk-Off,7.881457389479129e-05,1.3918019884687856e-05,0.0009722391095934145,1.7861434983236053e-05,0.9989171668617732
2021-12-29,4,Risk-Off,0.00046071453444636247,0.00011029538338749081,0.002370375381351636,1.7415835408777995e-05,0.9970411988653393
2021-12-30,4,Risk-Off,0.001753286418371835,0.0005623661079514538,0.005551754405630498,3.899096720877314e-05,0.9920936021016596
2021-12-31,4,Risk-Off,0.00646992028143974,0.0021500362850800847,0.04626672487865395,0.00021219082775121933,0.9449011277277205
2022-01-03,2,Transitional,0.06178669355021446,0.010872930496791399,0.5378743512717495,0.0005258026930746442,0.38894022198726175
2022-01-04,0,Risk-On,0.5112474135956773,0.09865996106725904,0.3658517010356622,0.0002760375417952192,0.023964886760398287
2022-01-05,1,Late-Cycle,0.373274899768362,0.4783772955290789,0.13766971844761972,3.594286290037405e-05,0.010642143391312227
2022-01-06,2,Transitional,0.18615312535403855,0.40916208920904346,0.39252623722955327,4.903768088123016e-06,0.01215364443881815
2022-01-07,0,Risk-On,0.39917088503175896,0.2646119143837472,0.3257170507733968,2.735004249925597e-06,0.010497414806543447
2022-01-10,1,Late-Cycle,0.34209119348723027,0.4059683051929122,0.24786765585676346,3.456506510762133e-06,0.004069388956977145
2022-01-11,2,Transitional,0.28429301406993973,0.37687204410060027,0.3381272930821281,2.0630059915769605e-06,0.0007055857418621739
2022-01-12,0,Risk-On,0.35636589262996543,0.34151511295668013,0.3020375402531471,8.714802209905545e-07,8.058268012848463e-05
2022-01-13,1,Late-Cycle,0.32443545658089146,0.38082324312329546,0.2947248760763582,1.183900991190353e-07,1.630582968529883e-05
2022-01-14,2,Transitional,0.3290744359398226,0.3570611863888738,0.3138522960766384,3.5822944253542754e-08,1.2045772019853647e-05
2022-01-17,0,Risk-On,0.3355652516617011,0.3865408310029506,0.27789232891677773,1.4863877187759375e-08,1.5735553109984637e-06
2022-01-18,1,Late-Cycle,0.29938780425144057,0.36121811306696894,0.33939385531121735,3.889897016967474e-09,2.2348049007781167e-07
2022-01-19,2,Transitional,0.38512324728073083,0.3211454396298965,0.29371474221957694,2.773328156517679e-10,1.6570591768832273e-05
2022-01-20,0,Risk-On,0.30588515179810166,0.46701586650515237,0.2225125262513501,2.8589207263999516e-09,0.004586452586493404
2022-01-21,1,Late-Cycle,0.15540875794919842,0.33683831966898936,0.40471407582924157,7.46611739049648e-08,0.1030387718911085
2022-01-24,4,Risk-Off,0.05177919142428311,0.16510809137936447,0.16786033624281127,1.6716575988138893e-06,0.615250709295409
2022-01-25,4,Risk-Off,0.008133264467811653,0.048483959589453375,0.10744637743575142,3.549321948133079e-06,0.8359328491847722
2022-01-27,4,Risk-Off,0.0006970944260988299,0.004573965331270553,0.009886037167336261,5.688319710104334e-06,0.9848372147562141
2022-01-28,4,Risk-Off,0.0001241285375297966,0.00041700866232925683,0.0009353458095038371,2.6489577801066534e-06,0.9985208680321896
2022-01-31,4,Risk-Off,4.7342756655238054e-05,0.00011198145752082146,0.0006364103534047523,6.97743760355654e-06,0.9991972879951827
2022-02-01,4,Risk-Off,2.9292351337639686e-05,4.882940043609647e-05,0.0008252466614323831,1.5597918078557767e-05,0.9990810336684515
2022-02-02,4,Risk-Off,9.063996183980888e-06,2.4411230466824414e-05,0.0005277192447038226,7.909765573931303e-06,0.9994308957632658
2022-02-03,4,Risk-Off,8.587809179961348e-07,3.1375216465794425e-06,0.00010003749878193149,2.6134779527156943e-06,0.9998933527214562
2022-02-04,4,Risk-Off,9.603064854070133e-08,1.9534384774950772e-07,4.0244576272027476e-05,3.076528355934627e-06,0.9999563875205172
2022-02-07,4,Risk-Off,4.496236710281545e-08,4.392459604082279e-08,2.964514546686797e-05,9.7834483681081e-06,0.9999604825193623
2022-02-08,4,Risk-Off,4.1123784032077874e-08,3.3158107512921664e-08,2.9087712966759322e-05,7.80233421557879e-06,0.9999630356716659
2022-02-09,4,Risk-Off,4.522872347795052e-08,3.8362529699043867e-08,3.2762414363039746e-05,0.00012816784781693148,0.9998389861468268
2022-02-10,4,Risk-Off,3.7381520484151985e-08,3.387696588107016e-08,2.9140674257116986e-05,0.0009707453464021929,0.9990000427201954
2022-02-11,4,Risk-Off,5.767043869464878e-09,5.1434220658166965e-09,5.2912528129682425e-06,0.02250682534837282,0.9774878724880889
2022-02-14,3,Post-Shock,3.5981110802433743e-10,2.4663966923020237e-10,5.409074784810507e-07,0.38316054533670635,0.6168389131492683
2022-02-15,3,Post-Shock,5.538368056388542e-10,3.2802109010042946e-10,8.589586923836114e-07,0.5882368796372425,0.41176226052158044
2022-02-16,3,Post-Shock,1.0704355142653288e-09,6.725701971974582e-10,1.69600815887504e-06,0.6893792118620212,0.31061909038617797
2022-02-17,3,Post-Shock,7.787305052602466e-10,6.353169677158214e-10,1.2994357181690788e-06,0.7143263810126231,0.2856723181379327
2022-02-18,3,Post-Shock,1.22557458118779e-09,1.0865354991964814e-09,2.033370577965814e-06,0.7329984488947597,0.2669995154227782
2022-02-21,3,Post-Shock,2.5261102754164848e-09,2.2231805640366862e-09,3.838542269270046e-06,0.7542070387944342,0.24578911791403318
2022-02-22,3,Post-Shock,1.5477755082957516e-09,1.3451525248747103e-09,2.087543954572653e-06,0.7831125607571611,0.21688534880585295
2022-02-23,3,Post-Shock,2.9654491879375724e-10,2.670633020192444e-10,3.438033910026735e-07,0.8178154059988448,0.18218424963353536
2022-02-24,3,Post-Shock,4.4040540705789685e-14,3.2134873466411496e-14,3.906262615243255e-11,0.996844249573954,0.003155750386940979
2022-02-25,3,Post-Shock,9.344803481409665e-16,2.426223567025362e-15,5.630821095887124e-12,0.9999657839067698,3.421608813577014e-05
2022-02-28,3,Post-Shock,1.6014570921653732e-17,2.436605878049203e-15,4.774071387833354e-12,0.9999990702167226,9.297790514231996e-07
2022-03-02,3,Post-Shock,4.76784973355779e-19,3.240476115700558e-16,7.036011847630587e-13,0.9999993041767685,6.958220311673118e-07
2022-03-03,3,Post-Shock,8.368395780914072e-21,1.3084375401549589e-17,3.054129105640199e-14,0.9999995240960966,4.7590342547587487e-07
2022-03-04,3,Post-Shock,7.134628464274526e-24,1.5212575995383383e-20,4.294766011195643e-17,0.9999999366918948,6.330730941023201e-08
2022-03-07,3,Post-Shock,7.867122858574064e-25,2.2653831091531305e-21,7.391930935930013e-18,0.9999999971787474,2.821358545074851e-09
2022-03-08,3,Post-Shock,3.6074554667827586e-23,1.0393166195492488e-19,3.308732284837919e-16,0.999999985606337,1.4394378605197056e-08
2022-03-09,3,Post-Shock,1.468243285244903e-21,4.096665305287341e-18,1.0932626192751387e-14,0.9999998829971514,1.1700283038272584e-07
2022-03-10,3,Post-Shock,1.8875056016359187e-21,4.65950277823454e-18,1.2348586640990403e-14,0.9999999243191298,7.568155935994392e-08
2022-03-11,3,Post-Shock,1.140495794187089e-21,2.9097469802162122e-18,7.810860704727198e-15,0.9999999147421513,8.52580750375383e-08
2022-03-14,3,Post-Shock,1.538117341982756e-21,3.867293035832102e-18,1.0523904265639674e-14,0.9999999216561295,7.834415674532158e-08
2022-03-15,3,Post-Shock,3.881288197702135e-21,9.68203789760559e-18,2.583444810041031e-14,0.9999999290430449,7.09560612872332e-08
2022-03-16,3,Post-Shock,9.356884261594268e-18,2.530500743795041e-14,4.6425759731030866e-11,0.9999997828545255,2.17098822333147e-07
2022-03-17,3,Post-Shock,4.508490696715208e-16,1.0078647980535571e-13,1.644486107575986e-10,0.9999984305353374,1.5692994106978774e-06
2022-03-21,3,Post-Shock,1.4238178439999933e-16,1.003206617269536e-14,1.7287913227039952e-11,0.999998288885408,1.7110975795678657e-06
2022-03-22,3,Post-Shock,7.411335652193279e-17,1.2605088936604058e-14,2.1038914429777484e-11,0.9999995388790165,4.610996154375242e-07
2022-03-23,3,Post-Shock,6.896304744131248e-17,1.8129487858346612e-14,3.140780927152937e-11,0.9999991153985595,8.845692795751193e-07
2022-03-24,3,Post-Shock,7.446201650080474e-17,1.2879141991865599e-14,2.19929924938297e-11,0.9999991474491249,8.525289268305625e-07
2022-03-25,3,Post-Shock,5.620312858108061e-16,2.1328977651532137e-14,2.1922985188429696e-11,0.9999995720300837,4.279477347735202e-07
2022-03-28,3,Post-Shock,3.721695226515695e-12,8.230203434831039e-11,4.061592100587797e-08,0.9999993333478817,6.259500347194529e-07
2022-03-29,3,Post-Shock,3.842847419947563e-08,4.600933872083316e-07,0.00011087100754285756,0.9998883960779108,2.3439240393192802e-07
2022-03-30,3,Post-Shock,0.0001014781345798815,1.3185223286341206e-05,0.0010649027196787612,0.9988021998768932,1.823404529333211e-05
2022-03-31,3,Post-Shock,0.0009735956473129042,0.00017481619859361483,0.000653005463333907,0.9981464571536316,5.21255367663654e-05
2022-04-01,3,Post-Shock,0.0006573992094389143,0.0009003593419071207,0.0005772912856915596,0.9978597147837257,5.235379115268913e-06
2022-04-04,3,Post-Shock,0.0006484571435855785,0.0006866348662410051,0.0010651770032969095,0.9975997101010354,2.088643173049657e-08
2022-04-05,3,Post-Shock,0.001079054898333171,0.0007422573423839796,0.0018143862546050014,0.9963642978141777,3.6910170761684268e-09
2022-04-06,3,Post-Shock,0.0017546229519210042,0.0011936472599173482,0.008293473227323225,0.9887582560611103,4.999776809586288e-10
2022-04-07,3,Post-Shock,0.008012903781881336,0.0029117500720724303,0.22752224309478222,0.7615527143702862,3.8868159178755076e-07
2022-04-08,3,Post-Shock,0.206423886732353,0.031663192336539976,0.38438486093190943,0.37752127778970673,6.782210126572193e-06
2022-04-11,2,Transitional,0.35701260097611354,0.21256892281619288,0.38953502649676564,0.04078458813879523,9.886157170764145e-05
2022-04-12,0,Risk-On,0.4306995837678965,0.3192232253807881,0.24186232462054458,0.0064064071465545,0.0018084590841410183
2022-04-13,1,Late-Cycle,0.23749436777068395,0.5322429163472222,0.18935030922445029,0.002391649270013609,0.03852075738795603
2022-04-18,2,Transitional,0.07539688509083997,0.2614878874848999,0.4906744655528538,0.0004959783072089381,0.17194478356354423
2022-04-19,4,Risk-Off,0.009612524863850972,0.05341753160091994,0.10213361371380152,2.179439738265118e-05,0.8348145354242005
2022-04-20,4,Risk-Off,0.002100967875775032,0.007046158880050762,0.00957557935269712,2.4275108387356322e-06,0.9812748663798198
2022-04-21,4,Risk-Off,0.00029913147409672353,0.00189993383781411,0.005121389863401018,9.77557526133061e-06,0.9926697692499886
2022-04-22,4,Risk-Off,1.681449240786482e-05,0.00014161182542404423,0.0005041271804825376,2.4990679271757315e-06,0.9993349474335103
2022-04-25,4,Risk-Off,1.045428890723058e-06,4.780050317073834e-06,7.315492123348846e-05,2.5580417809219473e-06,0.9999184615583179
2022-04-26,4,Risk-Off,7.787718134198199e-07,8.682342363034033e-07,0.0002097517215086284,4.449244676133741e-06,0.9997841520280422
2022-04-27,4,Risk-Off,1.8490238122647435e-06,9.65958092541429e-07,0.00011909231886097101,7.495209181153524e-06,0.9998705974907902
2022-04-28,4,Risk-Off,2.0724712752208407e-06,2.4917272535223803e-06,0.0006371212835926164,1.5570672818942184e-05,0.9993427438446231
2022-04-29,4,Risk-Off,6.01086592259108e-07,8.870668710882953e-07,6.435317218379536e-05,4.27407097024472e-05,0.9998914179651568
2022-05-02,4,Risk-Off,5.692524234759477e-08,1.0956792161989407e-07,3.5018971295870484e-05,0.0006095664591025261,0.9993552480760125
2022-05-04,4,Risk-Off,5.66422216951521e-09,5.126828282375587e-09,5.196864830876225e-06,0.014712908431900639,0.9852818839130364
2022-05-05,4,Risk-Off,2.0508974729705538e-09,1.4711045815136195e-09,2.622344553467528e-06,0.0995579880698376,0.9004393860629175
2022-05-06,3,Post-Shock,1.279124851255469e-10,9.191706689788136e-11,2.0281307350512146e-07,0.5463954937201918,0.4536043032460084
2022-05-09,3,Post-Shock,6.33750947415403e-11,4.488785494877412e-11,1.0883691695679636e-07,0.7782224218879294,0.22177746916740582
2022-05-10,3,Post-Shock,6.118200728552043e-11,4.671335820095002e-11,1.0461955775249575e-07,0.8815977879222955,0.11840210734939621
2022-05-11,3,Post-Shock,1.7103604213686374e-12,1.438864763693022e-12,2.9047256153418876e-09,0.9436532372838694,0.0563467598084231
2022-05-12,3,Post-Shock,5.231684541884691e-15,4.421024307334373e-15,1.1659183089666484e-11,0.9990160300088212,0.000983969978911884
2022-05-13,3,Post-Shock,2.9546280808467834e-15,3.275421292633685e-14,5.157377172953559e-11,0.9999716354416827,2.8364507051137468e-05
2022-05-16,3,Post-Shock,4.907537350686357e-15,2.3171720981983295e-12,3.25769685319403e-09,0.9999365425463811,6.345419434768955e-05
2022-05-17,3,Post-Shock,5.73149425852521e-14,1.3668371581140586e-11,1.8380146324638708e-08,0.9997639666295798,0.0002360149763474477
2022-05-18,3,Post-Shock,9.161041952506637e-13,4.7007598251873334e-11,5.2229109446054355e-08,0.9996744314357399,0.00032551628741399184
2022-05-19,3,Post-Shock,1.361828512159178e-13,7.625634527547391e-13,9.184136303879053e-10,0.9998826707547905,0.00011732832580231767
2022-05-20,3,Post-Shock,1.8696555856176855e-14,1.2770077464031381e-12,1.9304345734569026e-09,0.999943257662482,5.674040628567178e-05
2022-05-23,3,Post-Shock,1.7074887880215025e-14,1.8786225470782286e-12,2.9885438676381907e-09,0.9999306632736245,6.933373533123395e-05
2022-05-24,3,Post-Shock,7.747428838458385e-14,1.8818040257809988e-11,2.7940003735781514e-08,0.9997335420589541,0.00026642998260843087
2022-05-25,3,Post-Shock,7.095416442519775e-13,6.570706667233748e-11,9.065778750232255e-08,0.9992645389051737,0.0007353703704104009
2022-05-26,3,Post-Shock,2.9554525507208622e-12,1.261475635270838e-10,1.7230792591730108e-07,0.9986353078486472,0.0013645197134476471
2022-05-27,3,Post-Shock,1.2239317200485146e-11,4.5552989038971297e-10,5.455378320314688e-07,0.9975784147530619,0.0024210392410487047
2022-05-30,3,Post-Shock,5.3835240864671214e-11,1.055660522610603e-09,1.249017957392451e-06,0.9961088461858835,0.0038899036864475114
2022-05-31,3,Post-Shock,1.330596158828471e-10,3.3357382166288658e-09,3.973500167182039e-06,0.9916205591362642,0.008375463894773814
2022-06-01,3,Post-Shock,8.29124447453201e-10,5.056981154116998e-09,4.802517524153556e-06,0.9877289627376974,0.012266228859307103
2022-06-02,3,Post-Shock,1.510692791844715e-08,2.693464163101712e-07,0.000217594212424625,0.9697132929628892,0.030068828371184308
2022-06-03,3,Post-Shock,1.1897136464739145e-06,6.398585588015016e-07,0.00012677543349168477,0.9612916525845284,0.03857974241036204
2022-06-06,3,Post-Shock,1.5118175297588342e-06,1.5963960389831534e-06,0.00021063316391744906,0.9568040664321715,0.042982192190614506
2022-06-07,3,Post-Shock,1.9407662887498167e-06,1.4394218543608356e-06,6.504770620402575e-05,0.9558658866123803,0.044065685494113584
2022-06-08,3,Post-Shock,2.1163351327349103e-06,1.5098087790694486e-06,3.876598595155146e-05,0.9585572590086757,0.041400348861022104
2022-06-09,3,Post-Shock,3.895461709080454e-06,2.919431879040114e-06,0.00011817793765375862,0.9599062026448214,0.03996880452483423
2022-06-10,3,Post-Shock,4.378290352346198e-06,5.6294977596521096e-06,0.00024568829009613015,0.9618144214924632,0.03792988242874596
2022-06-13,3,Post-Shock,4.545007137785869e-07,1.4783266479060325e-06,1.8931454821887487e-05,0.9639959347782215,0.03598320093958068
2022-06-14,3,Post-Shock,1.1313481570459413e-08,6.386760592729993e-08,5.4861119660195574e-06,0.9661459169839275,0.03384852172244271
2022-06-15,3,Post-Shock,1.4150978137689893e-09,3.2717532211436006e-09,1.9011453219126565e-06,0.9685384990552083,0.03145959511236692
2022-06-16,3,Post-Shock,8.4776123880702e-11,2.3019582927545797e-10,2.6723346947437247e-07,0.9701765187383372,0.029823213713939974
2022-06-17,3,Post-Shock,2.7728035459788473e-10,1.3151737727007033e-09,1.334793996700113e-06,0.9713772415352439,0.02862142207875192
2022-06-20,3,Post-Shock,2.4033760376677716e-11,2.183721502944373e-11,1.401464597672758e-08,0.9793861658259473,0.02061382011312111
2022-06-21,3,Post-Shock,2.6454651220011136e-10,3.2250387833149485e-10,2.732269032595733e-07,0.999142200395811,0.0008575257901882677
2022-06-22,3,Post-Shock,1.9540838572779248e-10,5.820436668374116e-10,3.1892275540210664e-07,0.9995356216823249,0.00046405861732167294
2022-06-23,3,Post-Shock,9.62643419865397e-10,4.187300723464031e-09,1.9612196500235516e-06,0.9992622897892293,0.0007357438407075038
2022-06-24,3,Post-Shock,3.283784604613369e-08,5.8096713763183996e-08,2.0469342143450016e-05,0.9989192501642963,0.0010601895588748887
2022-06-27,3,Post-Shock,9.056485594649563e-08,8.530427021574624e-07,0.0005251555719608861,0.9835356137043838,0.01593828711650745
2022-06-28,4,Risk-Off,9.90464965746455e-08,9.225573759108059e-07,0.0006662702247826465,0.5758698890341625,0.4234628191369144
2022-06-29,4,Risk-Off,1.3786923657185104e-07,7.794690647706329e-07,0.0005223100820781486,0.27832097640699066,0.72115579617202
2022-06-30,4,Risk-Off,8.77156170463252e-08,4.0960741119705454e-07,0.0002700739546176206,0.08432721338902878,0.9154022153328881
2022-07-01,4,Risk-Off,3.8272093564537566e-08,1.06105295210232e-07,6.587550261116235e-05,0.030136535266574588,0.9697974448542587
2022-07-04,4,Risk-Off,1.4259129565364932e-08,4.07202502624199e-08,3.2560158805622074e-05,0.0034270723619172897,0.9965403124993054
2022-07-05,4,Risk-Off,1.305288648113442e-08,1.231019630306905e-08,1.1637157270612898e-05,0.0004333477513674623,0.9995549897291587
2022-07-06,4,Risk-Off,2.973962376147743e-07,5.098895153390282e-08,3.631915367016717e-05,0.00010398641906582691,0.9998593460414976
2022-07-07,4,Risk-Off,1.8995662068325545e-05,2.2776268681947944e-06,0.0007351060266378777,0.0002904144068840253,0.9989532062778009
2022-07-08,4,Risk-Off,0.00043627923068355464,5.8050832963622205e-05,0.0029591091403022764,0.00010013793507931417,0.9964464228612545
2022-07-11,4,Risk-Off,0.003625071450190643,0.0006646281638066127,0.03164017328549957,0.00014374982733867197,0.9639263772726946
2022-07-12,4,Risk-Off,0.03873312194064409,0.006569563287952125,0.2391013959211811,0.00010597138880939457,0.7154899474608637
2022-07-13,4,Risk-Off,0.22350122741127418,0.056321851631226286,0.1685108918350991,0.00015161340047719496,0.5515144157228281
2022-07-14,4,Risk-Off,0.18288862608759943,0.21000702485499215,0.344479339702798,0.00011358508179550261,0.2625114242720329
2022-07-15,2,Transitional,0.35441477417201794,0.22407484189589574,0.41703427997976455,4.03549065392095e-05,0.004435749044921816
2022-07-18,0,Risk-On,0.4226537420175143,0.37390509252384974,0.20339471575025814,4.4094637294062335e-06,4.204024537695247e-05
2022-07-19,1,Late-Cycle,0.2459763355563706,0.43965538058037223,0.31436247422972763,2.800549944785826e-07,5.529579208388988e-06
2022-07-20,2,Transitional,0.34108868165181505,0.3153419415989647,0.34356273510636703,7.80900276241043e-09,6.6338346898294204e-06
2022-07-21,0,Risk-On,0.363879959002922,0.3717975061818379,0.2643219162411239,3.146840171032801e-09,6.154271903244004e-07
2022-07-22,1,Late-Cycle,0.30025722037973135,0.3945338812686121,0.3052084086996764,3.287019103237495e-10,4.893227552692643e-07
2022-07-25,2,Transitional,0.3335337737939319,0.35421104178262147,0.3122495386891769,1.237496165423004e-10,5.6456106200298365e-06
2022-07-26,0,Risk-On,0.33593953201121707,0.37343287030154654,0.2905820288068803,9.805718526103467e-10,4.556789930922811e-05
2022-07-27,1,Late-Cycle,0.3202873247092052,0.3759656930344591,0.30373201141406797,7.798046392518677e-09,1.4963044876754962e-05
2022-07-28,2,Transitional,0.3306474506369263,0.3672617554992201,0.3020902394234713,4.351312739905294e-09,5.500896989921817e-07
2022-07-29,0,Risk-On,0.3299058956711112,0.3656919723153925,0.30440191256281196,9.9711941411361e-10,2.1845361184976637e-07
2022-08-01,1,Late-Cycle,0.33392118788267805,0.3651949133221779,0.30088382834363964,9.403240724389487e-10,6.951195061850504e-08
2022-08-02,2,Transitional,0.3259231214972942,0.371368199478094,0.3027085734832749,2.7477919795513985e-10,1.0526604273431808e-07
2022-08-03,0,Risk-On,0.33257106120581587,0.35397199536686275,0.3134568938508671,2.1531667198508384e-10,4.936025049914456e-08
2022-08-04,1,Late-Cycle,0.34339581382366535,0.3696384030035066,0.2869657791473672,3.2714301167916595e-11,3.991886017262887e-09
2022-08-05,2,Transitional,0.31929483500380573,0.3853927925288583,0.29531235343077616,2.3626406713767358e-12,1.9034849316801032e-08
2022-08-08,0,Risk-On,0.3246317564836315,0.36480560015749036,0.3105624562704532,7.442292073423347e-12,1.8708014189964006e-07
2022-08-10,1,Late-Cycle,0.33743625325997795,0.36132082201671567,0.3012426293906855,9.240237141877786e-11,2.952407329274745e-07
2022-08-11,2,Transitional,0.33181154630491677,0.3724163407810896,0.2957721058228325,5.111347796671538e-10,6.580697129377454e-09
2022-08-12,0,Risk-On,0.32508920034322664,0.37074502191210856,0.3041657766921548,2.2402504512990794e-10,8.289997860167953e-10
2022-08-16,1,Late-Cycle,0.3348535681981799,0.3583204525882629,0.30682597882003426,1.3022285762443932e-10,2.636666811583077e-10
2022-08-17,2,Transitional,0.33628189978282463,0.36951344782715406,0.2942046522611913,5.840757408626301e-11,7.113462793407029e-11
2022-08-18,0,Risk-On,0.32568411282019355,0.37035119329591887,0.3039646930288221,9.045717019621687e-12,8.460784441881479e-10
2022-08-19,1,Late-Cycle,0.33709431794256955,0.365384496080347,0.29752117241941484,8.214272617302598e-13,1.35568801801594e-08
2022-08-22,2,Transitional,0.32540264458121004,0.3831306205572136,0.2914664982015877,2.0493436864908553e-12,2.3665779533277524e-07
2022-08-23,0,Risk-On,0.3212776439060124,0.3663325460068313,0.3123795981145084,6.368838993843427e-11,1.0211908321253562e-05
2022-08-24,1,Late-Cycle,0.33773822680775634,0.3652637968469163,0.29697727430583504,2.6425254034734494e-09,2.0699396144845598e-05
2022-08-25,2,Transitional,0.32281578602385763,0.3764656147199381,0.3006979822367913,9.424375521416053e-09,2.0607594331301338e-05
2022-08-26,0,Risk-On,0.3298572667547365,0.36500594386035656,0.30513252505211963,6.390203619529988e-09,4.257941876007266e-06
2022-08-29,1,Late-Cycle,0.3309748269379815,0.37249209327522775,0.29651292234991977,7.372008659980264e-10,2.0156698885756265e-05
2022-08-30,2,Transitional,0.32323350173036325,0.37143671936556316,0.30516484819171424,8.137045677190736e-09,0.0001649225758665805
2022-09-01,0,Risk-On,0.32693684692092273,0.3639653287939889,0.3068872289784512,2.07626753416598e-08,0.0022105745439381184
2022-09-02,1,Late-Cycle,0.3270123352852659,0.3643844888141559,0.304035949188741,4.756158017868405e-07,0.004566751096792893
2022-09-05,2,Transitional,0.3263420850525599,0.3690024123657639,0.30269260080983473,8.855336750498386e-07,0.001962016238989142
2022-09-06,0,Risk-On,0.3252158494517363,0.3631866567085479,0.3097355362636165,4.069153505144078e-07,0.0018615506611588835
2022-09-07,1,Late-Cycle,0.33323428219328965,0.364108843265979,0.30224994853650816,4.5146306033948877e-07,0.000406474541487327
2022-09-08,2,Transitional,0.32627123065980523,0.3736342444346179,0.30007808611323894,1.0123292122964659e-07,1.6337559549420605e-05
2022-09-09,0,Risk-On,0.32824684645340546,0.36534513574469024,0.3063633317669198,6.938062975268613e-09,4.4679097090076515e-05
2022-09-12,1,Late-Cycle,0.3289708732415154,0.3760733652222873,0.2948684479511044,1.0857429005262333e-08,8.730272843383701e-05
2022-09-13,2,Transitional,0.31716057128320785,0.3644219585500367,0.3181514263677827,1.6755209410932394e-08,0.00026602704387088724
2022-09-14,0,Risk-On,0.34687641517309814,0.35087610472686726,0.3007125045744276,3.497889926363762e-08,0.0015349405473812033
2022-09-15,1,Late-Cycle,0.31341160051331957,0.4000106429376347,0.2769229010210805,1.8557169606270413e-07,0.009654669956563836
2022-09-16,2,Transitional,0.26284084527807844,0.3477350235839347,0.3401676641636987,1.6823880204289853e-06,0.049254784586623065
2022-09-19,0,Risk-On,0.36142110631560775,0.2817931057403364,0.33683635019227004,6.804963156666015e-05,0.019881388120042216
2022-09-20,1,Late-Cycle,0.3565889042002361,0.40577110645025,0.23538484636078516,3.471016346778033e-05,0.002220432824505154
2022-09-21,2,Transitional,0.24511183855277272,0.4009508039031806,0.34849696674763275,7.99651881727082e-06,0.005432394277908395
2022-09-22,4,Risk-Off,0.08500127264213245,0.27925014486282573,0.25143911718350975,7.543035922261916e-07,0.3843087110070555
2022-09-23,4,Risk-Off,0.0074305911314064685,0.07501134443328987,0.20259390547995512,1.0780728638942712e-05,0.7149533782272036
2022-09-26,4,Risk-Off,8.800093562192164e-05,0.0008889624982780004,0.002730633465060944,2.7457395285344588e-06,0.9962896573621346
2022-09-27,4,Risk-Off,1.5434351231843836e-06,1.2733662739788174e-05,7.452143440759543e-05,4.089901201398082e-06,0.9999071115669088
2022-09-28,4,Risk-Off,1.0691894246524908e-07,3.506295106130595e-07,5.310758708876295e-05,3.3553355900648103e-06,0.99994307952806
2022-09-29,4,Risk-Off,1.2366194791747568e-07,5.083448428980495e-08,1.8903640791316183e-05,5.157393928921825e-06,0.9999757644681361
2022-09-30,4,Risk-Off,9.00225110489595e-07,7.413235066276831e-07,0.000636948245250495,1.1292203164959724e-05,0.9993501180034849
2022-10-03,4,Risk-Off,2.5425784086150504e-07,2.9966439805188923e-07,2.6706570913539796e-05,2.520928859165502e-06,0.9999702185774425
2022-10-04,4,Risk-Off,7.320466315435302e-08,8.151267792748783e-08,4.480735682561774e-05,3.0006374088768717e-06,0.9999520372882313
2022-10-06,4,Risk-Off,1.3404414192867773e-07,9.328317209839302e-08,6.112265124750991e-05,3.156948110575375e-06,0.9999354930730181
2022-10-07,4,Risk-Off,2.2157020954422982e-07,1.7510731747878195e-07,9.446543926448177e-05,3.907503457025607e-06,0.9999012303792023
2022-10-10,4,Risk-Off,1.8198265288687828e-07,1.9233291207324114e-07,8.304028142621753e-05,7.282785606338775e-06,0.9999093026168095
2022-10-11,4,Risk-Off,4.9733212512345395e-08,5.5725435727154545e-08,2.941296855840144e-05,1.7015049202477496e-05,0.9999534665243651
2022-10-12,4,Risk-Off,1.0562634118185514e-08,9.95999830833131e-09,9.627493004056036e-06,2.1245127730002875e-05,0.9999691068557606
2022-10-13,4,Risk-Off,3.0358832507167763e-09,2.30649367396166e-09,3.5642299843632052e-06,1.445242776095975e-05,0.9999819779991946
2022-10-14,4,Risk-Off,7.217028081019512e-09,4.459394879544581e-09,7.0895554964203e-06,8.176893727448513e-06,0.9999847218735576
2022-10-17,4,Risk-Off,1.1377013683127874e-07,3.6384479114157556e-08,3.9879216468293054e-05,7.077335675337846e-06,0.9999528932930566
2022-10-18,4,Risk-Off,2.1142524384604673e-06,5.571104592616714e-07,0.0002777707860280549,4.914222097969069e-06,0.9997146436291372
2022-10-19,4,Risk-Off,2.4599268042216616e-05,4.979723805313371e-06,0.00048667356654621133,6.632625689180818e-06,0.9994771148163247
2022-10-20,4,Risk-Off,0.00017580003057551937,3.6794876874335696e-05,0.0013181830193862091,1.1840652210741447e-05,0.998457381421329
2022-10-21,4,Risk-Off,0.0012087756290993506,0.00026159291061345725,0.007902202107240078,3.5367035190029034e-05,0.9905920623180645
2022-10-24,4,Risk-Off,0.009248483308862967,0.0018881414771794202,0.06583505117950901,0.00019960879400907517,0.9228287152400974
2022-10-25,4,Risk-Off,0.07487581024519677,0.014379405030840075,0.3907717295427217,0.0003267672510136395,0.5196462879293186
2022-10-27,2,Transitional,0.3825137270811393,0.10011649117323423,0.498172741027621,0.0001255834510506775,0.0190714572661696
2022-10-28,0,Risk-On,0.4868115441679573,0.38240421405487734,0.1299667673595684,9.690481214591043e-06,0.0008077839371700934
2022-10-31,1,Late-Cycle,0.18228261641131357,0.4844430541909641,0.3332656138971589,1.1845906894205341e-06,7.530910693052796e-06
2022-11-01,2,Transitional,0.3594922464437822,0.26511865546833485,0.3753882006895498,9.49201327498292e-08,8.024789524473553e-07
2022-11-02,0,Risk-On,0.38881644254394526,0.3781819329228057,0.23299028983100392,3.6499509038784283e-09,1.1331051964383428e-05
2022-11-03,1,Late-Cycle,0.27251248483641916,0.41408171218633566,0.31340319741468886,4.2421261548031e-09,2.6013211783630306e-06
2022-11-04,2,Transitional,0.3385709583188325,0.3329982297186688,0.3284099290990006,5.948776425138618e-10,2.0882268688965385e-05
2022-11-07,0,Risk-On,0.3523164626332853,0.372320044583898,0.27534776923600063,3.723709955326889e-09,1.5719823492852488e-05
2022-11-09,1,Late-Cycle,0.30662152591677166,0.3940394489662979,0.2993292655779294,2.4171168613291383e-09,9.75712188471894e-06
2022-11-10,2,Transitional,0.32519916923305303,0.35603336713398887,0.31875209061185783,1.4053860805319031e-09,1.5371616203061842e-05
2022-11-11,0,Risk-On,0.3468264602211154,0.36225706598799856,0.29091631536232854,5.3693678357018115e-09,1.5305918129118278e-07
2022-11-14,1,Late-Cycle,0.32137081630315284,0.3862844143745904,0.29234447631241695,1.9398531849560903e-10,2.92815826667287e-07
2022-11-15,2,Transitional,0.32182039173994564,0.3660442687550718,0.31213504656461344,1.646907240443861e-10,2.9277532119412965e-07
2022-11-16,0,Risk-On,0.3397377049421667,0.359832301847195,0.3004284727543197,1.2396315131883958e-10,1.5203317537101325e-06
2022-11-17,1,Late-Cycle,0.3306067838925338,0.38063994497558373,0.28875220240569593,2.5060168047174015e-10,1.068475763679488e-06
2022-11-18,2,Transitional,0.31694307808746075,0.37782913780593647,0.30520855732839003,2.1875477040032307e-10,1.922655925546088e-05
2022-11-21,0,Risk-On,0.3312417962325148,0.36063627145712596,0.30805142693151055,3.5427654433335504e-09,7.050183663826982e-05
2022-11-22,1,Late-Cycle,0.33538977919408325,0.3744957460550944,0.2901086546245549,7.76353099543566e-09,5.8123629772461294e-06
2022-11-23,2,Transitional,0.3189780819279672,0.38147431373165314,0.29951672189018513,1.052709696432646e-09,3.088139724974774e-05
2022-11-24,0,Risk-On,0.3241293681267626,0.36594747331506744,0.309869785308355,8.34521523820148e-09,5.3364904248361565e-05
2022-11-25,1,Late-Cycle,0.33815969754631503,0.36385881090163485,0.29796185704024725,1.0102242437385e-08,1.9624409207526148e-05
2022-11-28,2,Transitional,0.32518630671829835,0.3849140994501713,0.28989724869853156,2.501196720820527e-09,2.342632152099681e-06
2022-11-29,0,Risk-On,0.3188507830265203,0.3683198098055966,0.31280543967101215,5.140968873118771e-10,2.3966983336418898e-05
2022-11-30,1,Late-Cycle,0.33990125774282404,0.3643860950466424,0.2956970128131636,3.3085191490330294e-09,1.5631088135605534e-05
2022-12-01,2,Transitional,0.3222250989293972,0.38417448810672666,0.2935340486473169,3.3653976800517286e-09,6.636095195665754e-05
2022-12-02,0,Risk-On,0.319381247852754,0.3675880906045218,0.3129936937815845,8.950710739625787e-09,3.695881070305262e-05
2022-12-05,1,Late-Cycle,0.3420847069503877,0.3601339678923241,0.29773103111502347,5.806716935806901e-09,5.028823594569792e-05
2022-12-06,2,Transitional,0.32263620625839656,0.39265425040660956,0.2846167603210857,8.258828621771542e-09,9.27747548458993e-05
2022-12-07,0,Risk-On,0.30798326114304114,0.3653494718885195,0.326358288135612,1.427640883149466e-08,0.0003089645558031093
2022-12-08,1,Late-Cycle,0.356432255576213,0.34625166279572317,0.2971186447877923,3.9971954056344004e-08,0.00019739686742190982
2022-12-09,2,Transitional,0.3195255311217255,0.4122273133727474,0.26754931186753594,2.8361103840682385e-08,0.0006978152773206191
2022-12-12,0,Risk-On,0.28519047630753924,0.36018309284820915,0.35032051138630227,5.9471340852508274e-08,0.004305859987161728
2022-12-13,1,Late-Cycle,0.3717942916133733,0.3159617641535993,0.28982672428185363,1.1806785299219539e-07,0.022417101882982966
2022-12-14,2,Transitional,0.2724602683285479,0.4431150933408889,0.22105025295093347,5.192894216542977e-07,0.06337386609058664
2022-12-15,4,Risk-Off,0.15470820860968526,0.29846194138312293,0.38266021491070756,1.0214886676744645e-06,0.16416861360831464
2022-12-16,4,Risk-Off,0.14623326415997628,0.1644419314550178,0.16470308354470123,5.980605570085132e-07,0.5246211227793788
2022-12-19,4,Risk-Off,0.09508288043265592,0.1722339377521051,0.1089475283093087,2.9926263957803813e-06,0.6237326608788808
2022-12-20,4,Risk-Off,0.029327688711410473,0.10151754866441476,0.13593566477237828,3.916123116163137e-06,0.7332151817279157
2022-12-21,4,Risk-Off,0.005575156316539075,0.0274844589625687,0.04405042385560717,1.8941138069050118e-06,0.9228880667520123
2022-12-22,4,Risk-Off,0.0004197102909419463,0.004355459787713991,0.010899089607114481,1.992273805018774e-06,0.9843237480411909
2022-12-23,4,Risk-Off,1.1183908058013739e-05,8.592982687275524e-05,0.00024496174400044315,1.9678924375729846e-06,0.9996559566291019
2022-12-26,4,Risk-Off,9.739911641202855e-07,5.533400472648827e-06,0.00015473459427070105,1.8770918846161646e-06,0.9998368809223412
2022-12-27,4,Risk-Off,4.220659035914977e-07,5.918607308144677e-07,8.769833977838007e-05,1.3547073165077255e-06,0.9999099330270107
2022-12-28,4,Risk-Off,3.04989067826598e-07,3.509170174876105e-07,0.000103792674590769,1.5143299847344946e-06,0.9998940370889345
2022-12-29,4,Risk-Off,1.918081264030615e-07,2.2286669854081793e-07,6.808634790869168e-05,1.5003348443503646e-06,0.9999299986430139
2022-12-30,4,Risk-Off,1.1045545338673218e-07,1.0814055620398072e-07,4.428831080299628e-05,1.8050796935266241e-06,0.9999536880142411
2023-01-02,4,Risk-Off,1.654210465308032e-07,1.318295376320945e-07,6.810978894884281e-05,1.4831657002555788e-06,0.9999301097955001
2023-01-03,4,Risk-Off,2.748909372374943e-07,2.189208073095832e-07,8.817084419338527e-05,1.3855348424122118e-06,0.9999099498093145
2023-01-04,4,Risk-Off,4.0041237185680024e-07,3.246435493998674e-07,0.00010579707233630812,2.1626172965645647e-06,0.9998913152543463
2023-01-05,4,Risk-Off,4.185812433413887e-07,4.659132336128446e-07,0.0001410811726177298,2.404992842938428e-06,0.9998556293408922
2023-01-06,4,Risk-Off,3.201524427436313e-07,2.2453222541403337e-07,4.551226385764757e-05,2.213436324735672e-06,0.9999517296155216
2023-01-09,4,Risk-Off,9.714364450152128e-07,6.091502485131488e-07,0.00026279997437911806,2.4283387612410283e-06,0.9997331911003344
2023-01-10,4,Risk-Off,2.650277290704546e-06,1.4867728379533633e-06,0.00016625118466826046,4.001618408272439e-06,0.9998256101471446
2023-01-11,4,Risk-Off,2.492161722636916e-06,3.0704525861984296e-06,0.0004588267266729752,1.5669033008225285e-05,0.9995199416253957
2023-01-12,4,Risk-Off,1.3270118824506637e-06,1.879755073401666e-06,0.00014878343341934364,8.746032567519108e-06,0.9998392637672519
2023-01-13,4,Risk-Off,5.06242847205936e-07,5.826524618424217e-07,6.50193240513039e-05,2.065414359921284e-06,0.9999318263664332
2023-01-16,4,Risk-Off,9.128037268105549e-07,7.817349643476382e-07,0.0002732691976301355,2.1696077887827108e-06,0.9997228666567369
2023-01-17,4,Risk-Off,2.2009241917653008e-06,9.780704586405259e-07,0.00010087186313919364,1.8155201378262454e-06,0.9998941336215718
2023-01-18,4,Risk-Off,1.2924596692357825e-05,3.241157172629254e-06,0.00039664671348688926,1.6303758384115243e-06,0.9995855571576013
2023-01-19,4,Risk-Off,0.0002161498933174294,2.8039234073763838e-05,0.0018020915458260894,2.690613855467272e-06,0.9979510287123519
2023-01-20,4,Risk-Off,0.0012936365288363832,0.0003525970853841146,0.004102401615095702,8.687459604288398e-06,0.9942426773107318
2023-01-23,4,Risk-Off,0.0015477287287255094,0.0015405783522318053,0.005273864497342578,7.242650492082139e-06,0.9916305857708079
2023-01-24,4,Risk-Off,0.00019733342214332513,0.0012810863439889652,0.0021200585066971545,4.779328373487795e-06,0.9963967423992385
2023-01-25,4,Risk-Off,1.1057766587200115e-05,0.00011411654684239022,0.000462088223034804,1.9774676749076546e-06,0.9994107599962377
2023-01-27,4,Risk-Off,1.7183918323763668e-06,4.819434715686715e-06,9.374144996112784e-05,1.551516784947515e-06,0.9998981692070499
2023-01-30,4,Risk-Off,1.7756632865191294e-06,1.7238545597923897e-06,0.00026295828173782376,3.785582190511205e-06,0.9997297566175973
2023-01-31,4,Risk-Off,2.6697048229818776e-06,2.595497238285723e-06,0.0003084664701953764,3.048380452551213e-06,0.999683219948047
2023-02-01,4,Risk-Off,1.0078444182843529e-06,1.8793665691171528e-06,0.00016799312882532984,3.0024479328970245e-06,0.9998261172130851
2023-02-02,4,Risk-Off,3.093268826202539e-07,3.255949639071651e-07,4.1519995671121757e-05,1.7461649053536875e-06,0.9999560989177354
2023-02-03,4,Risk-Off,1.1267103480568709e-06,5.431088167667345e-07,0.0002024133418648379,1.728428902945325e-06,0.9997941884102857
2023-02-06,4,Risk-Off,5.337502377171289e-06,2.3200410632157035e-06,0.00027050827631373587,1.5539015365346827e-06,0.9997202802793566
2023-02-07,4,Risk-Off,1.3757492373495415e-05,7.1125612576366484e-06,0.0006043522509533253,2.059763952728521e-06,0.9993727179316538
2023-02-08,4,Risk-Off,4.959254633238714e-05,1.7455037718145588e-05,0.0002771349984118915,2.1448689777029827e-06,0.9996536725488357
2023-02-09,4,Risk-Off,0.0001073008110696464,6.228946654058543e-05,0.0025707075571284785,4.976826754618969e-06,0.9972547253377125
2023-02-10,4,Risk-Off,0.00038729981862733277,0.00015399856563593772,0.0011333052181605081,2.5773294617845057e-06,0.9983228190677661
2023-02-13,4,Risk-Off,0.000332318002057676,0.0003491078195536423,0.0012368416258843218,2.3962173693702667e-06,0.9980793363353065
2023-02-14,4,Risk-Off,0.0007486752592671604,0.000416151908809288,0.0030652768528508464,4.892091836163074e-06,0.9957650038875813
2023-02-15,4,Risk-Off,0.0010603356380907644,0.0009456315609944026,0.0032659752161177955,5.163401114924841e-06,0.9947228941829614
2023-02-16,4,Risk-Off,0.00019444439878634615,0.0009277305789226722,0.0023950886815171284,3.7513456885363172e-06,0.9964789849949134
2023-02-17,4,Risk-Off,1.981008040580118e-05,0.00011892933926073517,0.00042088736285990927,1.8675895041110028e-06,0.999438505628571
2023-02-20,4,Risk-Off,4.502009430231539e-06,1.3540978276319606e-05,0.00020146611366961408,2.219917089966275e-06,0.9997782709816033
2023-02-21,4,Risk-Off,2.371176791495909e-06,4.453366204029151e-06,0.0003847148389962627,1.8477388748268796e-06,0.9996066128796106
2023-02-22,4,Risk-Off,1.0052754198877649e-06,1.4116162597615163e-06,0.00010230284971649458,1.961752153508748e-06,0.9998933185062775
2023-02-23,4,Risk-Off,6.511927248976931e-07,6.357384190486502e-07,0.00011704810795013617,2.519364716721054e-06,0.9998791455966631
2023-02-24,4,Risk-Off,2.5566915810363088e-06,1.0349808403940922e-06,0.00016005195295501143,1.8503620573285598e-06,0.9998345060125907
2023-02-27,4,Risk-Off,7.222276269271285e-06,4.766598579966096e-06,0.0007103489336898539,3.2661853262188687e-06,0.9992743960057523
2023-02-28,4,Risk-Off,1.0871919563989519e-05,8.277101514393466e-06,0.00028070237323345724,2.3785823064911228e-06,0.9996977700233791
2023-03-01,4,Risk-Off,9.042326493269258e-06,9.236273937497038e-06,0.000348261551668698,1.9270589580309715e-06,0.99963153278953
2023-03-02,4,Risk-Off,2.2375903337333306e-05,1.1586032814033528e-05,0.0004364140437892764,2.5145657367172237e-06,0.9995271094541504
2023-03-03,4,Risk-Off,5.2572865144763925e-05,2.8379571162116505e-05,0.0010121620929196215,2.4711852717730406e-06,0.9989044142846052
2023-03-06,4,Risk-Off,0.00010362154710748309,6.208328086652055e-05,0.0006543113681496206,2.3268580223715346e-06,0.9991776569452359
2023-03-08,4,Risk-Off,6.423195459856445e-05,0.00010568783196840916,0.0012391849772932758,2.963841448102969e-06,0.9985879313952696
2023-03-09,4,Risk-Off,1.9741167123910854e-05,5.865155212869272e-05,0.0007517326944921323,2.3488668694179808e-06,0.9991675257185633
2023-03-10,4,Risk-Off,2.12318276029437e-06,7.36165482430688e-06,9.022239307915956e-05,1.5475659873500798e-06,0.9998987452024909
2023-03-13,4,Risk-Off,5.39596741268937e-07,1.4723127427670164e-06,0.0002451520463443255,9.515781900555629e-06,0.9997433202630229
2023-03-14,4,Risk-Off,6.62556816814002e-08,9.502214071529291e-08,1.6433809378817877e-05,2.7523342403239516e-06,0.9999806525791325
2023-03-15,4,Risk-Off,3.219948429093986e-08,3.166889070072665e-08,2.7434972718481892e-05,2.3563817981455997e-06,0.9999701447777861
2023-03-16,4,Risk-Off,1.83610041855538e-08,1.659993522281666e-08,1.4714343011882056e-05,3.178297800287664e-06,0.9999820723975908
2023-03-17,4,Risk-Off,1.801094056664516e-08,1.4540654198353854e-08,1.526538946765414e-05,3.0135501573772005e-06,0.9999816885086523
2023-03-20,4,Risk-Off,3.656664987348258e-08,2.5432128924871993e-08,2.6672145801124613e-05,7.697282944783154e-06,0.9999655685731006
2023-03-21,4,Risk-Off,1.1982884512473558e-07,7.753841229110817e-08,6.016315840159093e-05,5.051797047864671e-06,0.9999345876771097
2023-03-22,4,Risk-Off,2.2644952435299371e-07,2.104941334662354e-07,0.00011055203777054492,3.991626799714655e-06,0.9998850193920825
2023-03-23,4,Risk-Off,1.1889250424262625e-07,1.252937663980251e-07,4.262566316634349e-05,2.4682628751633874e-06,0.9999546618874607
2023-03-24,4,Risk-Off,1.7560752894932036e-07,9.286408856115498e-08,4.505567144480897e-05,1.607581508695849e-06,0.9999530682752472
2023-03-27,4,Risk-Off,3.196825733474709e-06,5.362793702452488e-07,0.00019299989846049476,2.5158249365276955e-06,0.9998007511715131
2023-03-28,4,Risk-Off,8.076339395292482e-05,9.826293982269218e-06,0.0009245682460736365,5.6618557306793036e-06,0.9989791802107788
2023-03-29,4,Risk-Off,0.001810999163252741,0.00022626949371273248,0.02864620943632185,4.1803209973661504e-05,0.9692747186966879
2023-03-31,4,Risk-Off,0.024071338974204774,0.004029240008997431,0.018416639147206076,1.3543655324297046e-05,0.9534692382139548
2023-04-03,4,Risk-Off,0.018652363889045724,0.022332804294868683,0.036869308027223206,3.1244700718381296e-05,0.9221142790888075
2023-04-05,4,Risk-Off,0.043791326447471406,0.023531079380941768,0.20009280860729625,6.244281614810018e-05,0.7325223427481007
2023-04-06,4,Risk-Off,0.18997620010615276,0.05984838593424665,0.17083026632430504,6.338791430883316e-05,0.5792817597201634
2023-04-10,4,Risk-Off,0.1786990178692933,0.18441491660725406,0.24116458010273112,9.060232665647751e-05,0.39563088309397004
2023-04-11,2,Transitional,0.2593286103747493,0.20989052190905969,0.5012655559784644,0.00012158134753206825,0.029393730389846592
2023-04-12,0,Risk-On,0.48995721149567467,0.30100416399186924,0.1997313096653664,7.39263197520391e-06,0.009299922215109968
2023-04-13,1,Late-Cycle,0.23823739526753407,0.4854556771925073,0.273380680165547,2.031466561273112e-06,0.0029242159075309223
2023-04-17,2,Transitional,0.3057313257406117,0.31721156816527984,0.3768415642830219,4.6331414022157283e-07,0.00021507849710907998
2023-04-18,0,Risk-On,0.3910087428284,0.34648576366241685,0.2624605501882184,3.949253010680735e-08,4.4903827906841804e-05
2023-04-19,1,Late-Cycle,0.29690705719557486,0.41832001134325497,0.284770497091457,5.574525871682402e-09,2.4287949478050175e-06
2023-04-20,2,Transitional,0.3166871639487011,0.35906215924986656,0.32424119569712334,4.2102349673415765e-10,9.480682555425765e-06
2023-04-21,0,Risk-On,0.3444560639602579,0.3636066549664467,0.29178969816792744,2.4429709210786095e-09,0.0001475804619330622
2023-04-24,1,Late-Cycle,0.3202794963430194,0.3808287888072229,0.29886195841657337,3.2774574253993256e-08,2.9723659267208675e-05
2023-04-25,2,Transitional,0.32814921929443086,0.3683571238503876,0.30348333903464114,4.91527081291451e-09,1.0312905058460084e-05
2023-04-26,0,Risk-On,0.3289924693513919,0.37521165565248843,0.2957743480797601,1.8559083544499026e-09,2.152506024087829e-05
2023-04-27,1,Late-Cycle,0.32311658083241956,0.37021266299090105,0.30665994790596657,4.522624644677475e-09,1.0803748390474787e-05
2023-04-28,2,Transitional,0.3366560823951212,0.3654602893513122,0.2978831160032077,3.0786009047315504e-09,5.091712932189612e-07
2023-05-02,0,Risk-On,0.32633039080569765,0.38077398974575466,0.2928954812822437,2.496576687588997e-10,1.3791747039830506e-07
2023-05-03,1,Late-Cycle,0.32400221633966886,0.36693978620066475,0.3090567919977985,6.00019421223792e-11,1.205401039134731e-06
2023-05-04,2,Transitional,0.3370639637207257,0.36923504266430696,0.2936992791185059,5.834928911259716e-10,1.7139133450041098e-06
2023-05-05,0,Risk-On,0.3199380041959838,0.37839337773932297,0.3016348845743318,4.904026077250451e-10,3.3733000763339455e-05
2023-05-08,1,Late-Cycle,0.3307418252729107,0.36304326679755466,0.30619910219473767,9.410288418355549e-09,1.579632533018027e-05
2023-05-09,2,Transitional,0.33276723383375645,0.3776531914035533,0.2895734646109471,2.737132948384311e-09,6.1074152195903485e-06
2023-05-10,0,Risk-On,0.3173243336269588,0.3761767617544419,0.3064715409505715,1.4076102253522548e-09,2.736226054065741e-05
2023-05-11,1,Late-Cycle,0.3341912290187144,0.3617827053130488,0.30399630321317433,5.257297347226028e-09,2.975719834059486e-05
2023-05-12,2,Transitional,0.3303253433718321,0.37964911049984595,0.28996941173597124,6.745753813244389e-09,5.612764687749977e-05
2023-05-15,0,Risk-On,0.31493276466064885,0.3756395482356157,0.3093718219829052,1.1672960465119177e-08,5.58534479494554e-05
2023-05-16,1,Late-Cycle,0.3383384915945258,0.3546844015321356,0.3069065263473151,9.401632784051785e-09,7.057112477127819e-05
2023-05-17,2,Transitional,0.3325534233157777,0.3894181256010582,0.27802538719561803,1.1431497065933054e-08,3.0524555051301642e-06
2023-05-18,0,Risk-On,0.30575023611818236,0.3788924863885694,0.3151682268122924,1.4247971326891517e-09,0.00018904925612938633
2023-05-19,1,Late-Cycle,0.3399297382584804,0.3531729679079428,0.3068125521056048,4.0930098350102435e-08,8.470079717885435e-05
2023-05-22,2,Transitional,0.33325663919627974,0.3809756107548322,0.28575907309465787,1.3304212774466135e-08,8.663650194919913e-06
2023-05-23,0,Risk-On,0.3153746152920134,0.37824474882843523,0.30634512924477336,2.4924135619514173e-09,3.550414224078336e-05
2023-05-24,1,Late-Cycle,0.3313982127787548,0.3636223192493949,0.30491892005067434,6.503611766976291e-09,6.054141732462353e-05
2023-05-25,2,Transitional,0.33128810218022514,0.3725122620895144,0.296143061143331,1.098522671423838e-08,5.6563601872715804e-05
2023-05-26,0,Risk-On,0.3235793109743232,0.37702934802353394,0.29936921196990873,9.112292597379055e-09,2.211991979464726e-05
2023-05-29,1,Late-Cycle,0.3261315384360101,0.36807154942456805,0.30574330305940295,4.983791473676906e-09,5.360409535275307e-05
2023-05-30,2,Transitional,0.33266674352243236,0.3703419068844918,0.29694769301324464,8.90107173149734e-09,4.3647679059965245e-05
2023-05-31,0,Risk-On,0.32311453459129774,0.3786169729977283,0.2981523933750323,7.719810805899765e-09,0.00011609131658137755
2023-06-01,1,Late-Cycle,0.3229870796252623,0.36900090651394024,0.30757320648351055,2.9219837728999813e-08,0.0004387781579584244
2023-06-02,2,Transitional,0.33241987008696455,0.36789413565905993,0.2992467772013625,9.936920827837159e-08,0.000439117683239838
2023-06-05,0,Risk-On,0.32263832262261494,0.37831868838849675,0.2989058630689885,1.281394230389429e-07,0.0001369977810059813
2023-06-06,1,Late-Cycle,0.32648070703631255,0.3615270979577029,0.31168224376170967,7.108710957971196e-08,0.0003098801562897638
2023-06-07,2,Transitional,0.336028269543786,0.37654835314490515,0.2873152082422073,1.0303645964555055e-07,0.00010806603258571458
2023-06-08,0,Risk-On,0.310217276652954,0.3781701916209542,0.31137015037873084,3.6631893013347885e-08,0.0002423447148938487
2023-06-09,1,Late-Cycle,0.34052019824624075,0.348946431863191,0.31013927638594774,7.804066766056886e-08,0.0003940154636186564
2023-06-12,2,Transitional,0.3319188971690657,0.3952831389540009,0.27279767859321213,1.1840979821335697e-07,1.6687333512449358e-07
2023-06-13,0,Risk-On,0.30744286578989083,0.37617996202850196,0.3163723638578403,3.4479332724474583e-09,4.804875341727219e-06
2023-06-14,1,Late-Cycle,0.3413275761853874,0.36816493477001355,0.2905071371046903,1.221707921878235e-09,3.507174755243089e-07
2023-06-15,2,Transitional,0.3190359883178969,0.38432197293806747,0.2966363271821274,1.2018885562190876e-10,5.711442520678639e-06
2023-06-16,0,Risk-On,0.3250350425292064,0.36776200437516954,0.3072016756135793,1.1239782315864036e-09,1.2763571832120007e-06
2023-06-19,1,Late-Cycle,0.3369514227195256,0.3694527950295249,0.29359344772590246,2.7333650408773637e-10,2.334252235509634e-06
2023-06-20,2,Transitional,0.32118421357579047,0.3888470609512925,0.2899686748246925,5.466842699715496e-10,5.010185167118997e-08
2023-06-21,0,Risk-On,0.3247859663714596,0.371028300326909,0.3041844363088546,2.589123528928702e-11,1.2969672394534634e-06
2023-06-22,1,Late-Cycle,0.3274422100680174,0.38441135323152237,0.28814623038254406,3.013313838313062e-10,2.060163591928287e-07
2023-06-23,2,Transitional,0.3202610434565604,0.36740209526584144,0.3123327644996253,4.9585829169227605e-11,4.096728325918327e-06
2023-06-26,0,Risk-On,0.34100176895480594,0.37757686185551154,0.2814212888585578,1.7815995219153926e-09,7.854960443701912e-08
2023-06-27,1,Late-Cycle,0.30906661279769165,0.3985639513144222,0.2923690006034587,1.1704878413423331e-10,4.351677027629585e-07
2023-06-28,2,Transitional,0.32032630620500635,0.35993910376357025,0.3196976327805566,1.08000242002524e-10,3.695714347961538e-05
2023-06-30,0,Risk-On,0.34384005721517974,0.3663128021551503,0.2898448017479686,5.516101116427352e-09,2.3333655544205973e-06
2023-07-03,1,Late-Cycle,0.3219003347731078,0.3844903632989616,0.2936091111754239,4.357457459030193e-10,1.903161150782853e-07
2023-07-04,2,Transitional,0.3262014603970895,0.3760018067072577,0.29779668106073554,3.80001847323216e-11,5.17960758850833e-08
2023-07-05,0,Risk-On,0.3270685511878842,0.37900790637689924,0.2939234930235085,8.526813538745648e-12,4.9403748478717514e-08
2023-07-06,1,Late-Cycle,0.3267664186981552,0.3753510899645596,0.2978820686276623,7.791377171570922e-12,4.2270247462487195e-07
2023-07-07,2,Transitional,0.32470434158458994,0.37924420123864266,0.2960505395981469,5.61065854327779e-11,9.175232891081906e-07
2023-07-10,0,Risk-On,0.32643337091777036,0.3694525673442433,0.30410420293252527,1.4538304238766727e-10,9.858660088245141e-06
2023-07-11,1,Late-Cycle,0.3299758707354715,0.37594716179548365,0.29407670852890966,1.4414560614800248e-09,2.5749894043887793e-07
2023-07-12,2,Transitional,0.32762143290765516,0.37025603963589815,0.3021218714063806,5.6486174536185477e-11,6.559935286463011e-07
2023-07-13,0,Risk-On,0.3318808256643416,0.3840734646083321,0.28404565905412604,1.0146143219138097e-10,5.057211793081594e-08
2023-07-14,1,Late-Cycle,0.3140587455979231,0.38382429162668996,0.3021166651839353,8.674806977651541e-12,2.975828818059003e-07
2023-07-17,2,Transitional,0.33247609322673005,0.3613246520169413,0.30619900481360746,4.4375610735794246e-11,2.498980337087195e-07
2023-07-18,0,Risk-On,0.33671561551748247,0.3782454180547357,0.28503880759889405,3.760170352958503e-11,1.5879130090700943e-07
2023-07-19,1,Late-Cycle,0.31528948575106125,0.3876764226887271,0.2970340383480671,3.1129718592708816e-11,5.318107347657681e-08
2023-07-20,2,Transitional,0.3284949336120113,0.3605861247573928,0.3109187803947716,1.0825464896064417e-11,1.6122480888030187e-07
2023-07-21,0,Risk-On,0.341455925081389,0.3742154943270619,0.28432267426633606,2.3617080754761618e-11,5.906301046691227e-06
2023-07-24,1,Late-Cycle,0.3075655282514085,0.392334799994714,0.30009891976006925,7.292418703613389e-10,7.512639445132485e-07
2023-07-25,2,Transitional,0.33511327067239866,0.34050398553727174,0.32438138085827084,1.0506313567041415e-10,1.3628276594760494e-06
2023-07-26,0,Risk-On,0.3549324071935193,0.3901756499653712,0.25489139092294594,2.6486139390536446e-10,5.516524482564034e-07
2023-07-27,1,Late-Cycle,0.27364388913038823,0.40575914804845703,0.32059167035540725,7.997277978300407e-11,5.292385850202336e-06
2023-07-28,2,Transitional,0.35991506562274883,0.2943502224725682,0.34569708045965797,6.041240442364327e-10,3.763084129860313e-05
2023-07-31,0,Risk-On,0.3729965260540967,0.42927936148696627,0.1977135598699134,9.791449960002927e-09,1.0542797685222187e-05
2023-08-01,1,Late-Cycle,0.20298416484697168,0.4309063750699367,0.36371840547006756,3.6764786849171007e-09,0.0023910509368068574
2023-08-02,2,Transitional,0.1108572145084491,0.22276041917789638,0.27862494249848563,1.3134669501929702e-08,0.38775741067973235
2023-08-03,4,Risk-Off,0.08586413812430142,0.11918021581229282,0.12952902003916872,1.6640396313047408e-06,0.6654249619847703
2023-08-04,4,Risk-Off,0.07447977659914554,0.09381981695262016,0.0819961710279543,3.0460331352725034e-06,0.749701189387541
2023-08-07,4,Risk-Off,0.06072654626743474,0.08537886877374781,0.07303862957359196,8.096233181075972e-06,0.7808478591523499
2023-08-08,4,Risk-Off,0.04367534291372517,0.06836777550411648,0.0660764737152953,5.503219590226447e-06,0.8218749046480497
2023-08-09,4,Risk-Off,0.022138472216555075,0.0484308133124685,0.04606998249791415,6.327998306104352e-06,0.8833544039742004
2023-08-10,4,Risk-Off,0.007321011388174344,0.023479242000686653,0.0315445139018456,5.980713885717042e-06,0.9376492519946427
2023-08-11,4,Risk-Off,0.0016840512800331744,0.007033478426070075,0.011742153093128146,3.5081034068951294e-06,0.9795368090973053
2023-08-14,4,Risk-Off,0.00027944387563014775,0.0014167102591151107,0.003041459070308321,2.7479999490237486e-06,0.9952596387955805
2023-08-16,4,Risk-Off,4.163617393408959e-05,0.000209521320009282,0.0006524454794421503,3.284561917667896e-06,0.9990931124643522
2023-08-17,4,Risk-Off,5.665620157993423e-06,3.0048879555072866e-05,0.00037864122684251285,3.1160993093997035e-06,0.99958252817452
2023-08-18,4,Risk-Off,1.263556147689917e-06,2.8606895590794203e-06,0.00011696829267031494,2.824743777213517e-06,0.999876082717009
2023-08-21,4,Risk-Off,1.5922239764506975e-06,9.56396572963267e-07,9.935241025738994e-05,3.6238259359833613e-06,0.999894475142568
2023-08-22,4,Risk-Off,8.17746252811515e-06,3.4085524332280395e-06,0.0007020866198754852,7.472281795841662e-06,0.999278855082622
2023-08-23,4,Risk-Off,2.5964729102427156e-05,1.37209395304032e-05,0.0003920370403187101,5.6571761422577046e-06,0.9995626201140143
2023-08-24,4,Risk-Off,1.2058839384642993e-05,2.40379209219538e-05,0.0008021919243969798,7.2095826196376076e-06,0.9991545017329623
2023-08-25,4,Risk-Off,8.282216191120181e-06,9.083130439890625e-06,0.0001988205084922687,5.073250508019166e-06,0.9997787408952641
2023-08-28,4,Risk-Off,9.009295760430915e-06,7.311266114964336e-06,0.0003137083756671534,5.141815678550829e-06,0.99966482924634
2023-08-29,4,Risk-Off,4.9505141465605636e-05,1.4058533271695626e-05,0.000767820242061974,6.697494876490141e-06,0.99916191858903
2023-08-30,4,Risk-Off,0.0002834419713489031,7.125054612552762e-05,0.001338903708588188,1.3924787873482415e-05,0.9982924789859948
2023-08-31,4,Risk-Off,0.0014069798450840215,0.0003733107370195244,0.010799600411700305,6.727251442644403e-05,0.9873528364910792
2023-09-01,4,Risk-Off,0.014579096584154504,0.002549169452226296,0.1232234677194351,0.00015109638213765667,0.8594971698626359
2023-09-04,4,Risk-Off,0.11967878087551229,0.02432377952603743,0.19655773969665316,0.0002502568988607234,0.6591894430033807
2023-09-05,4,Risk-Off,0.19553703662605787,0.12265797226803873,0.2171249274585885,0.000298206996187745,0.46438185665111353
2023-09-06,4,Risk-Off,0.22283793973480578,0.21003877204812776,0.25170824059714203,0.0008308539579798847,0.3145841936614693
2023-09-07,4,Risk-Off,0.26419651778510905,0.2500901233611922,0.32489315375344396,0.00021311570162779107,0.16060708939841553
2023-09-08,2,Transitional,0.3377931253993025,0.2948380438067122,0.32661435108828485,7.243696846426956e-05,0.04068204273665902
2023-09-11,0,Risk-On,0.34628850091643343,0.36935187439721123,0.279620610001075,1.5978771564308736e-05,0.004723035912944787
2023-09-12,1,Late-Cycle,0.3062702728151798,0.3875890579941103,0.30545488528358944,5.038455318806165e-06,0.0006807454525607429
2023-09-13,2,Transitional,0.33203232496584556,0.3541448501049815,0.31372698716740527,4.807881541038478e-07,9.535697383310353e-05
2023-09-14,0,Risk-On,0.3386314469948922,0.37465891590436057,0.2866830321785646,4.7974329510603186e-08,2.6556947763931753e-05
2023-09-15,1,Late-Cycle,0.3140832430277881,0.38127336690274655,0.3046152979193392,2.3795795494561184e-08,2.8068354031856372e-05
2023-09-18,2,Transitional,0.3320622121842314,0.3592270922147451,0.30868410519492295,1.2891773235368193e-08,2.6577513648794396e-05
2023-09-20,0,Risk-On,0.3346184075279852,0.3748252058129057,0.2901821288474734,9.840584259638741e-09,0.00037424797092017837
2023-09-21,1,Late-Cycle,0.3135361127396357,0.38398864800349347,0.30131422450050016,1.0638002072000147e-07,0.0011609083755879895
2023-09-22,2,Transitional,0.3241055942315387,0.3579139719966146,0.3162653220833615,2.75913470214607e-07,0.0017148357745774899
2023-09-25,0,Risk-On,0.3412904374677656,0.36699103372548947,0.2905832974628351,1.4838021979283745e-06,0.00113374754113484
2023-09-26,1,Late-Cycle,0.31413122649731895,0.39742453719242615,0.2874040451978428,2.3646618307882197e-07,0.0010399546456168998
2023-09-27,2,Transitional,0.3029034537923322,0.35521274926264335,0.3319956468842825,5.142154438396592e-08,0.009888098640028748
2023-09-28,0,Risk-On,0.3201391670737702,0.33967480893625523,0.2740692575485337,1.2917652574485832e-07,0.06611663726576768
2023-09-29,1,Late-Cycle,0.23458834421871794,0.3774331395922797,0.2523337132967119,3.262677470243377e-06,0.13564154021555833
2023-10-03,2,Transitional,0.14747031642740321,0.26125428275370377,0.2934806285591566,2.9495198159305257e-06,0.29779182273932836
2023-10-04,4,Risk-Off,0.11616655594266635,0.1630269174076829,0.15518234107851098,2.335341556641419e-06,0.5656218502304764
2023-10-05,4,Risk-Off,0.08019609472888106,0.132072866655823,0.11347250807390794,3.6034635544324887e-06,0.6742549270783734
2023-10-06,4,Risk-Off,0.043898218273748145,0.0870683612591472,0.0955356898253302,3.883205967563992e-06,0.7734938474352829
2023-10-09,4,Risk-Off,0.02031791614097532,0.04733894848116993,0.050591617655365455,3.2819751077600652e-06,0.8817482357481341
2023-10-10,4,Risk-Off,0.006948904497480276,0.021178245095094757,0.029774336331526655,3.4635518826513073e-06,0.9420950505239978
2023-10-11,4,Risk-Off,0.0015738710230916199,0.0065714299417214414,0.01047202100839184,4.890497534454048e-06,0.9813777875301044
2023-10-12,4,Risk-Off,0.0002843944348411746,0.0013579082003038116,0.002864255588373879,2.684037155178483e-06,0.9954907577384803
2023-10-13,4,Risk-Off,6.05930959475918e-05,0.00022087827215005234,0.0008072832044445203,2.466064937493999e-06,0.9989087793630598
2023-10-16,4,Risk-Off,2.6370585216144763e-05,5.3039993427354496e-05,0.00025025022352511827,3.101053017163867e-06,0.9996672381441549
2023-10-17,4,Risk-Off,1.2076530352593677e-05,2.8510188315767958e-05,0.0014459030168124656,7.096374432854071e-06,0.998506413890479
2023-10-18,4,Risk-Off,7.745503724689398e-06,8.386295985921242e-06,0.00012687482424946937,2.4513650934218616e-06,0.9998545420102131
2023-10-19,4,Risk-Off,2.6094431645885763e-06,5.5528101756391395e-06,0.00031451868446480294,3.860289138550895e-06,0.9996734587737336
2023-10-20,4,Risk-Off,3.614540029906353e-06,3.422342860824757e-06,0.00028697283007275844,3.045357736920455e-06,0.9997029449286904
2023-10-23,4,Risk-Off,1.950168722558959e-06,2.9467200675777393e-06,0.0002159340320305698,2.658232456816058e-06,0.9997765108464285
2023-10-25,4,Risk-Off,6.694794389411316e-07,1.3341107627565062e-06,0.00015331349216952885,2.5628330764989235e-06,0.999842120084116
2023-10-26,4,Risk-Off,1.1612527462567984e-07,1.7347101593550568e-07,3.2330507078403095e-05,2.3280004318984525e-06,0.9999650518961706
2023-10-27,4,Risk-Off,1.163354427036671e-07,9.798459536258304e-08,5.6069704855615946e-05,1.5602648527565858e-06,0.9999421557108988
2023-10-30,4,Risk-Off,2.2438693843770705e-07,1.6868267134205004e-07,7.989549359851209e-05,1.5317670907478729e-06,0.9999181796689096
2023-10-31,4,Risk-Off,3.5444659102271067e-07,2.9384883006285e-07,0.00010166657366365167,1.5085866119967361e-06,0.9998961765435511
2023-11-01,4,Risk-Off,4.733538206182242e-07,3.885398188273876e-07,0.00011271491934560312,2.4205628989204348e-06,0.9998840026235045
2023-11-02,4,Risk-Off,1.1059762320325126e-06,5.675860769037168e-07,0.00011532267143484965,1.6462674187450758e-06,0.9998813574993606
2023-11-03,4,Risk-Off,4.515580880790876e-06,2.0055306004900655e-06,0.0003320893102510378,1.6738411869963488e-06,0.9996597157374058
2023-11-06,4,Risk-Off,1.3529642745423225e-05,7.305587167006186e-06,0.0005104985257177786,1.887950764499735e-06,0.9994667782931381
2023-11-07,4,Risk-Off,1.7848285793077493e-05,1.4960551719543755e-05,0.0004376490475851393,2.0749205572765187e-06,0.9995274671947743
2023-11-08,4,Risk-Off,1.1329588389222306e-05,1.7479446417067876e-05,0.0005907263335636507,2.0344141323567508e-06,0.9993784302184028
2023-11-09,4,Risk-Off,6.652327956539504e-06,8.918770675602003e-06,0.00024186404465763127,4.643149526263355e-06,0.9997379217080323
2023-11-10,4,Risk-Off,1.0226506878359028e-05,5.7937764644835665e-06,0.00022622791997458586,1.9042774916861017e-06,0.9997558475192979
2023-11-13,4,Risk-Off,7.463368613945592e-05,1.6637309389004996e-05,0.0010811477830364354,3.6802674954705874e-06,0.9988239009543776
2023-11-15,4,Risk-Off,0.0006572404483333794,0.00012963851448101406,0.002894822763501933,5.120127040079085e-06,0.9963131781470297
2023-11-16,4,Risk-Off,0.0028221948357785858,0.0008457002559064076,0.013722609421171544,8.468383107719633e-06,0.9826010271046524
2023-11-17,4,Risk-Off,0.012786851459674786,0.003723273946041738,0.026657882384457945,2.1701403283094254e-05,0.9568102908064811
2023-11-20,4,Risk-Off,0.029631453412880496,0.014156318106169002,0.12197420316705246,5.503870998691865e-05,0.8341829866037078
2023-11-21,4,Risk-Off,0.12095480964559828,0.03910320783876069,0.21947533890203588,0.00014954374683927524,0.6203170998669867
2023-11-22,4,Risk-Off,0.2248270368709505,0.12927759487376977,0.3898689691715261,9.422119509009167e-05,0.2559321778883422
2023-11-23,2,Transitional,0.38643546831045555,0.25013039746590804,0.31315626556404913,9.736909074012853e-05,0.050180499568756615
2023-11-24,0,Risk-On,0.33401269628462077,0.39911417020694023,0.26516158694780034,9.639338876364214e-06,0.0017019072218577758
2023-11-28,1,Late-Cycle,0.2990221143633444,0.3806329597394503,0.32032662188245137,1.141298369431284e-06,1.7162715771077824e-05
2023-11-29,2,Transitional,0.3439336974898759,0.34910513772987156,0.30695292011745917,1.2185285425444324e-07,8.122809563116046e-06
2023-11-30,0,Risk-On,0.3359737550132334,0.3806329622728224,0.28338363467733035,1.1666489259029323e-08,9.636369616976857e-06
2023-12-01,1,Late-Cycle,0.3103211336140855,0.3855392516179505,0.3041373955939784,2.1495128168614782e-08,2.1976791113033207e-06
2023-12-04,2,Transitional,0.33317824897115483,0.3536811259277791,0.3131404917415621,5.4429888047776795e-09,1.279166537024633e-07
2023-12-05,0,Risk-On,0.34067614746023217,0.36959344789573184,0.28973024728839564,1.232344190333421e-09,1.5612328260656516e-07
2023-12-06,1,Late-Cycle,0.31872355380246503,0.3788967118508873,0.3023795812596869,7.769469305521028e-10,1.5231008300852957e-07
2023-12-07,2,Transitional,0.3326339014023774,0.3618264415629225,0.30553949527906626,8.664927387012307e-11,1.6166901401037516e-07
2023-12-08,0,Risk-On,0.3343541449785571,0.37392872439114944,0.2917170422158691,7.489701547833205e-11,8.833980190371136e-08
2023-12-11,1,Late-Cycle,0.3213426288835893,0.37397833876729497,0.30467877624307693,5.116564419763356e-11,2.560545549509634e-07
2023-12-12,2,Transitional,0.33428651165415396,0.3614136619522573,0.3042990828037001,2.1112319894449283e-10,7.433785420303488e-07
2023-12-13,0,Risk-On,0.3322156637196692,0.3779117555168115,0.2898724365379551,3.194815021563419e-10,1.4390534917137227e-07
2023-12-14,1,Late-Cycle,0.31921059305522936,0.3706196164125638,0.3101695958484291,2.7526518317893223e-10,1.9440792491368014e-07
2023-12-15,2,Transitional,0.3392910088138592,0.35834833782057884,0.3023604818113391,3.725773761699456e-10,1.711807566856678e-07
2023-12-18,0,Risk-On,0.32969407837293874,0.3790937679386467,0.2912118361445743,4.780710455216762e-10,3.170662954146705e-07
2023-12-19,1,Late-Cycle,0.32100932093137907,0.3725062101499417,0.3064841951120297,5.398794043642424e-10,2.732674851248624e-07
2023-12-20,2,Transitional,0.33313485598581066,0.3622102286574194,0.30465329470866787,1.5660574362926108e-10,1.6204907783081347e-06
2023-12-21,0,Risk-On,0.33357054313563117,0.3702113028057187,0.29621797326116767,3.839101141097224e-10,1.8041395638797695e-07
2023-12-22,1,Late-Cycle,0.3275626043526462,0.3744947803212144,0.2979425862065272,5.876703142612404e-11,2.9061119976327705e-08
2023-12-26,2,Transitional,0.3285086547839771,0.37174904383158536,0.2997422995811365,1.2295855827567855e-11,1.790744701693987e-09
2023-12-27,0,Risk-On,0.33415732266692777,0.37061898368261537,0.29522369356425315,2.310771218852156e-12,8.398234057905795e-11
2023-12-28,1,Late-Cycle,0.3287592606494988,0.3833605876884465,0.2878801512532939,2.8499518120804804e-13,4.076574669970665e-10
2023-12-29,2,Transitional,0.31495433590994154,0.3741029050615342,0.31094275111434905,1.3115716816638599e-13,7.913794564384595e-09
2024-01-01,0,Risk-On,0.3471509550495413,0.347964233588312,0.3048847981559546,1.8946126221642545e-12,1.3204281935634995e-08
2024-01-02,1,Late-Cycle,0.33509866702148844,0.4015391126462956,0.2633622201355149,3.046482712172333e-12,1.9296021795068712e-10
2024-01-03,2,Transitional,0.29753596833303486,0.3862950703147644,0.3161684193930705,6.126169090809673e-14,5.419589113832473e-07
2024-01-04,0,Risk-On,0.34410794482821383,0.35111819665432964,0.30477268661396395,5.364477370085811e-11,1.1718505551784195e-06
2024-01-05,1,Late-Cycle,0.33279089830583836,0.3886390369110626,0.27856615850750865,1.3356383471823483e-10,3.906142774968047e-06
2024-01-08,2,Transitional,0.3058614851199976,0.38187007320553207,0.31222401517102677,5.071826522755172e-10,4.4425996961719176e-05
2024-01-09,0,Risk-On,0.3380572024040948,0.34899179682169024,0.3129452236328338,4.265101594046956e-09,5.772876766394193e-06
2024-01-10,1,Late-Cycle,0.3455681183854498,0.38123339191041056,0.2731980271896725,6.710623276116319e-10,4.6184402529369406e-07
2024-01-11,2,Transitional,0.29985656196592586,0.40834253130856896,0.29180087281078904,6.800929434998097e-11,3.3847228464434774e-08
2024-01-12,0,Risk-On,0.325430671247438,0.3437999896208113,0.33076709046003966,4.044965154548595e-12,2.248667552959333e-06
2024-01-15,1,Late-Cycle,0.358217349064793,0.37634702634251843,0.2654354300504609,2.407411128744497e-10,1.9430182510338637e-07
2024-01-16,2,Transitional,0.2932120092965614,0.40776855667976813,0.2989873308077908,3.145246928337864e-11,3.210318458729115e-05
2024-01-17,0,Risk-On,0.32469482281592993,0.33863796565914206,0.3362424619773894,5.362916538051212e-09,0.00042474418440482183
2024-01-18,1,Late-Cycle,0.3585839191566727,0.3679331810114901,0.2734766171929879,1.2846545472156604e-07,6.1541729369349604e-06
2024-01-19,2,Transitional,0.3011992847331342,0.4078826129024123,0.2908416626224144,3.6465211048872766e-09,7.643609615046843e-05
2024-01-23,0,Risk-On,0.31291611256618956,0.3483031524644298,0.3373864583340047,1.3539279014993247e-08,0.001394263095887227
2024-01-24,1,Late-Cycle,0.3585473629723198,0.350518554254237,0.29006680847319805,3.292510459709109e-07,0.0008669450486956922
2024-01-25,2,Transitional,0.312757259493458,0.40005864214102355,0.2871792432380128,4.945233052738909e-07,4.360605109044526e-06
2024-01-29,0,Risk-On,0.31775550962785537,0.35989042366878493,0.3223270020685698,3.185513397591164e-08,2.7032778975183197e-05
2024-01-30,1,Late-Cycle,0.3403652735540957,0.37036789928957153,0.2891705020317627,3.695700335903087e-08,9.628816713789682e-05
2024-01-31,2,Transitional,0.30804776128769296,0.37628075369556707,0.3147953370004369,4.0781110088680215e-08,0.0008761072343111276
2024-02-01,0,Risk-On,0.3401241731371417,0.33962409010326083,0.31946170035956595,3.98319692802248e-07,0.0007896380807346946
2024-02-02,1,Late-Cycle,0.3395418276254186,0.38640992165084626,0.27404539889330964,4.53818989502804e-07,2.3980117990494903e-06
2024-02-05,2,Transitional,0.3020426536535766,0.3785648935509377,0.3193202323542063,2.4089294505407823e-08,7.21963516033404e-05
2024-02-06,0,Risk-On,0.34151928261361797,0.3473010132962276,0.3108096826938515,2.468619584575886e-08,0.0003699967096548098
2024-02-07,1,Late-Cycle,0.3304044365721604,0.3770408049068459,0.2923238945204198,1.4097987947215215e-07,0.00023072302131720178
2024-02-08,2,Transitional,0.31864529115820267,0.3639207842993112,0.3172440773454603,9.285060916359372e-08,0.00018975434553350097
2024-02-09,0,Risk-On,0.34030291038817095,0.3627116425731504,0.29690400535277106,8.597779008098382e-08,8.13557076648467e-05
2024-02-12,1,Late-Cycle,0.3178716870633701,0.37936602695276583,0.3026690528164955,6.54320670307984e-08,9.316773481828152e-05
2024-02-13,2,Transitional,0.3274239894619146,0.35456488368650657,0.3173199358161021,4.176347589123736e-08,0.0006911492713352721
2024-02-14,0,Risk-On,0.3362656209401049,0.36976641441309044,0.2916737113044885,2.1511946564411639e-07,0.0022940382221220378
2024-02-15,1,Late-Cycle,0.308202351410213,0.3732226125851564,0.31397511738796147,6.366361481705627e-07,0.004599281980887978
2024-02-16,2,Transitional,0.33649453375298366,0.34006259696274593,0.32056490990979386,1.4812575739310782e-06,0.0028764781165311086
2024-02-19,0,Risk-On,0.34307430383618825,0.37707363490124696,0.2797388576811074,4.576020205885595e-07,0.00011274597897761453
2024-02-20,1,Late-Cycle,0.3069597807630589,0.3832129640695381,0.3097842689604866,2.5194888402246152e-08,4.2961011280677595e-05
2024-02-21,2,Transitional,0.3371210713749437,0.349192390297759,0.3136660867134717,6.458598719904182e-09,2.0445155641884707e-05
2024-02-22,0,Risk-On,0.3400269526118281,0.383420319829801,0.27655255391003347,2.233870848323037e-09,1.7141373175110533e-07
2024-02-23,1,Late-Cycle,0.3090340589078827,0.3850771306412291,0.3058770444295267,5.3637912004177e-11,1.176596794664358e-05
2024-02-26,2,Transitional,0.3299476381739001,0.3620749579202691,0.3079694662799981,1.2613011278501653e-09,7.93636363001164e-06
2024-02-27,0,Risk-On,0.33681727112287907,0.36615838099001924,0.296987196991342,1.0985975508257316e-09,3.71497972889922e-05
2024-02-28,1,Late-Cycle,0.32448675853485415,0.39019818387924643,0.2853092795989452,6.245946512263748e-09,5.7717414317320535e-06
2024-02-29,2,Transitional,0.31054310585081424,0.37469118729405343,0.3139694848010099,3.776394878358445e-09,0.0007962182780688576
2024-03-01,0,Risk-On,0.33620791015530804,0.3606719968900077,0.3026756280531859,2.0631184124484457e-07,0.0004442585898692784
2024-03-04,1,Late-Cycle,0.32811794838121394,0.3757256760945451,0.29574444912640613,8.490717491212152e-08,0.00041184149060695987
2024-03-05,2,Transitional,0.321697798495096,0.37515547571499475,0.3028218245525518,6.807120198171028e-08,0.0003248331656438473
2024-03-06,0,Risk-On,0.3266020178799617,0.3661668353344726,0.30661994331762826,9.023956836636651e-08,0.000611113229163578
2024-03-07,1,Late-Cycle,0.33299036451713304,0.37131454359577976,0.29468921583900226,7.460188930425675e-08,0.001005801445645289
2024-03-11,2,Transitional,0.3150871737724317,0.38103850803644096,0.29970464171451106,2.1477040986660935e-07,0.004169461706509724
2024-03-12,0,Risk-On,0.30947868833674974,0.3606834484050168,0.30217157568085473,9.529025974182055e-08,0.02766619228652585
2024-03-13,1,Late-Cycle,0.2364686444289152,0.36013286869028477,0.2663709227704587,5.031620491329596e-07,0.13702706094842892
2024-03-14,2,Transitional,0.1470756060826103,0.26348004453416457,0.27109324940259377,8.980702645191895e-07,0.3183502019103498
2024-03-15,4,Risk-Off,0.05539229948972743,0.16349891493840646,0.15373899264432808,2.3383441877925548e-06,0.6273674545832539
2024-03-18,4,Risk-Off,0.009115386492650885,0.054120562165849345,0.1033306115771032,1.8694564390380978e-06,0.8334315703074482
2024-03-19,4,Risk-Off,0.0009614551217927517,0.006099434361957656,0.012873457063674642,1.3108714096398463e-06,0.98006434258092
2024-03-20,4,Risk-Off,0.000137512694046632,0.0006083278190375734,0.0013600888551005398,1.8968604075231475e-06,0.9978921737720967
2024-03-21,4,Risk-Off,4.447894647463735e-05,0.00011281651080038463,0.0004315652848454822,2.0003285273818577e-06,0.9994091389295398
2024-03-22,4,Risk-Off,4.344170864872471e-05,4.689869038887842e-05,0.0007986365711952339,3.401118074739981e-06,0.9991076219125063
2024-03-26,4,Risk-Off,0.0001529826837895146,5.3293646459947666e-05,0.0007577777689363837,2.0544610952921726e-06,0.9990338914394453
2024-03-27,4,Risk-Off,0.0005164280097236661,0.00018424297638101298,0.0030366145647442748,4.3399950751760626e-06,0.9962583744532805
2024-03-28,4,Risk-Off,0.002944783128975581,0.0007572176217617925,0.01475688809623699,1.5024207654774832e-05,0.9815260869447294
2024-04-01,4,Risk-Off,0.013674572835540678,0.0038030252534388058,0.024322772419666554,1.0773605982496867e-05,0.9581888558858961
2024-04-02,4,Risk-Off,0.02226654911276137,0.014684819562273252,0.026032370887071006,1.6997181199560968e-05,0.9369992632562016
2024-04-03,4,Risk-Off,0.02177802498624092,0.02349563014833766,0.0239445890233911,9.051696296975197e-06,0.9307727041465592
2024-04-04,4,Risk-Off,0.017725519328822503,0.02317376202119351,0.02284527836318835,6.019505742301502e-06,0.9362494207806741
2024-04-05,4,Risk-Off,0.01811757952478154,0.020568680917719614,0.02267145582811138,6.544677454450961e-06,0.9386357390510247
2024-04-08,4,Risk-Off,0.01956956024532772,0.020481398692305385,0.026951975828317334,7.671497158910575e-06,0.9329893937371299
2024-04-09,4,Risk-Off,0.020206738421934135,0.02159065339880354,0.02102009867991921,5.805534912081394e-06,0.9371767039636325
2024-04-10,4,Risk-Off,0.016841004957174274,0.0222499248679387,0.023145596160615862,6.964931404117178e-06,0.9377565090835716
2024-04-12,4,Risk-Off,0.017973950117543127,0.019183026181483195,0.023322128661435633,6.051839388821609e-06,0.9395148432001451
2024-04-15,4,Risk-Off,0.01961509241237175,0.01984122082210718,0.02238383287311658,1.499841680443108e-05,0.9381448554757061
2024-04-16,4,Risk-Off,0.02285016024180515,0.022447168894826668,0.04381342700526718,2.9065534704672196e-05,0.9108601783235245
2024-04-18,4,Risk-Off,0.04314057299740785,0.027132900425072035,0.06675164797406166,5.516676770472957e-05,0.8629197118348763
2024-04-19,4,Risk-Off,0.0750307232523117,0.0476167534012502,0.2654234620084532,9.654713016078773e-05,0.6118325142086075
2024-04-22,4,Risk-Off,0.2616970315481788,0.0970868770690198,0.34064231449318233,9.744994353197596e-05,0.3004763269466286
2024-04-23,2,Transitional,0.3409323145958535,0.26981678306286483,0.3127843083632543,0.0001458878621483873,0.07632070611662783
2024-04-24,0,Risk-On,0.3360080120656604,0.3634938439534533,0.26990118487008286,1.3613084645501412e-05,0.030583346026855238
2024-04-25,1,Late-Cycle,0.2911734568093658,0.3882507571775881,0.29499564586603033,3.4213585880453917e-06,0.025576718788940148
2024-04-26,2,Transitional,0.31048855009886983,0.3302384672066761,0.3274187716096683,1.1223687641549573e-06,0.03185308871566135
2024-04-29,0,Risk-On,0.349009787740662,0.3483961348759863,0.2630662641651721,9.736132171441375e-07,0.03952683960444652
2024-04-30,1,Late-Cycle,0.23792120342706474,0.40888481470377014,0.26064285567196155,5.591093668397408e-07,0.09255056708846612
2024-05-02,2,Transitional,0.11212692398336244,0.26488634416980045,0.3155200656351104,6.148488040555313e-07,0.30746605136350735
2024-05-03,4,Risk-Off,0.038559865336560424,0.11623629007695828,0.1396923713488553,9.263092786199571e-07,0.7055105469277142
2024-05-06,4,Risk-Off,0.008646501290995921,0.03727739872279691,0.06183819672160156,2.0150273400466586e-06,0.8922358882375537
2024-05-07,4,Risk-Off,0.001291550704977052,0.007213945570623289,0.012932831166011419,3.252964764222987e-06,0.9785584195929797
2024-05-08,4,Risk-Off,0.00010887871031796239,0.0009281696171859153,0.0024066325509508896,1.9829930589498957e-06,0.9965543361293042
2024-05-09,4,Risk-Off,5.448532285927508e-06,4.398853431849903e-05,0.00021073572888827914,1.4513700798909916e-06,0.9997383758343974
2024-05-10,4,Risk-Off,6.897333573793929e-07,1.9807405940111233e-06,7.9751036109859e-05,1.5282824333007481e-06,0.999916050207192
2024-05-13,4,Risk-Off,4.109645549916402e-06,8.868169541125883e-07,0.0001402942740888031,1.986752472469844e-06,0.9998527225104561
2024-05-14,4,Risk-Off,9.986574150935384e-05,1.2298819402012384e-05,0.00150135841822419,5.836647570358278e-06,0.9983806403733904
2024-05-15,4,Risk-Off,0.00228141568619847,0.0002821609623685536,0.02750803825527329,5.6856874601024855e-05,0.9698715282214885
2024-05-16,4,Risk-Off,0.036308306475349134,0.005234874981456538,0.283810185241772,0.00010099011711786087,0.6745456431850106
2024-05-17,2,Transitional,0.271087946548851,0.05727228822440687,0.2840893425879339,0.00015720444927839902,0.38739321818984623
2024-05-21,0,Risk-On,0.29035532853788143,0.2657347540218212,0.29623279840659267,7.267834628309307e-05,0.14760444068766376
2024-05-22,1,Late-Cycle,0.3099644844873668,0.3244833097974132,0.2921090273745965,2.5924027720883343e-05,0.07341725431275838
2024-05-23,2,Transitional,0.3136322962584939,0.3414584931056088,0.3039812225164033,6.938790787676183e-06,0.040921049328079266
2024-05-24,0,Risk-On,0.3269111978817125,0.3544332014727786,0.2785904377512959,1.645479896694992e-06,0.0400635174135979
2024-05-27,1,Late-Cycle,0.2747291884241731,0.3770066830195893,0.27904849728677766,7.555745725988135e-07,0.06921487569419252
2024-05-28,2,Transitional,0.13838841425776538,0.3137875728084214,0.27251004441442733,4.2753436974115847e-07,0.27531354098429917
2024-05-29,4,Risk-Off,0.049096797357701186,0.14453321047142476,0.2107505858661589,2.6369167196064217e-06,0.5956167693871278
2024-05-30,4,Risk-Off,0.015630353208445004,0.048297297824387485,0.058518410536762995,5.8639073852245315e-05,0.8774952993572784
2024-05-31,4,Risk-Off,0.0026841738733330797,0.0149966994150747,0.02704954991006027,0.0036344221250758225,0.9516351546769858
2024-06-03,4,Risk-Off,0.000148563521384602,0.0017897965278052352,0.004775242162386513,0.12078756373164239,0.8724988340567594
2024-06-04,3,Post-Shock,6.677613942435613e-10,5.39921640685228e-09,3.691583542746753e-08,0.9340209430280504,0.06597901398996614
2024-06-05,3,Post-Shock,2.099817194879726e-14,7.527998666145299e-14,8.069527460490627e-12,0.9998797981914045,0.00012020179991489033
2024-06-06,3,Post-Shock,9.521584667229894e-19,2.377691290287006e-17,4.358993970326558e-14,0.9999998607909316,1.3920972728777786e-07
2024-06-07,3,Post-Shock,6.280403326386511e-21,1.7365981047295677e-18,3.4164430290944518e-15,0.9999999977917469,2.2090367861651233e-09
2024-06-10,3,Post-Shock,3.939154687722585e-21,3.57277076381295e-18,6.404905618614124e-15,0.9999999992724042,7.281436277143533e-10
2024-06-11,3,Post-Shock,8.392188490315108e-21,4.852081259882956e-18,8.516913012324084e-15,0.9999999992778612,7.215891115142276e-10
2024-06-12,3,Post-Shock,4.903137703518697e-20,3.375539147910054e-17,6.085984673098096e-14,0.9999999987303454,1.2689417172256854e-09
2024-06-13,3,Post-Shock,7.696814865600935e-20,1.7033680722894202e-17,3.0920202089117816e-14,0.9999999976389518,2.3616513994621924e-09
2024-06-14,3,Post-Shock,9.966299381634981e-20,2.5290533160306114e-17,4.55253843322533e-14,0.999999998623025,1.376106086166179e-09
2024-06-18,3,Post-Shock,1.529288800953354e-19,6.472440052879026e-17,1.1622565720822815e-13,0.9999999963747541,3.6243535288796964e-09
2024-06-19,3,Post-Shock,3.929742027057575e-20,9.499170605991098e-18,1.6940759615691936e-14,0.9999999951687641,4.831749872597034e-09
2024-06-20,3,Post-Shock,3.950687226525546e-19,1.466391325705159e-16,2.5102336962947727e-13,0.9999999988540367,1.1450883538991424e-09
2024-06-21,3,Post-Shock,2.3605079365059884e-18,3.537746471527386e-16,6.289567222332757e-13,0.9999999939082045,6.090494356832145e-09
2024-06-24,3,Post-Shock,6.661365578476813e-19,3.5686469580300773e-16,6.209931712302973e-13,0.9999999386582222,6.134068306193135e-08
2024-06-25,3,Post-Shock,5.886722135040627e-20,1.553292651382859e-17,2.6856204922127577e-14,0.999999972756996,2.7243006597007462e-08
2024-06-26,3,Post-Shock,1.0373922245243084e-19,2.71754585327697e-17,4.3383315804352016e-14,0.9999999988140189,1.1859332819670167e-09
2024-06-27,3,Post-Shock,1.2928477865301723e-18,1.1725267044072724e-16,1.8919038262203494e-13,0.9999999993742676,6.254097245795818e-10
2024-06-28,3,Post-Shock,1.7308639341503615e-18,2.802129752631461e-17,2.1189569511341735e-14,0.9999999969277269,3.0718369306729906e-09
2024-07-01,3,Post-Shock,8.71967547944841e-15,1.7901473741374665e-13,5.861932219856673e-11,0.9999999996398401,3.0096181933940416e-10
2024-07-02,3,Post-Shock,5.559427063678955e-11,9.880152865748146e-10,3.7745026577668934e-07,0.9999996208244547,6.813070621091889e-10
2024-07-03,3,Post-Shock,3.915668266224769e-07,1.2369420338688979e-05,0.0054916561207580235,0.9944906280891158,4.954802629624406e-06
2024-07-04,3,Post-Shock,0.005077867717523978,0.0030595311331546877,0.5826272229113634,0.4092352404305958,1.3780775897840226e-07
2024-07-05,2,Transitional,0.533287105691885,0.056049797798959224,0.38979318222918174,0.020868415687285317,1.4985934450159121e-06
2024-07-08,0,Risk-On,0.39575870102271227,0.49104526810835,0.11215871186678153,0.0010350966976506559,2.2223053578862143e-06
2024-07-09,1,Late-Cycle,0.17321888428677792,0.43598702445758813,0.3907053949492517,8.65916343955113e-05,2.1046721721403476e-06
2024-07-10,2,Transitional,0.4033757298571036,0.26186665374545215,0.3347230799772598,1.2350600374983763e-05,2.2185819991418602e-05
2024-07-11,0,Risk-On,0.35517752963904986,0.41239086552106413,0.23242324911219747,7.852856836279161e-07,7.570442569952297e-06
2024-07-12,1,Late-Cycle,0.2734847706614126,0.3977945891742376,0.32872033791074706,3.714399265752002e-08,2.6510940927836626e-07
2024-07-15,2,Transitional,0.35437680529523374,0.33505877209766466,0.3105638243268687,1.8170030415354585e-09,5.964629720995721e-07
2024-07-16,0,Risk-On,0.3358406968811179,0.38830105027241474,0.27585739705406886,2.850711490854174e-10,8.555073283835024e-07
2024-07-18,1,Late-Cycle,0.3101153810997965,0.37746407165794865,0.31241951097550147,2.978886510008048e-10,1.0359686380188838e-06
2024-07-19,2,Transitional,0.3389601414661012,0.361668976552678,0.2993681963488367,1.95295813370991e-10,2.6854367602598037e-06
2024-07-22,0,Risk-On,0.3269137849770736,0.3797516993775512,0.2933310695218213,4.6117412602649944e-10,3.4456620277677154e-06
2024-07-23,1,Late-Cycle,0.3242058051876344,0.3724355062098669,0.3033583909065747,5.463627036243978e-10,2.971502510060005e-07
2024-07-24,2,Transitional,0.3350141038155477,0.37453457554864505,0.290448092902221,6.509956184639917e-11,3.227668041913182e-06
2024-07-25,0,Risk-On,0.3130650023129387,0.38809361253821756,0.2988411171063828,6.080546424487863e-10,2.6743446733204926e-07
2024-07-26,1,Late-Cycle,0.33593396864520947,0.3501396620386003,0.3139143423269423,4.4316208829731234e-11,1.2026945650631389e-05
2024-07-29,2,Transitional,0.33670201781766723,0.398832964656933,0.2644647082580154,1.7748048823331294e-09,3.074919064478262e-07
2024-07-30,0,Risk-On,0.29232107942056706,0.37744584291434674,0.3302315160399554,5.820017672563814e-11,1.5615660850997605e-06
2024-07-31,1,Late-Cycle,0.3683514434525512,0.33449470550137167,0.2971535981537132,1.60674485369048e-10,2.527321370350076e-07
2024-08-01,2,Transitional,0.32195069318239694,0.43820795922280537,0.23983579352337514,5.5588756026496816e-11,5.554016307806901e-06
2024-08-02,0,Risk-On,0.2546390921699867,0.36591847654631826,0.37423779340910057,4.294148899193269e-10,0.005204637445643611
2024-08-05,1,Late-Cycle,0.24173718959741727,0.2893695787653602,0.24364037119988458,2.9967805272861885e-08,0.2252528304693136
2024-08-06,2,Transitional,0.23325389813917397,0.2738265044656576,0.2490521454089002,7.531348332258059e-06,0.24385992063766837
2024-08-07,0,Risk-On,0.26599646432213087,0.24685767149733404,0.25969122108914433,1.4666016355735854e-05,0.2274399770759339
2024-08-08,1,Late-Cycle,0.26230457620686826,0.3104138806594147,0.18747343080536052,2.183313456165678e-05,0.2397862791931243
2024-08-09,2,Transitional,0.14577329212011736,0.3006549249861587,0.261772083408971,1.1722095355598945e-05,0.2917879773899171
2024-08-12,4,Risk-Off,0.07263227067244593,0.1464859343761953,0.21597557515667637,2.4180094534578906e-06,0.5649038017859509
2024-08-13,4,Risk-Off,0.06335682278617925,0.0758786705153468,0.07330702774347142,3.7100162641657306e-06,0.7874537689393515
2024-08-14,4,Risk-Off,0.07037488070788966,0.07032269399737809,0.07847471289359752,4.2876779754660154e-05,0.7807848356212929
2024-08-16,4,Risk-Off,0.08786605526888637,0.07952705439713915,0.2701332861072708,0.0002867046056511266,0.5621868996204138
2024-08-19,4,Risk-Off,0.24940733621137542,0.10896988463343488,0.09857983239136416,9.153954203485727e-05,0.5429514072225609
2024-08-20,4,Risk-Off,0.1115659855047112,0.23790155125585807,0.14701372601283788,6.483272343231564e-05,0.5034539045023174
2024-08-21,4,Risk-Off,0.16427560200113805,0.14566102284114657,0.3635891478263337,0.00010956941066574732,0.3263646579205369
2024-08-22,2,Transitional,0.36560089695568276,0.19203928561310019,0.37292714490707635,0.0001047467064724656,0.06932792581727876
2024-08-23,0,Risk-On,0.3788830393730187,0.3803610385993307,0.23924936979332742,2.7725877864216795e-05,0.0014788263561636803
2024-08-26,1,Late-Cycle,0.2726513016863463,0.4024083650960355,0.3244400340578271,1.6429545165208238e-06,0.0004986562061201521
2024-08-27,2,Transitional,0.3475732892391826,0.32594208512633027,0.32605893696059,2.0111714995377223e-07,0.0004254875562083523
2024-08-28,0,Risk-On,0.34396176873858303,0.38488329699789786,0.2711266965980632,1.3572852515944883e-07,2.810193702215717e-05
2024-08-29,1,Late-Cycle,0.30177396143671364,0.3797534090783459,0.31843104385287385,1.171025589527233e-08,4.157392211088664e-05
2024-08-30,2,Transitional,0.3422428924035658,0.35416346492190115,0.30353693899807455,1.187906380109447e-08,5.669179799000287e-05
2024-09-02,0,Risk-On,0.32355342422360167,0.38228138544547396,0.2939999043574693,1.5348445519686248e-08,0.00016527062578478808
2024-09-03,1,Late-Cycle,0.3205561707247857,0.3579937995963897,0.32142324798682337,2.3752771302027048e-08,2.6757939833306413e-05
2024-09-04,2,Transitional,0.35239663539701277,0.36376083907151885,0.283842322451274,3.184682493282023e-09,1.9989537321022432e-07
2024-09-05,0,Risk-On,0.31395373656236236,0.4060407496411533,0.2800053247213403,8.407803056829737e-11,1.8899150492509294e-07
2024-09-06,1,Late-Cycle,0.3082065797984558,0.3631741600258181,0.3282636107766774,4.950979232705727e-11,0.00035564935015091156
2024-09-09,2,Transitional,0.3511175898977312,0.3563908913617058,0.2923210008693239,8.999428357385036e-08,0.00017042787674394463
2024-09-10,0,Risk-On,0.31782318699631057,0.3919201674924207,0.2900110387355108,4.8124549141406004e-08,0.00024555865108915915
2024-09-11,1,Late-Cycle,0.3162836835067512,0.36482919390225205,0.3185694250712916,6.430593527253601e-08,0.0003176332139883388
2024-09-12,2,Transitional,0.3434829261266498,0.3617546337608722,0.29474363636555573,6.591934245377566e-08,1.8737827957084183e-05
2024-09-13,0,Risk-On,0.32236784053886697,0.3825327498987283,0.2950778100097298,7.52664779601436e-09,2.1592025545156667e-05
2024-09-16,1,Late-Cycle,0.3234182762193138,0.36826252668590975,0.3082680506431669,1.692193043038969e-08,5.112952926506162e-05
2024-09-17,2,Transitional,0.3349384009065603,0.3773676680149667,0.2876640798484829,8.848683768924062e-09,2.9842381019987845e-05
2024-09-18,0,Risk-On,0.3097775764115115,0.37920946428535496,0.31082926665899485,6.836904453339818e-09,0.00018368580687253
2024-09-19,1,Late-Cycle,0.3414700921041489,0.34621849607807476,0.3121477615032826,3.417631858793848e-08,0.00016361613748922793
2024-09-20,2,Transitional,0.3366672258337513,0.3970767454625343,0.2662559147314747,2.0536261861685724e-08,9.343619622040812e-08
2024-09-23,0,Risk-On,0.29818769071351875,0.3809653886479361,0.3208127607704454,9.520431601675806e-10,3.415891587785125e-05
2024-09-24,1,Late-Cycle,0.34621173501204183,0.3504767668069293,0.30329618676129183,4.149395392998979e-09,1.5307269435368616e-05
2024-09-25,2,Transitional,0.32921155397762875,0.38620680065454377,0.28453272443841715,2.9889262070011227e-09,4.891794068259078e-05
2024-09-26,0,Risk-On,0.3118782444882969,0.37461127695208696,0.3135089857279161,5.2691726111288105e-09,1.4875625323746242e-06
2024-09-27,1,Late-Cycle,0.3471898507550407,0.3535839417577718,0.29429093844382853,3.943935935870273e-10,0.004935268648981416
2024-09-30,2,Transitional,0.19712994556668442,0.42118423790058535,0.23708346998126947,4.8944834231421914e-08,0.14460229760752366
2024-10-01,4,Risk-Off,0.03751495384332458,0.20370159669978163,0.3385289755734472,8.453326601067796e-07,0.42025362855012277
2024-10-03,4,Risk-Off,0.0038885503662290932,0.027226022633765782,0.05832428099475353,9.374427073174416e-07,0.9105602085629266
2024-10-04,4,Risk-Off,0.00034504118388775857,0.002259000606866384,0.005610395487562688,1.4712427698321553e-06,0.9917840914794196
2024-10-07,4,Risk-Off,5.5897436207338815e-05,0.0001859825327301904,0.00039610676249178403,2.1208674243942476e-06,0.9993598924010032
2024-10-08,4,Risk-Off,2.5207466790011373e-05,5.160226234618005e-05,0.0007186181987571752,2.9169092258719034e-06,0.9992016551622603
2024-10-09,4,Risk-Off,5.187479158266333e-05,3.079189866617385e-05,0.0004624022703118748,3.044359911493387e-06,0.9994518866792832
2024-10-10,4,Risk-Off,5.149995368370312e-05,5.654883812054959e-05,0.0011978582910337255,4.012819398508892e-06,0.9986900800969855
2024-10-11,4,Risk-Off,3.379499699822825e-05,5.338938451640108e-05,0.0008043162420256941,2.572520737825779e-06,0.9991059268565107
2024-10-14,4,Risk-Off,5.992784180021415e-06,2.043685748508549e-05,0.00024499761894953464,1.4246465675229934e-06,0.9997271480931494
2024-10-15,4,Risk-Off,1.4767791577993487e-06,3.7060886396836313e-06,0.000176729100068449,2.0985405322838174e-06,0.9998159894921106
2024-10-16,4,Risk-Off,6.919944133635822e-07,1.1501870153680524e-06,0.00015198554120188554,3.5222163711424143e-06,0.9998426500613586
2024-10-17,4,Risk-Off,3.06816239538045e-07,3.4780812387913053e-07,6.256175094911568e-05,1.3220670624914305e-06,0.9999354615574223
2024-10-18,4,Risk-Off,4.249837987759245e-07,3.242991137013634e-07,0.00010890369858050084,1.3098668143625018e-06,0.9998890371512141
2024-10-21,4,Risk-Off,4.923497994549387e-07,6.238228439184347e-07,0.00019761641399604137,2.367495481578533e-06,0.9997988999182685
2024-10-22,4,Risk-Off,3.77468961008627e-08,5.873556916655919e-08,1.2250863167022873e-05,3.93972545762501e-06,0.9999837129288013
2024-10-23,4,Risk-Off,1.2040355459894085e-08,1.067594440830017e-08,1.133264184683086e-05,6.7598615854429645e-06,0.999981884779491
2024-10-24,4,Risk-Off,1.8626880695656768e-08,1.6766694659282538e-08,1.8906031100815928e-05,5.054807632444818e-05,0.9999305104982148
2024-10-25,4,Risk-Off,6.41128139818937e-09,5.618002730001203e-09,6.5898185004167256e-06,2.321010377161824e-05,0.9999701880484341
2024-10-28,4,Risk-Off,5.128547142696782e-09,4.3039256666993715e-09,6.038077773194412e-06,4.8346468640849666e-05,0.9999456060219237
2024-10-29,4,Risk-Off,5.2590915620091375e-09,4.107592642303383e-09,5.707977727130935e-06,1.3320052713263489e-05,0.9999809626035552
2024-10-30,4,Risk-Off,1.5844261539758845e-08,1.2676973881509992e-08,1.6673035292843386e-05,5.5826358297085464e-06,0.9999777158072944
2024-10-31,4,Risk-Off,9.800209991837566e-09,7.3324460523754e-09,7.939398766994173e-06,6.3046744041399e-06,0.9999857387936677
2024-11-01,4,Risk-Off,5.535918163164051e-08,4.1056700395788286e-08,4.24138387104984e-05,3.296528651965942e-06,0.9999541932170966
2024-11-04,4,Risk-Off,9.045035923529961e-08,6.310485023089088e-08,3.8025504587465624e-05,2.577941953405818e-06,0.9999592429987774
2024-11-05,4,Risk-Off,2.552232908211153e-07,1.8252452872071186e-07,9.877435444026785e-05,2.1516078186996654e-06,0.9998986362906214
2024-11-06,4,Risk-Off,3.2924641238680916e-07,3.4744606406766895e-07,0.00011130520502042516,1.9628184668183587e-06,0.9998860552843697
2024-11-07,4,Risk-Off,1.4662815449476098e-07,1.774016908188906e-07,4.977930795715784e-05,1.7837016706890402e-06,0.9999481129599549
2024-11-08,4,Risk-Off,1.0639812662376796e-07,9.674663681635929e-08,4.5919469691627584e-05,1.6623135443628991e-06,0.999952215071382
2024-11-11,4,Risk-Off,1.386680087395806e-07,1.4390963988127598e-07,8.27879039558031e-05,1.9406082806082765e-06,0.9999149889092656
2024-11-12,4,Risk-Off,3.1988859516317814e-08,3.816726476045634e-08,1.738373494116791e-05,2.951893363718095e-06,0.9999795942157281
2024-11-13,4,Risk-Off,9.468578458226979e-09,8.09109837818536e-09,8.277260866641643e-06,5.290051830457491e-06,0.9999864151281669
2024-11-14,4,Risk-Off,2.8024053658802666e-08,2.2381933223128714e-08,2.782679371164904e-05,7.564399393057928e-06,0.9999645584017056
2024-11-18,4,Risk-Off,1.602312861310124e-08,1.4571441071260675e-08,1.296404899141246e-05,3.476165558311045e-06,0.9999835291902341
2024-11-19,4,Risk-Off,1.4183213039408053e-08,1.1714069168409005e-08,1.2948162771845163e-05,3.582292810992497e-06,0.9999834436463941
2024-11-21,4,Risk-Off,2.550639318221686e-08,1.6623659652795886e-08,1.803580828497075e-05,5.408719116192077e-06,0.9999765133427561
2024-11-22,4,Risk-Off,1.7616821538785067e-07,8.618324000155793e-08,6.721990020459767e-05,1.4520410662378241e-06,0.9999310657081194
2024-11-25,4,Risk-Off,8.283466258049206e-07,4.2948882416190954e-07,0.00017478978780430975,1.8273773593247757e-06,0.9998221249989645
2024-11-26,4,Risk-Off,2.31048604325094e-06,1.3155838894467267e-06,0.00018865761188152964,4.923286041237654e-06,0.9998027930315752
2024-11-27,4,Risk-Off,2.3541119411747497e-06,2.9744989905182245e-06,0.00044358479367925157,2.695581153829434e-06,0.9995483910141397
2024-11-28,4,Risk-Off,1.849537414563378e-06,1.220519091401955e-06,7.589066529495498e-05,2.451245704585177e-06,0.9999185880332597
2024-11-29,4,Risk-Off,1.1005666911527732e-05,2.2998154411366827e-06,0.00026395078067757103,2.6526762658508986e-06,0.999720091061013
2024-12-02,4,Risk-Off,0.00027345951741779897,3.3661431479310026e-05,0.003954773724062805,9.142715710183276e-06,0.9957289626112257
2024-12-03,4,Risk-Off,0.003400368363352286,0.0005642256311684703,0.011266639019482855,2.350574123403169e-05,0.9847452612450143
2024-12-04,4,Risk-Off,0.011282376524454235,0.003928447610748481,0.03675010918477981,4.367070495428433e-05,0.9479953959749905
2024-12-05,4,Risk-Off,0.03819655774427564,0.01367970790130424,0.11817000851897416,7.747345060900681e-05,0.8298762523849514
2024-12-06,4,Risk-Off,0.10928313769277255,0.04414612977407518,0.06136563689574774,3.360612783268157e-05,0.785171489510348
2024-12-09,4,Risk-Off,0.06488550302222312,0.1049009004761697,0.07727994910649888,4.129062610196301e-05,0.7528923567694003
2024-12-10,4,Risk-Off,0.08593898808415601,0.08049359310036751,0.22419158018786717,0.0001184616124646392,0.6092573770157821
2024-12-11,4,Risk-Off,0.22458984556445527,0.10290906072841155,0.2501582896029529,0.0001301223395312045,0.4222126817642481
2024-12-12,4,Risk-Off,0.25544508555316003,0.23638529306922687,0.24385276719734095,0.0002096137183646028,0.2641072404613033
2024-12-13,2,Transitional,0.2552421328533569,0.28265952538112454,0.4243673795851386,0.0001612643158171606,0.03756969786540295
2024-12-16,0,Risk-On,0.44377125341183205,0.2750936349921454,0.27720944161899497,6.842672570694361e-06,0.003918827305161081
2024-12-17,1,Late-Cycle,0.30478434337714094,0.48324207839094613,0.20282916076513322,7.134803363228421e-07,0.009143703986864192
2024-12-18,2,Transitional,0.17427349649462504,0.3688724106894327,0.4003074750139233,3.1086739389974105e-07,0.056546306934692356
2024-12-19,4,Risk-Off,0.0541407262192438,0.1809311339802754,0.24140668051311492,3.9984742045868934e-07,0.5235210594404018
2024-12-20,4,Risk-Off,0.007117910104201641,0.04591002312376735,0.08616168737067974,3.2550460976481593e-06,0.8608071243550129
2024-12-23,4,Risk-Off,0.0005872913599201996,0.004704118896920351,0.011242134019025879,2.554653396593013e-06,0.9834639010703283
2024-12-24,4,Risk-Off,3.9410913205033454e-05,0.0002623215863329152,0.0006712114309905889,3.088866045641974e-06,0.9990239672028274
2024-12-26,4,Risk-Off,4.627740153276421e-06,2.3146625058450977e-05,0.00020745553869385753,5.2935419184685626e-06,0.9997594765548586
2024-12-27,4,Risk-Off,2.176577534249036e-06,3.7611747751248024e-06,0.00024167945118675234,1.8686383223544107e-06,0.9997505141584455
2024-12-30,4,Risk-Off,1.631215630303708e-06,2.115310941806697e-06,0.00021001831779438344,1.828494013218644e-06,0.9997844066607211
2024-12-31,4,Risk-Off,8.323284245911238e-07,1.1351794720739665e-06,0.00012762584801507241,1.5254954330704245e-06,0.999868881148643
2025-01-01,4,Risk-Off,6.792985065154762e-07,6.458433914259956e-07,0.00010709742884435683,2.3306937324345157e-06,0.9998892467355833
2025-01-02,4,Risk-Off,9.62736752942184e-07,8.838692510680158e-07,0.00020412218678911485,1.4058593798863186e-06,0.9997926253482577
2025-01-03,4,Risk-Off,7.205130181131985e-07,9.255521001694536e-07,0.0001463632242785882,1.396888173671812e-06,0.9998505938228708
2025-01-06,4,Risk-Off,1.9557997955655868e-07,3.1950570783428e-07,6.883954289498283e-05,4.4151559649692255e-06,0.9999262302152674
2025-01-07,4,Risk-Off,4.359917347499719e-08,5.124000544580729e-08,2.1672511371575088e-05,2.2848769762231655e-06,0.9999759477723675
2025-01-08,4,Risk-Off,4.894461732235424e-08,4.200376119650431e-08,3.5606407432474475e-05,1.7449108029789556e-06,0.9999625577336108
2025-01-09,4,Risk-Off,4.6261311018278385e-08,4.023418026310407e-08,3.022175076864464e-05,2.519050358812161e-06,0.9999671727040977
2025-01-10,4,Risk-Off,4.512693966918159e-08,4.1897717581134034e-08,3.503373989306625e-05,4.4726093024042925e-06,0.9999604066268506
2025-01-13,4,Risk-Off,1.6746412854926142e-08,1.5798576549189695e-08,1.3941484985173094e-05,7.320506679170474e-06,0.9999787054633037
2025-01-14,4,Risk-Off,7.96082616776214e-09,6.660772206313109e-09,8.315626596877856e-06,7.934090678288685e-06,0.9999837356603418
2025-01-15,4,Risk-Off,8.244242878647354e-09,5.869074257136266e-09,7.653534660362202e-06,4.747485214637191e-06,0.9999875848668467
2025-01-16,4,Risk-Off,4.168326453989141e-08,3.1658859527108197e-08,3.715821968177385e-05,2.456043910655818e-06,0.9999603123942021
2025-01-17,4,Risk-Off,3.900070725724679e-08,2.9094151690019364e-08,2.0665818523769525e-05,1.8442774100053141e-06,0.9999774218088131
2025-01-20,4,Risk-Off,1.413080967656156e-07,8.984893870624483e-08,6.93672475197411e-05,1.333359256309374e-06,0.9999290682354746
2025-01-21,4,Risk-Off,3.7007617274418586e-07,2.4069117333751276e-07,9.014511899196455e-05,4.332517680571097e-06,0.999904911596877
2025-01-22,4,Risk-Off,6.172890949502247e-07,5.820746949275417e-07,0.0001945610536194164,2.354019019050613e-06,0.9998018855643727
2025-01-23,4,Risk-Off,3.5872464228141243e-07,4.4852174778583104e-07,8.09539487430763e-05,1.2813013245650055e-06,0.9999169575033711
2025-01-24,4,Risk-Off,1.2503064943002801e-07,1.6715243984542035e-07,5.353223961091328e-05,1.3279767875172741e-06,0.9999448476012746
2025-01-27,4,Risk-Off,7.024066390634372e-08,6.748360437039471e-08,3.6379943385140465e-05,2.2133606191474755e-06,0.9999612689723161
2025-01-28,4,Risk-Off,9.395154760194603e-08,7.326737932483033e-08,4.6476257022734835e-05,1.363713320766916e-06,0.9999519928106178
2025-01-29,4,Risk-Off,1.6664218856528365e-07,1.3253030352525172e-07,7.204459080611157e-05,1.5202489398645083e-06,0.9999261359876583
2025-01-30,4,Risk-Off,2.1292019245537384e-07,1.8562990047282209e-07,7.908168688525948e-05,1.3184770908042587e-06,0.9999192012867177
2025-01-31,4,Risk-Off,5.129640178231174e-07,2.0696491515799114e-07,5.3203692655412355e-05,2.2123745336922182e-06,0.9999438640047472
2025-02-01,4,Risk-Off,4.0508309883012435e-06,1.4932498998812597e-06,0.0005084046529644233,3.974600538722075e-06,0.9994820766659864
2025-02-03,4,Risk-Off,1.8433668988845313e-05,7.97187127999587e-06,0.0004153837200448258,1.928646763299151e-06,0.9995562820922916
2025-02-04,4,Risk-Off,2.3036877972984934e-05,1.8994376256229618e-05,0.0005475560502622717,3.4039894558226396e-06,0.9994070087067142
2025-02-05,4,Risk-Off,4.220255539218764e-05,2.6021941466355088e-05,0.000598526349221229,2.4899955196950327e-06,0.9993307591579309
2025-02-06,4,Risk-Off,0.0001784294114312564,4.574135642653327e-05,0.0010744206061085678,2.522472004626835e-06,0.9986988861548235
2025-02-07,4,Risk-Off,0.0004742662967618202,0.0002484716560708452,0.0011227819461826214,5.802189964609935e-06,0.9981486779108931
2025-02-10,4,Risk-Off,0.00032012377215639965,0.0005355102387280078,0.00825617209677237,9.64069400193652e-06,0.9908785531986941
2025-02-11,4,Risk-Off,0.00010116867216505344,0.00023731556324069997,0.0004878014395538006,1.9980519507216064e-06,0.9991717162725151
2025-02-12,4,Risk-Off,7.3276921775393915e-06,6.074799972518761e-05,0.0003108247318125307,1.937146787266123e-06,0.999619162429848
2025-02-13,4,Risk-Off,5.16266176324124e-06,7.694475096965878e-06,0.0003174718787827479,1.6996172197358714e-06,0.999667971367813
2025-02-14,4,Risk-Off,7.208238973183243e-06,5.049068869673253e-06,0.0003140466332596041,6.857716453943049e-06,0.9996668383415751
2025-02-17,4,Risk-Off,2.0764321466113938e-05,9.123001399681598e-06,0.0001779310376017577,1.8945740674857421e-06,0.9997902870649114
2025-02-18,4,Risk-Off,3.704346754896051e-05,3.137869768011364e-05,0.0034621955370705473,7.4960305577895386e-06,0.9964618862669042
2025-02-19,4,Risk-Off,4.885014873291069e-05,4.229184243800185e-05,0.00029130750486346216,1.7972587460808855e-06,0.9996157532457874
2025-02-20,4,Risk-Off,5.0916475612514575e-06,3.159318455186782e-05,0.00040564051122705117,1.9175795529864664e-06,0.9995557570777491
2025-02-21,4,Risk-Off,3.4556995883468333e-06,4.657828918105908e-06,0.00020527272362260438,2.0424246965095694e-06,0.9997845713238033
2025-02-24,4,Risk-Off,2.2623529623778262e-06,2.930411107179445e-06,0.0002256913831266092,1.6766936839394561e-06,0.9997674391596806
2025-02-25,4,Risk-Off,1.5301365940586602e-06,2.258629753668411e-06,0.0002536739318900571,1.857908440910844e-06,0.9997406793935798
2025-02-27,4,Risk-Off,4.128265595817233e-07,7.948175408855562e-07,8.479899334117663e-05,3.4190227850951745e-06,0.9999105743396568
2025-02-28,4,Risk-Off,6.30850404126285e-08,1.1022218200990191e-07,3.2965796510692655e-05,2.0358145949379868e-05,0.9999465027498745
2025-03-03,4,Risk-Off,1.2393219076869131e-08,1.2864077908502608e-08,1.0024590928845047e-05,9.295233087211043e-06,0.9999806549183077
2025-03-04,4,Risk-Off,1.2089895862059678e-08,9.487594767698462e-09,1.089899992653846e-05,1.3056840383125573e-05,0.999976022581967
2025-03-05,4,Risk-Off,3.564215526852754e-08,3.022342012269342e-08,3.11277407818565e-05,9.51373880610956e-06,0.9999592926551654
2025-03-06,4,Risk-Off,2.3905596897853038e-08,2.2201930582820703e-08,1.7622470891344992e-05,6.2435990391216825e-06,0.9999760878220978
2025-03-07,4,Risk-Off,2.446205886627735e-08,2.1240213314339845e-08,1.9915811965005734e-05,5.654873031212104e-06,0.9999743836131124
2025-03-10,4,Risk-Off,3.093162043178776e-08,2.451784463932372e-08,2.1996446946212585e-05,7.372299704852261e-06,0.9999705758036532
2025-03-11,4,Risk-Off,3.3810924070603785e-07,5.899544696129411e-08,2.8948789730055254e-05,3.890503230839497e-06,0.9999667636032479
2025-03-12,4,Risk-Off,2.5380974996907904e-05,2.747506957977023e-06,0.0009830871240189788,1.8001322170797838e-05,0.9989707830712531
2025-03-13,4,Risk-Off,0.0006149731950739468,7.931269288001965e-05,0.0029405738766945817,1.940945343988431e-05,0.9963457307812436
2025-03-17,4,Risk-Off,0.005070741032267828,0.0009821849938747244,0.06584462249745407,0.00011683269207950011,0.927985618784687
2025-03-18,4,Risk-Off,0.06476767212517315,0.010719979935175945,0.14808018614309126,9.778902367885711e-05,0.7763343727723004
2025-03-19,2,Transitional,0.155501879327057,0.06977752255398692,0.3971541950828798,0.00013025675885911648,0.37743614627727984
2025-03-20,0,Risk-On,0.3839708762090318,0.1833213996556117,0.2832853357850568,6.010194809703725e-05,0.14936228640216062
2025-03-21,1,Late-Cycle,0.2953891891784883,0.3808011865842342,0.25244447393100883,2.5761032796516245e-05,0.07133938927287237
2025-03-24,2,Transitional,0.28921725263997516,0.3316514128721967,0.36757581100923914,1.2145848309231425e-05,0.011543377629882397
2025-03-25,0,Risk-On,0.3796472498601665,0.35069368698927844,0.26761412964285347,2.7631839528176073e-06,0.0020421703238884333
2025-03-26,1,Late-Cycle,0.2889502422936835,0.40020266833893997,0.3106364973734395,3.2021088166845537e-07,0.00021027178284231476
2025-03-27,2,Transitional,0.3522399655834255,0.3220777532735258,0.3256566319980439,3.3509363437684985e-08,2.561563519798051e-05
2025-03-28,0,Risk-On,0.3428573370606121,0.421968911205902,0.235072582339137,1.028989398595318e-08,0.00010115910384455363
2025-04-01,1,Late-Cycle,0.24976971920487495,0.3720547624064139,0.37784389897861204,1.7889950988739155e-08,0.00033160152027552156
2025-04-02,2,Transitional,0.42612440738843377,0.26105876409944945,0.3127498929892729,6.03542348157307e-08,6.687516871213714e-05
2025-04-03,0,Risk-On,0.32815720566884876,0.517604584982524,0.15215315171125943,3.161546821595083e-08,0.0020850260212295912
2025-04-04,1,Late-Cycle,0.09717874774498454,0.3657340799181857,0.4679512172413083,1.058413013982282e-07,0.06913584925377672
2025-04-07,4,Risk-Off,0.016612507105163342,0.08533655219042563,0.17958739724849543,6.466863074371058e-06,0.7184570765936268
2025-04-08,4,Risk-Off,0.001770864723515089,0.011192075283448833,0.028668932465868772,0.0005110221023751277,0.9578571054253654
2025-04-09,4,Risk-Off,0.00026230384349957355,0.0007894547248722594,0.001674627998164717,0.009496233404502683,0.9877773800282907
2025-04-11,4,Risk-Off,9.177931317481674e-05,0.00024528062289565347,0.0005309993336302662,0.19314981988476487,0.8059821208451398
2025-04-15,3,Post-Shock,3.271990757893206e-05,8.111786235252313e-05,0.0005542770322805663,0.8069027468562878,0.1924291383410125
2025-04-16,3,Post-Shock,2.717455901934809e-05,2.0647664385061073e-05,1.735930582658164e-05,0.9651442757399263,0.034790542731042914
2025-04-17,3,Post-Shock,1.6048726164740477e-05,2.696477912734873e-05,1.917081156981926e-05,0.9998450129378791,9.280274605023774e-05
2025-04-21,3,Post-Shock,2.0007129035613185e-05,1.7938037293444235e-05,2.5941578534850453e-05,0.9999350501195642,1.0631350731252424e-06
2025-04-22,3,Post-Shock,2.5296846417075087e-05,2.0638854499126325e-05,2.3422518638076056e-05,0.9999265596591105,4.08212185015788e-06
2025-04-23,3,Post-Shock,2.3989270496965586e-05,2.6569319387474837e-05,3.279004803372202e-05,0.9999154141329178,1.2372287158411294e-06
2025-04-24,3,Post-Shock,2.6917575429084864e-05,2.5603642315222483e-05,4.8777295788756414e-05,0.9998721196435648,2.6581842824601873e-05
2025-04-25,3,Post-Shock,3.294739457299463e-05,2.7838119194087597e-05,7.247086716969998e-05,0.9997370169547362,0.0001297266650551911
2025-04-28,3,Post-Shock,5.94360468634501e-05,3.640922585313176e-05,0.00014676207146721787,0.9995743792989488,0.0001830133567817732
2025-04-29,3,Post-Shock,0.00013302469507418222,6.683897015046804e-05,0.0003337761659638728,0.9993000936992427,0.00016626647004620366
2025-04-30,3,Post-Shock,0.00031474204298106724,0.00015000440833877956,0.0010101411210045525,0.9984019211667639,0.00012319126130684848
2025-05-02,3,Post-Shock,0.0009426439784731764,0.00036819387265650083,0.0012629363526720004,0.9972981165201137,0.00012810927569641275
2025-05-05,3,Post-Shock,0.001234443697503202,0.0009397108132389641,0.0018032018889661359,0.9959736184055402,4.9025194017991925e-05
2025-05-06,3,Post-Shock,0.0017989118010326639,0.0013191017991265306,0.004611596872348445,0.9922504422613933,1.9947265963954166e-05
2025-05-07,3,Post-Shock,0.004438863125661411,0.0020807897063737017,0.0047171722890371436,0.9887547177513822,8.457127251904505e-06
2025-05-08,3,Post-Shock,0.004742087189788068,0.004385596208742951,0.0034151344337463455,0.9873972599311905,5.992223681737044e-05
2025-05-09,3,Post-Shock,0.0036916573118537144,0.004924911222104374,0.00506344380143585,0.986280375103803,3.9612561207966464e-05
2025-05-12,3,Post-Shock,0.005297201748510473,0.004070873610870052,0.004849181503567145,0.9857827427811667,3.552291931665224e-10
2025-05-13,3,Post-Shock,0.005082791846189379,0.005470556984152557,0.029527163953018857,0.9599191271494134,3.6006771006498926e-07
2025-05-14,3,Post-Shock,0.027867942686022745,0.0076474848351743095,0.09799889987799187,0.8664856191967807,5.340473379896546e-08
2025-05-15,3,Post-Shock,0.09294385845533273,0.03241512786342879,0.28949364467696925,0.5851473335751474,3.542960219034652e-08
2025-05-16,2,Transitional,0.2744211785073079,0.10816089728755003,0.4920475103381253,0.1253692894287617,1.1244390801034292e-06
2025-05-19,0,Risk-On,0.4765996807979762,0.2881768540783757,0.2113118591774009,0.023909038457146734,2.5674886155232557e-06
2025-05-20,1,Late-Cycle,0.24712120960236542,0.4594773517643712,0.28756411507335744,0.005269001971067205,0.0005683215896519862
2025-05-21,2,Transitional,0.31173660339879905,0.3120902891605839,0.3747930096522203,0.0007264888844199869,0.0006536089048085292
2025-05-22,0,Risk-On,0.38483636512215313,0.3357393954005112,0.27655073769196453,0.0001790643367911118,0.002694437448394342
2025-05-23,1,Late-Cycle,0.3033529778485694,0.40326429478140713,0.29322476179705154,2.917787520077852e-05,0.0001287876974873607
2025-05-26,2,Transitional,0.3175381735542369,0.3451182604764256,0.33722790655853335,4.172639040712806e-06,0.00011148677212074803
2025-05-27,0,Risk-On,0.3559987600653442,0.3454647860694215,0.2982355771792598,7.277889504591255e-07,0.0003001488975330114
2025-05-28,1,Late-Cycle,0.3223381633835942,0.38029197456144587,0.2971193400464483,3.6977498608543914e-07,0.0002501522330142747
2025-05-29,2,Transitional,0.3192782132166546,0.35982145668615034,0.32083225046180447,2.7438751219995064e-07,6.780524800681432e-05
2025-05-30,0,Risk-On,0.3441917464847935,0.3482888135546013,0.30740054618911916,1.0253328132941652e-07,0.00011879123762921888
2025-06-02,1,Late-Cycle,0.3293997708231346,0.3796832059606911,0.2907540220577896,1.6813557976917262e-07,0.000162833022422864
2025-06-03,2,Transitional,0.30996494702763944,0.36270336682736887,0.32673447524899496,2.6974074490345506e-07,0.0005969411551765188
2025-06-04,0,Risk-On,0.34918783129130326,0.33673201411785164,0.31187896404235105,4.813464299672889e-07,0.0022007092024712697
2025-06-05,1,Late-Cycle,0.3284440601109252,0.3870007216229194,0.2844800855969053,3.2725102256569335e-06,7.186015878463056e-05
2025-06-06,2,Transitional,0.3098969584286354,0.35209047426966283,0.3379162971975408,4.404164914972723e-07,9.582968837470927e-05
2025-06-09,0,Risk-On,0.36346914335059594,0.3422180537808399,0.29431005479045347,9.082594839242239e-08,2.657252562061538e-06
2025-06-10,1,Late-Cycle,0.3183056831243718,0.39929487035567895,0.2823971209054582,2.8379106524763947e-09,2.3227770601463675e-06
2025-06-11,2,Transitional,0.3177412848469439,0.3679057280395591,0.3143464970779361,3.181763082239494e-10,6.48971698225231e-06
2025-06-12,0,Risk-On,0.3357725422087677,0.3782572189148992,0.28594042477182596,1.3956626657958208e-09,2.9812709408220646e-05
2025-06-13,1,Late-Cycle,0.3086253073991101,0.3753581171101448,0.31533807609503844,1.1533162478638276e-08,0.000678487862238343
2025-06-16,2,Transitional,0.3394838296882173,0.35425570849633675,0.3060155357200386,1.8580570549544763e-07,0.000244740290115586
2025-06-17,0,Risk-On,0.329102643087789,0.386821025822524,0.283880927314293,8.735406866379124e-08,0.000195316422053191
2025-06-18,1,Late-Cycle,0.30445953830448924,0.3779949397568232,0.31126098633516536,1.2493914890965381e-08,0.006284523109253428
2025-06-19,2,Transitional,0.3225890684968246,0.3485965662331349,0.309146205792099,3.7917878020694995e-07,0.019667780298794416
2025-06-20,0,Risk-On,0.32900540821468366,0.364990487645712,0.28668901943516995,2.1936955936833513e-06,0.019312891009357198
2025-06-23,1,Late-Cycle,0.3064842502406969,0.37446755825516675,0.2954850994399975,1.3867276612877062e-06,0.023561705336618003
2025-06-24,2,Transitional,0.31274678726242366,0.3530180351415154,0.3134009273052282,3.092618038899813e-06,0.02083115767291541
2025-06-25,0,Risk-On,0.3373449528380798,0.34845816428221316,0.30607811733794504,4.647903865000436e-06,0.008114117637737396
2025-06-26,1,Late-Cycle,0.33178738867120555,0.38541842983647584,0.2827747781775602,9.63968590024827e-07,1.8439346571873807e-05
2025-06-27,2,Transitional,0.3113323880216624,0.37765307030440687,0.3110090713705123,1.5442854884381526e-08,5.454861449542173e-06
2025-06-30,0,Risk-On,0.3408754013623437,0.3573513154060151,0.3017694319839413,7.496840386527204e-10,3.850498241940314e-06
2025-07-01,1,Late-Cycle,0.3287349976445541,0.392123064026516,0.2791416548346661,4.3479571347155234e-10,2.830587397699837e-07
2025-07-02,2,Transitional,0.3101201142442176,0.37700018987526485,0.31287638853439315,3.590382113796904e-11,3.3073097284899406e-06
2025-07-03,0,Risk-On,0.3405564074568076,0.3590832198588393,0.3003580077934033,3.3562618560263584e-10,2.3645548730539923e-06
2025-07-04,1,Late-Cycle,0.3291378959834551,0.38730091014625334,0.2835563400082522,2.848579199514449e-10,4.853577076188329e-06
2025-07-07,2,Transitional,0.30965965606673385,0.3805946534790154,0.3097101819142852,7.560189777014817e-10,3.5507783785611816e-05
2025-07-08,0,Risk-On,0.33584806746237916,0.35316056022529735,0.3108783404022844,5.43886310283905e-09,0.00011302647036988613
2025-07-09,1,Late-Cycle,0.3367727028431223,0.38212476323611055,0.2810906886163588,1.8756088821470814e-08,1.1826549221348058e-05
2025-07-10,2,Transitional,0.30815452641636376,0.38715961212845384,0.3040920401491236,2.412534042535339e-09,0.0005938188939904901
2025-07-11,0,Risk-On,0.31402102848855873,0.35859508469968143,0.3090628270403056,1.1818044996277545e-08,0.018321047952773825
2025-07-14,1,Late-Cycle,0.31076913624174685,0.35365582715792143,0.29179998573784194,2.885226530930615e-07,0.043774762340670965
2025-07-15,2,Transitional,0.2709816954422954,0.35070470213194677,0.27473894163070695,4.945968036610891e-07,0.10357416619807523
2025-07-16,4,Risk-Off,0.22467169874568124,0.3123739012672102,0.2701568003882946,1.1419194465116164e-06,0.19279645767870995
2025-07-17,4,Risk-Off,0.16453178043738628,0.25049469006599195,0.22974433697728694,1.7161156360853345e-06,0.3552274764041887
2025-07-18,4,Risk-Off,0.10396893322863604,0.1841582289242478,0.16781539735968518,2.161465542154167e-06,0.5440552790216835
2025-07-21,4,Risk-Off,0.06833881979497138,0.11380111023580738,0.12829901721657713,4.248501078789952e-06,0.6895568042523121
2025-07-22,4,Risk-Off,0.03879554989464095,0.07514682657055016,0.06862585184529671,7.75004331825105e-06,0.8174240216460009
2025-07-23,4,Risk-Off,0.01167952888821865,0.04224737665334747,0.048760139678117,7.741526696170248e-06,0.897305213254104
2025-07-24,4,Risk-Off,0.0012817106386888402,0.01056923689666742,0.023953534593968734,5.532612118191721e-06,0.9641899852581688
2025-07-25,4,Risk-Off,5.9494677068112774e-05,0.0005598111668169443,0.0014946179236325088,8.17332905785308e-06,0.997877902903618
2025-07-28,4,Risk-Off,2.9754604699906976e-06,1.896078424493204e-05,0.00011493585657772245,7.839338613194376e-06,0.9998552885606546
2025-07-29,4,Risk-Off,7.506365256563403e-07,1.8190249187081888e-06,0.00015951456140404232,5.405648790151112e-06,0.9998325101277656
2025-07-30,4,Risk-Off,7.875985866941504e-07,7.68665420594119e-07,0.0001342204107063444,5.2047282122405774e-06,0.999859018596762
2025-07-31,4,Risk-Off,6.145550458129438e-07,7.442067913452904e-07,0.0001523656875203572,5.101829083016401e-06,0.9998411737210441
2025-08-01,4,Risk-Off,3.835118284633153e-07,4.157918380950237e-07,7.971091142830137e-05,4.867971306957644e-06,0.9999146218139114
2025-08-04,4,Risk-Off,4.1345385048645476e-07,3.6326314852530953e-07,0.00010995483352904819,3.7521760186722404e-06,0.9998855162738778
2025-08-05,4,Risk-Off,8.940134859705829e-07,5.353136056384675e-07,0.00011537597752320869,4.6739240823783156e-06,0.9998785207713038
2025-08-06,4,Risk-Off,1.2730353971349735e-06,1.4282956408354267e-06,0.00037455131407698115,1.5094178717929995e-05,0.9996076531764351
2025-08-07,4,Risk-Off,5.372193085445246e-07,7.219389092725674e-07,6.937593681441363e-05,4.842787128506752e-06,0.9999245221170598
2025-08-08,4,Risk-Off,2.386362497064361e-07,2.626880114087799e-07,6.974247743254197e-05,4.390473533350956e-06,0.9999253657246695
2025-08-11,4,Risk-Off,5.01880595793567e-07,3.788999088834183e-07,0.00013548906332334467,2.81843199931698e-06,0.9998608117235696
2025-08-12,4,Risk-Off,8.297148847868666e-07,6.319778183538508e-07,0.000130552691457359,2.581851669138188e-06,0.9998654037648071
2025-08-13,4,Risk-Off,1.108927047418285e-06,9.791484429919612e-07,0.00019604867721840087,2.646844331485248e-06,0.9997992164024727
2025-08-14,4,Risk-Off,2.5575999053027256e-06,1.1882884559551259e-06,0.00013412580662866078,2.9620509289875975e-06,0.9998591662542456
2025-08-18,4,Risk-Off,1.2687522912049165e-05,4.174837926842172e-06,0.0004335131267938043,2.4027551019491773e-06,0.9995472217564814
2025-08-19,4,Risk-Off,6.200744156762971e-05,2.2691057701653134e-05,0.0009671251580636033,3.1854126140630708e-06,0.9989449909291604
2025-08-20,4,Risk-Off,0.00010550220806084224,7.398370378251326e-05,0.0009383265062951671,3.246681110268003e-06,0.9988789409011118
2025-08-21,4,Risk-Off,7.810300525222798e-05,0.000101857863628004,0.0009284934973137153,5.58347948429999e-06,0.998885962153762
2025-08-22,4,Risk-Off,9.39883610101734e-05,7.581469883174763e-05,0.0006204895144513742,2.953435131122889e-06,0.9992067539905948
2025-08-25,4,Risk-Off,0.00013654222638869853,0.00010640477820224535,0.0010894864604494067,3.3602422019719162e-06,0.9986642062925856
2025-08-26,4,Risk-Off,0.00026769272186245386,0.00016236447137481304,0.0019906659001867914,4.6846040500009445e-06,0.997574592301706
2025-08-28,4,Risk-Off,0.0004854412059751405,0.0002796479606463653,0.0010894683332711166,3.2067781692513514e-06,0.9981422357221976
2025-08-29,4,Risk-Off,0.0007893661468718196,0.0005148789784088688,0.003952386585529107,6.914565143824001e-06,0.9947364537240279
2025-09-01,4,Risk-Off,0.004061416332005874,0.00112967248631003,0.01984714183937886,1.819930965805097e-05,0.9749435700319559
2025-09-02,4,Risk-Off,0.02073853176092076,0.00556887583754301,0.07471859894491809,5.5059914141787816e-05,0.8989189335419283
2025-09-03,2,Transitional,0.07824101530216072,0.025840711932924677,0.24070762878002697,0.00010371405873627561,0.6551069299270101
2025-09-04,0,Risk-On,0.2389824918616306,0.09213004372010501,0.3417922998376402,0.00012333765291956184,0.32697182692711335
2025-09-05,1,Late-Cycle,0.3408293718582435,0.2530101361015777,0.31873701862175313,7.390894068780047e-05,0.08734956447837854
2025-09-08,2,Transitional,0.33232947110348543,0.3602143996705809,0.2559454976337465,2.0109287596750922e-05,0.051490522303854244
2025-09-09,0,Risk-On,0.2865982968375779,0.3710969951730327,0.33652441552542967,9.805010563721105e-06,0.005770487452931597
2025-09-10,1,Late-Cycle,0.35599110842384957,0.3422730863087991,0.29959161807950707,2.030101580521206e-06,0.002142157085996141
2025-09-11,2,Transitional,0.32279250660857745,0.39128134424733974,0.2845755948670328,1.0389225062629502e-06,0.0013495153543181518
2025-09-12,0,Risk-On,0.3124742838529991,0.3720370078492128,0.3150132786030459,3.4036224149759256e-07,0.0004750893317102578
2025-09-15,1,Late-Cycle,0.33768881806915363,0.3588806219098947,0.30273981275106737,1.9597471457660272e-07,0.0006905512959314477
2025-09-16,2,Transitional,0.3276217280923224,0.38164960723622443,0.2903174960079164,1.6682466954254512e-07,0.0004110018394649615
2025-09-17,0,Risk-On,0.3148432496020965,0.3729985873942195,0.31153945778311376,2.0686955434658317e-07,0.000618498351059766
2025-09-18,1,Late-Cycle,0.3371395994703675,0.36108618785934166,0.3013410871584254,1.5471125875965398e-07,0.00043297080043682736
2025-09-19,2,Transitional,0.3238543640081432,0.38353701192015377,0.29222225988016143,1.0055670532601439e-07,0.0003862636355629861
2025-09-22,0,Risk-On,0.31588419686779196,0.3660728368789295,0.31230584877466644,3.886703606576697e-08,0.0057370786123210615
2025-09-23,1,Late-Cycle,0.3295689088069639,0.36712747238440413,0.2941989239889935,1.181246179929708e-06,0.009103513573542986
2025-09-24,2,Transitional,0.31326971402658904,0.37045751978772223,0.303353136945702,1.232752416003273e-06,0.012918396487357427
2025-09-25,0,Risk-On,0.3251753988849095,0.35721622985648843,0.3051970395285049,1.97833944223358e-06,0.012409353390642856
2025-09-26,1,Late-Cycle,0.32452356940864824,0.3689180647516371,0.2922003407005151,2.0165372808103477e-06,0.014356008601319557
2025-09-29,2,Transitional,0.3118260703686546,0.3680171980492172,0.3058524376624348,3.4997544754015458e-06,0.014300794165994652
2025-09-30,0,Risk-On,0.32888045834600566,0.35311443360426653,0.3052200821469672,5.449467154443147e-06,0.012779576436168505
2025-10-01,1,Late-Cycle,0.3240754707198024,0.37692944154272295,0.2915284000839328,1.521936612856483e-05,0.00745146828719752
2025-10-03,2,Transitional,0.3163181213087329,0.36747913045768965,0.311236208143669,3.0154513447057333e-06,0.004963524638129743
2025-10-06,0,Risk-On,0.3328910280220383,0.36250068559952275,0.30077105500206824,1.8263892457661219e-06,0.003835404987334403
2025-10-07,1,Late-Cycle,0.32403434077696097,0.3757761727281982,0.2974360566940629,1.2974560164774028e-06,0.002752132345333548
2025-10-08,2,Transitional,0.3212646089221325,0.36942552922996524,0.30743874097896656,6.700655455719087e-07,0.0018704508032714384
2025-10-09,0,Risk-On,0.3307483380568974,0.36464361814797597,0.30239544783093786,3.603294159619512e-07,0.002212235635617818
2025-10-10,1,Late-Cycle,0.3251767586311975,0.375049160124128,0.2960179625766197,4.922822620979646e-07,0.0037556263852523064
2025-10-13,2,Transitional,0.31709753488572334,0.372522531659087,0.3055883024029359,6.728679937167145e-07,0.004790958183520888
2025-10-14,0,Risk-On,0.327591497220064,0.35820513650305996,0.3091550909391369,1.26045812200066e-06,0.005047014879887347
2025-10-15,1,Late-Cycle,0.3318928682173952,0.3731036173925802,0.2936426013115534,1.2189362665694602e-06,0.0013596941423188603
2025-10-16,2,Transitional,0.31798530545443243,0.3748692304585774,0.3053263142223962,3.5292585490813866e-07,0.0018187969384797636
2025-10-17,0,Risk-On,0.32902014093193227,0.3648009866964626,0.3046391596755298,3.911679213429957e-07,0.0015393215288705634
2025-10-20,1,Late-Cycle,0.3275700506892164,0.3732068936065457,0.2982344356030623,3.298949041492704e-07,0.000988290206252097
2025-10-21,2,Transitional,0.3234526391138468,0.37014231013117316,0.30587233484814674,2.4957800222939356e-07,0.0005324663289369161
2025-10-23,0,Risk-On,0.3317172786175174,0.3690063459799818,0.29912277611333143,1.191588597512646e-07,0.00015348013029466135
2025-10-24,1,Late-Cycle,0.3241930768901001,0.37644289311070905,0.2992449823862866,3.43374830055091e-08,0.00011901327562036363
2025-10-27,2,Transitional,0.325625928395762,0.36756065679557054,0.30676658966063225,2.5289796614257588e-08,4.679985846484361e-05
2025-10-28,0,Risk-On,0.3348809613049165,0.36871827344214814,0.29638212782262996,1.2957905791706383e-08,1.8624472964279025e-05
2025-10-29,1,Late-Cycle,0.32263486095962296,0.38127415449885493,0.2960859984049594,2.865423163841715e-08,4.957483179778811e-06
2025-10-30,2,Transitional,0.324520589908938,0.3663618483055232,0.3091043293771884,4.027965169335134e-09,1.3228380671718707e-05
2025-10-31,0,Risk-On,0.33644948699252775,0.3697121266769876,0.2938300408350753,3.0060290254837285e-09,8.342490215725652e-06
2025-11-03,1,Late-Cycle,0.32081940457629055,0.3802546552069457,0.29887731269462886,6.833694859722284e-09,4.862068851971394e-05
2025-11-04,2,Transitional,0.32608078348550534,0.37037212534558833,0.3034251086485851,1.1439797791246246e-08,0.00012197108121626448
2025-11-06,0,Risk-On,0.3261225940940457,0.3716986361697234,0.3016682150209139,3.269602253306427e-08,0.0005105220200658328
2025-11-07,1,Late-Cycle,0.32693407077552866,0.36724528908092313,0.30515723528441346,1.8502763772581556e-07,0.0006632198318713665
2025-11-10,2,Transitional,0.3297646820944648,0.3754834423881208,0.2947040688874751,1.4530321644819888e-07,4.766132756143002e-05
2025-11-11,0,Risk-On,0.3213922560340974,0.3726177108579352,0.3057764186723015,1.8533420549187575e-08,0.0002135959013797944
2025-11-12,1,Late-Cycle,0.33046894677546385,0.3686092575048521,0.30076347678933374,5.010944611039713e-08,0.0001582688204583358
2025-11-13,2,Transitional,0.3257628755318856,0.37308306440237743,0.300964462036161,4.658913506761743e-08,0.00018955144058778445
2025-11-14,0,Risk-On,0.32758867469976727,0.36993057099853666,0.3023340309117941,6.042762403752552e-08,0.00014666296229502466
2025-11-17,1,Late-Cycle,0.3274702547194864,0.3737763818172923,0.2984793842248607,4.323150887663077e-08,0.0002739360068794332
2025-11-18,2,Transitional,0.3225878224354821,0.3709788758002598,0.30511199456561283,7.46689028115745e-08,0.0013212325304610198
2025-11-19,0,Risk-On,0.32731127669925736,0.36759439466514526,0.3022239511768557,3.967601684182476e-07,0.0028699806989643186
2025-11-20,1,Late-Cycle,0.3239950571776621,0.37212306650986726,0.29940777011326575,5.657377986101861e-07,0.004473540461343542
2025-11-21,2,Transitional,0.31994487344207695,0.3671947969793017,0.30528083874633366,6.357735563478756e-07,0.007578855058660914
2025-11-24,0,Risk-On,0.3255589576893305,0.3631115874298155,0.30060963741501695,1.2838068351833598e-06,0.010718533659132163
2025-11-25,1,Late-Cycle,0.3198943798612587,0.3708890697208428,0.29860069337549394,5.193123642466698e-06,0.010610663918976833
2025-11-26,2,Transitional,0.3210492409793746,0.36416417835319786,0.3080008957044957,2.652742571439531e-06,0.0067830322212353335
2025-11-27,0,Risk-On,0.3313875464322799,0.3640394332661062,0.3019383250711293,1.7394494010347182e-06,0.002632955781183156
2025-11-28,1,Late-Cycle,0.3259599057895974,0.37560541106845846,0.2979816769456231,8.413878271406715e-07,0.00045216480878969284
2025-12-01,2,Transitional,0.32306707337509155,0.3714786344659711,0.30516879775524575,1.536136056573712e-07,0.00028534079035438684
2025-12-02,0,Risk-On,0.3296276507372225,0.3680087789449576,0.30160638458645106,7.795146869420847e-08,0.0007571077803533878
2025-12-03,1,Late-Cycle,0.3240374405124745,0.37515554386735434,0.2995995805994535,2.1359191656849403e-07,0.0012072214285497875
2025-12-04,2,Transitional,0.3226397747347501,0.36689807564214627,0.309773612647755,3.3441052268577495e-07,0.0006882025646922277
2025-12-05,0,Risk-On,0.3369470307334738,0.36276840690285106,0.299147634276002,1.6928126511739157e-07,0.00113675880583705
2025-12-08,1,Late-Cycle,0.31998394078308684,0.38745287406448975,0.2871913507679096,8.205113465477598e-08,0.0053717523338974475
2025-12-09,2,Transitional,0.2923754183425147,0.36370061363671885,0.31770563394073936,1.3762118749587784e-07,0.026218196459704215
2025-12-10,0,Risk-On,0.29290184994859975,0.3282608701458574,0.28478514480635997,4.0673742492198486e-07,0.09405172836122432
2025-12-11,1,Late-Cycle,0.2740928085449326,0.3378325024390324,0.25682621968605335,3.2812353336903655e-06,0.13124518809462893
2025-12-12,2,Transitional,0.26116607890628346,0.30854846919228107,0.2867711060684032,3.5136279423215e-06,0.14351083220474406
2025-12-15,0,Risk-On,0.2733511494316345,0.29235250654253603,0.2416633459807747,2.2646079678639305e-06,0.19263073343652268
2025-12-16,1,Late-Cycle,0.2250527950766638,0.3194055957328541,0.22614461416146134,5.9906315316457805e-06,0.2293910043982609
2025-12-17,2,Transitional,0.14919560620781916,0.2522011104414537,0.25348985998644186,3.7025235593525014e-06,0.34510972084078445
2025-12-18,4,Risk-Off,0.1078609923840181,0.1620397828340421,0.16713675886617962,2.5306016772274224e-06,0.5629599353137476
2025-12-19,4,Risk-Off,0.10526317242258365,0.11864358190275914,0.11716419157315656,5.915260222743363e-06,0.658923138840892
2025-12-22,4,Risk-Off,0.11041467400257886,0.11927550405588253,0.09973055185970023,9.013348195203275e-06,0.6705702567345307
2025-12-23,4,Risk-Off,0.07954619122131067,0.12782929163575066,0.09572367242040966,9.51681457358194e-06,0.6968913279076895
2025-12-24,4,Risk-Off,0.043116320973828594,0.08675649737653325,0.09888580665950839,6.379362096053777e-06,0.7712349956284414
2025-12-26,4,Risk-Off,0.025178969516639838,0.04608362326998069,0.05017710919836938,6.405950376249617e-06,0.8785538920647646
2025-12-29,4,Risk-Off,0.018978110207440165,0.0271032621215249,0.03187151076401288,1.0247827274863505e-05,0.9220368690792349
2025-12-30,4,Risk-Off,0.014941149399586334,0.02090271488446012,0.019374177101099926,2.284521953073714e-05,0.9447591133947432
2025-12-31,4,Risk-Off,0.015640424951887326,0.016564858761957065,0.023038308930165657,1.1636697830246001e-05,0.9447447706584104
2026-01-01,4,Risk-Off,0.01982185982857448,0.018004875681577916,0.020072320661980187,1.4740817412992123e-05,0.9420862030113586
2026-01-02,4,Risk-Off,0.0159634679136808,0.02235925941550209,0.023310318955214092,1.6349252302057948e-05,0.9383506044639757
2026-01-05,4,Risk-Off,0.011212267450643106,0.017024149647840266,0.020221673171991313,9.919201959775063e-06,0.9515319905278851
2026-01-06,4,Risk-Off,0.009174185885917853,0.011929002557448514,0.012256592231699972,1.1554309636190102e-05,0.9666286650155048
2026-01-07,4,Risk-Off,0.006162160600081511,0.010877223697870163,0.010388281607995386,2.574849652974035e-05,0.9725465855981726
2026-01-08,4,Risk-Off,0.002656513556368024,0.006600568334557714,0.010862963181153587,1.1103928497697948e-05,0.9798688509994052
2026-01-09,4,Risk-Off,0.0007466253289070444,0.002533079776486382,0.0037483881887396524,6.218026728464455e-06,0.9929656886790827
2026-01-12,4,Risk-Off,0.00016437218168605355,0.0006851934731621936,0.0018422943860492277,4.87172347512478e-06,0.9973032682352879
2026-01-13,4,Risk-Off,5.820051421124622e-05,0.00013928896205763026,0.0005774622073870727,5.184675148910733e-06,0.9992198636414372
2026-01-14,4,Risk-Off,3.5160549176584066e-05,5.5998113630818725e-05,0.0005209134564640664,4.852392177986961e-06,0.999383075489165
2026-01-16,4,Risk-Off,2.957900652017638e-05,3.978811603679534e-05,0.0009243016832976784,6.139257302769962e-06,0.9990001919371614
2026-01-19,4,Risk-Off,1.1234980276564874e-05,2.6151273437911068e-05,0.0004653731250838735,5.449661797088607e-06,0.9994917909599218
2026-01-20,4,Risk-Off,1.4116580224332715e-06,5.306906775730373e-06,0.00013714907746327704,3.0270721200627167e-06,0.9998531052859326
2026-01-21,4,Risk-Off,3.256063256314276e-07,6.320851403394051e-07,8.005004443550596e-05,5.1548687501596106e-06,0.9999138373947232
2026-01-22,4,Risk-Off,2.9367620407009845e-07,2.599817135634488e-07,8.634413716933928e-05,4.025446356607995e-06,0.9999090767588554
2026-01-23,4,Risk-Off,1.7296895336473042e-06,4.0811118493031145e-07,6.111056177089817e-05,7.63069015944783e-06,0.9999291209478686
2026-01-27,4,Risk-Off,1.7188775265355567e-05,6.040773908525268e-06,0.0016473227609760028,5.081041831737941e-05,0.9982786372707311
2026-01-28,4,Risk-Off,4.819077476138409e-05,3.3139301558374126e-05,0.00070213246559587,1.2236316520832872e-05,0.9992043011419052
2026-01-29,4,Risk-Off,1.0373433218594963e-05,3.214433857054953e-05,0.0002872427429132025,2.9608761237556133e-06,0.9996672786086575
2026-01-30,4,Risk-Off,2.68249106241946e-06,8.59662055235477e-06,0.0004322058001245315,4.311537412542116e-06,0.9995522035504737
2026-02-02,4,Risk-Off,1.1143101434457415e-06,9.813234468749911e-07,4.002555275552991e-05,3.3949441884046146e-06,0.999954483869236
2026-02-03,4,Risk-Off,1.8038523839259594e-06,1.616377802870329e-06,0.0005512914408379682,3.350903642898246e-06,0.9994419374254789
2026-02-04,4,Risk-Off,2.3229310843280363e-06,2.261664090971193e-06,0.00016247787575773048,1.6414687316493755e-06,0.9998312960600477
2026-02-05,4,Risk-Off,7.141045816421012e-07,1.2505388885017014e-06,0.00013298557578281725,1.5769449490542698e-06,0.9998634728364757
2026-02-06,4,Risk-Off,1.2120987249891427e-06,6.385838189224683e-07,9.862694614163161e-05,1.6820259471757805e-06,0.9998978403454836
2026-02-09,4,Risk-Off,8.10966556191542e-06,2.281992731259257e-06,0.0004178901432260072,1.983296420510497e-06,0.9995697349026404
2026-02-10,4,Risk-Off,4.7904112054206294e-05,1.6183843028878318e-05,0.0006288541945867616,2.2511995454221206e-06,0.9993048066505942
2026-02-11,4,Risk-Off,5.940275532124913e-05,5.753299892171315e-05,0.001396422521800361,3.0608122488456743e-06,0.998483580911604
2026-02-12,4,Risk-Off,3.93777484362088e-05,5.239633140816384e-05,0.0005153272956734244,2.1517881697932418e-06,0.9993907468364908
2026-02-13,4,Risk-Off,4.0819896113036785e-05,3.134797088967008e-05,0.000327765587726451,1.8083409141727597e-06,0.9995982582044408
2026-02-16,4,Risk-Off,0.0002013803538189769,5.7853110342104075e-05,0.0018276206532085084,3.392992701762198e-06,0.9979097528890974
2026-02-17,4,Risk-Off,0.001310536576802031,0.00034588533919868535,0.006799323281187991,1.0378854237518642e-05,0.9915338759488145
2026-02-18,4,Risk-Off,0.003136166199036835,0.0015020207210863178,0.003497529206975218,4.342329273467741e-06,0.991859941542817
2026-02-19,4,Risk-Off,0.0022652078785935187,0.002917920466913311,0.004696972685402629,4.165606449663969e-06,0.9901157333618941
2026-02-20,4,Risk-Off,0.003322162150174343,0.002850103798082145,0.006504673253741809,6.665607691663276e-06,0.9873163951900262
2026-02-23,4,Risk-Off,0.003773831945104346,0.003654714059241325,0.008260063377665312,7.692224765112311e-06,0.9843036983923418
2026-02-24,4,Risk-Off,0.0028070165771189415,0.003745366358675836,0.004256582960649186,5.9689517059101974e-06,0.9891850651516093
2026-02-25,4,Risk-Off,0.0011568507036143895,0.0030462540686262097,0.003790312848281626,4.166522712415168e-06,0.9920024158573235
2026-02-26,4,Risk-Off,0.0002931428824056322,0.0011921464418334572,0.004007248001453026,4.249923557263866e-06,0.9945032127515036
2026-02-27,4,Risk-Off,2.612874478153984e-05,0.0001849449833683278,0.0006368632142625041,1.9804683213281606e-06,0.9991500825895395
2026-03-02,4,Risk-Off,1.060690458863559e-06,8.81355816569748e-06,0.00010822619399015317,3.6646729620843914e-06,0.9998782348845908
2026-03-04,4,Risk-Off,1.1386002841076094e-07,2.728900301086679e-07,4.52446357269807e-05,1.8012236821480115e-06,0.9999525673910362
2026-03-05,4,Risk-Off,4.246968649535221e-08,4.4501215005462054e-08,2.49946706281334e-05,3.406914939403008e-06,0.999971511442881
2026-03-06,4,Risk-Off,4.165794964382495e-08,3.8399550374068704e-08,3.4973130375052367e-05,7.073346607021243e-05,0.9998942133467154
2026-03-09,4,Risk-Off,1.2626663174701513e-08,1.1516871115449065e-08,1.0657457328231006e-05,0.0010938421251122264,0.9988954762732951
2026-03-10,4,Risk-Off,1.1246012963856809e-08,9.26220710540406e-09,1.2140056799341423e-05,0.011121585428485483,0.9888662540060086
2026-03-11,4,Risk-Off,5.725070656219491e-10,4.673303342505851e-10,7.08408937235278e-07,0.15859916114881345,0.8414001294028323
2026-03-12,3,Post-Shock,3.0423615477086464e-11,2.3099008055758428e-11,4.6833678310279495e-08,0.7010161968133223,0.2989837562995215
2026-03-13,3,Post-Shock,6.324908103309739e-12,4.61858596175517e-12,1.2084406048533475e-08,0.9668548458301888,0.0331451420736321
2026-03-16,3,Post-Shock,9.457864262794568e-12,1.486617503793688e-11,2.655391206956996e-08,0.9780444864252735,0.02195548699597809
2026-03-17,3,Post-Shock,1.6019448494442957e-11,7.636100903374932e-11,9.47256896423912e-08,0.9798765770148657,0.020123328166541374
2026-03-18,3,Post-Shock,3.369911450236253e-14,8.206189566026355e-14,1.1048183580760763e-10,0.9850821443304585,0.01491785555895741
2026-03-19,3,Post-Shock,2.559784160380145e-16,3.318674854989379e-16,7.405272615949435e-13,0.9999810731632705,1.8926835669245775e-05
2026-03-20,3,Post-Shock,5.0526779800982606e-20,2.1759480085693294e-17,3.843332226580863e-14,0.9999974478938208,2.552106887000058e-06
2026-03-23,3,Post-Shock,9.890698856320471e-23,1.5894181485300162e-19,3.247760549442506e-16,0.9999999498322735,5.0167747834544206e-08
2026-03-24,3,Post-Shock,1.2146470030112575e-21,4.797797929075599e-18,9.012605632452668e-15,0.9999999801111701,1.988812207194661e-08
2026-03-25,3,Post-Shock,2.298100075767848e-21,8.399419632031783e-18,1.698153698579794e-14,0.999999571495301,4.2850432313224e-07
2026-03-27,3,Post-Shock,1.598629903517101e-26,4.486407080917693e-23,1.062006304955169e-19,0.999999885594668,1.1440503254608493e-07
2026-03-30,3,Post-Shock,2.8894298769708294e-27,1.0421118441289675e-23,2.640223076739253e-20,0.999999999996362,4.514054399909388e-12
2026-04-01,3,Post-Shock,6.356049686551231e-26,2.144795435116664e-22,6.088285792329531e-19,0.9999999985684553,1.432181114463978e-09
2026-04-02,3,Post-Shock,1.8708798283292138e-23,6.728707761268932e-20,1.5683026972648322e-16,0.9999999984975148,1.5019123118412614e-09
2026-04-06,3,Post-Shock,1.4107977477871528e-20,4.8939526344688335e-17,1.0407861675280941e-13,0.9999999146039081,8.539522742086242e-08
2026-04-07,3,Post-Shock,2.7392866583673905e-21,8.912741557025837e-18,1.638660559118847e-14,0.9999985705391039,1.4294615552159737e-06
2026-04-08,3,Post-Shock,3.114022674827942e-21,3.7133241709635585e-18,7.791882965311679e-15,0.9999999923820724,7.61758847800761e-09
2026-04-09,3,Post-Shock,6.735782844287082e-22,1.915777170773467e-18,4.130572527279596e-15,0.9999999361007232,6.389955914164705e-08
2026-04-10,3,Post-Shock,9.088631295746434e-19,5.289281529864632e-16,3.2566951095503567e-13,0.9999999910596671,8.940235842883849e-09
2026-04-13,3,Post-Shock,2.8412041234433317e-13,4.696633626538352e-11,2.8467156494160354e-08,0.9999998681541997,1.0333138854073773e-07
